ISO-10303-21;
HEADER;
/* Generated by software containing ST-Developer
 * from STEP Tools, Inc. (www.steptools.com) 
 */

FILE_DESCRIPTION(
/* description */ (''),
/* implementation_level */ '2;1');

FILE_NAME(
/* name */ 'Component65.step',
/* time_stamp */ '2026-08-16T18:39:58+05:00',
/* author */ (''),
/* organization */ (''),
/* preprocessor_version */ 'ST-DEVELOPER v20.1',
/* originating_system */ 'Autodesk Translation Framework v15.8.0.0',
/* authorisation */ '');

FILE_SCHEMA (('AUTOMOTIVE_DESIGN { 1 0 10303 214 3 1 1 }'));
ENDSEC;

DATA;
#10=MECHANICAL_DESIGN_GEOMETRIC_PRESENTATION_REPRESENTATION('',(#13),#2103);
#11=SHAPE_REPRESENTATION_RELATIONSHIP('SRR','None',#2110,#12);
#12=ADVANCED_BREP_SHAPE_REPRESENTATION('',(#14),#2102);
#13=STYLED_ITEM('',(#2119),#14);
#14=MANIFOLD_SOLID_BREP('Body1',#1307);
#15=CYLINDRICAL_SURFACE('',#1363,0.999999999999996);
#16=CYLINDRICAL_SURFACE('',#1367,1.);
#17=CYLINDRICAL_SURFACE('',#1371,1.);
#18=CYLINDRICAL_SURFACE('',#1393,1.);
#19=FACE_BOUND('',#124,.T.);
#20=FACE_BOUND('',#148,.T.);
#21=FACE_BOUND('',#150,.T.);
#22=FACE_BOUND('',#156,.T.);
#23=FACE_BOUND('',#158,.T.);
#24=FACE_BOUND('',#168,.T.);
#25=CIRCLE('',#1326,1.);
#26=CIRCLE('',#1327,1.);
#27=CIRCLE('',#1332,1.);
#28=CIRCLE('',#1333,1.);
#29=CIRCLE('',#1344,1.);
#30=CIRCLE('',#1362,0.999999999999996);
#31=CIRCLE('',#1364,0.999999999999996);
#32=CIRCLE('',#1366,1.);
#33=CIRCLE('',#1368,1.);
#34=CIRCLE('',#1370,1.);
#35=CIRCLE('',#1389,1.);
#36=CIRCLE('',#1392,1.);
#37=FACE_OUTER_BOUND('',#105,.T.);
#38=FACE_OUTER_BOUND('',#106,.T.);
#39=FACE_OUTER_BOUND('',#107,.T.);
#40=FACE_OUTER_BOUND('',#108,.T.);
#41=FACE_OUTER_BOUND('',#109,.T.);
#42=FACE_OUTER_BOUND('',#110,.T.);
#43=FACE_OUTER_BOUND('',#111,.T.);
#44=FACE_OUTER_BOUND('',#112,.T.);
#45=FACE_OUTER_BOUND('',#113,.T.);
#46=FACE_OUTER_BOUND('',#114,.T.);
#47=FACE_OUTER_BOUND('',#115,.T.);
#48=FACE_OUTER_BOUND('',#116,.T.);
#49=FACE_OUTER_BOUND('',#117,.T.);
#50=FACE_OUTER_BOUND('',#118,.T.);
#51=FACE_OUTER_BOUND('',#119,.T.);
#52=FACE_OUTER_BOUND('',#120,.T.);
#53=FACE_OUTER_BOUND('',#121,.T.);
#54=FACE_OUTER_BOUND('',#122,.T.);
#55=FACE_OUTER_BOUND('',#123,.T.);
#56=FACE_OUTER_BOUND('',#125,.T.);
#57=FACE_OUTER_BOUND('',#126,.T.);
#58=FACE_OUTER_BOUND('',#127,.T.);
#59=FACE_OUTER_BOUND('',#128,.T.);
#60=FACE_OUTER_BOUND('',#129,.T.);
#61=FACE_OUTER_BOUND('',#130,.T.);
#62=FACE_OUTER_BOUND('',#131,.T.);
#63=FACE_OUTER_BOUND('',#132,.T.);
#64=FACE_OUTER_BOUND('',#133,.T.);
#65=FACE_OUTER_BOUND('',#134,.T.);
#66=FACE_OUTER_BOUND('',#135,.T.);
#67=FACE_OUTER_BOUND('',#136,.T.);
#68=FACE_OUTER_BOUND('',#137,.T.);
#69=FACE_OUTER_BOUND('',#138,.T.);
#70=FACE_OUTER_BOUND('',#139,.T.);
#71=FACE_OUTER_BOUND('',#140,.T.);
#72=FACE_OUTER_BOUND('',#141,.T.);
#73=FACE_OUTER_BOUND('',#142,.T.);
#74=FACE_OUTER_BOUND('',#143,.T.);
#75=FACE_OUTER_BOUND('',#144,.T.);
#76=FACE_OUTER_BOUND('',#145,.T.);
#77=FACE_OUTER_BOUND('',#146,.T.);
#78=FACE_OUTER_BOUND('',#147,.T.);
#79=FACE_OUTER_BOUND('',#149,.T.);
#80=FACE_OUTER_BOUND('',#151,.T.);
#81=FACE_OUTER_BOUND('',#152,.T.);
#82=FACE_OUTER_BOUND('',#153,.T.);
#83=FACE_OUTER_BOUND('',#154,.T.);
#84=FACE_OUTER_BOUND('',#155,.T.);
#85=FACE_OUTER_BOUND('',#157,.T.);
#86=FACE_OUTER_BOUND('',#159,.T.);
#87=FACE_OUTER_BOUND('',#160,.T.);
#88=FACE_OUTER_BOUND('',#161,.T.);
#89=FACE_OUTER_BOUND('',#162,.T.);
#90=FACE_OUTER_BOUND('',#163,.T.);
#91=FACE_OUTER_BOUND('',#164,.T.);
#92=FACE_OUTER_BOUND('',#165,.T.);
#93=FACE_OUTER_BOUND('',#166,.T.);
#94=FACE_OUTER_BOUND('',#167,.T.);
#95=FACE_OUTER_BOUND('',#169,.T.);
#96=FACE_OUTER_BOUND('',#170,.T.);
#97=FACE_OUTER_BOUND('',#171,.T.);
#98=FACE_OUTER_BOUND('',#172,.T.);
#99=FACE_OUTER_BOUND('',#173,.T.);
#100=FACE_OUTER_BOUND('',#174,.T.);
#101=FACE_OUTER_BOUND('',#175,.T.);
#102=FACE_OUTER_BOUND('',#176,.T.);
#103=FACE_OUTER_BOUND('',#177,.T.);
#104=FACE_OUTER_BOUND('',#178,.T.);
#105=EDGE_LOOP('',(#815,#816,#817,#818));
#106=EDGE_LOOP('',(#819,#820,#821,#822));
#107=EDGE_LOOP('',(#823,#824,#825,#826));
#108=EDGE_LOOP('',(#827,#828,#829,#830));
#109=EDGE_LOOP('',(#831,#832,#833));
#110=EDGE_LOOP('',(#834,#835,#836,#837,#838,#839));
#111=EDGE_LOOP('',(#840,#841,#842,#843));
#112=EDGE_LOOP('',(#844,#845,#846,#847));
#113=EDGE_LOOP('',(#848,#849,#850));
#114=EDGE_LOOP('',(#851,#852,#853,#854,#855,#856));
#115=EDGE_LOOP('',(#857,#858,#859,#860,#861,#862));
#116=EDGE_LOOP('',(#863,#864,#865,#866,#867,#868,#869,#870,#871,#872));
#117=EDGE_LOOP('',(#873,#874,#875,#876,#877,#878));
#118=EDGE_LOOP('',(#879,#880,#881,#882,#883,#884,#885,#886,#887,#888,#889,
#890,#891,#892));
#119=EDGE_LOOP('',(#893,#894,#895,#896));
#120=EDGE_LOOP('',(#897,#898,#899,#900));
#121=EDGE_LOOP('',(#901,#902,#903,#904));
#122=EDGE_LOOP('',(#905,#906,#907,#908));
#123=EDGE_LOOP('',(#909,#910,#911,#912));
#124=EDGE_LOOP('',(#913));
#125=EDGE_LOOP('',(#914,#915,#916,#917));
#126=EDGE_LOOP('',(#918,#919,#920,#921));
#127=EDGE_LOOP('',(#922,#923,#924,#925));
#128=EDGE_LOOP('',(#926,#927,#928,#929));
#129=EDGE_LOOP('',(#930,#931,#932,#933));
#130=EDGE_LOOP('',(#934,#935,#936,#937,#938,#939,#940,#941));
#131=EDGE_LOOP('',(#942,#943,#944,#945));
#132=EDGE_LOOP('',(#946,#947,#948,#949));
#133=EDGE_LOOP('',(#950,#951,#952,#953));
#134=EDGE_LOOP('',(#954,#955,#956,#957));
#135=EDGE_LOOP('',(#958,#959,#960,#961));
#136=EDGE_LOOP('',(#962,#963,#964,#965));
#137=EDGE_LOOP('',(#966,#967,#968,#969,#970,#971,#972,#973,#974,#975));
#138=EDGE_LOOP('',(#976,#977,#978,#979,#980,#981));
#139=EDGE_LOOP('',(#982,#983,#984,#985));
#140=EDGE_LOOP('',(#986,#987,#988,#989));
#141=EDGE_LOOP('',(#990));
#142=EDGE_LOOP('',(#991,#992,#993,#994));
#143=EDGE_LOOP('',(#995));
#144=EDGE_LOOP('',(#996,#997,#998,#999));
#145=EDGE_LOOP('',(#1000));
#146=EDGE_LOOP('',(#1001,#1002,#1003,#1004,#1005,#1006,#1007,#1008,#1009,
#1010,#1011,#1012));
#147=EDGE_LOOP('',(#1013,#1014,#1015,#1016));
#148=EDGE_LOOP('',(#1017));
#149=EDGE_LOOP('',(#1018,#1019,#1020,#1021));
#150=EDGE_LOOP('',(#1022,#1023,#1024,#1025));
#151=EDGE_LOOP('',(#1026,#1027,#1028,#1029));
#152=EDGE_LOOP('',(#1030,#1031,#1032,#1033));
#153=EDGE_LOOP('',(#1034,#1035,#1036,#1037));
#154=EDGE_LOOP('',(#1038,#1039,#1040,#1041));
#155=EDGE_LOOP('',(#1042,#1043,#1044,#1045));
#156=EDGE_LOOP('',(#1046));
#157=EDGE_LOOP('',(#1047,#1048,#1049,#1050,#1051,#1052));
#158=EDGE_LOOP('',(#1053,#1054,#1055,#1056));
#159=EDGE_LOOP('',(#1057,#1058,#1059,#1060));
#160=EDGE_LOOP('',(#1061,#1062,#1063,#1064));
#161=EDGE_LOOP('',(#1065,#1066,#1067,#1068));
#162=EDGE_LOOP('',(#1069,#1070,#1071,#1072));
#163=EDGE_LOOP('',(#1073,#1074,#1075,#1076,#1077,#1078,#1079,#1080,#1081,
#1082));
#164=EDGE_LOOP('',(#1083,#1084,#1085,#1086));
#165=EDGE_LOOP('',(#1087,#1088,#1089,#1090));
#166=EDGE_LOOP('',(#1091,#1092,#1093,#1094,#1095,#1096,#1097,#1098,#1099,
#1100,#1101,#1102,#1103,#1104,#1105,#1106,#1107,#1108,#1109,#1110,#1111,
#1112,#1113,#1114,#1115,#1116,#1117,#1118,#1119,#1120));
#167=EDGE_LOOP('',(#1121,#1122,#1123,#1124));
#168=EDGE_LOOP('',(#1125));
#169=EDGE_LOOP('',(#1126,#1127,#1128,#1129));
#170=EDGE_LOOP('',(#1130));
#171=EDGE_LOOP('',(#1131,#1132,#1133,#1134));
#172=EDGE_LOOP('',(#1135,#1136,#1137,#1138));
#173=EDGE_LOOP('',(#1139,#1140,#1141,#1142,#1143,#1144,#1145,#1146));
#174=EDGE_LOOP('',(#1147,#1148,#1149,#1150));
#175=EDGE_LOOP('',(#1151,#1152,#1153,#1154,#1155,#1156,#1157,#1158));
#176=EDGE_LOOP('',(#1159,#1160,#1161,#1162));
#177=EDGE_LOOP('',(#1163,#1164,#1165,#1166));
#178=EDGE_LOOP('',(#1167,#1168,#1169,#1170,#1171,#1172,#1173,#1174));
#179=LINE('',#1735,#347);
#180=LINE('',#1737,#348);
#181=LINE('',#1739,#349);
#182=LINE('',#1740,#350);
#183=LINE('',#1744,#351);
#184=LINE('',#1746,#352);
#185=LINE('',#1748,#353);
#186=LINE('',#1749,#354);
#187=LINE('',#1753,#355);
#188=LINE('',#1755,#356);
#189=LINE('',#1757,#357);
#190=LINE('',#1758,#358);
#191=LINE('',#1761,#359);
#192=LINE('',#1763,#360);
#193=LINE('',#1764,#361);
#194=LINE('',#1772,#362);
#195=LINE('',#1774,#363);
#196=LINE('',#1776,#364);
#197=LINE('',#1777,#365);
#198=LINE('',#1778,#366);
#199=LINE('',#1781,#367);
#200=LINE('',#1783,#368);
#201=LINE('',#1784,#369);
#202=LINE('',#1787,#370);
#203=LINE('',#1788,#371);
#204=LINE('',#1795,#372);
#205=LINE('',#1797,#373);
#206=LINE('',#1799,#374);
#207=LINE('',#1800,#375);
#208=LINE('',#1803,#376);
#209=LINE('',#1805,#377);
#210=LINE('',#1806,#378);
#211=LINE('',#1809,#379);
#212=LINE('',#1811,#380);
#213=LINE('',#1813,#381);
#214=LINE('',#1815,#382);
#215=LINE('',#1817,#383);
#216=LINE('',#1819,#384);
#217=LINE('',#1821,#385);
#218=LINE('',#1822,#386);
#219=LINE('',#1825,#387);
#220=LINE('',#1827,#388);
#221=LINE('',#1828,#389);
#222=LINE('',#1832,#390);
#223=LINE('',#1834,#391);
#224=LINE('',#1836,#392);
#225=LINE('',#1838,#393);
#226=LINE('',#1839,#394);
#227=LINE('',#1841,#395);
#228=LINE('',#1843,#396);
#229=LINE('',#1845,#397);
#230=LINE('',#1847,#398);
#231=LINE('',#1849,#399);
#232=LINE('',#1851,#400);
#233=LINE('',#1853,#401);
#234=LINE('',#1854,#402);
#235=LINE('',#1857,#403);
#236=LINE('',#1859,#404);
#237=LINE('',#1860,#405);
#238=LINE('',#1863,#406);
#239=LINE('',#1864,#407);
#240=LINE('',#1867,#408);
#241=LINE('',#1869,#409);
#242=LINE('',#1870,#410);
#243=LINE('',#1873,#411);
#244=LINE('',#1874,#412);
#245=LINE('',#1877,#413);
#246=LINE('',#1878,#414);
#247=LINE('',#1883,#415);
#248=LINE('',#1884,#416);
#249=LINE('',#1887,#417);
#250=LINE('',#1888,#418);
#251=LINE('',#1892,#419);
#252=LINE('',#1894,#420);
#253=LINE('',#1896,#421);
#254=LINE('',#1897,#422);
#255=LINE('',#1900,#423);
#256=LINE('',#1902,#424);
#257=LINE('',#1903,#425);
#258=LINE('',#1906,#426);
#259=LINE('',#1908,#427);
#260=LINE('',#1909,#428);
#261=LINE('',#1912,#429);
#262=LINE('',#1913,#430);
#263=LINE('',#1914,#431);
#264=LINE('',#1915,#432);
#265=LINE('',#1918,#433);
#266=LINE('',#1919,#434);
#267=LINE('',#1921,#435);
#268=LINE('',#1924,#436);
#269=LINE('',#1926,#437);
#270=LINE('',#1927,#438);
#271=LINE('',#1929,#439);
#272=LINE('',#1930,#440);
#273=LINE('',#1933,#441);
#274=LINE('',#1934,#442);
#275=LINE('',#1937,#443);
#276=LINE('',#1938,#444);
#277=LINE('',#1941,#445);
#278=LINE('',#1943,#446);
#279=LINE('',#1944,#447);
#280=LINE('',#1946,#448);
#281=LINE('',#1947,#449);
#282=LINE('',#1950,#450);
#283=LINE('',#1952,#451);
#284=LINE('',#1953,#452);
#285=LINE('',#1956,#453);
#286=LINE('',#1958,#454);
#287=LINE('',#1959,#455);
#288=LINE('',#1961,#456);
#289=LINE('',#1962,#457);
#290=LINE('',#1969,#458);
#291=LINE('',#1976,#459);
#292=LINE('',#1981,#460);
#293=LINE('',#1982,#461);
#294=LINE('',#1986,#462);
#295=LINE('',#1988,#463);
#296=LINE('',#1990,#464);
#297=LINE('',#1991,#465);
#298=LINE('',#1995,#466);
#299=LINE('',#1997,#467);
#300=LINE('',#1999,#468);
#301=LINE('',#2000,#469);
#302=LINE('',#2002,#470);
#303=LINE('',#2003,#471);
#304=LINE('',#2005,#472);
#305=LINE('',#2007,#473);
#306=LINE('',#2012,#474);
#307=LINE('',#2014,#475);
#308=LINE('',#2016,#476);
#309=LINE('',#2017,#477);
#310=LINE('',#2021,#478);
#311=LINE('',#2023,#479);
#312=LINE('',#2025,#480);
#313=LINE('',#2026,#481);
#314=LINE('',#2028,#482);
#315=LINE('',#2029,#483);
#316=LINE('',#2031,#484);
#317=LINE('',#2033,#485);
#318=LINE('',#2037,#486);
#319=LINE('',#2038,#487);
#320=LINE('',#2040,#488);
#321=LINE('',#2044,#489);
#322=LINE('',#2046,#490);
#323=LINE('',#2048,#491);
#324=LINE('',#2050,#492);
#325=LINE('',#2051,#493);
#326=LINE('',#2055,#494);
#327=LINE('',#2057,#495);
#328=LINE('',#2059,#496);
#329=LINE('',#2060,#497);
#330=LINE('',#2065,#498);
#331=LINE('',#2067,#499);
#332=LINE('',#2068,#500);
#333=LINE('',#2073,#501);
#334=LINE('',#2076,#502);
#335=LINE('',#2078,#503);
#336=LINE('',#2079,#504);
#337=LINE('',#2082,#505);
#338=LINE('',#2083,#506);
#339=LINE('',#2086,#507);
#340=LINE('',#2087,#508);
#341=LINE('',#2090,#509);
#342=LINE('',#2091,#510);
#343=LINE('',#2093,#511);
#344=LINE('',#2094,#512);
#345=LINE('',#2096,#513);
#346=LINE('',#2098,#514);
#347=VECTOR('',#1405,10.);
#348=VECTOR('',#1406,10.);
#349=VECTOR('',#1407,10.);
#350=VECTOR('',#1408,10.);
#351=VECTOR('',#1411,10.);
#352=VECTOR('',#1412,10.);
#353=VECTOR('',#1413,10.);
#354=VECTOR('',#1414,10.);
#355=VECTOR('',#1417,10.);
#356=VECTOR('',#1418,10.);
#357=VECTOR('',#1419,10.);
#358=VECTOR('',#1420,10.);
#359=VECTOR('',#1423,10.);
#360=VECTOR('',#1424,10.);
#361=VECTOR('',#1425,10.);
#362=VECTOR('',#1434,10.);
#363=VECTOR('',#1435,10.);
#364=VECTOR('',#1436,10.);
#365=VECTOR('',#1437,10.);
#366=VECTOR('',#1438,10.);
#367=VECTOR('',#1441,10.);
#368=VECTOR('',#1442,10.);
#369=VECTOR('',#1443,10.);
#370=VECTOR('',#1446,10.);
#371=VECTOR('',#1447,10.);
#372=VECTOR('',#1456,10.);
#373=VECTOR('',#1457,10.);
#374=VECTOR('',#1458,10.);
#375=VECTOR('',#1459,10.);
#376=VECTOR('',#1462,10.);
#377=VECTOR('',#1463,10.);
#378=VECTOR('',#1464,10.);
#379=VECTOR('',#1467,10.);
#380=VECTOR('',#1468,10.);
#381=VECTOR('',#1469,10.);
#382=VECTOR('',#1470,10.);
#383=VECTOR('',#1471,10.);
#384=VECTOR('',#1472,10.);
#385=VECTOR('',#1473,10.);
#386=VECTOR('',#1474,10.);
#387=VECTOR('',#1477,10.);
#388=VECTOR('',#1478,10.);
#389=VECTOR('',#1479,10.);
#390=VECTOR('',#1482,10.);
#391=VECTOR('',#1483,10.);
#392=VECTOR('',#1484,10.);
#393=VECTOR('',#1485,10.);
#394=VECTOR('',#1486,10.);
#395=VECTOR('',#1487,10.);
#396=VECTOR('',#1488,10.);
#397=VECTOR('',#1489,10.);
#398=VECTOR('',#1490,10.);
#399=VECTOR('',#1491,10.);
#400=VECTOR('',#1492,10.);
#401=VECTOR('',#1493,10.);
#402=VECTOR('',#1494,10.);
#403=VECTOR('',#1497,10.);
#404=VECTOR('',#1498,10.);
#405=VECTOR('',#1499,10.);
#406=VECTOR('',#1502,10.);
#407=VECTOR('',#1503,10.);
#408=VECTOR('',#1506,10.);
#409=VECTOR('',#1507,10.);
#410=VECTOR('',#1508,10.);
#411=VECTOR('',#1511,10.);
#412=VECTOR('',#1512,10.);
#413=VECTOR('',#1515,10.);
#414=VECTOR('',#1516,10.);
#415=VECTOR('',#1521,10.);
#416=VECTOR('',#1522,10.);
#417=VECTOR('',#1525,10.);
#418=VECTOR('',#1526,10.);
#419=VECTOR('',#1529,10.);
#420=VECTOR('',#1530,10.);
#421=VECTOR('',#1531,10.);
#422=VECTOR('',#1532,10.);
#423=VECTOR('',#1535,10.);
#424=VECTOR('',#1536,10.);
#425=VECTOR('',#1537,10.);
#426=VECTOR('',#1540,10.);
#427=VECTOR('',#1541,10.);
#428=VECTOR('',#1542,10.);
#429=VECTOR('',#1545,10.);
#430=VECTOR('',#1546,10.);
#431=VECTOR('',#1547,10.);
#432=VECTOR('',#1548,10.);
#433=VECTOR('',#1551,10.);
#434=VECTOR('',#1552,10.);
#435=VECTOR('',#1555,10.);
#436=VECTOR('',#1558,10.);
#437=VECTOR('',#1559,10.);
#438=VECTOR('',#1560,10.);
#439=VECTOR('',#1563,10.);
#440=VECTOR('',#1564,10.);
#441=VECTOR('',#1567,10.);
#442=VECTOR('',#1568,10.);
#443=VECTOR('',#1571,10.);
#444=VECTOR('',#1572,10.);
#445=VECTOR('',#1575,10.);
#446=VECTOR('',#1576,10.);
#447=VECTOR('',#1577,10.);
#448=VECTOR('',#1578,10.);
#449=VECTOR('',#1579,10.);
#450=VECTOR('',#1582,10.);
#451=VECTOR('',#1583,10.);
#452=VECTOR('',#1584,10.);
#453=VECTOR('',#1587,10.);
#454=VECTOR('',#1588,10.);
#455=VECTOR('',#1589,10.);
#456=VECTOR('',#1592,10.);
#457=VECTOR('',#1593,10.);
#458=VECTOR('',#1602,0.999999999999996);
#459=VECTOR('',#1611,1.);
#460=VECTOR('',#1618,1.);
#461=VECTOR('',#1619,1.);
#462=VECTOR('',#1622,10.);
#463=VECTOR('',#1623,10.);
#464=VECTOR('',#1624,10.);
#465=VECTOR('',#1625,10.);
#466=VECTOR('',#1628,10.);
#467=VECTOR('',#1629,10.);
#468=VECTOR('',#1630,10.);
#469=VECTOR('',#1631,10.);
#470=VECTOR('',#1634,10.);
#471=VECTOR('',#1635,10.);
#472=VECTOR('',#1638,10.);
#473=VECTOR('',#1641,10.);
#474=VECTOR('',#1646,10.);
#475=VECTOR('',#1647,10.);
#476=VECTOR('',#1648,10.);
#477=VECTOR('',#1649,10.);
#478=VECTOR('',#1652,10.);
#479=VECTOR('',#1653,10.);
#480=VECTOR('',#1654,10.);
#481=VECTOR('',#1655,10.);
#482=VECTOR('',#1658,10.);
#483=VECTOR('',#1659,10.);
#484=VECTOR('',#1662,10.);
#485=VECTOR('',#1665,10.);
#486=VECTOR('',#1670,10.);
#487=VECTOR('',#1671,10.);
#488=VECTOR('',#1674,10.);
#489=VECTOR('',#1679,10.);
#490=VECTOR('',#1680,10.);
#491=VECTOR('',#1681,10.);
#492=VECTOR('',#1682,10.);
#493=VECTOR('',#1683,10.);
#494=VECTOR('',#1686,10.);
#495=VECTOR('',#1687,10.);
#496=VECTOR('',#1688,10.);
#497=VECTOR('',#1689,10.);
#498=VECTOR('',#1694,10.);
#499=VECTOR('',#1695,10.);
#500=VECTOR('',#1696,10.);
#501=VECTOR('',#1703,1.);
#502=VECTOR('',#1706,10.);
#503=VECTOR('',#1707,10.);
#504=VECTOR('',#1708,10.);
#505=VECTOR('',#1711,10.);
#506=VECTOR('',#1712,10.);
#507=VECTOR('',#1715,10.);
#508=VECTOR('',#1716,10.);
#509=VECTOR('',#1719,10.);
#510=VECTOR('',#1720,10.);
#511=VECTOR('',#1721,10.);
#512=VECTOR('',#1722,10.);
#513=VECTOR('',#1725,10.);
#514=VECTOR('',#1728,10.);
#515=VERTEX_POINT('',#1733);
#516=VERTEX_POINT('',#1734);
#517=VERTEX_POINT('',#1736);
#518=VERTEX_POINT('',#1738);
#519=VERTEX_POINT('',#1742);
#520=VERTEX_POINT('',#1743);
#521=VERTEX_POINT('',#1745);
#522=VERTEX_POINT('',#1747);
#523=VERTEX_POINT('',#1751);
#524=VERTEX_POINT('',#1752);
#525=VERTEX_POINT('',#1754);
#526=VERTEX_POINT('',#1756);
#527=VERTEX_POINT('',#1760);
#528=VERTEX_POINT('',#1762);
#529=VERTEX_POINT('',#1766);
#530=VERTEX_POINT('',#1770);
#531=VERTEX_POINT('',#1771);
#532=VERTEX_POINT('',#1773);
#533=VERTEX_POINT('',#1775);
#534=VERTEX_POINT('',#1780);
#535=VERTEX_POINT('',#1782);
#536=VERTEX_POINT('',#1786);
#537=VERTEX_POINT('',#1790);
#538=VERTEX_POINT('',#1794);
#539=VERTEX_POINT('',#1796);
#540=VERTEX_POINT('',#1798);
#541=VERTEX_POINT('',#1802);
#542=VERTEX_POINT('',#1804);
#543=VERTEX_POINT('',#1808);
#544=VERTEX_POINT('',#1810);
#545=VERTEX_POINT('',#1812);
#546=VERTEX_POINT('',#1814);
#547=VERTEX_POINT('',#1816);
#548=VERTEX_POINT('',#1818);
#549=VERTEX_POINT('',#1820);
#550=VERTEX_POINT('',#1824);
#551=VERTEX_POINT('',#1826);
#552=VERTEX_POINT('',#1830);
#553=VERTEX_POINT('',#1831);
#554=VERTEX_POINT('',#1833);
#555=VERTEX_POINT('',#1835);
#556=VERTEX_POINT('',#1837);
#557=VERTEX_POINT('',#1840);
#558=VERTEX_POINT('',#1842);
#559=VERTEX_POINT('',#1844);
#560=VERTEX_POINT('',#1846);
#561=VERTEX_POINT('',#1848);
#562=VERTEX_POINT('',#1850);
#563=VERTEX_POINT('',#1852);
#564=VERTEX_POINT('',#1856);
#565=VERTEX_POINT('',#1858);
#566=VERTEX_POINT('',#1862);
#567=VERTEX_POINT('',#1866);
#568=VERTEX_POINT('',#1868);
#569=VERTEX_POINT('',#1872);
#570=VERTEX_POINT('',#1876);
#571=VERTEX_POINT('',#1879);
#572=VERTEX_POINT('',#1882);
#573=VERTEX_POINT('',#1886);
#574=VERTEX_POINT('',#1890);
#575=VERTEX_POINT('',#1891);
#576=VERTEX_POINT('',#1893);
#577=VERTEX_POINT('',#1895);
#578=VERTEX_POINT('',#1899);
#579=VERTEX_POINT('',#1901);
#580=VERTEX_POINT('',#1905);
#581=VERTEX_POINT('',#1907);
#582=VERTEX_POINT('',#1911);
#583=VERTEX_POINT('',#1917);
#584=VERTEX_POINT('',#1923);
#585=VERTEX_POINT('',#1925);
#586=VERTEX_POINT('',#1932);
#587=VERTEX_POINT('',#1936);
#588=VERTEX_POINT('',#1940);
#589=VERTEX_POINT('',#1942);
#590=VERTEX_POINT('',#1945);
#591=VERTEX_POINT('',#1949);
#592=VERTEX_POINT('',#1951);
#593=VERTEX_POINT('',#1955);
#594=VERTEX_POINT('',#1957);
#595=VERTEX_POINT('',#1964);
#596=VERTEX_POINT('',#1967);
#597=VERTEX_POINT('',#1971);
#598=VERTEX_POINT('',#1974);
#599=VERTEX_POINT('',#1978);
#600=VERTEX_POINT('',#1984);
#601=VERTEX_POINT('',#1985);
#602=VERTEX_POINT('',#1987);
#603=VERTEX_POINT('',#1989);
#604=VERTEX_POINT('',#1993);
#605=VERTEX_POINT('',#1994);
#606=VERTEX_POINT('',#1996);
#607=VERTEX_POINT('',#1998);
#608=VERTEX_POINT('',#2010);
#609=VERTEX_POINT('',#2011);
#610=VERTEX_POINT('',#2013);
#611=VERTEX_POINT('',#2015);
#612=VERTEX_POINT('',#2019);
#613=VERTEX_POINT('',#2020);
#614=VERTEX_POINT('',#2022);
#615=VERTEX_POINT('',#2024);
#616=VERTEX_POINT('',#2036);
#617=VERTEX_POINT('',#2043);
#618=VERTEX_POINT('',#2045);
#619=VERTEX_POINT('',#2047);
#620=VERTEX_POINT('',#2049);
#621=VERTEX_POINT('',#2053);
#622=VERTEX_POINT('',#2054);
#623=VERTEX_POINT('',#2056);
#624=VERTEX_POINT('',#2058);
#625=VERTEX_POINT('',#2061);
#626=VERTEX_POINT('',#2064);
#627=VERTEX_POINT('',#2066);
#628=VERTEX_POINT('',#2070);
#629=VERTEX_POINT('',#2075);
#630=VERTEX_POINT('',#2077);
#631=VERTEX_POINT('',#2081);
#632=VERTEX_POINT('',#2085);
#633=VERTEX_POINT('',#2089);
#634=VERTEX_POINT('',#2092);
#635=EDGE_CURVE('',#515,#516,#179,.T.);
#636=EDGE_CURVE('',#515,#517,#180,.T.);
#637=EDGE_CURVE('',#518,#517,#181,.T.);
#638=EDGE_CURVE('',#518,#516,#182,.T.);
#639=EDGE_CURVE('',#519,#520,#183,.T.);
#640=EDGE_CURVE('',#519,#521,#184,.T.);
#641=EDGE_CURVE('',#522,#521,#185,.T.);
#642=EDGE_CURVE('',#520,#522,#186,.T.);
#643=EDGE_CURVE('',#523,#524,#187,.T.);
#644=EDGE_CURVE('',#525,#523,#188,.T.);
#645=EDGE_CURVE('',#526,#525,#189,.T.);
#646=EDGE_CURVE('',#526,#524,#190,.T.);
#647=EDGE_CURVE('',#524,#527,#191,.T.);
#648=EDGE_CURVE('',#528,#526,#192,.T.);
#649=EDGE_CURVE('',#527,#528,#193,.T.);
#650=EDGE_CURVE('',#516,#529,#25,.T.);
#651=EDGE_CURVE('',#529,#518,#26,.T.);
#652=EDGE_CURVE('',#530,#531,#194,.T.);
#653=EDGE_CURVE('',#532,#530,#195,.T.);
#654=EDGE_CURVE('',#533,#532,#196,.T.);
#655=EDGE_CURVE('',#521,#533,#197,.T.);
#656=EDGE_CURVE('',#531,#519,#198,.T.);
#657=EDGE_CURVE('',#534,#530,#199,.T.);
#658=EDGE_CURVE('',#535,#534,#200,.T.);
#659=EDGE_CURVE('',#532,#535,#201,.T.);
#660=EDGE_CURVE('',#528,#536,#202,.T.);
#661=EDGE_CURVE('',#536,#525,#203,.T.);
#662=EDGE_CURVE('',#517,#537,#27,.T.);
#663=EDGE_CURVE('',#537,#515,#28,.T.);
#664=EDGE_CURVE('',#538,#531,#204,.T.);
#665=EDGE_CURVE('',#539,#538,#205,.T.);
#666=EDGE_CURVE('',#539,#540,#206,.T.);
#667=EDGE_CURVE('',#534,#540,#207,.T.);
#668=EDGE_CURVE('',#541,#520,#208,.T.);
#669=EDGE_CURVE('',#542,#541,#209,.T.);
#670=EDGE_CURVE('',#538,#542,#210,.T.);
#671=EDGE_CURVE('',#543,#527,#211,.T.);
#672=EDGE_CURVE('',#543,#544,#212,.T.);
#673=EDGE_CURVE('',#544,#545,#213,.T.);
#674=EDGE_CURVE('',#546,#545,#214,.T.);
#675=EDGE_CURVE('',#547,#546,#215,.T.);
#676=EDGE_CURVE('',#547,#548,#216,.T.);
#677=EDGE_CURVE('',#548,#549,#217,.T.);
#678=EDGE_CURVE('',#523,#549,#218,.T.);
#679=EDGE_CURVE('',#550,#536,#219,.T.);
#680=EDGE_CURVE('',#551,#550,#220,.T.);
#681=EDGE_CURVE('',#551,#543,#221,.T.);
#682=EDGE_CURVE('',#552,#553,#222,.T.);
#683=EDGE_CURVE('',#553,#554,#223,.T.);
#684=EDGE_CURVE('',#554,#555,#224,.T.);
#685=EDGE_CURVE('',#555,#556,#225,.T.);
#686=EDGE_CURVE('',#556,#546,#226,.T.);
#687=EDGE_CURVE('',#545,#557,#227,.T.);
#688=EDGE_CURVE('',#557,#558,#228,.T.);
#689=EDGE_CURVE('',#558,#559,#229,.T.);
#690=EDGE_CURVE('',#559,#560,#230,.T.);
#691=EDGE_CURVE('',#560,#561,#231,.T.);
#692=EDGE_CURVE('',#561,#562,#232,.T.);
#693=EDGE_CURVE('',#563,#562,#233,.T.);
#694=EDGE_CURVE('',#563,#552,#234,.T.);
#695=EDGE_CURVE('',#564,#563,#235,.T.);
#696=EDGE_CURVE('',#564,#565,#236,.T.);
#697=EDGE_CURVE('',#565,#552,#237,.T.);
#698=EDGE_CURVE('',#566,#565,#238,.T.);
#699=EDGE_CURVE('',#566,#553,#239,.T.);
#700=EDGE_CURVE('',#562,#567,#240,.T.);
#701=EDGE_CURVE('',#568,#561,#241,.T.);
#702=EDGE_CURVE('',#568,#567,#242,.T.);
#703=EDGE_CURVE('',#568,#569,#243,.T.);
#704=EDGE_CURVE('',#569,#560,#244,.T.);
#705=EDGE_CURVE('',#542,#570,#245,.T.);
#706=EDGE_CURVE('',#570,#539,#246,.T.);
#707=EDGE_CURVE('',#571,#571,#29,.T.);
#708=EDGE_CURVE('',#572,#559,#247,.T.);
#709=EDGE_CURVE('',#572,#569,#248,.T.);
#710=EDGE_CURVE('',#566,#573,#249,.T.);
#711=EDGE_CURVE('',#573,#554,#250,.T.);
#712=EDGE_CURVE('',#574,#575,#251,.T.);
#713=EDGE_CURVE('',#575,#576,#252,.T.);
#714=EDGE_CURVE('',#577,#576,#253,.T.);
#715=EDGE_CURVE('',#574,#577,#254,.T.);
#716=EDGE_CURVE('',#575,#578,#255,.T.);
#717=EDGE_CURVE('',#578,#579,#256,.T.);
#718=EDGE_CURVE('',#576,#579,#257,.T.);
#719=EDGE_CURVE('',#578,#580,#258,.T.);
#720=EDGE_CURVE('',#580,#581,#259,.T.);
#721=EDGE_CURVE('',#579,#581,#260,.T.);
#722=EDGE_CURVE('',#580,#582,#261,.T.);
#723=EDGE_CURVE('',#582,#555,#262,.T.);
#724=EDGE_CURVE('',#573,#574,#263,.T.);
#725=EDGE_CURVE('',#581,#577,#264,.T.);
#726=EDGE_CURVE('',#582,#583,#265,.T.);
#727=EDGE_CURVE('',#583,#556,#266,.T.);
#728=EDGE_CURVE('',#583,#547,#267,.T.);
#729=EDGE_CURVE('',#548,#584,#268,.T.);
#730=EDGE_CURVE('',#584,#585,#269,.T.);
#731=EDGE_CURVE('',#549,#585,#270,.T.);
#732=EDGE_CURVE('',#584,#551,#271,.T.);
#733=EDGE_CURVE('',#585,#550,#272,.T.);
#734=EDGE_CURVE('',#544,#586,#273,.T.);
#735=EDGE_CURVE('',#586,#557,#274,.T.);
#736=EDGE_CURVE('',#586,#587,#275,.T.);
#737=EDGE_CURVE('',#587,#558,#276,.T.);
#738=EDGE_CURVE('',#588,#535,#277,.T.);
#739=EDGE_CURVE('',#589,#588,#278,.T.);
#740=EDGE_CURVE('',#589,#572,#279,.T.);
#741=EDGE_CURVE('',#587,#590,#280,.T.);
#742=EDGE_CURVE('',#590,#533,#281,.T.);
#743=EDGE_CURVE('',#590,#591,#282,.T.);
#744=EDGE_CURVE('',#591,#592,#283,.T.);
#745=EDGE_CURVE('',#522,#592,#284,.T.);
#746=EDGE_CURVE('',#591,#593,#285,.T.);
#747=EDGE_CURVE('',#593,#594,#286,.T.);
#748=EDGE_CURVE('',#592,#594,#287,.T.);
#749=EDGE_CURVE('',#593,#589,#288,.T.);
#750=EDGE_CURVE('',#594,#588,#289,.T.);
#751=EDGE_CURVE('',#595,#595,#30,.T.);
#752=EDGE_CURVE('',#596,#596,#31,.T.);
#753=EDGE_CURVE('',#596,#595,#290,.T.);
#754=EDGE_CURVE('',#597,#597,#32,.T.);
#755=EDGE_CURVE('',#598,#598,#33,.T.);
#756=EDGE_CURVE('',#598,#597,#291,.T.);
#757=EDGE_CURVE('',#599,#599,#34,.T.);
#758=EDGE_CURVE('',#571,#529,#292,.T.);
#759=EDGE_CURVE('',#537,#599,#293,.T.);
#760=EDGE_CURVE('',#600,#601,#294,.T.);
#761=EDGE_CURVE('',#601,#602,#295,.T.);
#762=EDGE_CURVE('',#602,#603,#296,.T.);
#763=EDGE_CURVE('',#603,#600,#297,.T.);
#764=EDGE_CURVE('',#604,#605,#298,.T.);
#765=EDGE_CURVE('',#605,#606,#299,.T.);
#766=EDGE_CURVE('',#606,#607,#300,.T.);
#767=EDGE_CURVE('',#607,#604,#301,.T.);
#768=EDGE_CURVE('',#603,#607,#302,.T.);
#769=EDGE_CURVE('',#600,#606,#303,.T.);
#770=EDGE_CURVE('',#602,#604,#304,.T.);
#771=EDGE_CURVE('',#601,#605,#305,.T.);
#772=EDGE_CURVE('',#608,#609,#306,.T.);
#773=EDGE_CURVE('',#609,#610,#307,.T.);
#774=EDGE_CURVE('',#610,#611,#308,.T.);
#775=EDGE_CURVE('',#611,#608,#309,.T.);
#776=EDGE_CURVE('',#612,#613,#310,.T.);
#777=EDGE_CURVE('',#613,#614,#311,.T.);
#778=EDGE_CURVE('',#614,#615,#312,.T.);
#779=EDGE_CURVE('',#615,#612,#313,.T.);
#780=EDGE_CURVE('',#611,#615,#314,.T.);
#781=EDGE_CURVE('',#608,#614,#315,.T.);
#782=EDGE_CURVE('',#610,#612,#316,.T.);
#783=EDGE_CURVE('',#609,#613,#317,.T.);
#784=EDGE_CURVE('',#540,#616,#318,.T.);
#785=EDGE_CURVE('',#616,#541,#319,.T.);
#786=EDGE_CURVE('',#570,#616,#320,.T.);
#787=EDGE_CURVE('',#617,#564,#321,.T.);
#788=EDGE_CURVE('',#617,#618,#322,.T.);
#789=EDGE_CURVE('',#619,#618,#323,.T.);
#790=EDGE_CURVE('',#620,#619,#324,.T.);
#791=EDGE_CURVE('',#567,#620,#325,.T.);
#792=EDGE_CURVE('',#621,#622,#326,.T.);
#793=EDGE_CURVE('',#622,#623,#327,.T.);
#794=EDGE_CURVE('',#623,#624,#328,.T.);
#795=EDGE_CURVE('',#624,#621,#329,.T.);
#796=EDGE_CURVE('',#625,#625,#35,.T.);
#797=EDGE_CURVE('',#619,#626,#330,.T.);
#798=EDGE_CURVE('',#627,#626,#331,.T.);
#799=EDGE_CURVE('',#620,#627,#332,.T.);
#800=EDGE_CURVE('',#628,#628,#36,.T.);
#801=EDGE_CURVE('',#625,#628,#333,.T.);
#802=EDGE_CURVE('',#622,#629,#334,.T.);
#803=EDGE_CURVE('',#630,#629,#335,.T.);
#804=EDGE_CURVE('',#623,#630,#336,.T.);
#805=EDGE_CURVE('',#631,#627,#337,.T.);
#806=EDGE_CURVE('',#631,#617,#338,.T.);
#807=EDGE_CURVE('',#618,#632,#339,.T.);
#808=EDGE_CURVE('',#626,#632,#340,.T.);
#809=EDGE_CURVE('',#632,#633,#341,.T.);
#810=EDGE_CURVE('',#633,#630,#342,.T.);
#811=EDGE_CURVE('',#629,#634,#343,.T.);
#812=EDGE_CURVE('',#634,#631,#344,.T.);
#813=EDGE_CURVE('',#621,#634,#345,.T.);
#814=EDGE_CURVE('',#633,#624,#346,.T.);
#815=ORIENTED_EDGE('',*,*,#635,.F.);
#816=ORIENTED_EDGE('',*,*,#636,.T.);
#817=ORIENTED_EDGE('',*,*,#637,.F.);
#818=ORIENTED_EDGE('',*,*,#638,.T.);
#819=ORIENTED_EDGE('',*,*,#639,.F.);
#820=ORIENTED_EDGE('',*,*,#640,.T.);
#821=ORIENTED_EDGE('',*,*,#641,.F.);
#822=ORIENTED_EDGE('',*,*,#642,.F.);
#823=ORIENTED_EDGE('',*,*,#643,.F.);
#824=ORIENTED_EDGE('',*,*,#644,.F.);
#825=ORIENTED_EDGE('',*,*,#645,.F.);
#826=ORIENTED_EDGE('',*,*,#646,.T.);
#827=ORIENTED_EDGE('',*,*,#647,.F.);
#828=ORIENTED_EDGE('',*,*,#646,.F.);
#829=ORIENTED_EDGE('',*,*,#648,.F.);
#830=ORIENTED_EDGE('',*,*,#649,.F.);
#831=ORIENTED_EDGE('',*,*,#650,.F.);
#832=ORIENTED_EDGE('',*,*,#638,.F.);
#833=ORIENTED_EDGE('',*,*,#651,.F.);
#834=ORIENTED_EDGE('',*,*,#652,.F.);
#835=ORIENTED_EDGE('',*,*,#653,.F.);
#836=ORIENTED_EDGE('',*,*,#654,.F.);
#837=ORIENTED_EDGE('',*,*,#655,.F.);
#838=ORIENTED_EDGE('',*,*,#640,.F.);
#839=ORIENTED_EDGE('',*,*,#656,.F.);
#840=ORIENTED_EDGE('',*,*,#657,.F.);
#841=ORIENTED_EDGE('',*,*,#658,.F.);
#842=ORIENTED_EDGE('',*,*,#659,.F.);
#843=ORIENTED_EDGE('',*,*,#653,.T.);
#844=ORIENTED_EDGE('',*,*,#660,.F.);
#845=ORIENTED_EDGE('',*,*,#648,.T.);
#846=ORIENTED_EDGE('',*,*,#645,.T.);
#847=ORIENTED_EDGE('',*,*,#661,.F.);
#848=ORIENTED_EDGE('',*,*,#662,.F.);
#849=ORIENTED_EDGE('',*,*,#636,.F.);
#850=ORIENTED_EDGE('',*,*,#663,.F.);
#851=ORIENTED_EDGE('',*,*,#657,.T.);
#852=ORIENTED_EDGE('',*,*,#652,.T.);
#853=ORIENTED_EDGE('',*,*,#664,.F.);
#854=ORIENTED_EDGE('',*,*,#665,.F.);
#855=ORIENTED_EDGE('',*,*,#666,.T.);
#856=ORIENTED_EDGE('',*,*,#667,.F.);
#857=ORIENTED_EDGE('',*,*,#656,.T.);
#858=ORIENTED_EDGE('',*,*,#639,.T.);
#859=ORIENTED_EDGE('',*,*,#668,.F.);
#860=ORIENTED_EDGE('',*,*,#669,.F.);
#861=ORIENTED_EDGE('',*,*,#670,.F.);
#862=ORIENTED_EDGE('',*,*,#664,.T.);
#863=ORIENTED_EDGE('',*,*,#643,.T.);
#864=ORIENTED_EDGE('',*,*,#647,.T.);
#865=ORIENTED_EDGE('',*,*,#671,.F.);
#866=ORIENTED_EDGE('',*,*,#672,.T.);
#867=ORIENTED_EDGE('',*,*,#673,.T.);
#868=ORIENTED_EDGE('',*,*,#674,.F.);
#869=ORIENTED_EDGE('',*,*,#675,.F.);
#870=ORIENTED_EDGE('',*,*,#676,.T.);
#871=ORIENTED_EDGE('',*,*,#677,.T.);
#872=ORIENTED_EDGE('',*,*,#678,.F.);
#873=ORIENTED_EDGE('',*,*,#649,.T.);
#874=ORIENTED_EDGE('',*,*,#660,.T.);
#875=ORIENTED_EDGE('',*,*,#679,.F.);
#876=ORIENTED_EDGE('',*,*,#680,.F.);
#877=ORIENTED_EDGE('',*,*,#681,.T.);
#878=ORIENTED_EDGE('',*,*,#671,.T.);
#879=ORIENTED_EDGE('',*,*,#682,.T.);
#880=ORIENTED_EDGE('',*,*,#683,.T.);
#881=ORIENTED_EDGE('',*,*,#684,.T.);
#882=ORIENTED_EDGE('',*,*,#685,.T.);
#883=ORIENTED_EDGE('',*,*,#686,.T.);
#884=ORIENTED_EDGE('',*,*,#674,.T.);
#885=ORIENTED_EDGE('',*,*,#687,.T.);
#886=ORIENTED_EDGE('',*,*,#688,.T.);
#887=ORIENTED_EDGE('',*,*,#689,.T.);
#888=ORIENTED_EDGE('',*,*,#690,.T.);
#889=ORIENTED_EDGE('',*,*,#691,.T.);
#890=ORIENTED_EDGE('',*,*,#692,.T.);
#891=ORIENTED_EDGE('',*,*,#693,.F.);
#892=ORIENTED_EDGE('',*,*,#694,.T.);
#893=ORIENTED_EDGE('',*,*,#695,.F.);
#894=ORIENTED_EDGE('',*,*,#696,.T.);
#895=ORIENTED_EDGE('',*,*,#697,.T.);
#896=ORIENTED_EDGE('',*,*,#694,.F.);
#897=ORIENTED_EDGE('',*,*,#698,.F.);
#898=ORIENTED_EDGE('',*,*,#699,.T.);
#899=ORIENTED_EDGE('',*,*,#682,.F.);
#900=ORIENTED_EDGE('',*,*,#697,.F.);
#901=ORIENTED_EDGE('',*,*,#700,.F.);
#902=ORIENTED_EDGE('',*,*,#692,.F.);
#903=ORIENTED_EDGE('',*,*,#701,.F.);
#904=ORIENTED_EDGE('',*,*,#702,.T.);
#905=ORIENTED_EDGE('',*,*,#703,.F.);
#906=ORIENTED_EDGE('',*,*,#701,.T.);
#907=ORIENTED_EDGE('',*,*,#691,.F.);
#908=ORIENTED_EDGE('',*,*,#704,.F.);
#909=ORIENTED_EDGE('',*,*,#670,.T.);
#910=ORIENTED_EDGE('',*,*,#705,.T.);
#911=ORIENTED_EDGE('',*,*,#706,.T.);
#912=ORIENTED_EDGE('',*,*,#665,.T.);
#913=ORIENTED_EDGE('',*,*,#707,.T.);
#914=ORIENTED_EDGE('',*,*,#704,.T.);
#915=ORIENTED_EDGE('',*,*,#690,.F.);
#916=ORIENTED_EDGE('',*,*,#708,.F.);
#917=ORIENTED_EDGE('',*,*,#709,.T.);
#918=ORIENTED_EDGE('',*,*,#710,.T.);
#919=ORIENTED_EDGE('',*,*,#711,.T.);
#920=ORIENTED_EDGE('',*,*,#683,.F.);
#921=ORIENTED_EDGE('',*,*,#699,.F.);
#922=ORIENTED_EDGE('',*,*,#712,.T.);
#923=ORIENTED_EDGE('',*,*,#713,.T.);
#924=ORIENTED_EDGE('',*,*,#714,.F.);
#925=ORIENTED_EDGE('',*,*,#715,.F.);
#926=ORIENTED_EDGE('',*,*,#716,.T.);
#927=ORIENTED_EDGE('',*,*,#717,.T.);
#928=ORIENTED_EDGE('',*,*,#718,.F.);
#929=ORIENTED_EDGE('',*,*,#713,.F.);
#930=ORIENTED_EDGE('',*,*,#719,.T.);
#931=ORIENTED_EDGE('',*,*,#720,.T.);
#932=ORIENTED_EDGE('',*,*,#721,.F.);
#933=ORIENTED_EDGE('',*,*,#717,.F.);
#934=ORIENTED_EDGE('',*,*,#722,.T.);
#935=ORIENTED_EDGE('',*,*,#723,.T.);
#936=ORIENTED_EDGE('',*,*,#684,.F.);
#937=ORIENTED_EDGE('',*,*,#711,.F.);
#938=ORIENTED_EDGE('',*,*,#724,.T.);
#939=ORIENTED_EDGE('',*,*,#715,.T.);
#940=ORIENTED_EDGE('',*,*,#725,.F.);
#941=ORIENTED_EDGE('',*,*,#720,.F.);
#942=ORIENTED_EDGE('',*,*,#726,.T.);
#943=ORIENTED_EDGE('',*,*,#727,.T.);
#944=ORIENTED_EDGE('',*,*,#685,.F.);
#945=ORIENTED_EDGE('',*,*,#723,.F.);
#946=ORIENTED_EDGE('',*,*,#728,.T.);
#947=ORIENTED_EDGE('',*,*,#675,.T.);
#948=ORIENTED_EDGE('',*,*,#686,.F.);
#949=ORIENTED_EDGE('',*,*,#727,.F.);
#950=ORIENTED_EDGE('',*,*,#729,.T.);
#951=ORIENTED_EDGE('',*,*,#730,.T.);
#952=ORIENTED_EDGE('',*,*,#731,.F.);
#953=ORIENTED_EDGE('',*,*,#677,.F.);
#954=ORIENTED_EDGE('',*,*,#732,.T.);
#955=ORIENTED_EDGE('',*,*,#680,.T.);
#956=ORIENTED_EDGE('',*,*,#733,.F.);
#957=ORIENTED_EDGE('',*,*,#730,.F.);
#958=ORIENTED_EDGE('',*,*,#734,.T.);
#959=ORIENTED_EDGE('',*,*,#735,.T.);
#960=ORIENTED_EDGE('',*,*,#687,.F.);
#961=ORIENTED_EDGE('',*,*,#673,.F.);
#962=ORIENTED_EDGE('',*,*,#736,.T.);
#963=ORIENTED_EDGE('',*,*,#737,.T.);
#964=ORIENTED_EDGE('',*,*,#688,.F.);
#965=ORIENTED_EDGE('',*,*,#735,.F.);
#966=ORIENTED_EDGE('',*,*,#659,.T.);
#967=ORIENTED_EDGE('',*,*,#738,.F.);
#968=ORIENTED_EDGE('',*,*,#739,.F.);
#969=ORIENTED_EDGE('',*,*,#740,.T.);
#970=ORIENTED_EDGE('',*,*,#708,.T.);
#971=ORIENTED_EDGE('',*,*,#689,.F.);
#972=ORIENTED_EDGE('',*,*,#737,.F.);
#973=ORIENTED_EDGE('',*,*,#741,.T.);
#974=ORIENTED_EDGE('',*,*,#742,.T.);
#975=ORIENTED_EDGE('',*,*,#654,.T.);
#976=ORIENTED_EDGE('',*,*,#655,.T.);
#977=ORIENTED_EDGE('',*,*,#742,.F.);
#978=ORIENTED_EDGE('',*,*,#743,.T.);
#979=ORIENTED_EDGE('',*,*,#744,.T.);
#980=ORIENTED_EDGE('',*,*,#745,.F.);
#981=ORIENTED_EDGE('',*,*,#641,.T.);
#982=ORIENTED_EDGE('',*,*,#746,.T.);
#983=ORIENTED_EDGE('',*,*,#747,.T.);
#984=ORIENTED_EDGE('',*,*,#748,.F.);
#985=ORIENTED_EDGE('',*,*,#744,.F.);
#986=ORIENTED_EDGE('',*,*,#749,.T.);
#987=ORIENTED_EDGE('',*,*,#739,.T.);
#988=ORIENTED_EDGE('',*,*,#750,.F.);
#989=ORIENTED_EDGE('',*,*,#747,.F.);
#990=ORIENTED_EDGE('',*,*,#751,.F.);
#991=ORIENTED_EDGE('',*,*,#752,.F.);
#992=ORIENTED_EDGE('',*,*,#753,.T.);
#993=ORIENTED_EDGE('',*,*,#751,.T.);
#994=ORIENTED_EDGE('',*,*,#753,.F.);
#995=ORIENTED_EDGE('',*,*,#754,.F.);
#996=ORIENTED_EDGE('',*,*,#755,.F.);
#997=ORIENTED_EDGE('',*,*,#756,.T.);
#998=ORIENTED_EDGE('',*,*,#754,.T.);
#999=ORIENTED_EDGE('',*,*,#756,.F.);
#1000=ORIENTED_EDGE('',*,*,#757,.F.);
#1001=ORIENTED_EDGE('',*,*,#707,.F.);
#1002=ORIENTED_EDGE('',*,*,#758,.T.);
#1003=ORIENTED_EDGE('',*,*,#651,.T.);
#1004=ORIENTED_EDGE('',*,*,#637,.T.);
#1005=ORIENTED_EDGE('',*,*,#662,.T.);
#1006=ORIENTED_EDGE('',*,*,#759,.T.);
#1007=ORIENTED_EDGE('',*,*,#757,.T.);
#1008=ORIENTED_EDGE('',*,*,#759,.F.);
#1009=ORIENTED_EDGE('',*,*,#663,.T.);
#1010=ORIENTED_EDGE('',*,*,#635,.T.);
#1011=ORIENTED_EDGE('',*,*,#650,.T.);
#1012=ORIENTED_EDGE('',*,*,#758,.F.);
#1013=ORIENTED_EDGE('',*,*,#760,.T.);
#1014=ORIENTED_EDGE('',*,*,#761,.T.);
#1015=ORIENTED_EDGE('',*,*,#762,.T.);
#1016=ORIENTED_EDGE('',*,*,#763,.T.);
#1017=ORIENTED_EDGE('',*,*,#755,.T.);
#1018=ORIENTED_EDGE('',*,*,#718,.T.);
#1019=ORIENTED_EDGE('',*,*,#721,.T.);
#1020=ORIENTED_EDGE('',*,*,#725,.T.);
#1021=ORIENTED_EDGE('',*,*,#714,.T.);
#1022=ORIENTED_EDGE('',*,*,#764,.T.);
#1023=ORIENTED_EDGE('',*,*,#765,.T.);
#1024=ORIENTED_EDGE('',*,*,#766,.T.);
#1025=ORIENTED_EDGE('',*,*,#767,.T.);
#1026=ORIENTED_EDGE('',*,*,#763,.F.);
#1027=ORIENTED_EDGE('',*,*,#768,.T.);
#1028=ORIENTED_EDGE('',*,*,#766,.F.);
#1029=ORIENTED_EDGE('',*,*,#769,.F.);
#1030=ORIENTED_EDGE('',*,*,#762,.F.);
#1031=ORIENTED_EDGE('',*,*,#770,.T.);
#1032=ORIENTED_EDGE('',*,*,#767,.F.);
#1033=ORIENTED_EDGE('',*,*,#768,.F.);
#1034=ORIENTED_EDGE('',*,*,#760,.F.);
#1035=ORIENTED_EDGE('',*,*,#769,.T.);
#1036=ORIENTED_EDGE('',*,*,#765,.F.);
#1037=ORIENTED_EDGE('',*,*,#771,.F.);
#1038=ORIENTED_EDGE('',*,*,#761,.F.);
#1039=ORIENTED_EDGE('',*,*,#771,.T.);
#1040=ORIENTED_EDGE('',*,*,#764,.F.);
#1041=ORIENTED_EDGE('',*,*,#770,.F.);
#1042=ORIENTED_EDGE('',*,*,#772,.T.);
#1043=ORIENTED_EDGE('',*,*,#773,.T.);
#1044=ORIENTED_EDGE('',*,*,#774,.T.);
#1045=ORIENTED_EDGE('',*,*,#775,.T.);
#1046=ORIENTED_EDGE('',*,*,#752,.T.);
#1047=ORIENTED_EDGE('',*,*,#644,.T.);
#1048=ORIENTED_EDGE('',*,*,#678,.T.);
#1049=ORIENTED_EDGE('',*,*,#731,.T.);
#1050=ORIENTED_EDGE('',*,*,#733,.T.);
#1051=ORIENTED_EDGE('',*,*,#679,.T.);
#1052=ORIENTED_EDGE('',*,*,#661,.T.);
#1053=ORIENTED_EDGE('',*,*,#776,.T.);
#1054=ORIENTED_EDGE('',*,*,#777,.T.);
#1055=ORIENTED_EDGE('',*,*,#778,.T.);
#1056=ORIENTED_EDGE('',*,*,#779,.T.);
#1057=ORIENTED_EDGE('',*,*,#775,.F.);
#1058=ORIENTED_EDGE('',*,*,#780,.T.);
#1059=ORIENTED_EDGE('',*,*,#778,.F.);
#1060=ORIENTED_EDGE('',*,*,#781,.F.);
#1061=ORIENTED_EDGE('',*,*,#774,.F.);
#1062=ORIENTED_EDGE('',*,*,#782,.T.);
#1063=ORIENTED_EDGE('',*,*,#779,.F.);
#1064=ORIENTED_EDGE('',*,*,#780,.F.);
#1065=ORIENTED_EDGE('',*,*,#772,.F.);
#1066=ORIENTED_EDGE('',*,*,#781,.T.);
#1067=ORIENTED_EDGE('',*,*,#777,.F.);
#1068=ORIENTED_EDGE('',*,*,#783,.F.);
#1069=ORIENTED_EDGE('',*,*,#773,.F.);
#1070=ORIENTED_EDGE('',*,*,#783,.T.);
#1071=ORIENTED_EDGE('',*,*,#776,.F.);
#1072=ORIENTED_EDGE('',*,*,#782,.F.);
#1073=ORIENTED_EDGE('',*,*,#658,.T.);
#1074=ORIENTED_EDGE('',*,*,#667,.T.);
#1075=ORIENTED_EDGE('',*,*,#784,.T.);
#1076=ORIENTED_EDGE('',*,*,#785,.T.);
#1077=ORIENTED_EDGE('',*,*,#668,.T.);
#1078=ORIENTED_EDGE('',*,*,#642,.T.);
#1079=ORIENTED_EDGE('',*,*,#745,.T.);
#1080=ORIENTED_EDGE('',*,*,#748,.T.);
#1081=ORIENTED_EDGE('',*,*,#750,.T.);
#1082=ORIENTED_EDGE('',*,*,#738,.T.);
#1083=ORIENTED_EDGE('',*,*,#706,.F.);
#1084=ORIENTED_EDGE('',*,*,#786,.T.);
#1085=ORIENTED_EDGE('',*,*,#784,.F.);
#1086=ORIENTED_EDGE('',*,*,#666,.F.);
#1087=ORIENTED_EDGE('',*,*,#705,.F.);
#1088=ORIENTED_EDGE('',*,*,#669,.T.);
#1089=ORIENTED_EDGE('',*,*,#785,.F.);
#1090=ORIENTED_EDGE('',*,*,#786,.F.);
#1091=ORIENTED_EDGE('',*,*,#698,.T.);
#1092=ORIENTED_EDGE('',*,*,#696,.F.);
#1093=ORIENTED_EDGE('',*,*,#787,.F.);
#1094=ORIENTED_EDGE('',*,*,#788,.T.);
#1095=ORIENTED_EDGE('',*,*,#789,.F.);
#1096=ORIENTED_EDGE('',*,*,#790,.F.);
#1097=ORIENTED_EDGE('',*,*,#791,.F.);
#1098=ORIENTED_EDGE('',*,*,#702,.F.);
#1099=ORIENTED_EDGE('',*,*,#703,.T.);
#1100=ORIENTED_EDGE('',*,*,#709,.F.);
#1101=ORIENTED_EDGE('',*,*,#740,.F.);
#1102=ORIENTED_EDGE('',*,*,#749,.F.);
#1103=ORIENTED_EDGE('',*,*,#746,.F.);
#1104=ORIENTED_EDGE('',*,*,#743,.F.);
#1105=ORIENTED_EDGE('',*,*,#741,.F.);
#1106=ORIENTED_EDGE('',*,*,#736,.F.);
#1107=ORIENTED_EDGE('',*,*,#734,.F.);
#1108=ORIENTED_EDGE('',*,*,#672,.F.);
#1109=ORIENTED_EDGE('',*,*,#681,.F.);
#1110=ORIENTED_EDGE('',*,*,#732,.F.);
#1111=ORIENTED_EDGE('',*,*,#729,.F.);
#1112=ORIENTED_EDGE('',*,*,#676,.F.);
#1113=ORIENTED_EDGE('',*,*,#728,.F.);
#1114=ORIENTED_EDGE('',*,*,#726,.F.);
#1115=ORIENTED_EDGE('',*,*,#722,.F.);
#1116=ORIENTED_EDGE('',*,*,#719,.F.);
#1117=ORIENTED_EDGE('',*,*,#716,.F.);
#1118=ORIENTED_EDGE('',*,*,#712,.F.);
#1119=ORIENTED_EDGE('',*,*,#724,.F.);
#1120=ORIENTED_EDGE('',*,*,#710,.F.);
#1121=ORIENTED_EDGE('',*,*,#792,.T.);
#1122=ORIENTED_EDGE('',*,*,#793,.T.);
#1123=ORIENTED_EDGE('',*,*,#794,.T.);
#1124=ORIENTED_EDGE('',*,*,#795,.T.);
#1125=ORIENTED_EDGE('',*,*,#796,.T.);
#1126=ORIENTED_EDGE('',*,*,#790,.T.);
#1127=ORIENTED_EDGE('',*,*,#797,.T.);
#1128=ORIENTED_EDGE('',*,*,#798,.F.);
#1129=ORIENTED_EDGE('',*,*,#799,.F.);
#1130=ORIENTED_EDGE('',*,*,#800,.F.);
#1131=ORIENTED_EDGE('',*,*,#796,.F.);
#1132=ORIENTED_EDGE('',*,*,#801,.T.);
#1133=ORIENTED_EDGE('',*,*,#800,.T.);
#1134=ORIENTED_EDGE('',*,*,#801,.F.);
#1135=ORIENTED_EDGE('',*,*,#793,.F.);
#1136=ORIENTED_EDGE('',*,*,#802,.T.);
#1137=ORIENTED_EDGE('',*,*,#803,.F.);
#1138=ORIENTED_EDGE('',*,*,#804,.F.);
#1139=ORIENTED_EDGE('',*,*,#700,.T.);
#1140=ORIENTED_EDGE('',*,*,#791,.T.);
#1141=ORIENTED_EDGE('',*,*,#799,.T.);
#1142=ORIENTED_EDGE('',*,*,#805,.F.);
#1143=ORIENTED_EDGE('',*,*,#806,.T.);
#1144=ORIENTED_EDGE('',*,*,#787,.T.);
#1145=ORIENTED_EDGE('',*,*,#695,.T.);
#1146=ORIENTED_EDGE('',*,*,#693,.T.);
#1147=ORIENTED_EDGE('',*,*,#807,.T.);
#1148=ORIENTED_EDGE('',*,*,#808,.F.);
#1149=ORIENTED_EDGE('',*,*,#797,.F.);
#1150=ORIENTED_EDGE('',*,*,#789,.T.);
#1151=ORIENTED_EDGE('',*,*,#809,.T.);
#1152=ORIENTED_EDGE('',*,*,#810,.T.);
#1153=ORIENTED_EDGE('',*,*,#803,.T.);
#1154=ORIENTED_EDGE('',*,*,#811,.T.);
#1155=ORIENTED_EDGE('',*,*,#812,.T.);
#1156=ORIENTED_EDGE('',*,*,#805,.T.);
#1157=ORIENTED_EDGE('',*,*,#798,.T.);
#1158=ORIENTED_EDGE('',*,*,#808,.T.);
#1159=ORIENTED_EDGE('',*,*,#813,.T.);
#1160=ORIENTED_EDGE('',*,*,#811,.F.);
#1161=ORIENTED_EDGE('',*,*,#802,.F.);
#1162=ORIENTED_EDGE('',*,*,#792,.F.);
#1163=ORIENTED_EDGE('',*,*,#814,.T.);
#1164=ORIENTED_EDGE('',*,*,#794,.F.);
#1165=ORIENTED_EDGE('',*,*,#804,.T.);
#1166=ORIENTED_EDGE('',*,*,#810,.F.);
#1167=ORIENTED_EDGE('',*,*,#788,.F.);
#1168=ORIENTED_EDGE('',*,*,#806,.F.);
#1169=ORIENTED_EDGE('',*,*,#812,.F.);
#1170=ORIENTED_EDGE('',*,*,#813,.F.);
#1171=ORIENTED_EDGE('',*,*,#795,.F.);
#1172=ORIENTED_EDGE('',*,*,#814,.F.);
#1173=ORIENTED_EDGE('',*,*,#809,.F.);
#1174=ORIENTED_EDGE('',*,*,#807,.F.);
#1175=PLANE('',#1321);
#1176=PLANE('',#1322);
#1177=PLANE('',#1323);
#1178=PLANE('',#1324);
#1179=PLANE('',#1325);
#1180=PLANE('',#1328);
#1181=PLANE('',#1329);
#1182=PLANE('',#1330);
#1183=PLANE('',#1331);
#1184=PLANE('',#1334);
#1185=PLANE('',#1335);
#1186=PLANE('',#1336);
#1187=PLANE('',#1337);
#1188=PLANE('',#1338);
#1189=PLANE('',#1339);
#1190=PLANE('',#1340);
#1191=PLANE('',#1341);
#1192=PLANE('',#1342);
#1193=PLANE('',#1343);
#1194=PLANE('',#1345);
#1195=PLANE('',#1346);
#1196=PLANE('',#1347);
#1197=PLANE('',#1348);
#1198=PLANE('',#1349);
#1199=PLANE('',#1350);
#1200=PLANE('',#1351);
#1201=PLANE('',#1352);
#1202=PLANE('',#1353);
#1203=PLANE('',#1354);
#1204=PLANE('',#1355);
#1205=PLANE('',#1356);
#1206=PLANE('',#1357);
#1207=PLANE('',#1358);
#1208=PLANE('',#1359);
#1209=PLANE('',#1360);
#1210=PLANE('',#1361);
#1211=PLANE('',#1365);
#1212=PLANE('',#1369);
#1213=PLANE('',#1372);
#1214=PLANE('',#1373);
#1215=PLANE('',#1374);
#1216=PLANE('',#1375);
#1217=PLANE('',#1376);
#1218=PLANE('',#1377);
#1219=PLANE('',#1378);
#1220=PLANE('',#1379);
#1221=PLANE('',#1380);
#1222=PLANE('',#1381);
#1223=PLANE('',#1382);
#1224=PLANE('',#1383);
#1225=PLANE('',#1384);
#1226=PLANE('',#1385);
#1227=PLANE('',#1386);
#1228=PLANE('',#1387);
#1229=PLANE('',#1388);
#1230=PLANE('',#1390);
#1231=PLANE('',#1391);
#1232=PLANE('',#1394);
#1233=PLANE('',#1395);
#1234=PLANE('',#1396);
#1235=PLANE('',#1397);
#1236=PLANE('',#1398);
#1237=PLANE('',#1399);
#1238=PLANE('',#1400);
#1239=ADVANCED_FACE('',(#37),#1175,.F.);
#1240=ADVANCED_FACE('',(#38),#1176,.F.);
#1241=ADVANCED_FACE('',(#39),#1177,.F.);
#1242=ADVANCED_FACE('',(#40),#1178,.T.);
#1243=ADVANCED_FACE('',(#41),#1179,.T.);
#1244=ADVANCED_FACE('',(#42),#1180,.T.);
#1245=ADVANCED_FACE('',(#43),#1181,.F.);
#1246=ADVANCED_FACE('',(#44),#1182,.F.);
#1247=ADVANCED_FACE('',(#45),#1183,.T.);
#1248=ADVANCED_FACE('',(#46),#1184,.T.);
#1249=ADVANCED_FACE('',(#47),#1185,.T.);
#1250=ADVANCED_FACE('',(#48),#1186,.T.);
#1251=ADVANCED_FACE('',(#49),#1187,.T.);
#1252=ADVANCED_FACE('',(#50),#1188,.T.);
#1253=ADVANCED_FACE('',(#51),#1189,.T.);
#1254=ADVANCED_FACE('',(#52),#1190,.T.);
#1255=ADVANCED_FACE('',(#53),#1191,.T.);
#1256=ADVANCED_FACE('',(#54),#1192,.T.);
#1257=ADVANCED_FACE('',(#55,#19),#1193,.T.);
#1258=ADVANCED_FACE('',(#56),#1194,.T.);
#1259=ADVANCED_FACE('',(#57),#1195,.T.);
#1260=ADVANCED_FACE('',(#58),#1196,.T.);
#1261=ADVANCED_FACE('',(#59),#1197,.T.);
#1262=ADVANCED_FACE('',(#60),#1198,.T.);
#1263=ADVANCED_FACE('',(#61),#1199,.T.);
#1264=ADVANCED_FACE('',(#62),#1200,.T.);
#1265=ADVANCED_FACE('',(#63),#1201,.T.);
#1266=ADVANCED_FACE('',(#64),#1202,.T.);
#1267=ADVANCED_FACE('',(#65),#1203,.T.);
#1268=ADVANCED_FACE('',(#66),#1204,.T.);
#1269=ADVANCED_FACE('',(#67),#1205,.T.);
#1270=ADVANCED_FACE('',(#68),#1206,.T.);
#1271=ADVANCED_FACE('',(#69),#1207,.T.);
#1272=ADVANCED_FACE('',(#70),#1208,.T.);
#1273=ADVANCED_FACE('',(#71),#1209,.T.);
#1274=ADVANCED_FACE('',(#72),#1210,.F.);
#1275=ADVANCED_FACE('',(#73),#15,.T.);
#1276=ADVANCED_FACE('',(#74),#1211,.F.);
#1277=ADVANCED_FACE('',(#75),#16,.T.);
#1278=ADVANCED_FACE('',(#76),#1212,.F.);
#1279=ADVANCED_FACE('',(#77),#17,.T.);
#1280=ADVANCED_FACE('',(#78,#20),#1213,.T.);
#1281=ADVANCED_FACE('',(#79,#21),#1214,.F.);
#1282=ADVANCED_FACE('',(#80),#1215,.T.);
#1283=ADVANCED_FACE('',(#81),#1216,.T.);
#1284=ADVANCED_FACE('',(#82),#1217,.T.);
#1285=ADVANCED_FACE('',(#83),#1218,.T.);
#1286=ADVANCED_FACE('',(#84,#22),#1219,.T.);
#1287=ADVANCED_FACE('',(#85,#23),#1220,.F.);
#1288=ADVANCED_FACE('',(#86),#1221,.T.);
#1289=ADVANCED_FACE('',(#87),#1222,.T.);
#1290=ADVANCED_FACE('',(#88),#1223,.T.);
#1291=ADVANCED_FACE('',(#89),#1224,.T.);
#1292=ADVANCED_FACE('',(#90),#1225,.F.);
#1293=ADVANCED_FACE('',(#91),#1226,.T.);
#1294=ADVANCED_FACE('',(#92),#1227,.T.);
#1295=ADVANCED_FACE('',(#93),#1228,.T.);
#1296=ADVANCED_FACE('',(#94,#24),#1229,.T.);
#1297=ADVANCED_FACE('',(#95),#1230,.T.);
#1298=ADVANCED_FACE('',(#96),#1231,.F.);
#1299=ADVANCED_FACE('',(#97),#18,.T.);
#1300=ADVANCED_FACE('',(#98),#1232,.T.);
#1301=ADVANCED_FACE('',(#99),#1233,.T.);
#1302=ADVANCED_FACE('',(#100),#1234,.T.);
#1303=ADVANCED_FACE('',(#101),#1235,.F.);
#1304=ADVANCED_FACE('',(#102),#1236,.T.);
#1305=ADVANCED_FACE('',(#103),#1237,.T.);
#1306=ADVANCED_FACE('',(#104),#1238,.F.);
#1307=CLOSED_SHELL('',(#1239,#1240,#1241,#1242,#1243,#1244,#1245,#1246,
#1247,#1248,#1249,#1250,#1251,#1252,#1253,#1254,#1255,#1256,#1257,#1258,
#1259,#1260,#1261,#1262,#1263,#1264,#1265,#1266,#1267,#1268,#1269,#1270,
#1271,#1272,#1273,#1274,#1275,#1276,#1277,#1278,#1279,#1280,#1281,#1282,
#1283,#1284,#1285,#1286,#1287,#1288,#1289,#1290,#1291,#1292,#1293,#1294,
#1295,#1296,#1297,#1298,#1299,#1300,#1301,#1302,#1303,#1304,#1305,#1306));
#1308=DERIVED_UNIT_ELEMENT(#1310,1.);
#1309=DERIVED_UNIT_ELEMENT(#2105,-3.);
#1310=(
MASS_UNIT()
NAMED_UNIT(*)
SI_UNIT(.KILO.,.GRAM.)
);
#1311=DERIVED_UNIT((#1308,#1309));
#1312=MEASURE_REPRESENTATION_ITEM('density measure',
POSITIVE_RATIO_MEASURE(7850.),#1311);
#1313=PROPERTY_DEFINITION_REPRESENTATION(#1318,#1315);
#1314=PROPERTY_DEFINITION_REPRESENTATION(#1319,#1316);
#1315=REPRESENTATION('material name',(#1317),#2102);
#1316=REPRESENTATION('density',(#1312),#2102);
#1317=DESCRIPTIVE_REPRESENTATION_ITEM('\X2\042104420430043B044C\X0\',
'\X2\042104420430043B044C\X0\');
#1318=PROPERTY_DEFINITION('material property','material name',#2112);
#1319=PROPERTY_DEFINITION('material property','density of part',#2112);
#1320=AXIS2_PLACEMENT_3D('',#1731,#1401,#1402);
#1321=AXIS2_PLACEMENT_3D('',#1732,#1403,#1404);
#1322=AXIS2_PLACEMENT_3D('',#1741,#1409,#1410);
#1323=AXIS2_PLACEMENT_3D('',#1750,#1415,#1416);
#1324=AXIS2_PLACEMENT_3D('',#1759,#1421,#1422);
#1325=AXIS2_PLACEMENT_3D('',#1765,#1426,#1427);
#1326=AXIS2_PLACEMENT_3D('',#1767,#1428,#1429);
#1327=AXIS2_PLACEMENT_3D('',#1768,#1430,#1431);
#1328=AXIS2_PLACEMENT_3D('',#1769,#1432,#1433);
#1329=AXIS2_PLACEMENT_3D('',#1779,#1439,#1440);
#1330=AXIS2_PLACEMENT_3D('',#1785,#1444,#1445);
#1331=AXIS2_PLACEMENT_3D('',#1789,#1448,#1449);
#1332=AXIS2_PLACEMENT_3D('',#1791,#1450,#1451);
#1333=AXIS2_PLACEMENT_3D('',#1792,#1452,#1453);
#1334=AXIS2_PLACEMENT_3D('',#1793,#1454,#1455);
#1335=AXIS2_PLACEMENT_3D('',#1801,#1460,#1461);
#1336=AXIS2_PLACEMENT_3D('',#1807,#1465,#1466);
#1337=AXIS2_PLACEMENT_3D('',#1823,#1475,#1476);
#1338=AXIS2_PLACEMENT_3D('',#1829,#1480,#1481);
#1339=AXIS2_PLACEMENT_3D('',#1855,#1495,#1496);
#1340=AXIS2_PLACEMENT_3D('',#1861,#1500,#1501);
#1341=AXIS2_PLACEMENT_3D('',#1865,#1504,#1505);
#1342=AXIS2_PLACEMENT_3D('',#1871,#1509,#1510);
#1343=AXIS2_PLACEMENT_3D('',#1875,#1513,#1514);
#1344=AXIS2_PLACEMENT_3D('',#1880,#1517,#1518);
#1345=AXIS2_PLACEMENT_3D('',#1881,#1519,#1520);
#1346=AXIS2_PLACEMENT_3D('',#1885,#1523,#1524);
#1347=AXIS2_PLACEMENT_3D('',#1889,#1527,#1528);
#1348=AXIS2_PLACEMENT_3D('',#1898,#1533,#1534);
#1349=AXIS2_PLACEMENT_3D('',#1904,#1538,#1539);
#1350=AXIS2_PLACEMENT_3D('',#1910,#1543,#1544);
#1351=AXIS2_PLACEMENT_3D('',#1916,#1549,#1550);
#1352=AXIS2_PLACEMENT_3D('',#1920,#1553,#1554);
#1353=AXIS2_PLACEMENT_3D('',#1922,#1556,#1557);
#1354=AXIS2_PLACEMENT_3D('',#1928,#1561,#1562);
#1355=AXIS2_PLACEMENT_3D('',#1931,#1565,#1566);
#1356=AXIS2_PLACEMENT_3D('',#1935,#1569,#1570);
#1357=AXIS2_PLACEMENT_3D('',#1939,#1573,#1574);
#1358=AXIS2_PLACEMENT_3D('',#1948,#1580,#1581);
#1359=AXIS2_PLACEMENT_3D('',#1954,#1585,#1586);
#1360=AXIS2_PLACEMENT_3D('',#1960,#1590,#1591);
#1361=AXIS2_PLACEMENT_3D('',#1963,#1594,#1595);
#1362=AXIS2_PLACEMENT_3D('',#1965,#1596,#1597);
#1363=AXIS2_PLACEMENT_3D('',#1966,#1598,#1599);
#1364=AXIS2_PLACEMENT_3D('',#1968,#1600,#1601);
#1365=AXIS2_PLACEMENT_3D('',#1970,#1603,#1604);
#1366=AXIS2_PLACEMENT_3D('',#1972,#1605,#1606);
#1367=AXIS2_PLACEMENT_3D('',#1973,#1607,#1608);
#1368=AXIS2_PLACEMENT_3D('',#1975,#1609,#1610);
#1369=AXIS2_PLACEMENT_3D('',#1977,#1612,#1613);
#1370=AXIS2_PLACEMENT_3D('',#1979,#1614,#1615);
#1371=AXIS2_PLACEMENT_3D('',#1980,#1616,#1617);
#1372=AXIS2_PLACEMENT_3D('',#1983,#1620,#1621);
#1373=AXIS2_PLACEMENT_3D('',#1992,#1626,#1627);
#1374=AXIS2_PLACEMENT_3D('',#2001,#1632,#1633);
#1375=AXIS2_PLACEMENT_3D('',#2004,#1636,#1637);
#1376=AXIS2_PLACEMENT_3D('',#2006,#1639,#1640);
#1377=AXIS2_PLACEMENT_3D('',#2008,#1642,#1643);
#1378=AXIS2_PLACEMENT_3D('',#2009,#1644,#1645);
#1379=AXIS2_PLACEMENT_3D('',#2018,#1650,#1651);
#1380=AXIS2_PLACEMENT_3D('',#2027,#1656,#1657);
#1381=AXIS2_PLACEMENT_3D('',#2030,#1660,#1661);
#1382=AXIS2_PLACEMENT_3D('',#2032,#1663,#1664);
#1383=AXIS2_PLACEMENT_3D('',#2034,#1666,#1667);
#1384=AXIS2_PLACEMENT_3D('',#2035,#1668,#1669);
#1385=AXIS2_PLACEMENT_3D('',#2039,#1672,#1673);
#1386=AXIS2_PLACEMENT_3D('',#2041,#1675,#1676);
#1387=AXIS2_PLACEMENT_3D('',#2042,#1677,#1678);
#1388=AXIS2_PLACEMENT_3D('',#2052,#1684,#1685);
#1389=AXIS2_PLACEMENT_3D('',#2062,#1690,#1691);
#1390=AXIS2_PLACEMENT_3D('',#2063,#1692,#1693);
#1391=AXIS2_PLACEMENT_3D('',#2069,#1697,#1698);
#1392=AXIS2_PLACEMENT_3D('',#2071,#1699,#1700);
#1393=AXIS2_PLACEMENT_3D('',#2072,#1701,#1702);
#1394=AXIS2_PLACEMENT_3D('',#2074,#1704,#1705);
#1395=AXIS2_PLACEMENT_3D('',#2080,#1709,#1710);
#1396=AXIS2_PLACEMENT_3D('',#2084,#1713,#1714);
#1397=AXIS2_PLACEMENT_3D('',#2088,#1717,#1718);
#1398=AXIS2_PLACEMENT_3D('',#2095,#1723,#1724);
#1399=AXIS2_PLACEMENT_3D('',#2097,#1726,#1727);
#1400=AXIS2_PLACEMENT_3D('',#2099,#1729,#1730);
#1401=DIRECTION('axis',(0.,0.,1.));
#1402=DIRECTION('refdir',(1.,0.,0.));
#1403=DIRECTION('center_axis',(1.,2.27501832266194E-13,2.56042993474852E-14));
#1404=DIRECTION('ref_axis',(2.56042993474832E-14,8.73546430548365E-15,-1.));
#1405=DIRECTION('',(2.52323414687677E-14,-1.,-5.50523813864022E-15));
#1406=DIRECTION('',(2.56042993474835E-14,7.50873159947474E-15,-1.));
#1407=DIRECTION('',(-2.52323414687677E-14,1.,5.50523813864022E-15));
#1408=DIRECTION('',(-2.56042993474832E-14,-8.73546430548365E-15,1.));
#1409=DIRECTION('center_axis',(1.,2.27501832266194E-13,2.56042993474852E-14));
#1410=DIRECTION('ref_axis',(2.56042993474832E-14,8.73546430548365E-15,-1.));
#1411=DIRECTION('',(-2.27501832266194E-13,1.,4.88839656195521E-15));
#1412=DIRECTION('',(-2.56042993474832E-14,-8.73546430548365E-15,1.));
#1413=DIRECTION('',(2.27501832266194E-13,-1.,-4.44089209850062E-15));
#1414=DIRECTION('',(-2.5604299347485E-14,-1.0120723603888E-15,1.));
#1415=DIRECTION('center_axis',(2.56042993474833E-14,8.44990039885338E-15,
-1.));
#1416=DIRECTION('ref_axis',(-1.,-2.27472558974203E-13,-2.56042993474852E-14));
#1417=DIRECTION('',(2.66453525910037E-14,-1.,-8.44990039885269E-15));
#1418=DIRECTION('',(1.,-1.04938228705122E-14,2.56042993474832E-14));
#1419=DIRECTION('',(-2.27501832266194E-13,1.,8.44990039884755E-15));
#1420=DIRECTION('',(1.,2.27472558974203E-13,2.56042993474852E-14));
#1421=DIRECTION('center_axis',(-2.27472558974203E-13,1.,8.73546430547783E-15));
#1422=DIRECTION('ref_axis',(1.,2.27472558974203E-13,2.56042993474852E-14));
#1423=DIRECTION('',(2.31616941258598E-28,-8.73546430547783E-15,1.));
#1424=DIRECTION('',(2.56042993474832E-14,8.73546430548365E-15,-1.));
#1425=DIRECTION('',(-1.,-2.27472558974203E-13,-8.56335448475464E-28));
#1426=DIRECTION('center_axis',(-2.27472558974203E-13,1.,8.73546430547783E-15));
#1427=DIRECTION('ref_axis',(1.,2.27472558974203E-13,2.56042993474852E-14));
#1428=DIRECTION('center_axis',(2.27472558974203E-13,-1.,-8.73546430547783E-15));
#1429=DIRECTION('ref_axis',(1.,2.52323414687677E-14,-1.04564550688414E-31));
#1430=DIRECTION('center_axis',(2.27472558974203E-13,-1.,-8.73546430547783E-15));
#1431=DIRECTION('ref_axis',(1.,2.52323414687677E-14,-1.04564550688414E-31));
#1432=DIRECTION('center_axis',(-2.27472558974203E-13,1.,8.73546430547783E-15));
#1433=DIRECTION('ref_axis',(1.,2.27472558974203E-13,2.56042993474852E-14));
#1434=DIRECTION('',(2.20476888849242E-28,-8.73546430547783E-15,1.));
#1435=DIRECTION('',(1.,2.27472558974203E-13,2.56042993474852E-14));
#1436=DIRECTION('',(-2.3179882037019E-28,8.73546430547783E-15,-1.));
#1437=DIRECTION('',(-1.,-2.27472558974203E-13,-8.56335448475464E-28));
#1438=DIRECTION('',(1.,2.27472558974203E-13,9.81622546053027E-28));
#1439=DIRECTION('center_axis',(2.56042993474833E-14,8.44990039885338E-15,
-1.));
#1440=DIRECTION('ref_axis',(-1.,-2.27472558974203E-13,-2.56042993474852E-14));
#1441=DIRECTION('',(2.53046410265917E-14,-1.,-8.44990039885273E-15));
#1442=DIRECTION('',(1.,-1.64335160522565E-14,2.56042993474831E-14));
#1443=DIRECTION('',(-2.66453525910037E-14,1.,8.44990039885269E-15));
#1444=DIRECTION('center_axis',(-1.,-2.27501832266194E-13,-2.56042993474852E-14));
#1445=DIRECTION('ref_axis',(-2.56042993474832E-14,-8.73546430548365E-15,
1.));
#1446=DIRECTION('',(-2.27501832266194E-13,1.,4.44089209850062E-15));
#1447=DIRECTION('',(2.56042993474835E-14,7.50873159947474E-15,-1.));
#1448=DIRECTION('center_axis',(-1.0493822870512E-14,-1.,-7.50873159947501E-15));
#1449=DIRECTION('ref_axis',(0.,7.50873159947501E-15,-1.));
#1450=DIRECTION('center_axis',(1.0493822870512E-14,1.,7.50873159947501E-15));
#1451=DIRECTION('ref_axis',(1.,2.52323414687677E-14,-1.04564550688414E-31));
#1452=DIRECTION('center_axis',(1.0493822870512E-14,1.,7.50873159947501E-15));
#1453=DIRECTION('ref_axis',(1.,2.52323414687677E-14,-1.04564550688414E-31));
#1454=DIRECTION('center_axis',(1.,2.53046410265917E-14,5.70899601478995E-31));
#1455=DIRECTION('ref_axis',(-5.83276929563987E-30,2.53063020747439E-16,
-1.));
#1456=DIRECTION('',(-2.53046410265917E-14,1.,4.88839656195521E-15));
#1457=DIRECTION('',(1.11804280788907E-28,-4.44089209850062E-15,1.));
#1458=DIRECTION('',(-2.53046410265917E-14,1.,4.88839656195521E-15));
#1459=DIRECTION('',(-2.50392281711056E-29,1.01207236038922E-15,-1.));
#1460=DIRECTION('center_axis',(-1.30353529175623E-28,4.88839656195521E-15,
-1.));
#1461=DIRECTION('ref_axis',(-1.,5.24958163359007E-14,3.86973897269072E-28));
#1462=DIRECTION('',(-1.,1.64335160522565E-14,2.10687072546309E-28));
#1463=DIRECTION('',(-2.53046410265917E-14,1.,4.88839656195521E-15));
#1464=DIRECTION('',(1.,2.66453525910037E-14,-1.00479177676051E-31));
#1465=DIRECTION('center_axis',(1.,2.66453525910037E-14,1.14258520698598E-30));
#1466=DIRECTION('ref_axis',(-5.60036820857402E-30,2.53063020747439E-16,
-1.));
#1467=DIRECTION('',(-2.66453525910037E-14,1.,4.44089209850062E-15));
#1468=DIRECTION('',(-5.60036820857402E-30,2.53063020747439E-16,-1.));
#1469=DIRECTION('',(-2.66453525910037E-14,1.,4.44089209850062E-15));
#1470=DIRECTION('',(1.12137611647999E-28,-4.44089209850062E-15,1.));
#1471=DIRECTION('',(-2.66453525910037E-14,1.,4.44089209850062E-15));
#1472=DIRECTION('',(-5.60036820857402E-30,2.53063020747439E-16,-1.));
#1473=DIRECTION('',(-2.66453525910037E-14,1.,4.44089209850062E-15));
#1474=DIRECTION('',(-1.90182622005462E-28,7.50873159947501E-15,-1.));
#1475=DIRECTION('center_axis',(1.53845641298793E-28,-4.44089209850062E-15,
1.));
#1476=DIRECTION('ref_axis',(1.,-5.24958163359007E-14,-3.86973897269234E-28));
#1477=DIRECTION('',(1.,-1.0493822870512E-14,-1.58147337147512E-28));
#1478=DIRECTION('',(-2.66453525910037E-14,1.,4.44089209850062E-15));
#1479=DIRECTION('',(1.,-5.24958163359007E-14,-3.86973897269234E-28));
#1480=DIRECTION('center_axis',(-2.66453525910037E-14,1.,4.44089209850062E-15));
#1481=DIRECTION('ref_axis',(0.,-4.44089209850062E-15,1.));
#1482=DIRECTION('',(-1.,-2.66453525910037E-14,0.));
#1483=DIRECTION('',(-0.92450639626389,4.86291771330163E-14,-0.381166529573566));
#1484=DIRECTION('',(1.11773853424794E-28,-4.44089209850062E-15,1.));
#1485=DIRECTION('',(0.92450639626389,-4.86291771330163E-14,0.381166529573566));
#1486=DIRECTION('',(-0.924506396263891,4.84362588262529E-14,0.381166529573562));
#1487=DIRECTION('',(0.924506396263891,-4.84362588262529E-14,-0.381166529573562));
#1488=DIRECTION('',(0.92450639626389,-4.86291771330163E-14,0.381166529573566));
#1489=DIRECTION('',(-1.11753758813467E-28,4.44089209850062E-15,-1.));
#1490=DIRECTION('',(-0.92450639626389,4.86291771330163E-14,-0.381166529573566));
#1491=DIRECTION('',(1.,1.68544038487862E-46,0.));
#1492=DIRECTION('',(0.,0.,-1.));
#1493=DIRECTION('',(1.,0.,-1.53105311842017E-28));
#1494=DIRECTION('',(0.,0.,1.));
#1495=DIRECTION('center_axis',(-1.,0.,0.));
#1496=DIRECTION('ref_axis',(0.,0.,1.));
#1497=DIRECTION('',(0.,1.,4.44089209850062E-15));
#1498=DIRECTION('',(0.,0.,1.));
#1499=DIRECTION('',(0.,1.,0.));
#1500=DIRECTION('center_axis',(0.,0.,-1.));
#1501=DIRECTION('ref_axis',(-1.,-2.99044545663271E-30,0.));
#1502=DIRECTION('',(1.,-5.24958163359007E-14,0.));
#1503=DIRECTION('',(-2.66453525910037E-14,1.,4.44089209850062E-15));
#1504=DIRECTION('center_axis',(1.,0.,0.));
#1505=DIRECTION('ref_axis',(0.,0.,-1.));
#1506=DIRECTION('',(0.,-1.,-4.44089209850062E-15));
#1507=DIRECTION('',(0.,1.,0.));
#1508=DIRECTION('',(0.,0.,-1.));
#1509=DIRECTION('center_axis',(0.,0.,1.));
#1510=DIRECTION('ref_axis',(1.,1.68544038487862E-46,0.));
#1511=DIRECTION('',(-1.,-1.68544038487862E-46,0.));
#1512=DIRECTION('',(-3.74165846684236E-14,1.,0.));
#1513=DIRECTION('center_axis',(-2.66453525910037E-14,1.,4.44089209850062E-15));
#1514=DIRECTION('ref_axis',(0.,-4.44089209850062E-15,1.));
#1515=DIRECTION('',(-1.11434693107039E-28,4.44089209850062E-15,-1.));
#1516=DIRECTION('',(-1.,-2.66453525910037E-14,-6.28354480084809E-31));
#1517=DIRECTION('center_axis',(2.66453525910037E-14,-1.,-4.44089209850062E-15));
#1518=DIRECTION('ref_axis',(1.,2.52323414687677E-14,-1.04564550688414E-31));
#1519=DIRECTION('center_axis',(0.381166529573566,1.42619497265585E-14,-0.92450639626389));
#1520=DIRECTION('ref_axis',(-0.92450639626389,4.86291771330163E-14,-0.381166529573566));
#1521=DIRECTION('',(-2.66453525910037E-14,1.,4.44089209850062E-15));
#1522=DIRECTION('',(-0.92450639626389,4.86291771330163E-14,-0.381166529573566));
#1523=DIRECTION('center_axis',(0.381166529573566,1.42619497265585E-14,-0.92450639626389));
#1524=DIRECTION('ref_axis',(-0.92450639626389,4.86291771330163E-14,-0.381166529573566));
#1525=DIRECTION('',(-0.92450639626389,4.86291771330163E-14,-0.381166529573566));
#1526=DIRECTION('',(-2.66453525910037E-14,1.,4.44089209850062E-15));
#1527=DIRECTION('center_axis',(-1.53845641298793E-28,4.44089209850062E-15,
-1.));
#1528=DIRECTION('ref_axis',(-1.,5.24958163359007E-14,3.86973897269234E-28));
#1529=DIRECTION('',(-1.,5.24958163359007E-14,3.86973897269234E-28));
#1530=DIRECTION('',(-2.66453525910037E-14,1.,4.44089209850062E-15));
#1531=DIRECTION('',(-1.,1.0493822870512E-14,2.27336797149546E-28));
#1532=DIRECTION('',(-2.66453525910037E-14,1.,4.44089209850062E-15));
#1533=DIRECTION('center_axis',(-1.,-2.66453525910037E-14,-1.32446431857799E-30));
#1534=DIRECTION('ref_axis',(5.41848909698201E-30,-2.53063020747439E-16,
1.));
#1535=DIRECTION('',(5.41848909698201E-30,-2.53063020747439E-16,1.));
#1536=DIRECTION('',(-2.66453525910037E-14,1.,4.44089209850062E-15));
#1537=DIRECTION('',(1.90000742893856E-28,-7.50873159947501E-15,1.));
#1538=DIRECTION('center_axis',(1.54215806027181E-28,-4.44089209850062E-15,
1.));
#1539=DIRECTION('ref_axis',(1.,-5.24958163359007E-14,-3.87344061997622E-28));
#1540=DIRECTION('',(1.,-5.24958163359007E-14,-3.87344061997622E-28));
#1541=DIRECTION('',(-2.66453525910037E-14,1.,4.44089209850062E-15));
#1542=DIRECTION('',(1.,-1.0493822870512E-14,-2.26526202069129E-28));
#1543=DIRECTION('center_axis',(1.,2.66453525910037E-14,1.50634343017004E-30));
#1544=DIRECTION('ref_axis',(-5.23660998538996E-30,2.53063020747439E-16,
-1.));
#1545=DIRECTION('',(-5.23660998538996E-30,2.53063020747439E-16,-1.));
#1546=DIRECTION('',(-2.66453525910037E-14,1.,4.44089209850062E-15));
#1547=DIRECTION('',(-5.23660998538996E-30,2.53063020747439E-16,-1.));
#1548=DIRECTION('',(-1.89818863782254E-28,7.50873159947501E-15,-1.));
#1549=DIRECTION('center_axis',(-0.381166529573566,-1.42619497265585E-14,
0.92450639626389));
#1550=DIRECTION('ref_axis',(0.92450639626389,-4.86291771330163E-14,0.381166529573566));
#1551=DIRECTION('',(0.92450639626389,-4.86291771330163E-14,0.381166529573566));
#1552=DIRECTION('',(-2.66453525910037E-14,1.,4.44089209850062E-15));
#1553=DIRECTION('center_axis',(-0.381166529573562,-6.05068342619522E-15,
-0.924506396263891));
#1554=DIRECTION('ref_axis',(-0.924506396263891,4.84362588262529E-14,0.381166529573562));
#1555=DIRECTION('',(-0.924506396263891,4.84362588262529E-14,0.381166529573562));
#1556=DIRECTION('center_axis',(-1.54215806027181E-28,4.44089209850062E-15,
-1.));
#1557=DIRECTION('ref_axis',(-1.,5.24958163359007E-14,3.87344061997622E-28));
#1558=DIRECTION('',(-1.,5.24958163359007E-14,3.87344061997622E-28));
#1559=DIRECTION('',(-2.66453525910037E-14,1.,4.44089209850062E-15));
#1560=DIRECTION('',(-1.,1.0493822870512E-14,1.58989805799419E-28));
#1561=DIRECTION('center_axis',(-1.,-2.66453525910037E-14,-1.32446431857799E-30));
#1562=DIRECTION('ref_axis',(5.41848909698201E-30,-2.53063020747439E-16,
1.));
#1563=DIRECTION('',(5.41848909698201E-30,-2.53063020747439E-16,1.));
#1564=DIRECTION('',(1.90000742893859E-28,-7.50873159947501E-15,1.));
#1565=DIRECTION('center_axis',(0.381166529573562,6.05068342619522E-15,0.924506396263891));
#1566=DIRECTION('ref_axis',(0.924506396263891,-4.84362588262529E-14,-0.381166529573562));
#1567=DIRECTION('',(0.924506396263891,-4.84362588262529E-14,-0.381166529573562));
#1568=DIRECTION('',(-2.66453525910037E-14,1.,4.44089209850062E-15));
#1569=DIRECTION('center_axis',(-0.381166529573566,-1.42619497265585E-14,
0.92450639626389));
#1570=DIRECTION('ref_axis',(0.92450639626389,-4.86291771330163E-14,0.381166529573566));
#1571=DIRECTION('',(0.92450639626389,-4.86291771330163E-14,0.381166529573566));
#1572=DIRECTION('',(-2.66453525910037E-14,1.,4.44089209850062E-15));
#1573=DIRECTION('center_axis',(-1.,-2.66453525910037E-14,-9.60706095393847E-31));
#1574=DIRECTION('ref_axis',(5.78224732016615E-30,-2.53063020747439E-16,
1.));
#1575=DIRECTION('',(2.49887061956662E-29,-1.01207236038922E-15,1.));
#1576=DIRECTION('',(-2.66453525910037E-14,1.,4.44089209850062E-15));
#1577=DIRECTION('',(5.78224732016615E-30,-2.53063020747439E-16,1.));
#1578=DIRECTION('',(5.78224732016615E-30,-2.53063020747439E-16,1.));
#1579=DIRECTION('',(-2.66453525910037E-14,1.,4.44089209850062E-15));
#1580=DIRECTION('center_axis',(1.53845641298793E-28,-4.44089209850062E-15,
1.));
#1581=DIRECTION('ref_axis',(1.,-5.24958163359007E-14,-3.86973897269234E-28));
#1582=DIRECTION('',(1.,-5.24958163359007E-14,-3.86973897269234E-28));
#1583=DIRECTION('',(-2.66453525910037E-14,1.,4.44089209850062E-15));
#1584=DIRECTION('',(1.,-1.64335160522565E-14,-2.10687072546309E-28));
#1585=DIRECTION('center_axis',(1.,2.66453525910037E-14,1.32446431857799E-30));
#1586=DIRECTION('ref_axis',(-5.41848909698201E-30,2.53063020747439E-16,
-1.));
#1587=DIRECTION('',(-5.41848909698201E-30,2.53063020747439E-16,-1.));
#1588=DIRECTION('',(-2.66453525910037E-14,1.,4.44089209850062E-15));
#1589=DIRECTION('',(-2.46249479725026E-29,1.01207236038922E-15,-1.));
#1590=DIRECTION('center_axis',(-1.53105311842017E-28,4.44089209850062E-15,
-1.));
#1591=DIRECTION('ref_axis',(-1.,5.24958163359007E-14,3.86233567812459E-28));
#1592=DIRECTION('',(-1.,5.24958163359007E-14,3.86233567812459E-28));
#1593=DIRECTION('',(-1.,1.64335160522565E-14,2.0994674308953E-28));
#1594=DIRECTION('center_axis',(2.52513351159188E-14,-1.,-5.41077776163654E-15));
#1595=DIRECTION('ref_axis',(1.,2.52513351159188E-14,0.));
#1596=DIRECTION('center_axis',(2.52513351159188E-14,-1.,-5.41077776163654E-15));
#1597=DIRECTION('ref_axis',(1.,2.52513351159188E-14,0.));
#1598=DIRECTION('center_axis',(2.52323414687677E-14,-1.,-5.50523813864022E-15));
#1599=DIRECTION('ref_axis',(1.,2.52323414687677E-14,-1.04564550688415E-31));
#1600=DIRECTION('center_axis',(2.66453525910037E-14,-1.,-4.44089209850062E-15));
#1601=DIRECTION('ref_axis',(1.,2.52323414687677E-14,-1.04564550688415E-31));
#1602=DIRECTION('',(-2.52323414687677E-14,1.,5.50523813864022E-15));
#1603=DIRECTION('center_axis',(2.52513351159188E-14,-1.,-5.41077776163654E-15));
#1604=DIRECTION('ref_axis',(1.,2.52513351159188E-14,0.));
#1605=DIRECTION('center_axis',(2.52513351159188E-14,-1.,-5.41077776163654E-15));
#1606=DIRECTION('ref_axis',(1.,2.52513351159188E-14,0.));
#1607=DIRECTION('center_axis',(2.52323414687677E-14,-1.,-5.50523813864022E-15));
#1608=DIRECTION('ref_axis',(1.,2.52323414687677E-14,-1.04564550688414E-31));
#1609=DIRECTION('center_axis',(2.66453525910037E-14,-1.,-4.44089209850062E-15));
#1610=DIRECTION('ref_axis',(1.,2.52323414687677E-14,-1.04564550688414E-31));
#1611=DIRECTION('',(-2.52323414687677E-14,1.,5.50523813864022E-15));
#1612=DIRECTION('center_axis',(2.52513351159188E-14,-1.,-5.41077776163654E-15));
#1613=DIRECTION('ref_axis',(1.,2.52513351159188E-14,0.));
#1614=DIRECTION('center_axis',(2.52513351159188E-14,-1.,-5.41077776163654E-15));
#1615=DIRECTION('ref_axis',(1.,2.52513351159188E-14,0.));
#1616=DIRECTION('center_axis',(2.52323414687677E-14,-1.,-5.50523813864022E-15));
#1617=DIRECTION('ref_axis',(1.,2.52323414687677E-14,-1.04564550688414E-31));
#1618=DIRECTION('',(-2.52323414687677E-14,1.,5.50523813864022E-15));
#1619=DIRECTION('',(-2.52323414687677E-14,1.,5.50523813864022E-15));
#1620=DIRECTION('center_axis',(-2.66453525910037E-14,1.,4.44089209850062E-15));
#1621=DIRECTION('ref_axis',(0.,-4.44089209850062E-15,1.));
#1622=DIRECTION('',(-1.,-2.66453525910037E-14,-8.86585724623686E-30));
#1623=DIRECTION('',(1.11933386278026E-28,-4.44089209850062E-15,1.));
#1624=DIRECTION('',(1.,2.66453525910037E-14,9.66386544652285E-30));
#1625=DIRECTION('',(-1.11748592437072E-28,4.44089209850062E-15,-1.));
#1626=DIRECTION('center_axis',(-1.0493822870512E-14,-1.,-7.50873159947501E-15));
#1627=DIRECTION('ref_axis',(0.,7.50873159947501E-15,-1.));
#1628=DIRECTION('',(-1.89978396635487E-28,7.50873159947501E-15,-1.));
#1629=DIRECTION('',(1.,-1.0493822870512E-14,-2.27336797149546E-28));
#1630=DIRECTION('',(1.89793602794532E-28,-7.50873159947501E-15,1.));
#1631=DIRECTION('',(-1.,1.0493822870512E-14,2.2653878894926E-28));
#1632=DIRECTION('center_axis',(-1.,-2.54397305767373E-14,-1.22650606914565E-30));
#1633=DIRECTION('ref_axis',(5.21134899760447E-30,-2.53063020747439E-16,
1.));
#1634=DIRECTION('',(-2.54397305767373E-14,1.,6.35993264418431E-15));
#1635=DIRECTION('',(-2.54397305767373E-14,1.,6.35993264418431E-15));
#1636=DIRECTION('center_axis',(-1.59798782312803E-28,6.35993264418431E-15,
-1.));
#1637=DIRECTION('ref_axis',(-1.,5.24958163359007E-14,4.93668638310602E-28));
#1638=DIRECTION('',(-2.54397305767373E-14,1.,6.35993264418431E-15));
#1639=DIRECTION('center_axis',(1.60596790513089E-28,-6.35993264418431E-15,
1.));
#1640=DIRECTION('ref_axis',(1.,-5.24958163359007E-14,-4.94466646510888E-28));
#1641=DIRECTION('',(-2.54397305767373E-14,1.,6.35993264418431E-15));
#1642=DIRECTION('center_axis',(1.,2.54397305767373E-14,1.04171222819106E-30));
#1643=DIRECTION('ref_axis',(-5.39614283855905E-30,2.53063020747439E-16,
-1.));
#1644=DIRECTION('center_axis',(-2.66453525910037E-14,1.,4.44089209850062E-15));
#1645=DIRECTION('ref_axis',(0.,-4.44089209850062E-15,1.));
#1646=DIRECTION('',(-1.,-2.66453525910037E-14,-5.33816602640836E-30));
#1647=DIRECTION('',(1.11978078794766E-28,-4.44089209850062E-15,1.));
#1648=DIRECTION('',(1.,2.66453525910037E-14,6.05417716845401E-30));
#1649=DIRECTION('',(-1.12137611647999E-28,4.44089209850062E-15,-1.));
#1650=DIRECTION('center_axis',(-1.0493822870512E-14,-1.,-7.50873159947501E-15));
#1651=DIRECTION('ref_axis',(0.,7.50873159947501E-15,-1.));
#1652=DIRECTION('',(-1.90023089152229E-28,7.50873159947501E-15,-1.));
#1653=DIRECTION('',(1.,-1.0493822870512E-14,-1.58976723988054E-28));
#1654=DIRECTION('',(1.90182622005462E-28,-7.50873159947501E-15,1.));
#1655=DIRECTION('',(-1.,1.0493822870512E-14,1.58260712846009E-28));
#1656=DIRECTION('center_axis',(-1.,-2.54397305767381E-14,-8.37486858221778E-31));
#1657=DIRECTION('ref_axis',(5.60036820852854E-30,-2.53063020747439E-16,
1.));
#1658=DIRECTION('',(-2.54397305767381E-14,1.,4.42430096986749E-15));
#1659=DIRECTION('',(-2.54397305767381E-14,1.,4.42430096986749E-15));
#1660=DIRECTION('center_axis',(-1.11832882142385E-28,4.42430096986749E-15,
-1.));
#1661=DIRECTION('ref_axis',(-1.,5.24958163359007E-14,3.44090173271296E-28));
#1662=DIRECTION('',(-2.54397305767381E-14,1.,4.42430096986749E-15));
#1663=DIRECTION('center_axis',(1.12548893284431E-28,-4.42430096986749E-15,
1.));
#1664=DIRECTION('ref_axis',(1.,-5.24958163359007E-14,-3.44806184413342E-28));
#1665=DIRECTION('',(-2.54397305767381E-14,1.,4.42430096986749E-15));
#1666=DIRECTION('center_axis',(1.,2.54397305767381E-14,9.97019711454298E-31));
#1667=DIRECTION('ref_axis',(-5.44083535529602E-30,2.53063020747439E-16,
-1.));
#1668=DIRECTION('center_axis',(-1.64335160522565E-14,-1.,-1.01207236038922E-15));
#1669=DIRECTION('ref_axis',(0.,1.01207236038922E-15,-1.));
#1670=DIRECTION('',(1.,-1.64335160522565E-14,-2.09958238888549E-28));
#1671=DIRECTION('',(2.46696404892374E-29,-1.01207236038922E-15,1.));
#1672=DIRECTION('center_axis',(1.29624695517862E-28,-4.88839656195521E-15,
1.));
#1673=DIRECTION('ref_axis',(1.,-5.24958163359007E-14,-3.86245063611311E-28));
#1674=DIRECTION('',(-2.53046410265917E-14,1.,4.88839656195521E-15));
#1675=DIRECTION('center_axis',(-1.,-2.53046410265917E-14,-9.40487283347158E-31));
#1676=DIRECTION('ref_axis',(5.46318161377171E-30,-2.53063020747439E-16,
1.));
#1677=DIRECTION('center_axis',(-5.24958163359007E-14,-1.,-2.53063020747439E-16));
#1678=DIRECTION('ref_axis',(0.,2.53063020747439E-16,-1.));
#1679=DIRECTION('',(1.,-5.24958163359007E-14,-3.86233567812458E-28));
#1680=DIRECTION('',(-1.33789478211727E-28,2.53063020747439E-16,-1.));
#1681=DIRECTION('',(-1.,5.24958163359007E-14,3.86973897269234E-28));
#1682=DIRECTION('',(-5.41848909698201E-30,2.53063020747439E-16,-1.));
#1683=DIRECTION('',(1.,-5.24958163359007E-14,-3.86233567812458E-28));
#1684=DIRECTION('center_axis',(-2.66453525910037E-14,1.,4.44089209850062E-15));
#1685=DIRECTION('ref_axis',(0.,-4.44089209850062E-15,1.));
#1686=DIRECTION('',(1.,2.66453525910037E-14,7.16488939225416E-31));
#1687=DIRECTION('',(-1.11390000590304E-28,4.44089209850062E-15,-1.));
#1688=DIRECTION('',(-1.,-2.66453525910037E-14,1.00479177676051E-31));
#1689=DIRECTION('',(2.18594976811097E-28,-4.44089209850062E-15,1.));
#1690=DIRECTION('center_axis',(2.66453525910037E-14,-1.,-4.44089209850062E-15));
#1691=DIRECTION('ref_axis',(1.,2.52323414687677E-14,-1.04564550688414E-31));
#1692=DIRECTION('center_axis',(1.,2.66453525910037E-14,1.32446431857799E-30));
#1693=DIRECTION('ref_axis',(-5.41848909698201E-30,2.53063020747439E-16,
-1.));
#1694=DIRECTION('',(-2.66453525910037E-14,1.,4.44089209850062E-15));
#1695=DIRECTION('',(-2.46249479725026E-29,1.01207236038922E-15,-1.));
#1696=DIRECTION('',(-2.66453525910037E-14,1.,4.44089209850062E-15));
#1697=DIRECTION('center_axis',(2.52513351159188E-14,-1.,-5.41077776163654E-15));
#1698=DIRECTION('ref_axis',(1.,2.52513351159188E-14,0.));
#1699=DIRECTION('center_axis',(2.52513351159188E-14,-1.,-5.41077776163654E-15));
#1700=DIRECTION('ref_axis',(1.,2.52513351159188E-14,0.));
#1701=DIRECTION('center_axis',(2.52323414687677E-14,-1.,-5.50523813864022E-15));
#1702=DIRECTION('ref_axis',(1.,2.52323414687677E-14,-1.04564550688414E-31));
#1703=DIRECTION('',(-2.52323414687677E-14,1.,5.50523813864022E-15));
#1704=DIRECTION('center_axis',(-1.,-2.53046410265917E-14,-9.8517980008201E-31));
#1705=DIRECTION('ref_axis',(5.41848909703685E-30,-2.53063020747439E-16,
1.));
#1706=DIRECTION('',(-2.53046410265917E-14,1.,4.88839656195521E-15));
#1707=DIRECTION('',(2.46249479725026E-29,-1.01207236038922E-15,1.));
#1708=DIRECTION('',(-2.53046410265917E-14,1.,4.88839656195521E-15));
#1709=DIRECTION('center_axis',(1.53105311842017E-28,-4.44089209850062E-15,
1.));
#1710=DIRECTION('ref_axis',(1.,-5.24958163359007E-14,-3.86233567812458E-28));
#1711=DIRECTION('',(1.,-1.64335160522565E-14,-2.0994674308953E-28));
#1712=DIRECTION('',(2.02504679691629E-14,-1.,-4.44089209850062E-15));
#1713=DIRECTION('center_axis',(-1.53845641298793E-28,4.44089209850062E-15,
-1.));
#1714=DIRECTION('ref_axis',(-1.,5.24958163359007E-14,3.86973897269234E-28));
#1715=DIRECTION('',(-2.02504679691629E-14,1.,4.44089209850062E-15));
#1716=DIRECTION('',(-1.,1.64335160522565E-14,2.10687072546309E-28));
#1717=DIRECTION('center_axis',(-1.64335160522565E-14,-1.,-1.01207236038922E-15));
#1718=DIRECTION('ref_axis',(0.,1.01207236038922E-15,-1.));
#1719=DIRECTION('',(1.49159772532439E-28,-1.01207236038922E-15,1.));
#1720=DIRECTION('',(1.,-1.64335160522565E-14,-2.10687072546309E-28));
#1721=DIRECTION('',(-1.,1.64335160522565E-14,2.09870104429408E-28));
#1722=DIRECTION('',(1.49159772532439E-28,-1.01207236038922E-15,1.));
#1723=DIRECTION('center_axis',(-1.29536561058722E-28,4.88839656195521E-15,
-1.));
#1724=DIRECTION('ref_axis',(-1.,5.24958163359007E-14,3.86156929152171E-28));
#1725=DIRECTION('',(-2.02504679691629E-14,1.,4.88839656195521E-15));
#1726=DIRECTION('center_axis',(1.30353529175623E-28,-4.88839656195521E-15,
1.));
#1727=DIRECTION('ref_axis',(1.,-5.24958163359007E-14,-3.86973897269072E-28));
#1728=DIRECTION('',(2.02504679691629E-14,-1.,-4.88839656195521E-15));
#1729=DIRECTION('center_axis',(1.,2.02504679691629E-14,-1.28664833615902E-28));
#1730=DIRECTION('ref_axis',(-1.62675321039534E-28,1.67949143078683E-15,
-1.));
#1731=CARTESIAN_POINT('',(0.,0.,0.));
#1732=CARTESIAN_POINT('Origin',(38.9953263172485,-35.5696100156938,42.6861521345353));
#1733=CARTESIAN_POINT('',(38.9953263172481,-31.269610015707,16.9748381312139));
#1734=CARTESIAN_POINT('',(38.9953263172491,-35.5696100156935,16.9748381312141));
#1735=CARTESIAN_POINT('',(38.9953263172478,-29.7696100157059,16.9748381312139));
#1736=CARTESIAN_POINT('',(38.9953263172482,-31.269610015707,14.9974661378847));
#1737=CARTESIAN_POINT('',(38.9953263172477,-31.2696100157071,35.1611521345353));
#1738=CARTESIAN_POINT('',(38.9953263172492,-35.5696100156935,14.9974661378845));
#1739=CARTESIAN_POINT('',(38.9953263172479,-29.7696100157059,14.9974661378847));
#1740=CARTESIAN_POINT('',(38.9953263172492,-35.5696100156935,12.5861521345353));
#1741=CARTESIAN_POINT('Origin',(38.9953263172485,-35.5696100156938,42.6861521345353));
#1742=CARTESIAN_POINT('',(38.9953263172491,-35.5696100156936,19.5861521345487));
#1743=CARTESIAN_POINT('',(38.9953263172481,-31.5497244637471,19.5861521345488));
#1744=CARTESIAN_POINT('',(38.9953263172494,-37.0696100156994,19.5861521345487));
#1745=CARTESIAN_POINT('',(38.995326317249,-35.5696100156936,20.5861521345487));
#1746=CARTESIAN_POINT('',(38.9953263172492,-35.5696100156935,12.5861521345353));
#1747=CARTESIAN_POINT('',(38.9953263172481,-31.5497244637471,20.5861521345488));
#1748=CARTESIAN_POINT('',(38.9953263172494,-37.0696100156981,20.5861521345487));
#1749=CARTESIAN_POINT('',(38.9953263172481,-31.5497244637471,21.2861521345427));
#1750=CARTESIAN_POINT('Origin',(38.9953263172492,-35.5696100156935,12.5861521345353));
#1751=CARTESIAN_POINT('',(-33.7546736827562,-31.2696100157062,12.5861521345335));
#1752=CARTESIAN_POINT('',(-33.7546736827561,-35.56961001571,12.5861521345334));
#1753=CARTESIAN_POINT('',(-33.7546736827561,-37.0696100156977,12.5861521345334));
#1754=CARTESIAN_POINT('',(-34.7046736827517,-31.2696100157062,12.5861521345335));
#1755=CARTESIAN_POINT('',(0.0203263172475871,-31.2696100157065,12.5861521345343));
#1756=CARTESIAN_POINT('',(-34.7046736827508,-35.5696100157103,12.5861521345334));
#1757=CARTESIAN_POINT('',(-34.7046736827508,-35.5696100157103,12.5861521345334));
#1758=CARTESIAN_POINT('',(-34.7046736827508,-35.5696100157103,12.5861521345334));
#1759=CARTESIAN_POINT('Origin',(2.14532631724885,-35.569610015702,27.6361521345344));
#1760=CARTESIAN_POINT('',(-33.7546736827561,-35.5696100157101,20.5861521345503));
#1761=CARTESIAN_POINT('',(-33.7546736827561,-35.5696100157102,24.1111521345423));
#1762=CARTESIAN_POINT('',(-34.704673682751,-35.5696100157103,20.5861521345503));
#1763=CARTESIAN_POINT('',(-34.7046736827515,-35.5696100157105,42.6861521345334));
#1764=CARTESIAN_POINT('',(-21.0046736827519,-35.5696100157072,20.5861521345503));
#1765=CARTESIAN_POINT('Origin',(2.14532631724885,-35.569610015702,27.6361521345344));
#1766=CARTESIAN_POINT('',(38.1453263172458,-35.5696100157012,15.9861521345493));
#1767=CARTESIAN_POINT('Origin',(39.1453263172458,-35.569610015701,15.9861521345493));
#1768=CARTESIAN_POINT('Origin',(39.1453263172458,-35.569610015701,15.9861521345493));
#1769=CARTESIAN_POINT('Origin',(2.14532631724885,-35.569610015702,27.6361521345344));
#1770=CARTESIAN_POINT('',(34.9453263172458,-35.5696100156944,12.5861521345352));
#1771=CARTESIAN_POINT('',(34.9453263172458,-35.5696100156945,19.5861521345487));
#1772=CARTESIAN_POINT('',(34.9453263172458,-35.5696100156945,23.6111521345416));
#1773=CARTESIAN_POINT('',(33.9453263172458,-35.5696100156946,12.5861521345352));
#1774=CARTESIAN_POINT('',(-34.7046736827508,-35.5696100157103,12.5861521345334));
#1775=CARTESIAN_POINT('',(33.9453263172458,-35.5696100156947,20.5861521345487));
#1776=CARTESIAN_POINT('',(33.9453263172458,-35.5696100156947,21.2800222485014));
#1777=CARTESIAN_POINT('',(18.045326317247,-35.5696100156983,20.5861521345487));
#1778=CARTESIAN_POINT('',(22.745326317247,-35.5696100156973,19.5861521345487));
#1779=CARTESIAN_POINT('Origin',(38.9953263172492,-35.5696100156935,12.5861521345353));
#1780=CARTESIAN_POINT('',(34.9453263172457,-31.549724463747,12.5861521345352));
#1781=CARTESIAN_POINT('',(34.9453263172458,-37.0696100156986,12.5861521345352));
#1782=CARTESIAN_POINT('',(33.9453263172457,-31.549724463747,12.5861521345352));
#1783=CARTESIAN_POINT('',(39.0703263172473,-31.5497244637471,12.5861521345353));
#1784=CARTESIAN_POINT('',(33.9453263172458,-37.0696100156986,12.5861521345352));
#1785=CARTESIAN_POINT('Origin',(-34.7046736827508,-35.5696100157103,12.5861521345334));
#1786=CARTESIAN_POINT('',(-34.704673682752,-31.2696100157062,20.5861521345503));
#1787=CARTESIAN_POINT('',(-34.7046736827506,-37.0696100157038,20.5861521345503));
#1788=CARTESIAN_POINT('',(-34.7046736827518,-31.2696100157062,14.2861521345414));
#1789=CARTESIAN_POINT('Origin',(2.14532631724787,-31.2696100157067,27.6361521345344));
#1790=CARTESIAN_POINT('',(38.1453263172457,-31.2696100157057,15.9861521345493));
#1791=CARTESIAN_POINT('Origin',(39.1453263172457,-31.2696100157057,15.9861521345493));
#1792=CARTESIAN_POINT('Origin',(39.1453263172457,-31.2696100157057,15.9861521345493));
#1793=CARTESIAN_POINT('Origin',(34.9453263172459,-38.5696100157037,19.5861521345487));
#1794=CARTESIAN_POINT('',(34.9453263172458,-37.5696100157036,19.5861521345487));
#1795=CARTESIAN_POINT('',(34.9453263172459,-38.5696100157037,19.5861521345487));
#1796=CARTESIAN_POINT('',(34.9453263172458,-37.5696100157036,12.3861521345498));
#1797=CARTESIAN_POINT('',(34.9453263172458,-37.5696100157036,9.73615213454983));
#1798=CARTESIAN_POINT('',(34.9453263172457,-31.549724463747,12.3861521345499));
#1799=CARTESIAN_POINT('',(34.9453263172459,-38.5696100157037,12.3861521345498));
#1800=CARTESIAN_POINT('',(34.9453263172457,-31.549724463747,9.73615213454945));
#1801=CARTESIAN_POINT('Origin',(43.3453263172458,-38.5696100157041,19.5861521345487));
#1802=CARTESIAN_POINT('',(43.3453263172457,-31.5497244637472,19.5861521345488));
#1803=CARTESIAN_POINT('',(41.2453263172458,-31.5497244637471,19.5861521345488));
#1804=CARTESIAN_POINT('',(43.3453263172458,-37.5696100157034,19.5861521345487));
#1805=CARTESIAN_POINT('',(43.3453263172458,-38.5696100157041,19.5861521345487));
#1806=CARTESIAN_POINT('',(21.7203263172461,-37.569610015704,19.5861521345487));
#1807=CARTESIAN_POINT('Origin',(-33.754673682756,-38.5696100157001,20.5861521345503));
#1808=CARTESIAN_POINT('',(-33.754673682756,-38.5696100157001,20.5861521345503));
#1809=CARTESIAN_POINT('',(-33.754673682756,-38.5696100157001,20.5861521345503));
#1810=CARTESIAN_POINT('',(-33.754673682756,-38.5696100157001,14.9238923624693));
#1811=CARTESIAN_POINT('',(-33.754673682756,-38.5696100157001,7.40502224851014));
#1812=CARTESIAN_POINT('',(-33.7546736827561,-37.5696100157001,14.9238923624693));
#1813=CARTESIAN_POINT('',(-33.754673682756,-38.5696100157001,14.9238923624693));
#1814=CARTESIAN_POINT('',(-33.7546736827561,-37.5696100157001,12.7605757990768));
#1815=CARTESIAN_POINT('',(-33.7546736827561,-37.5696100157054,10.2361521345506));
#1816=CARTESIAN_POINT('',(-33.754673682756,-38.5696100157001,12.7605757990768));
#1817=CARTESIAN_POINT('',(-33.754673682756,-38.5696100157001,12.7605757990768));
#1818=CARTESIAN_POINT('',(-33.754673682756,-38.5696100157001,11.3861521345482));
#1819=CARTESIAN_POINT('',(-33.754673682756,-38.5696100157001,5.6361521345496));
#1820=CARTESIAN_POINT('',(-33.7546736827562,-31.2696100157062,11.3861521345483));
#1821=CARTESIAN_POINT('',(-33.754673682756,-38.5696100157001,11.3861521345482));
#1822=CARTESIAN_POINT('',(-33.7546736827562,-31.2696100157062,18.2861521345498));
#1823=CARTESIAN_POINT('Origin',(-44.154673682752,-38.5696100156995,20.5861521345503));
#1824=CARTESIAN_POINT('',(-44.1546736827522,-31.2696100157061,20.5861521345503));
#1825=CARTESIAN_POINT('',(-41.554673682753,-31.2696100157062,20.5861521345503));
#1826=CARTESIAN_POINT('',(-44.154673682752,-38.5696100156995,20.5861521345503));
#1827=CARTESIAN_POINT('',(-44.154673682752,-38.5696100156995,20.5861521345503));
#1828=CARTESIAN_POINT('',(-16.8296736827551,-38.569610015701,20.5861521345503));
#1829=CARTESIAN_POINT('Origin',(0.0953263172463092,-37.5696100157045,-0.113847865449057));
#1830=CARTESIAN_POINT('',(39.0000005811453,-37.569610015704,-1.19550614714592));
#1831=CARTESIAN_POINT('',(0.0953263172461094,-37.5696100157018,-1.19550614714592));
#1832=CARTESIAN_POINT('',(0.0953263172472218,-37.5696100157045,-1.19550614714592));
#1833=CARTESIAN_POINT('',(-33.754673682754,-37.5696100157001,-15.1515880933679));
#1834=CARTESIAN_POINT('',(-16.6390904179672,-37.569610015701,-8.09497117754077));
#1835=CARTESIAN_POINT('',(-33.754673682754,-37.5696100157001,-12.9882715299754));
#1836=CARTESIAN_POINT('',(-33.754673682754,-37.5696100157053,-5.86384786544893));
#1837=CARTESIAN_POINT('',(-2.52819889394903,-37.5696100157017,-0.113847865449674));
#1838=CARTESIAN_POINT('',(-1.40701955313829,-37.5696100157018,0.348405332682256));
#1839=CARTESIAN_POINT('',(-17.020256947542,-37.5696100157009,5.86111076868174));
#1840=CARTESIAN_POINT('',(0.095326317246105,-37.5696100157018,0.967810416246595));
#1841=CARTESIAN_POINT('',(0.285909582032615,-37.5696100157019,0.889234473530527));
#1842=CARTESIAN_POINT('',(33.9453263172458,-37.5696100157036,14.9238923624685));
#1843=CARTESIAN_POINT('',(16.8297430524591,-37.5696100157027,7.86727544664132));
#1844=CARTESIAN_POINT('',(33.9453263172458,-37.5696100157036,12.7605757990759));
#1845=CARTESIAN_POINT('',(33.9453263172458,-37.5696100157036,5.63615213455039));
#1846=CARTESIAN_POINT('',(4.94625799426707,-37.569610015704,0.804493852854081));
#1847=CARTESIAN_POINT('',(1.59767218763041,-37.5696100157019,-0.576101063581623));
#1848=CARTESIAN_POINT('',(41.0000006109476,-37.569610015704,0.804493852854081));
#1849=CARTESIAN_POINT('',(41.6660183718868,-37.569610015704,0.804493852854081));
#1850=CARTESIAN_POINT('',(41.0000006109476,-37.569610015704,-11.6138478654488));
#1851=CARTESIAN_POINT('',(41.0000006109476,-37.569610015704,6.00000008940697));
#1852=CARTESIAN_POINT('',(39.0000005811453,-37.569610015704,-11.6138478654488));
#1853=CARTESIAN_POINT('',(27.9023761934715,-37.569610015704,-11.6138478654488));
#1854=CARTESIAN_POINT('',(39.0000005811453,-37.569610015704,-17.0000002533197));
#1855=CARTESIAN_POINT('Origin',(39.0000005811453,-38.569610015704,-17.0000002533197));
#1856=CARTESIAN_POINT('',(39.0000005811453,-38.5696100157039,-11.6138478654488));
#1857=CARTESIAN_POINT('',(39.0000005811453,-38.5696100157038,-11.6138478654488));
#1858=CARTESIAN_POINT('',(39.0000005811453,-38.569610015704,-1.19550614714592));
#1859=CARTESIAN_POINT('',(39.0000005811453,-38.569610015704,-17.0000002533197));
#1860=CARTESIAN_POINT('',(39.0000005811453,-38.569610015704,-1.19550614714592));
#1861=CARTESIAN_POINT('Origin',(39.0000005811453,-38.569610015704,-1.19550614714592));
#1862=CARTESIAN_POINT('',(0.0953263172461343,-38.5696100157018,-1.19550614714593));
#1863=CARTESIAN_POINT('',(0.0953263172472481,-38.5696100157018,-1.19550614714592));
#1864=CARTESIAN_POINT('',(0.0953263172461343,-38.5696100157018,-1.19550614714593));
#1865=CARTESIAN_POINT('Origin',(41.0000006109476,-38.569610015704,0.80449385285408));
#1866=CARTESIAN_POINT('',(41.0000006109476,-38.569610015704,-11.6138478654488));
#1867=CARTESIAN_POINT('',(41.0000006109476,-38.5696100157038,-11.6138478654488));
#1868=CARTESIAN_POINT('',(41.0000006109476,-38.569610015704,0.804493852854081));
#1869=CARTESIAN_POINT('',(41.0000006109476,-38.569610015704,0.804493852854081));
#1870=CARTESIAN_POINT('',(41.0000006109476,-38.569610015704,6.00000008940697));
#1871=CARTESIAN_POINT('Origin',(4.94625799426707,-38.569610015704,0.804493852854081));
#1872=CARTESIAN_POINT('',(4.94625799426707,-38.569610015704,0.804493852854081));
#1873=CARTESIAN_POINT('',(41.6660183718868,-38.569610015704,0.804493852854081));
#1874=CARTESIAN_POINT('',(4.94625799426506,-38.5696100157043,0.80449385285408));
#1875=CARTESIAN_POINT('Origin',(0.0953263172463092,-37.5696100157045,-0.113847865449057));
#1876=CARTESIAN_POINT('',(43.3453263172458,-37.5696100157034,12.3861521345498));
#1877=CARTESIAN_POINT('',(43.3453263172458,-37.5696100157033,6.13615213455039));
#1878=CARTESIAN_POINT('',(17.5203263172461,-37.5696100157041,12.3861521345498));
#1879=CARTESIAN_POINT('',(38.1453263172458,-37.5696100157036,15.9861521345493));
#1880=CARTESIAN_POINT('Origin',(39.1453263172458,-37.5696100157036,15.9861521345493));
#1881=CARTESIAN_POINT('Origin',(33.9453263172459,-38.5696100157036,12.7605757990759));
#1882=CARTESIAN_POINT('',(33.9453263172459,-38.5696100157036,12.7605757990759));
#1883=CARTESIAN_POINT('',(33.9453263172459,-38.5696100157036,12.7605757990759));
#1884=CARTESIAN_POINT('',(1.59767218763044,-38.5696100157019,-0.576101063581627));
#1885=CARTESIAN_POINT('Origin',(0.0953263172461405,-38.5696100157018,-1.19550614714592));
#1886=CARTESIAN_POINT('',(-33.754673682754,-38.5696100157001,-15.1515880933679));
#1887=CARTESIAN_POINT('',(-16.6390904179672,-38.569610015701,-8.09497117754077));
#1888=CARTESIAN_POINT('',(-33.754673682754,-38.5696100157001,-15.1515880933679));
#1889=CARTESIAN_POINT('Origin',(-33.754673682754,-38.5696100157001,-20.8138478654484));
#1890=CARTESIAN_POINT('',(-33.754673682754,-38.5696100157001,-20.8138478654484));
#1891=CARTESIAN_POINT('',(-44.1546736827532,-38.5696100156995,-20.8138478654484));
#1892=CARTESIAN_POINT('',(-22.0296736827537,-38.5696100157007,-20.8138478654484));
#1893=CARTESIAN_POINT('',(-44.1546736827533,-31.2696100157058,-20.8138478654484));
#1894=CARTESIAN_POINT('',(-44.1546736827532,-38.5696100156995,-20.8138478654484));
#1895=CARTESIAN_POINT('',(-33.7546736827542,-31.2696100157059,-20.8138478654484));
#1896=CARTESIAN_POINT('',(-36.3546736827538,-31.2696100157059,-20.8138478654484));
#1897=CARTESIAN_POINT('',(-33.754673682754,-38.5696100157001,-20.8138478654484));
#1898=CARTESIAN_POINT('Origin',(-44.1546736827532,-38.5696100156995,-20.8138478654484));
#1899=CARTESIAN_POINT('',(-44.1546736827532,-38.5696100156995,-11.6138478654488));
#1900=CARTESIAN_POINT('',(-44.1546736827532,-38.5696100156995,-5.86384786544891));
#1901=CARTESIAN_POINT('',(-44.1546736827533,-31.2696100157059,-11.6138478654488));
#1902=CARTESIAN_POINT('',(-44.1546736827532,-38.5696100156995,-11.6138478654488));
#1903=CARTESIAN_POINT('',(-44.1546736827533,-31.2696100157058,-18.5138478654485));
#1904=CARTESIAN_POINT('Origin',(-44.1546736827532,-38.5696100156995,-11.6138478654488));
#1905=CARTESIAN_POINT('',(-33.754673682754,-38.5696100157001,-11.6138478654488));
#1906=CARTESIAN_POINT('',(-16.8296736827541,-38.569610015701,-11.6138478654488));
#1907=CARTESIAN_POINT('',(-33.7546736827542,-31.269610015706,-11.6138478654488));
#1908=CARTESIAN_POINT('',(-33.754673682754,-38.5696100157001,-11.6138478654488));
#1909=CARTESIAN_POINT('',(-41.5546736827534,-31.2696100157059,-11.6138478654488));
#1910=CARTESIAN_POINT('Origin',(-33.754673682754,-38.5696100157001,-11.6138478654488));
#1911=CARTESIAN_POINT('',(-33.754673682754,-38.5696100157001,-12.9882715299754));
#1912=CARTESIAN_POINT('',(-33.754673682754,-38.5696100157001,-6.55105969771223));
#1913=CARTESIAN_POINT('',(-33.754673682754,-38.5696100157001,-12.9882715299754));
#1914=CARTESIAN_POINT('',(-33.754673682754,-38.5696100157001,-10.4638478654487));
#1915=CARTESIAN_POINT('',(-33.7546736827542,-31.269610015706,-13.9138478654487));
#1916=CARTESIAN_POINT('Origin',(-33.754673682754,-38.5696100157001,-12.9882715299754));
#1917=CARTESIAN_POINT('',(-2.52819889394901,-38.5696100157017,-0.113847865449678));
#1918=CARTESIAN_POINT('',(-1.40701955313827,-38.5696100157018,0.348405332682251));
#1919=CARTESIAN_POINT('',(-2.52819889394901,-38.5696100157017,-0.113847865449678));
#1920=CARTESIAN_POINT('Origin',(-2.528198893949,-38.5696100157017,-0.113847865449667));
#1921=CARTESIAN_POINT('',(-17.020256947542,-38.5696100157009,5.86111076868173));
#1922=CARTESIAN_POINT('Origin',(-33.754673682756,-38.5696100157001,11.3861521345482));
#1923=CARTESIAN_POINT('',(-44.154673682752,-38.5696100156995,11.3861521345482));
#1924=CARTESIAN_POINT('',(-22.0296736827531,-38.5696100157007,11.3861521345482));
#1925=CARTESIAN_POINT('',(-44.1546736827522,-31.2696100157061,11.3861521345483));
#1926=CARTESIAN_POINT('',(-44.154673682752,-38.5696100156995,11.3861521345482));
#1927=CARTESIAN_POINT('',(-36.3546736827551,-31.2696100157061,11.3861521345483));
#1928=CARTESIAN_POINT('Origin',(-44.154673682752,-38.5696100156995,11.3861521345482));
#1929=CARTESIAN_POINT('',(-44.154673682752,-38.5696100156995,10.2361521345506));
#1930=CARTESIAN_POINT('',(-44.1546736827521,-31.2696100157061,13.6861521345488));
#1931=CARTESIAN_POINT('Origin',(-33.7546736827561,-38.5696100157001,14.9238923624693));
#1932=CARTESIAN_POINT('',(0.0953263172461299,-38.5696100157018,0.967810416246592));
#1933=CARTESIAN_POINT('',(0.285909582032642,-38.5696100157019,0.889234473530523));
#1934=CARTESIAN_POINT('',(0.0953263172461299,-38.5696100157018,0.967810416246592));
#1935=CARTESIAN_POINT('Origin',(0.0953263172461249,-38.5696100157018,0.967810416246588));
#1936=CARTESIAN_POINT('',(33.9453263172459,-38.5696100157036,14.9238923624685));
#1937=CARTESIAN_POINT('',(16.8297430524592,-38.5696100157027,7.86727544664132));
#1938=CARTESIAN_POINT('',(33.9453263172459,-38.5696100157036,14.9238923624685));
#1939=CARTESIAN_POINT('Origin',(33.9453263172459,-38.5696100157036,14.9238923624685));
#1940=CARTESIAN_POINT('',(33.9453263172457,-31.549724463747,11.3861521345499));
#1941=CARTESIAN_POINT('',(33.9453263172457,-31.549724463747,5.63615213455));
#1942=CARTESIAN_POINT('',(33.9453263172459,-38.5696100157036,11.3861521345498));
#1943=CARTESIAN_POINT('',(33.9453263172459,-38.5696100157036,11.3861521345498));
#1944=CARTESIAN_POINT('',(33.9453263172459,-38.5696100157036,6.32336396681345));
#1945=CARTESIAN_POINT('',(33.9453263172459,-38.5696100157036,20.5861521345487));
#1946=CARTESIAN_POINT('',(33.9453263172459,-38.5696100157036,10.2361521345498));
#1947=CARTESIAN_POINT('',(33.9453263172459,-38.5696100157036,20.5861521345487));
#1948=CARTESIAN_POINT('Origin',(33.9453263172459,-38.5696100157036,20.5861521345487));
#1949=CARTESIAN_POINT('',(44.3453263172458,-38.5696100157042,20.5861521345487));
#1950=CARTESIAN_POINT('',(22.2203263172458,-38.569610015703,20.5861521345487));
#1951=CARTESIAN_POINT('',(44.3453263172457,-31.5497244637472,20.5861521345488));
#1952=CARTESIAN_POINT('',(44.3453263172458,-38.5696100157042,20.5861521345487));
#1953=CARTESIAN_POINT('',(36.5453263172458,-31.549724463747,20.5861521345488));
#1954=CARTESIAN_POINT('Origin',(44.3453263172458,-38.5696100157042,20.5861521345487));
#1955=CARTESIAN_POINT('',(44.3453263172458,-38.5696100157042,11.3861521345498));
#1956=CARTESIAN_POINT('',(44.3453263172458,-38.5696100157042,5.6361521345504));
#1957=CARTESIAN_POINT('',(44.3453263172457,-31.5497244637472,11.3861521345499));
#1958=CARTESIAN_POINT('',(44.3453263172458,-38.5696100157042,11.3861521345498));
#1959=CARTESIAN_POINT('',(44.3453263172456,-31.5497244637472,10.2361521345495));
#1960=CARTESIAN_POINT('Origin',(44.3453263172458,-38.5696100157042,11.3861521345498));
#1961=CARTESIAN_POINT('',(17.0203263172458,-38.5696100157027,11.3861521345498));
#1962=CARTESIAN_POINT('',(41.7453263172458,-31.5497244637471,11.3861521345499));
#1963=CARTESIAN_POINT('Origin',(-38.9546736827542,-29.7696100157078,15.9861521345493));
#1964=CARTESIAN_POINT('',(-39.9546736827542,-29.7696100157079,15.9861521345493));
#1965=CARTESIAN_POINT('Origin',(-38.9546736827542,-29.7696100157078,15.9861521345493));
#1966=CARTESIAN_POINT('Origin',(-38.9546736827542,-29.7696100157078,15.9861521345493));
#1967=CARTESIAN_POINT('',(-39.954673682754,-37.5696100157056,15.9861521345493));
#1968=CARTESIAN_POINT('Origin',(-38.954673682754,-37.5696100157055,15.9861521345493));
#1969=CARTESIAN_POINT('',(-39.9546736827542,-29.7696100157079,15.9861521345493));
#1970=CARTESIAN_POINT('Origin',(-38.9546736827538,-29.7696100157077,-16.2138478654486));
#1971=CARTESIAN_POINT('',(-39.9546736827538,-29.7696100157077,-16.2138478654486));
#1972=CARTESIAN_POINT('Origin',(-38.9546736827538,-29.7696100157077,-16.2138478654486));
#1973=CARTESIAN_POINT('Origin',(-38.9546736827538,-29.7696100157077,-16.2138478654486));
#1974=CARTESIAN_POINT('',(-39.9546736827536,-37.5696100157054,-16.2138478654486));
#1975=CARTESIAN_POINT('Origin',(-38.9546736827536,-37.5696100157054,-16.2138478654486));
#1976=CARTESIAN_POINT('',(-39.9546736827538,-29.7696100157077,-16.2138478654486));
#1977=CARTESIAN_POINT('Origin',(39.1453263172456,-29.7696100157059,15.9861521345493));
#1978=CARTESIAN_POINT('',(38.1453263172456,-29.7696100157059,15.9861521345493));
#1979=CARTESIAN_POINT('Origin',(39.1453263172456,-29.7696100157059,15.9861521345493));
#1980=CARTESIAN_POINT('Origin',(39.1453263172456,-29.7696100157059,15.9861521345493));
#1981=CARTESIAN_POINT('',(38.1453263172456,-29.7696100157059,15.9861521345493));
#1982=CARTESIAN_POINT('',(38.1453263172456,-29.7696100157059,15.9861521345493));
#1983=CARTESIAN_POINT('Origin',(0.0953263172463092,-37.5696100157045,-0.113847865449057));
#1984=CARTESIAN_POINT('',(-34.754673682754,-37.5696100157053,-19.8138478654484));
#1985=CARTESIAN_POINT('',(-43.1546736827532,-37.5696100157055,-19.8138478654484));
#1986=CARTESIAN_POINT('',(-21.5296736827534,-37.569610015705,-19.8138478654484));
#1987=CARTESIAN_POINT('',(-43.1546736827532,-37.5696100157056,-12.6138478654488));
#1988=CARTESIAN_POINT('',(-43.1546736827532,-37.5696100157056,-6.36384786544893));
#1989=CARTESIAN_POINT('',(-34.754673682754,-37.5696100157053,-12.6138478654488));
#1990=CARTESIAN_POINT('',(-17.3296736827538,-37.5696100157049,-12.6138478654488));
#1991=CARTESIAN_POINT('',(-34.754673682754,-37.5696100157054,-9.96384786544874));
#1992=CARTESIAN_POINT('Origin',(-38.9546736827538,-31.2696100157059,-16.2138478654486));
#1993=CARTESIAN_POINT('',(-43.1546736827533,-31.2696100157059,-12.6138478654488));
#1994=CARTESIAN_POINT('',(-43.1546736827533,-31.2696100157058,-19.8138478654484));
#1995=CARTESIAN_POINT('',(-43.1546736827533,-31.2696100157059,-14.4138478654487));
#1996=CARTESIAN_POINT('',(-34.7546736827542,-31.2696100157059,-19.8138478654484));
#1997=CARTESIAN_POINT('',(-41.0546736827534,-31.2696100157059,-19.8138478654484));
#1998=CARTESIAN_POINT('',(-34.7546736827542,-31.269610015706,-12.6138478654488));
#1999=CARTESIAN_POINT('',(-34.7546736827542,-31.2696100157059,-18.0138478654485));
#2000=CARTESIAN_POINT('',(-36.8546736827538,-31.269610015706,-12.6138478654488));
#2001=CARTESIAN_POINT('Origin',(-34.754673682754,-38.5696100157,-19.8138478654484));
#2002=CARTESIAN_POINT('',(-34.754673682754,-38.5696100157,-12.6138478654488));
#2003=CARTESIAN_POINT('',(-34.754673682754,-38.5696100157,-19.8138478654484));
#2004=CARTESIAN_POINT('Origin',(-34.754673682754,-38.5696100157,-12.6138478654488));
#2005=CARTESIAN_POINT('',(-43.1546736827532,-38.5696100156996,-12.6138478654488));
#2006=CARTESIAN_POINT('Origin',(-43.1546736827532,-38.5696100156996,-19.8138478654484));
#2007=CARTESIAN_POINT('',(-43.1546736827532,-38.5696100156996,-19.8138478654484));
#2008=CARTESIAN_POINT('Origin',(-43.1546736827532,-38.5696100156996,-12.6138478654488));
#2009=CARTESIAN_POINT('Origin',(0.0953263172463092,-37.5696100157045,-0.113847865449057));
#2010=CARTESIAN_POINT('',(-34.7546736827561,-37.5696100157055,12.3861521345482));
#2011=CARTESIAN_POINT('',(-43.154673682752,-37.5696100157057,12.3861521345482));
#2012=CARTESIAN_POINT('',(-21.5296736827528,-37.5696100157051,12.3861521345482));
#2013=CARTESIAN_POINT('',(-43.154673682752,-37.5696100157057,19.5861521345503));
#2014=CARTESIAN_POINT('',(-43.154673682752,-37.5696100157057,9.73615213455063));
#2015=CARTESIAN_POINT('',(-34.7546736827561,-37.5696100157055,19.5861521345503));
#2016=CARTESIAN_POINT('',(-17.3296736827549,-37.569610015705,19.5861521345503));
#2017=CARTESIAN_POINT('',(-34.7546736827561,-37.5696100157054,6.13615213454959));
#2018=CARTESIAN_POINT('Origin',(-38.9546736827542,-31.2696100157062,15.9861521345493));
#2019=CARTESIAN_POINT('',(-43.1546736827522,-31.2696100157061,19.5861521345503));
#2020=CARTESIAN_POINT('',(-43.1546736827522,-31.2696100157061,12.3861521345483));
#2021=CARTESIAN_POINT('',(-43.1546736827521,-31.2696100157061,17.7861521345498));
#2022=CARTESIAN_POINT('',(-34.7546736827562,-31.2696100157062,12.3861521345483));
#2023=CARTESIAN_POINT('',(-41.054673682753,-31.2696100157061,12.3861521345483));
#2024=CARTESIAN_POINT('',(-34.7546736827562,-31.2696100157062,19.5861521345503));
#2025=CARTESIAN_POINT('',(-34.7546736827562,-31.2696100157062,14.1861521345488));
#2026=CARTESIAN_POINT('',(-36.8546736827551,-31.2696100157062,19.5861521345503));
#2027=CARTESIAN_POINT('Origin',(-34.754673682756,-38.5696100157,12.3861521345482));
#2028=CARTESIAN_POINT('',(-34.754673682756,-38.5696100157,19.5861521345503));
#2029=CARTESIAN_POINT('',(-34.754673682756,-38.5696100157,12.3861521345482));
#2030=CARTESIAN_POINT('Origin',(-34.754673682756,-38.5696100157,19.5861521345503));
#2031=CARTESIAN_POINT('',(-43.154673682752,-38.5696100156996,19.5861521345503));
#2032=CARTESIAN_POINT('Origin',(-43.154673682752,-38.5696100156996,12.3861521345482));
#2033=CARTESIAN_POINT('',(-43.154673682752,-38.5696100156996,12.3861521345482));
#2034=CARTESIAN_POINT('Origin',(-43.154673682752,-38.5696100156996,19.5861521345503));
#2035=CARTESIAN_POINT('Origin',(39.1453263172457,-31.5497244637471,-0.113847865449822));
#2036=CARTESIAN_POINT('',(43.3453263172457,-31.5497244637471,12.3861521345499));
#2037=CARTESIAN_POINT('',(37.0453263172458,-31.549724463747,12.3861521345499));
#2038=CARTESIAN_POINT('',(43.3453263172456,-31.5497244637471,6.13615213455));
#2039=CARTESIAN_POINT('Origin',(34.9453263172459,-38.5696100157037,12.3861521345498));
#2040=CARTESIAN_POINT('',(43.3453263172458,-38.5696100157041,12.3861521345498));
#2041=CARTESIAN_POINT('Origin',(43.3453263172458,-38.5696100157041,12.3861521345498));
#2042=CARTESIAN_POINT('Origin',(0.095326317246335,-38.5696100157018,-0.113847865449062));
#2043=CARTESIAN_POINT('',(36.4139947209615,-38.5696100157038,-11.6138478654488));
#2044=CARTESIAN_POINT('',(22.2203263172454,-38.569610015703,-11.6138478654488));
#2045=CARTESIAN_POINT('',(36.4139947209615,-38.5696100157037,-20.8138478654484));
#2046=CARTESIAN_POINT('',(36.4139947209615,-38.5696100157038,-5.76384786545177));
#2047=CARTESIAN_POINT('',(44.345326317245,-38.5696100157042,-20.8138478654484));
#2048=CARTESIAN_POINT('',(17.0203263172467,-38.5696100157027,-20.8138478654484));
#2049=CARTESIAN_POINT('',(44.345326317245,-38.5696100157042,-11.6138478654488));
#2050=CARTESIAN_POINT('',(44.345326317245,-38.5696100157042,-10.4638478654487));
#2051=CARTESIAN_POINT('',(22.2203263172454,-38.569610015703,-11.6138478654488));
#2052=CARTESIAN_POINT('Origin',(0.0953263172463092,-37.5696100157045,-0.113847865449057));
#2053=CARTESIAN_POINT('',(36.4139947209615,-37.5696100157034,-12.6138478654488));
#2054=CARTESIAN_POINT('',(43.345326317245,-37.5696100157033,-12.6138478654488));
#2055=CARTESIAN_POINT('',(21.7203263172457,-37.5696100157038,-12.6138478654488));
#2056=CARTESIAN_POINT('',(43.345326317245,-37.5696100157032,-19.8138478654484));
#2057=CARTESIAN_POINT('',(43.345326317245,-37.5696100157033,-9.96384786544874));
#2058=CARTESIAN_POINT('',(36.4139947209615,-37.5696100157034,-19.8138478654484));
#2059=CARTESIAN_POINT('',(17.5203263172469,-37.5696100157039,-19.8138478654484));
#2060=CARTESIAN_POINT('',(36.4139947209615,-37.5696100157035,-5.76384786545175));
#2061=CARTESIAN_POINT('',(38.1453263172463,-37.5696100157034,-16.2138478654486));
#2062=CARTESIAN_POINT('Origin',(39.1453263172463,-37.5696100157034,-16.2138478654486));
#2063=CARTESIAN_POINT('Origin',(44.345326317245,-38.5696100157042,-11.6138478654488));
#2064=CARTESIAN_POINT('',(44.3453263172449,-31.5497244637471,-20.8138478654484));
#2065=CARTESIAN_POINT('',(44.345326317245,-38.5696100157042,-20.8138478654484));
#2066=CARTESIAN_POINT('',(44.3453263172449,-31.5497244637471,-11.6138478654487));
#2067=CARTESIAN_POINT('',(44.3453263172448,-31.5497244637471,-5.86384786544929));
#2068=CARTESIAN_POINT('',(44.345326317245,-38.5696100157042,-11.6138478654488));
#2069=CARTESIAN_POINT('Origin',(39.1453263172461,-29.7696100157057,-16.2138478654486));
#2070=CARTESIAN_POINT('',(38.1453263172461,-29.7696100157057,-16.2138478654486));
#2071=CARTESIAN_POINT('Origin',(39.1453263172461,-29.7696100157057,-16.2138478654486));
#2072=CARTESIAN_POINT('Origin',(39.1453263172461,-29.7696100157057,-16.2138478654486));
#2073=CARTESIAN_POINT('',(38.1453263172461,-29.7696100157057,-16.2138478654486));
#2074=CARTESIAN_POINT('Origin',(43.345326317245,-38.5696100157041,-19.8138478654484));
#2075=CARTESIAN_POINT('',(43.3453263172449,-31.5497244637471,-12.6138478654487));
#2076=CARTESIAN_POINT('',(43.345326317245,-38.5696100157041,-12.6138478654488));
#2077=CARTESIAN_POINT('',(43.3453263172449,-31.5497244637471,-19.8138478654484));
#2078=CARTESIAN_POINT('',(43.3453263172448,-31.5497244637471,-9.96384786544912));
#2079=CARTESIAN_POINT('',(43.345326317245,-38.5696100157041,-19.8138478654484));
#2080=CARTESIAN_POINT('Origin',(33.9453263172475,-38.5696100157036,-11.6138478654488));
#2081=CARTESIAN_POINT('',(36.4139947209614,-31.549724463747,-11.6138478654487));
#2082=CARTESIAN_POINT('',(36.5453263172467,-31.549724463747,-11.6138478654487));
#2083=CARTESIAN_POINT('',(36.4139947209615,-40.569610015699,-11.6138478654488));
#2084=CARTESIAN_POINT('Origin',(44.345326317245,-38.5696100157042,-20.8138478654484));
#2085=CARTESIAN_POINT('',(36.4139947209614,-31.549724463747,-20.8138478654484));
#2086=CARTESIAN_POINT('',(36.4139947209615,-40.5696100156993,-20.8138478654484));
#2087=CARTESIAN_POINT('',(41.7453263172454,-31.5497244637471,-20.8138478654484));
#2088=CARTESIAN_POINT('Origin',(39.1453263172457,-31.5497244637471,-0.113847865449822));
#2089=CARTESIAN_POINT('',(36.4139947209614,-31.549724463747,-19.8138478654484));
#2090=CARTESIAN_POINT('',(36.4139947209614,-31.549724463747,-5.76384786545214));
#2091=CARTESIAN_POINT('',(37.0453263172467,-31.549724463747,-19.8138478654484));
#2092=CARTESIAN_POINT('',(36.4139947209614,-31.549724463747,-12.6138478654487));
#2093=CARTESIAN_POINT('',(41.2453263172454,-31.5497244637471,-12.6138478654487));
#2094=CARTESIAN_POINT('',(36.4139947209614,-31.549724463747,-5.76384786545214));
#2095=CARTESIAN_POINT('Origin',(43.345326317245,-38.5696100157041,-12.6138478654488));
#2096=CARTESIAN_POINT('',(36.4139947209615,-40.5696100156993,-12.6138478654488));
#2097=CARTESIAN_POINT('Origin',(34.9453263172475,-38.5696100157037,-19.8138478654484));
#2098=CARTESIAN_POINT('',(36.4139947209615,-40.569610015699,-19.8138478654484));
#2099=CARTESIAN_POINT('Origin',(36.4139947209616,-42.5696100156944,-11.4138478654545));
#2100=UNCERTAINTY_MEASURE_WITH_UNIT(LENGTH_MEASURE(0.01),#2104,
'DISTANCE_ACCURACY_VALUE',
'Maximum model space distance between geometric entities at asserted c
onnectivities');
#2101=UNCERTAINTY_MEASURE_WITH_UNIT(LENGTH_MEASURE(0.01),#2104,
'DISTANCE_ACCURACY_VALUE',
'Maximum model space distance between geometric entities at asserted c
onnectivities');
#2102=(
GEOMETRIC_REPRESENTATION_CONTEXT(3)
GLOBAL_UNCERTAINTY_ASSIGNED_CONTEXT((#2100))
GLOBAL_UNIT_ASSIGNED_CONTEXT((#2104,#2106,#2107))
REPRESENTATION_CONTEXT('','3D')
);
#2103=(
GEOMETRIC_REPRESENTATION_CONTEXT(3)
GLOBAL_UNCERTAINTY_ASSIGNED_CONTEXT((#2101))
GLOBAL_UNIT_ASSIGNED_CONTEXT((#2104,#2106,#2107))
REPRESENTATION_CONTEXT('','3D')
);
#2104=(
LENGTH_UNIT()
NAMED_UNIT(*)
SI_UNIT(.MILLI.,.METRE.)
);
#2105=(
LENGTH_UNIT()
NAMED_UNIT(*)
SI_UNIT($,.METRE.)
);
#2106=(
NAMED_UNIT(*)
PLANE_ANGLE_UNIT()
SI_UNIT($,.RADIAN.)
);
#2107=(
NAMED_UNIT(*)
SI_UNIT($,.STERADIAN.)
SOLID_ANGLE_UNIT()
);
#2108=SHAPE_DEFINITION_REPRESENTATION(#2109,#2110);
#2109=PRODUCT_DEFINITION_SHAPE('',$,#2112);
#2110=SHAPE_REPRESENTATION('',(#1320),#2102);
#2111=PRODUCT_DEFINITION_CONTEXT('part definition',#2116,'design');
#2112=PRODUCT_DEFINITION('2026-08-16-18-39-58-178',
'\X2\041A043E043C043F043E043D0435043D0442\X0\ Fusion',#2113,#2111);
#2113=PRODUCT_DEFINITION_FORMATION('',$,#2118);
#2114=PRODUCT_RELATED_PRODUCT_CATEGORY('\X2\041A043E043C043F043E043D0435043D0442\X0\ 
Fusion','\X2\041A043E043C043F043E043D0435043D0442\X0\ Fusion',(#2118));
#2115=APPLICATION_PROTOCOL_DEFINITION('international standard',
'automotive_design',2009,#2116);
#2116=APPLICATION_CONTEXT(
'Core Data for Automotive Mechanical Design Process');
#2117=PRODUCT_CONTEXT('part definition',#2116,'mechanical');
#2118=PRODUCT('2026-08-16-18-39-58-178','\X2\041A043E043C043F043E043D0435043D0442\X0\ 
Fusion',$,(#2117));
#2119=PRESENTATION_STYLE_ASSIGNMENT((#2120));
#2120=SURFACE_STYLE_USAGE(.BOTH.,#2121);
#2121=SURFACE_SIDE_STYLE('',(#2122));
#2122=SURFACE_STYLE_FILL_AREA(#2123);
#2123=FILL_AREA_STYLE('\X2\042104420430043B044C\X0\ \X2\2014\X0\ \X2\0441043004420438043D04380440043E04320430043D043D0430044F\X0\',
(#2124));
#2124=FILL_AREA_STYLE_COLOUR(
'\X2\042104420430043B044C\X0\ \X2\2014\X0\ \X2\0441043004420438043D04380440043E04320430043D043D0430044F\X0\',
#2125);
#2125=COLOUR_RGB('\X2\042104420430043B044C\X0\ \X2\2014\X0\ \X2\0441043004420438043D04380440043E04320430043D043D0430044F\X0\',
0.627450980392157,0.627450980392157,0.627450980392157);
ENDSEC;
END-ISO-10303-21;
