ISO-10303-21;
HEADER;
/* Generated by software containing ST-Developer
 * from STEP Tools, Inc. (www.steptools.com) 
 */

FILE_DESCRIPTION(
/* description */ (''),
/* implementation_level */ '2;1');

FILE_NAME(
/* name */ '',
/* time_stamp */ '2026-08-16T18:47:53+05:00',
/* author */ (''),
/* organization */ (''),
/* preprocessor_version */ 'ST-DEVELOPER v20.1',
/* originating_system */ 'Autodesk Translation Framework v15.8.0.0',
/* authorisation */ '');

FILE_SCHEMA (('AUTOMOTIVE_DESIGN { 1 0 10303 214 3 1 1 }'));
ENDSEC;

DATA;
#10=MECHANICAL_DESIGN_GEOMETRIC_PRESENTATION_REPRESENTATION('',(#13),#12519);
#11=SHAPE_REPRESENTATION_RELATIONSHIP('SRR','None',#12526,#12);
#12=ADVANCED_BREP_SHAPE_REPRESENTATION('',(#14),#12518);
#13=STYLED_ITEM('',(#12535),#14);
#14=MANIFOLD_SOLID_BREP('Body1',#7566);
#15=B_SPLINE_SURFACE_WITH_KNOTS('',3,3,((#12112,#12113,#12114,#12115,#12116,
#12117),(#12118,#12119,#12120,#12121,#12122,#12123),(#12124,#12125,#12126,
#12127,#12128,#12129),(#12130,#12131,#12132,#12133,#12134,#12135),(#12136,
#12137,#12138,#12139,#12140,#12141)),.UNSPECIFIED.,.F.,.F.,.F.,(4,1,4),
(4,1,1,4),(0.,0.571428571428571,1.),(0.,0.251301931934239,0.418836553223731,
0.586371174513223),.UNSPECIFIED.);
#16=B_SPLINE_SURFACE_WITH_KNOTS('',3,3,((#12146,#12147,#12148,#12149,#12150,
#12151),(#12152,#12153,#12154,#12155,#12156,#12157),(#12158,#12159,#12160,
#12161,#12162,#12163),(#12164,#12165,#12166,#12167,#12168,#12169),(#12170,
#12171,#12172,#12173,#12174,#12175)),.UNSPECIFIED.,.F.,.F.,.F.,(4,1,4),
(4,1,1,4),(0.,0.571428571428571,1.),(0.,0.251301931934241,0.418836553223735,
0.58637117451323),.UNSPECIFIED.);
#17=B_SPLINE_SURFACE_WITH_KNOTS('',3,3,((#12177,#12178,#12179,#12180,#12181,
#12182),(#12183,#12184,#12185,#12186,#12187,#12188),(#12189,#12190,#12191,
#12192,#12193,#12194),(#12195,#12196,#12197,#12198,#12199,#12200),(#12201,
#12202,#12203,#12204,#12205,#12206)),.UNSPECIFIED.,.F.,.F.,.F.,(4,1,4),
(4,1,1,4),(0.,0.571428571428571,1.),(0.,0.251301931934238,0.41883655322373,
0.586371174513223),.UNSPECIFIED.);
#18=B_SPLINE_SURFACE_WITH_KNOTS('',3,3,((#12210,#12211,#12212,#12213,#12214,
#12215),(#12216,#12217,#12218,#12219,#12220,#12221),(#12222,#12223,#12224,
#12225,#12226,#12227),(#12228,#12229,#12230,#12231,#12232,#12233),(#12234,
#12235,#12236,#12237,#12238,#12239)),.UNSPECIFIED.,.F.,.F.,.F.,(4,1,4),
(4,1,1,4),(0.,0.571428571428571,1.),(0.,0.25130193193424,0.418836553223733,
0.586371174513226),.UNSPECIFIED.);
#19=ELLIPSE('',#8033,2.82842712474618,2.);
#20=ELLIPSE('',#8034,2.8284271247462,2.);
#21=ELLIPSE('',#8036,2.82842712474621,2.);
#22=ELLIPSE('',#8038,2.82842712474618,2.);
#23=ELLIPSE('',#8120,1.4142135623731,1.);
#24=ELLIPSE('',#8121,1.41421356237308,1.);
#25=ELLIPSE('',#8123,1.41421356237308,1.);
#26=ELLIPSE('',#8125,1.41421356237311,1.);
#27=TOROIDAL_SURFACE('',#7723,2.19999999999999,1.);
#28=TOROIDAL_SURFACE('',#7872,2.19999999999993,1.);
#29=TOROIDAL_SURFACE('',#7878,2.19999999999997,1.);
#30=TOROIDAL_SURFACE('',#7883,2.19999999999994,1.);
#31=TOROIDAL_SURFACE('',#7888,2.19999999999997,1.);
#32=TOROIDAL_SURFACE('',#7896,2.19999999999992,1.);
#33=TOROIDAL_SURFACE('',#7902,2.2,1.);
#34=TOROIDAL_SURFACE('',#7907,2.19999999999991,1.);
#35=TOROIDAL_SURFACE('',#7912,2.2,1.);
#36=TOROIDAL_SURFACE('',#7923,2.19999999999997,1.);
#37=TOROIDAL_SURFACE('',#7928,2.19999999999987,1.);
#38=TOROIDAL_SURFACE('',#7933,2.19999999999997,1.);
#39=TOROIDAL_SURFACE('',#7938,2.19999999999989,1.);
#40=TOROIDAL_SURFACE('',#7944,2.1999999999999,1.);
#41=TOROIDAL_SURFACE('',#7950,2.19999999999995,1.);
#42=TOROIDAL_SURFACE('',#7955,2.19999999999989,1.);
#43=TOROIDAL_SURFACE('',#7960,2.19999999999995,1.);
#44=TOROIDAL_SURFACE('',#7972,2.1999999999999,1.);
#45=TOROIDAL_SURFACE('',#7977,2.19999999999999,1.);
#46=TOROIDAL_SURFACE('',#7982,2.1999999999999,1.);
#47=TOROIDAL_SURFACE('',#8026,3.5,1.);
#48=TOROIDAL_SURFACE('',#8058,3.7,2.);
#49=TOROIDAL_SURFACE('',#8062,3.7,2.);
#50=TOROIDAL_SURFACE('',#8066,3.7,2.);
#51=TOROIDAL_SURFACE('',#8070,3.7,2.);
#52=B_SPLINE_CURVE_WITH_KNOTS('',3,(#10777,#10778,#10779,#10780),
 .UNSPECIFIED.,.F.,.F.,(4,4),(0.,0.00963426540044236),.UNSPECIFIED.);
#53=B_SPLINE_CURVE_WITH_KNOTS('',3,(#10784,#10785,#10786,#10787),
 .UNSPECIFIED.,.F.,.F.,(4,4),(-0.00963426540275313,0.),.UNSPECIFIED.);
#54=B_SPLINE_CURVE_WITH_KNOTS('',3,(#10795,#10796,#10797,#10798,#10799,
#10800,#10801,#10802),.UNSPECIFIED.,.F.,.F.,(4,2,2,4),(-0.33611885231723,
-0.254948744375866,-0.170069294144014,-0.169915144677698),.UNSPECIFIED.);
#55=B_SPLINE_CURVE_WITH_KNOTS('',3,(#10806,#10807,#10808,#10809,#10810,
#10811),.UNSPECIFIED.,.F.,.F.,(4,2,4),(-0.166268529671925,-0.0868765199476414,
0.),.UNSPECIFIED.);
#56=B_SPLINE_CURVE_WITH_KNOTS('',3,(#11344,#11345,#11346,#11347,#11348,
#11349,#11350,#11351,#11352,#11353),.UNSPECIFIED.,.F.,.F.,(4,3,3,4),(-0.242175372028944,
-0.138385926873683,-0.0691929634368415,0.),.UNSPECIFIED.);
#57=B_SPLINE_CURVE_WITH_KNOTS('',3,(#11355,#11356,#11357,#11358,#11359,
#11360,#11361,#11362,#11363,#11364),.UNSPECIFIED.,.F.,.F.,(4,3,3,4),(-0.24217537202895,
-0.138385926873686,-0.0691929634368429,0.),.UNSPECIFIED.);
#58=B_SPLINE_CURVE_WITH_KNOTS('',3,(#11368,#11369,#11370,#11371,#11372,
#11373,#11374,#11375,#11376,#11377),.UNSPECIFIED.,.F.,.F.,(4,3,3,4),(-0.242175372028947,
-0.138385926873684,-0.0691929634368421,0.),.UNSPECIFIED.);
#59=B_SPLINE_CURVE_WITH_KNOTS('',3,(#11378,#11379,#11380,#11381,#11382,
#11383,#11384,#11385,#11386,#11387),.UNSPECIFIED.,.F.,.F.,(4,3,3,4),(-0.242175372028943,
-0.138385926873682,-0.0691929634368405,0.),.UNSPECIFIED.);
#60=B_SPLINE_CURVE_WITH_KNOTS('',3,(#11992,#11993,#11994,#11995,#11996,
#11997),.UNSPECIFIED.,.F.,.F.,(4,1,1,4),(-0.586371174513223,-0.418836553223731,
-0.251301931934239,0.),.UNSPECIFIED.);
#61=B_SPLINE_CURVE_WITH_KNOTS('',3,(#12001,#12002,#12003,#12004,#12005,
#12006),.UNSPECIFIED.,.F.,.F.,(4,1,1,4),(-0.58637117451323,-0.418836553223735,
-0.251301931934241,0.),.UNSPECIFIED.);
#62=B_SPLINE_CURVE_WITH_KNOTS('',3,(#12008,#12009,#12010,#12011,#12012,
#12013),.UNSPECIFIED.,.F.,.F.,(4,1,1,4),(-0.586371174513223,-0.41883655322373,
-0.251301931934238,0.),.UNSPECIFIED.);
#63=B_SPLINE_CURVE_WITH_KNOTS('',3,(#12016,#12017,#12018,#12019,#12020,
#12021),.UNSPECIFIED.,.F.,.F.,(4,1,1,4),(-0.586371174513226,-0.418836553223733,
-0.25130193193424,0.),.UNSPECIFIED.);
#64=CYLINDRICAL_SURFACE('',#7684,1.99999999999994);
#65=CYLINDRICAL_SURFACE('',#7689,2.00000000000001);
#66=CYLINDRICAL_SURFACE('',#7695,2.20000000000004);
#67=CYLINDRICAL_SURFACE('',#7697,2.20000000000004);
#68=CYLINDRICAL_SURFACE('',#7699,3.19999999999999);
#69=CYLINDRICAL_SURFACE('',#7702,3.20000000000004);
#70=CYLINDRICAL_SURFACE('',#7706,2.20000000000004);
#71=CYLINDRICAL_SURFACE('',#7709,2.20000000000004);
#72=CYLINDRICAL_SURFACE('',#7712,2.19999999999999);
#73=CYLINDRICAL_SURFACE('',#7715,2.19999999999999);
#74=CYLINDRICAL_SURFACE('',#7718,3.19999999999999);
#75=CYLINDRICAL_SURFACE('',#7721,3.20000000000004);
#76=CYLINDRICAL_SURFACE('',#7813,0.5);
#77=CYLINDRICAL_SURFACE('',#7819,0.5);
#78=CYLINDRICAL_SURFACE('',#7825,0.499999999999999);
#79=CYLINDRICAL_SURFACE('',#7839,0.6);
#80=CYLINDRICAL_SURFACE('',#7840,0.6);
#81=CYLINDRICAL_SURFACE('',#7841,0.6);
#82=CYLINDRICAL_SURFACE('',#7864,2.5);
#83=CYLINDRICAL_SURFACE('',#7876,1.);
#84=CYLINDRICAL_SURFACE('',#7881,1.);
#85=CYLINDRICAL_SURFACE('',#7886,1.);
#86=CYLINDRICAL_SURFACE('',#7891,1.);
#87=CYLINDRICAL_SURFACE('',#7893,1.19999999999997);
#88=CYLINDRICAL_SURFACE('',#7895,1.19999999999993);
#89=CYLINDRICAL_SURFACE('',#7900,1.);
#90=CYLINDRICAL_SURFACE('',#7905,1.);
#91=CYLINDRICAL_SURFACE('',#7910,1.);
#92=CYLINDRICAL_SURFACE('',#7915,1.);
#93=CYLINDRICAL_SURFACE('',#7917,1.2);
#94=CYLINDRICAL_SURFACE('',#7919,1.19999999999992);
#95=CYLINDRICAL_SURFACE('',#7920,1.);
#96=CYLINDRICAL_SURFACE('',#7926,1.);
#97=CYLINDRICAL_SURFACE('',#7931,1.);
#98=CYLINDRICAL_SURFACE('',#7936,1.);
#99=CYLINDRICAL_SURFACE('',#7940,1.19999999999987);
#100=CYLINDRICAL_SURFACE('',#7942,1.19999999999997);
#101=CYLINDRICAL_SURFACE('',#7948,1.);
#102=CYLINDRICAL_SURFACE('',#7953,1.);
#103=CYLINDRICAL_SURFACE('',#7958,1.);
#104=CYLINDRICAL_SURFACE('',#7963,1.);
#105=CYLINDRICAL_SURFACE('',#7965,1.19999999999995);
#106=CYLINDRICAL_SURFACE('',#7967,1.1999999999999);
#107=CYLINDRICAL_SURFACE('',#7968,1.);
#108=CYLINDRICAL_SURFACE('',#7970,1.);
#109=CYLINDRICAL_SURFACE('',#7975,1.);
#110=CYLINDRICAL_SURFACE('',#7980,1.);
#111=CYLINDRICAL_SURFACE('',#7984,1.1999999999999);
#112=CYLINDRICAL_SURFACE('',#7986,1.19999999999999);
#113=CYLINDRICAL_SURFACE('',#7989,1.19999999999997);
#114=CYLINDRICAL_SURFACE('',#7991,1.19999999999989);
#115=CYLINDRICAL_SURFACE('',#7992,1.19999999999989);
#116=CYLINDRICAL_SURFACE('',#7994,1.19999999999995);
#117=CYLINDRICAL_SURFACE('',#7996,1.19999999999991);
#118=CYLINDRICAL_SURFACE('',#7998,1.2);
#119=CYLINDRICAL_SURFACE('',#8001,1.1999999999999);
#120=CYLINDRICAL_SURFACE('',#8002,1.19999999999999);
#121=CYLINDRICAL_SURFACE('',#8005,1.19999999999997);
#122=CYLINDRICAL_SURFACE('',#8007,1.19999999999994);
#123=CYLINDRICAL_SURFACE('',#8018,1.35);
#124=CYLINDRICAL_SURFACE('',#8030,2.5);
#125=CYLINDRICAL_SURFACE('',#8032,2.);
#126=CYLINDRICAL_SURFACE('',#8035,2.);
#127=CYLINDRICAL_SURFACE('',#8037,2.);
#128=CYLINDRICAL_SURFACE('',#8039,2.);
#129=CYLINDRICAL_SURFACE('',#8040,2.5);
#130=CYLINDRICAL_SURFACE('',#8046,2.5);
#131=CYLINDRICAL_SURFACE('',#8049,2.);
#132=CYLINDRICAL_SURFACE('',#8053,2.);
#133=CYLINDRICAL_SURFACE('',#8055,2.);
#134=CYLINDRICAL_SURFACE('',#8060,2.);
#135=CYLINDRICAL_SURFACE('',#8064,2.);
#136=CYLINDRICAL_SURFACE('',#8068,2.);
#137=CYLINDRICAL_SURFACE('',#8116,2.5);
#138=CYLINDRICAL_SURFACE('',#8118,2.5);
#139=CYLINDRICAL_SURFACE('',#8119,1.);
#140=CYLINDRICAL_SURFACE('',#8122,1.);
#141=CYLINDRICAL_SURFACE('',#8124,1.);
#142=CYLINDRICAL_SURFACE('',#8126,1.);
#143=FACE_BOUND('',#835,.T.);
#144=FACE_BOUND('',#897,.T.);
#145=FACE_BOUND('',#898,.T.);
#146=FACE_BOUND('',#899,.T.);
#147=FACE_BOUND('',#900,.T.);
#148=FACE_BOUND('',#901,.T.);
#149=FACE_BOUND('',#903,.T.);
#150=FACE_BOUND('',#904,.T.);
#151=FACE_BOUND('',#905,.T.);
#152=FACE_BOUND('',#906,.T.);
#153=FACE_BOUND('',#907,.T.);
#154=FACE_BOUND('',#908,.T.);
#155=FACE_BOUND('',#912,.T.);
#156=FACE_BOUND('',#913,.T.);
#157=FACE_BOUND('',#914,.T.);
#158=FACE_BOUND('',#916,.T.);
#159=FACE_BOUND('',#917,.T.);
#160=FACE_BOUND('',#926,.T.);
#161=FACE_BOUND('',#927,.T.);
#162=FACE_BOUND('',#939,.T.);
#163=FACE_BOUND('',#940,.T.);
#164=FACE_BOUND('',#941,.T.);
#165=FACE_BOUND('',#942,.T.);
#166=FACE_BOUND('',#943,.T.);
#167=FACE_BOUND('',#944,.T.);
#168=FACE_BOUND('',#945,.T.);
#169=FACE_BOUND('',#946,.T.);
#170=FACE_BOUND('',#951,.T.);
#171=FACE_BOUND('',#952,.T.);
#172=FACE_BOUND('',#955,.T.);
#173=FACE_BOUND('',#956,.T.);
#174=FACE_BOUND('',#957,.T.);
#175=FACE_BOUND('',#958,.T.);
#176=FACE_BOUND('',#959,.T.);
#177=FACE_BOUND('',#962,.T.);
#178=FACE_BOUND('',#963,.T.);
#179=FACE_BOUND('',#964,.T.);
#180=FACE_BOUND('',#965,.T.);
#181=FACE_BOUND('',#966,.T.);
#182=FACE_BOUND('',#969,.T.);
#183=FACE_BOUND('',#970,.T.);
#184=FACE_BOUND('',#971,.T.);
#185=FACE_BOUND('',#1008,.T.);
#186=FACE_BOUND('',#1009,.T.);
#187=FACE_BOUND('',#1010,.T.);
#188=FACE_BOUND('',#1011,.T.);
#189=FACE_BOUND('',#1012,.T.);
#190=FACE_BOUND('',#1014,.T.);
#191=FACE_BOUND('',#1015,.T.);
#192=FACE_BOUND('',#1020,.T.);
#193=FACE_BOUND('',#1106,.T.);
#194=FACE_BOUND('',#1107,.T.);
#195=FACE_BOUND('',#1109,.T.);
#196=FACE_BOUND('',#1113,.T.);
#197=FACE_BOUND('',#1116,.T.);
#198=FACE_BOUND('',#1126,.T.);
#199=FACE_BOUND('',#1177,.T.);
#200=FACE_BOUND('',#1178,.T.);
#201=FACE_BOUND('',#1179,.T.);
#202=FACE_BOUND('',#1180,.T.);
#203=FACE_BOUND('',#1181,.T.);
#204=FACE_BOUND('',#1182,.T.);
#205=FACE_BOUND('',#1183,.T.);
#206=FACE_BOUND('',#1196,.T.);
#207=FACE_BOUND('',#1197,.T.);
#208=FACE_BOUND('',#1225,.T.);
#209=CIRCLE('',#7631,3.20000000000004);
#210=CIRCLE('',#7642,3.19999999999999);
#211=CIRCLE('',#7643,3.19999999999999);
#212=CIRCLE('',#7644,3.20000000000004);
#213=CIRCLE('',#7645,3.20000000000004);
#214=CIRCLE('',#7646,2.19999999999999);
#215=CIRCLE('',#7647,2.19999999999999);
#216=CIRCLE('',#7648,2.20000000000004);
#217=CIRCLE('',#7649,2.20000000000004);
#218=CIRCLE('',#7650,1.99999999999994);
#219=CIRCLE('',#7651,2.00000000000001);
#220=CIRCLE('',#7685,1.99999999999994);
#221=CIRCLE('',#7690,2.00000000000001);
#222=CIRCLE('',#7696,2.20000000000004);
#223=CIRCLE('',#7698,2.20000000000004);
#224=CIRCLE('',#7700,3.19999999999999);
#225=CIRCLE('',#7703,3.20000000000004);
#226=CIRCLE('',#7707,2.20000000000004);
#227=CIRCLE('',#7710,2.20000000000004);
#228=CIRCLE('',#7713,2.19999999999999);
#229=CIRCLE('',#7716,2.19999999999999);
#230=CIRCLE('',#7719,3.19999999999999);
#231=CIRCLE('',#7722,3.20000000000004);
#232=CIRCLE('',#7724,2.19999999999999);
#233=CIRCLE('',#7725,1.00000000000001);
#234=CIRCLE('',#7726,1.19999999999999);
#235=CIRCLE('',#7727,0.999999999999979);
#236=CIRCLE('',#7729,1.19999999999997);
#237=CIRCLE('',#7730,1.19999999999993);
#238=CIRCLE('',#7731,1.19999999999997);
#239=CIRCLE('',#7732,1.19999999999994);
#240=CIRCLE('',#7733,1.19999999999999);
#241=CIRCLE('',#7734,1.1999999999999);
#242=CIRCLE('',#7735,1.19999999999999);
#243=CIRCLE('',#7736,1.1999999999999);
#244=CIRCLE('',#7737,1.2);
#245=CIRCLE('',#7738,1.19999999999991);
#246=CIRCLE('',#7739,1.2);
#247=CIRCLE('',#7740,1.19999999999992);
#248=CIRCLE('',#7741,1.19999999999995);
#249=CIRCLE('',#7742,1.19999999999989);
#250=CIRCLE('',#7743,1.19999999999995);
#251=CIRCLE('',#7744,1.1999999999999);
#252=CIRCLE('',#7745,1.19999999999997);
#253=CIRCLE('',#7746,1.19999999999987);
#254=CIRCLE('',#7747,1.19999999999997);
#255=CIRCLE('',#7748,1.19999999999989);
#256=CIRCLE('',#7750,2.5);
#257=CIRCLE('',#7751,2.5);
#258=CIRCLE('',#7752,2.5);
#259=CIRCLE('',#7753,2.5);
#260=CIRCLE('',#7754,2.1999999999999);
#261=CIRCLE('',#7755,2.19999999999999);
#262=CIRCLE('',#7756,2.1999999999999);
#263=CIRCLE('',#7757,2.19999999999992);
#264=CIRCLE('',#7758,2.2);
#265=CIRCLE('',#7759,2.19999999999991);
#266=CIRCLE('',#7760,2.2);
#267=CIRCLE('',#7761,2.1999999999999);
#268=CIRCLE('',#7762,2.19999999999995);
#269=CIRCLE('',#7763,2.19999999999989);
#270=CIRCLE('',#7764,2.19999999999995);
#271=CIRCLE('',#7765,2.19999999999997);
#272=CIRCLE('',#7766,2.19999999999987);
#273=CIRCLE('',#7767,2.19999999999997);
#274=CIRCLE('',#7768,2.19999999999989);
#275=CIRCLE('',#7769,2.19999999999993);
#276=CIRCLE('',#7770,2.19999999999997);
#277=CIRCLE('',#7771,2.19999999999994);
#278=CIRCLE('',#7772,2.19999999999997);
#279=CIRCLE('',#7777,2.5);
#280=CIRCLE('',#7778,2.5);
#281=CIRCLE('',#7798,1.7);
#282=CIRCLE('',#7799,1.7);
#283=CIRCLE('',#7800,1.7);
#284=CIRCLE('',#7801,1.7);
#285=CIRCLE('',#7811,2.5);
#286=CIRCLE('',#7814,0.5);
#287=CIRCLE('',#7815,0.5);
#288=CIRCLE('',#7818,0.6);
#289=CIRCLE('',#7820,0.5);
#290=CIRCLE('',#7821,0.5);
#291=CIRCLE('',#7824,0.6);
#292=CIRCLE('',#7826,0.499999999999999);
#293=CIRCLE('',#7827,0.499999999999999);
#294=CIRCLE('',#7830,0.6);
#295=CIRCLE('',#7832,0.6);
#296=CIRCLE('',#7834,0.6);
#297=CIRCLE('',#7838,0.6);
#298=CIRCLE('',#7865,2.5);
#299=CIRCLE('',#7866,2.5);
#300=CIRCLE('',#7867,2.5);
#301=CIRCLE('',#7868,2.5);
#302=CIRCLE('',#7873,0.999999999999568);
#303=CIRCLE('',#7874,1.19999999999993);
#304=CIRCLE('',#7875,0.999999999999996);
#305=CIRCLE('',#7877,0.999999999999996);
#306=CIRCLE('',#7879,0.999999999999996);
#307=CIRCLE('',#7880,1.19999999999997);
#308=CIRCLE('',#7882,0.999999999999996);
#309=CIRCLE('',#7884,0.999999999999996);
#310=CIRCLE('',#7885,1.19999999999994);
#311=CIRCLE('',#7887,0.999999999999996);
#312=CIRCLE('',#7889,0.999999999999996);
#313=CIRCLE('',#7890,1.19999999999997);
#314=CIRCLE('',#7897,0.999999999999846);
#315=CIRCLE('',#7898,1.19999999999992);
#316=CIRCLE('',#7899,0.999999999999996);
#317=CIRCLE('',#7901,0.999999999999996);
#318=CIRCLE('',#7903,0.999999999999979);
#319=CIRCLE('',#7904,1.2);
#320=CIRCLE('',#7906,0.999999999999996);
#321=CIRCLE('',#7908,0.999999999999996);
#322=CIRCLE('',#7909,1.19999999999991);
#323=CIRCLE('',#7911,1.00000000000001);
#324=CIRCLE('',#7913,1.00000000000001);
#325=CIRCLE('',#7914,1.2);
#326=CIRCLE('',#7921,1.);
#327=CIRCLE('',#7922,0.999999999999988);
#328=CIRCLE('',#7924,0.999999999999996);
#329=CIRCLE('',#7925,1.19999999999997);
#330=CIRCLE('',#7927,0.999999999999979);
#331=CIRCLE('',#7929,0.999999999999996);
#332=CIRCLE('',#7930,1.19999999999987);
#333=CIRCLE('',#7932,1.00000000000001);
#334=CIRCLE('',#7934,0.999999999999996);
#335=CIRCLE('',#7935,1.19999999999997);
#336=CIRCLE('',#7937,0.999999999999996);
#337=CIRCLE('',#7939,1.19999999999989);
#338=CIRCLE('',#7945,1.00000000000045);
#339=CIRCLE('',#7946,1.1999999999999);
#340=CIRCLE('',#7947,0.999999999999988);
#341=CIRCLE('',#7949,0.999999999999988);
#342=CIRCLE('',#7951,1.00000000000001);
#343=CIRCLE('',#7952,1.19999999999995);
#344=CIRCLE('',#7954,0.999999999999996);
#345=CIRCLE('',#7956,1.00000000000001);
#346=CIRCLE('',#7957,1.19999999999989);
#347=CIRCLE('',#7959,0.999999999999996);
#348=CIRCLE('',#7961,0.999999999999996);
#349=CIRCLE('',#7962,1.19999999999995);
#350=CIRCLE('',#7969,1.);
#351=CIRCLE('',#7971,0.999999999999996);
#352=CIRCLE('',#7973,1.1999999999999);
#353=CIRCLE('',#7974,0.999999999999996);
#354=CIRCLE('',#7976,0.999999999999988);
#355=CIRCLE('',#7978,0.999999999999996);
#356=CIRCLE('',#7979,1.19999999999999);
#357=CIRCLE('',#7981,0.999999999999996);
#358=CIRCLE('',#7983,1.1999999999999);
#359=CIRCLE('',#8012,3.7);
#360=CIRCLE('',#8013,3.7);
#361=CIRCLE('',#8014,3.7);
#362=CIRCLE('',#8015,3.7);
#363=CIRCLE('',#8017,3.5);
#364=CIRCLE('',#8019,1.35);
#365=CIRCLE('',#8020,1.35);
#366=CIRCLE('',#8027,1.);
#367=CIRCLE('',#8028,2.5);
#368=CIRCLE('',#8029,2.5);
#369=CIRCLE('',#8031,2.5);
#370=CIRCLE('',#8041,2.5);
#371=CIRCLE('',#8043,2.5);
#372=CIRCLE('',#8044,2.5);
#373=CIRCLE('',#8045,2.5);
#374=CIRCLE('',#8047,2.);
#375=CIRCLE('',#8048,2.);
#376=CIRCLE('',#8050,2.);
#377=CIRCLE('',#8051,2.);
#378=CIRCLE('',#8052,2.);
#379=CIRCLE('',#8054,2.);
#380=CIRCLE('',#8056,2.00000000000001);
#381=CIRCLE('',#8057,2.);
#382=CIRCLE('',#8059,2.00000000000001);
#383=CIRCLE('',#8061,2.);
#384=CIRCLE('',#8063,2.);
#385=CIRCLE('',#8065,2.);
#386=CIRCLE('',#8067,2.00000000000001);
#387=CIRCLE('',#8069,2.00000000000001);
#388=FACE_OUTER_BOUND('',#774,.T.);
#389=FACE_OUTER_BOUND('',#775,.T.);
#390=FACE_OUTER_BOUND('',#776,.T.);
#391=FACE_OUTER_BOUND('',#777,.T.);
#392=FACE_OUTER_BOUND('',#778,.T.);
#393=FACE_OUTER_BOUND('',#779,.T.);
#394=FACE_OUTER_BOUND('',#780,.T.);
#395=FACE_OUTER_BOUND('',#781,.T.);
#396=FACE_OUTER_BOUND('',#782,.T.);
#397=FACE_OUTER_BOUND('',#783,.T.);
#398=FACE_OUTER_BOUND('',#784,.T.);
#399=FACE_OUTER_BOUND('',#785,.T.);
#400=FACE_OUTER_BOUND('',#786,.T.);
#401=FACE_OUTER_BOUND('',#787,.T.);
#402=FACE_OUTER_BOUND('',#788,.T.);
#403=FACE_OUTER_BOUND('',#789,.T.);
#404=FACE_OUTER_BOUND('',#790,.T.);
#405=FACE_OUTER_BOUND('',#791,.T.);
#406=FACE_OUTER_BOUND('',#792,.T.);
#407=FACE_OUTER_BOUND('',#793,.T.);
#408=FACE_OUTER_BOUND('',#794,.T.);
#409=FACE_OUTER_BOUND('',#795,.T.);
#410=FACE_OUTER_BOUND('',#796,.T.);
#411=FACE_OUTER_BOUND('',#797,.T.);
#412=FACE_OUTER_BOUND('',#798,.T.);
#413=FACE_OUTER_BOUND('',#799,.T.);
#414=FACE_OUTER_BOUND('',#800,.T.);
#415=FACE_OUTER_BOUND('',#801,.T.);
#416=FACE_OUTER_BOUND('',#802,.T.);
#417=FACE_OUTER_BOUND('',#803,.T.);
#418=FACE_OUTER_BOUND('',#804,.T.);
#419=FACE_OUTER_BOUND('',#805,.T.);
#420=FACE_OUTER_BOUND('',#806,.T.);
#421=FACE_OUTER_BOUND('',#807,.T.);
#422=FACE_OUTER_BOUND('',#808,.T.);
#423=FACE_OUTER_BOUND('',#809,.T.);
#424=FACE_OUTER_BOUND('',#810,.T.);
#425=FACE_OUTER_BOUND('',#811,.T.);
#426=FACE_OUTER_BOUND('',#812,.T.);
#427=FACE_OUTER_BOUND('',#813,.T.);
#428=FACE_OUTER_BOUND('',#814,.T.);
#429=FACE_OUTER_BOUND('',#815,.T.);
#430=FACE_OUTER_BOUND('',#816,.T.);
#431=FACE_OUTER_BOUND('',#817,.T.);
#432=FACE_OUTER_BOUND('',#818,.T.);
#433=FACE_OUTER_BOUND('',#819,.T.);
#434=FACE_OUTER_BOUND('',#820,.T.);
#435=FACE_OUTER_BOUND('',#821,.T.);
#436=FACE_OUTER_BOUND('',#822,.T.);
#437=FACE_OUTER_BOUND('',#823,.T.);
#438=FACE_OUTER_BOUND('',#824,.T.);
#439=FACE_OUTER_BOUND('',#825,.T.);
#440=FACE_OUTER_BOUND('',#826,.T.);
#441=FACE_OUTER_BOUND('',#827,.T.);
#442=FACE_OUTER_BOUND('',#828,.T.);
#443=FACE_OUTER_BOUND('',#829,.T.);
#444=FACE_OUTER_BOUND('',#830,.T.);
#445=FACE_OUTER_BOUND('',#831,.T.);
#446=FACE_OUTER_BOUND('',#832,.T.);
#447=FACE_OUTER_BOUND('',#833,.T.);
#448=FACE_OUTER_BOUND('',#834,.T.);
#449=FACE_OUTER_BOUND('',#836,.T.);
#450=FACE_OUTER_BOUND('',#837,.T.);
#451=FACE_OUTER_BOUND('',#838,.T.);
#452=FACE_OUTER_BOUND('',#839,.T.);
#453=FACE_OUTER_BOUND('',#840,.T.);
#454=FACE_OUTER_BOUND('',#841,.T.);
#455=FACE_OUTER_BOUND('',#842,.T.);
#456=FACE_OUTER_BOUND('',#843,.T.);
#457=FACE_OUTER_BOUND('',#844,.T.);
#458=FACE_OUTER_BOUND('',#845,.T.);
#459=FACE_OUTER_BOUND('',#846,.T.);
#460=FACE_OUTER_BOUND('',#847,.T.);
#461=FACE_OUTER_BOUND('',#848,.T.);
#462=FACE_OUTER_BOUND('',#849,.T.);
#463=FACE_OUTER_BOUND('',#850,.T.);
#464=FACE_OUTER_BOUND('',#851,.T.);
#465=FACE_OUTER_BOUND('',#852,.T.);
#466=FACE_OUTER_BOUND('',#853,.T.);
#467=FACE_OUTER_BOUND('',#854,.T.);
#468=FACE_OUTER_BOUND('',#855,.T.);
#469=FACE_OUTER_BOUND('',#856,.T.);
#470=FACE_OUTER_BOUND('',#857,.T.);
#471=FACE_OUTER_BOUND('',#858,.T.);
#472=FACE_OUTER_BOUND('',#859,.T.);
#473=FACE_OUTER_BOUND('',#860,.T.);
#474=FACE_OUTER_BOUND('',#861,.T.);
#475=FACE_OUTER_BOUND('',#862,.T.);
#476=FACE_OUTER_BOUND('',#863,.T.);
#477=FACE_OUTER_BOUND('',#864,.T.);
#478=FACE_OUTER_BOUND('',#865,.T.);
#479=FACE_OUTER_BOUND('',#866,.T.);
#480=FACE_OUTER_BOUND('',#867,.T.);
#481=FACE_OUTER_BOUND('',#868,.T.);
#482=FACE_OUTER_BOUND('',#869,.T.);
#483=FACE_OUTER_BOUND('',#870,.T.);
#484=FACE_OUTER_BOUND('',#871,.T.);
#485=FACE_OUTER_BOUND('',#872,.T.);
#486=FACE_OUTER_BOUND('',#873,.T.);
#487=FACE_OUTER_BOUND('',#874,.T.);
#488=FACE_OUTER_BOUND('',#875,.T.);
#489=FACE_OUTER_BOUND('',#876,.T.);
#490=FACE_OUTER_BOUND('',#877,.T.);
#491=FACE_OUTER_BOUND('',#878,.T.);
#492=FACE_OUTER_BOUND('',#879,.T.);
#493=FACE_OUTER_BOUND('',#880,.T.);
#494=FACE_OUTER_BOUND('',#881,.T.);
#495=FACE_OUTER_BOUND('',#882,.T.);
#496=FACE_OUTER_BOUND('',#883,.T.);
#497=FACE_OUTER_BOUND('',#884,.T.);
#498=FACE_OUTER_BOUND('',#885,.T.);
#499=FACE_OUTER_BOUND('',#886,.T.);
#500=FACE_OUTER_BOUND('',#887,.T.);
#501=FACE_OUTER_BOUND('',#888,.T.);
#502=FACE_OUTER_BOUND('',#889,.T.);
#503=FACE_OUTER_BOUND('',#890,.T.);
#504=FACE_OUTER_BOUND('',#891,.T.);
#505=FACE_OUTER_BOUND('',#892,.T.);
#506=FACE_OUTER_BOUND('',#893,.T.);
#507=FACE_OUTER_BOUND('',#894,.T.);
#508=FACE_OUTER_BOUND('',#895,.T.);
#509=FACE_OUTER_BOUND('',#896,.T.);
#510=FACE_OUTER_BOUND('',#902,.T.);
#511=FACE_OUTER_BOUND('',#909,.T.);
#512=FACE_OUTER_BOUND('',#910,.T.);
#513=FACE_OUTER_BOUND('',#911,.T.);
#514=FACE_OUTER_BOUND('',#915,.T.);
#515=FACE_OUTER_BOUND('',#918,.T.);
#516=FACE_OUTER_BOUND('',#919,.T.);
#517=FACE_OUTER_BOUND('',#920,.T.);
#518=FACE_OUTER_BOUND('',#921,.T.);
#519=FACE_OUTER_BOUND('',#922,.T.);
#520=FACE_OUTER_BOUND('',#923,.T.);
#521=FACE_OUTER_BOUND('',#924,.T.);
#522=FACE_OUTER_BOUND('',#925,.T.);
#523=FACE_OUTER_BOUND('',#928,.T.);
#524=FACE_OUTER_BOUND('',#929,.T.);
#525=FACE_OUTER_BOUND('',#930,.T.);
#526=FACE_OUTER_BOUND('',#931,.T.);
#527=FACE_OUTER_BOUND('',#932,.T.);
#528=FACE_OUTER_BOUND('',#933,.T.);
#529=FACE_OUTER_BOUND('',#934,.T.);
#530=FACE_OUTER_BOUND('',#935,.T.);
#531=FACE_OUTER_BOUND('',#936,.T.);
#532=FACE_OUTER_BOUND('',#937,.T.);
#533=FACE_OUTER_BOUND('',#938,.T.);
#534=FACE_OUTER_BOUND('',#947,.T.);
#535=FACE_OUTER_BOUND('',#948,.T.);
#536=FACE_OUTER_BOUND('',#949,.T.);
#537=FACE_OUTER_BOUND('',#950,.T.);
#538=FACE_OUTER_BOUND('',#953,.T.);
#539=FACE_OUTER_BOUND('',#954,.T.);
#540=FACE_OUTER_BOUND('',#960,.T.);
#541=FACE_OUTER_BOUND('',#961,.T.);
#542=FACE_OUTER_BOUND('',#967,.T.);
#543=FACE_OUTER_BOUND('',#968,.T.);
#544=FACE_OUTER_BOUND('',#972,.T.);
#545=FACE_OUTER_BOUND('',#973,.T.);
#546=FACE_OUTER_BOUND('',#974,.T.);
#547=FACE_OUTER_BOUND('',#975,.T.);
#548=FACE_OUTER_BOUND('',#976,.T.);
#549=FACE_OUTER_BOUND('',#977,.T.);
#550=FACE_OUTER_BOUND('',#978,.T.);
#551=FACE_OUTER_BOUND('',#979,.T.);
#552=FACE_OUTER_BOUND('',#980,.T.);
#553=FACE_OUTER_BOUND('',#981,.T.);
#554=FACE_OUTER_BOUND('',#982,.T.);
#555=FACE_OUTER_BOUND('',#983,.T.);
#556=FACE_OUTER_BOUND('',#984,.T.);
#557=FACE_OUTER_BOUND('',#985,.T.);
#558=FACE_OUTER_BOUND('',#986,.T.);
#559=FACE_OUTER_BOUND('',#987,.T.);
#560=FACE_OUTER_BOUND('',#988,.T.);
#561=FACE_OUTER_BOUND('',#989,.T.);
#562=FACE_OUTER_BOUND('',#990,.T.);
#563=FACE_OUTER_BOUND('',#991,.T.);
#564=FACE_OUTER_BOUND('',#992,.T.);
#565=FACE_OUTER_BOUND('',#993,.T.);
#566=FACE_OUTER_BOUND('',#994,.T.);
#567=FACE_OUTER_BOUND('',#995,.T.);
#568=FACE_OUTER_BOUND('',#996,.T.);
#569=FACE_OUTER_BOUND('',#997,.T.);
#570=FACE_OUTER_BOUND('',#998,.T.);
#571=FACE_OUTER_BOUND('',#999,.T.);
#572=FACE_OUTER_BOUND('',#1000,.T.);
#573=FACE_OUTER_BOUND('',#1001,.T.);
#574=FACE_OUTER_BOUND('',#1002,.T.);
#575=FACE_OUTER_BOUND('',#1003,.T.);
#576=FACE_OUTER_BOUND('',#1004,.T.);
#577=FACE_OUTER_BOUND('',#1005,.T.);
#578=FACE_OUTER_BOUND('',#1006,.T.);
#579=FACE_OUTER_BOUND('',#1007,.T.);
#580=FACE_OUTER_BOUND('',#1013,.T.);
#581=FACE_OUTER_BOUND('',#1016,.T.);
#582=FACE_OUTER_BOUND('',#1017,.T.);
#583=FACE_OUTER_BOUND('',#1018,.T.);
#584=FACE_OUTER_BOUND('',#1019,.T.);
#585=FACE_OUTER_BOUND('',#1021,.T.);
#586=FACE_OUTER_BOUND('',#1022,.T.);
#587=FACE_OUTER_BOUND('',#1023,.T.);
#588=FACE_OUTER_BOUND('',#1024,.T.);
#589=FACE_OUTER_BOUND('',#1025,.T.);
#590=FACE_OUTER_BOUND('',#1026,.T.);
#591=FACE_OUTER_BOUND('',#1027,.T.);
#592=FACE_OUTER_BOUND('',#1028,.T.);
#593=FACE_OUTER_BOUND('',#1029,.T.);
#594=FACE_OUTER_BOUND('',#1030,.T.);
#595=FACE_OUTER_BOUND('',#1031,.T.);
#596=FACE_OUTER_BOUND('',#1032,.T.);
#597=FACE_OUTER_BOUND('',#1033,.T.);
#598=FACE_OUTER_BOUND('',#1034,.T.);
#599=FACE_OUTER_BOUND('',#1035,.T.);
#600=FACE_OUTER_BOUND('',#1036,.T.);
#601=FACE_OUTER_BOUND('',#1037,.T.);
#602=FACE_OUTER_BOUND('',#1038,.T.);
#603=FACE_OUTER_BOUND('',#1039,.T.);
#604=FACE_OUTER_BOUND('',#1040,.T.);
#605=FACE_OUTER_BOUND('',#1041,.T.);
#606=FACE_OUTER_BOUND('',#1042,.T.);
#607=FACE_OUTER_BOUND('',#1043,.T.);
#608=FACE_OUTER_BOUND('',#1044,.T.);
#609=FACE_OUTER_BOUND('',#1045,.T.);
#610=FACE_OUTER_BOUND('',#1046,.T.);
#611=FACE_OUTER_BOUND('',#1047,.T.);
#612=FACE_OUTER_BOUND('',#1048,.T.);
#613=FACE_OUTER_BOUND('',#1049,.T.);
#614=FACE_OUTER_BOUND('',#1050,.T.);
#615=FACE_OUTER_BOUND('',#1051,.T.);
#616=FACE_OUTER_BOUND('',#1052,.T.);
#617=FACE_OUTER_BOUND('',#1053,.T.);
#618=FACE_OUTER_BOUND('',#1054,.T.);
#619=FACE_OUTER_BOUND('',#1055,.T.);
#620=FACE_OUTER_BOUND('',#1056,.T.);
#621=FACE_OUTER_BOUND('',#1057,.T.);
#622=FACE_OUTER_BOUND('',#1058,.T.);
#623=FACE_OUTER_BOUND('',#1059,.T.);
#624=FACE_OUTER_BOUND('',#1060,.T.);
#625=FACE_OUTER_BOUND('',#1061,.T.);
#626=FACE_OUTER_BOUND('',#1062,.T.);
#627=FACE_OUTER_BOUND('',#1063,.T.);
#628=FACE_OUTER_BOUND('',#1064,.T.);
#629=FACE_OUTER_BOUND('',#1065,.T.);
#630=FACE_OUTER_BOUND('',#1066,.T.);
#631=FACE_OUTER_BOUND('',#1067,.T.);
#632=FACE_OUTER_BOUND('',#1068,.T.);
#633=FACE_OUTER_BOUND('',#1069,.T.);
#634=FACE_OUTER_BOUND('',#1070,.T.);
#635=FACE_OUTER_BOUND('',#1071,.T.);
#636=FACE_OUTER_BOUND('',#1072,.T.);
#637=FACE_OUTER_BOUND('',#1073,.T.);
#638=FACE_OUTER_BOUND('',#1074,.T.);
#639=FACE_OUTER_BOUND('',#1075,.T.);
#640=FACE_OUTER_BOUND('',#1076,.T.);
#641=FACE_OUTER_BOUND('',#1077,.T.);
#642=FACE_OUTER_BOUND('',#1078,.T.);
#643=FACE_OUTER_BOUND('',#1079,.T.);
#644=FACE_OUTER_BOUND('',#1080,.T.);
#645=FACE_OUTER_BOUND('',#1081,.T.);
#646=FACE_OUTER_BOUND('',#1082,.T.);
#647=FACE_OUTER_BOUND('',#1083,.T.);
#648=FACE_OUTER_BOUND('',#1084,.T.);
#649=FACE_OUTER_BOUND('',#1085,.T.);
#650=FACE_OUTER_BOUND('',#1086,.T.);
#651=FACE_OUTER_BOUND('',#1087,.T.);
#652=FACE_OUTER_BOUND('',#1088,.T.);
#653=FACE_OUTER_BOUND('',#1089,.T.);
#654=FACE_OUTER_BOUND('',#1090,.T.);
#655=FACE_OUTER_BOUND('',#1091,.T.);
#656=FACE_OUTER_BOUND('',#1092,.T.);
#657=FACE_OUTER_BOUND('',#1093,.T.);
#658=FACE_OUTER_BOUND('',#1094,.T.);
#659=FACE_OUTER_BOUND('',#1095,.T.);
#660=FACE_OUTER_BOUND('',#1096,.T.);
#661=FACE_OUTER_BOUND('',#1097,.T.);
#662=FACE_OUTER_BOUND('',#1098,.T.);
#663=FACE_OUTER_BOUND('',#1099,.T.);
#664=FACE_OUTER_BOUND('',#1100,.T.);
#665=FACE_OUTER_BOUND('',#1101,.T.);
#666=FACE_OUTER_BOUND('',#1102,.T.);
#667=FACE_OUTER_BOUND('',#1103,.T.);
#668=FACE_OUTER_BOUND('',#1104,.T.);
#669=FACE_OUTER_BOUND('',#1105,.T.);
#670=FACE_OUTER_BOUND('',#1108,.T.);
#671=FACE_OUTER_BOUND('',#1110,.T.);
#672=FACE_OUTER_BOUND('',#1111,.T.);
#673=FACE_OUTER_BOUND('',#1112,.T.);
#674=FACE_OUTER_BOUND('',#1114,.T.);
#675=FACE_OUTER_BOUND('',#1115,.T.);
#676=FACE_OUTER_BOUND('',#1117,.T.);
#677=FACE_OUTER_BOUND('',#1118,.T.);
#678=FACE_OUTER_BOUND('',#1119,.T.);
#679=FACE_OUTER_BOUND('',#1120,.T.);
#680=FACE_OUTER_BOUND('',#1121,.T.);
#681=FACE_OUTER_BOUND('',#1122,.T.);
#682=FACE_OUTER_BOUND('',#1123,.T.);
#683=FACE_OUTER_BOUND('',#1124,.T.);
#684=FACE_OUTER_BOUND('',#1125,.T.);
#685=FACE_OUTER_BOUND('',#1127,.T.);
#686=FACE_OUTER_BOUND('',#1128,.T.);
#687=FACE_OUTER_BOUND('',#1129,.T.);
#688=FACE_OUTER_BOUND('',#1130,.T.);
#689=FACE_OUTER_BOUND('',#1131,.T.);
#690=FACE_OUTER_BOUND('',#1132,.T.);
#691=FACE_OUTER_BOUND('',#1133,.T.);
#692=FACE_OUTER_BOUND('',#1134,.T.);
#693=FACE_OUTER_BOUND('',#1135,.T.);
#694=FACE_OUTER_BOUND('',#1136,.T.);
#695=FACE_OUTER_BOUND('',#1137,.T.);
#696=FACE_OUTER_BOUND('',#1138,.T.);
#697=FACE_OUTER_BOUND('',#1139,.T.);
#698=FACE_OUTER_BOUND('',#1140,.T.);
#699=FACE_OUTER_BOUND('',#1141,.T.);
#700=FACE_OUTER_BOUND('',#1142,.T.);
#701=FACE_OUTER_BOUND('',#1143,.T.);
#702=FACE_OUTER_BOUND('',#1144,.T.);
#703=FACE_OUTER_BOUND('',#1145,.T.);
#704=FACE_OUTER_BOUND('',#1146,.T.);
#705=FACE_OUTER_BOUND('',#1147,.T.);
#706=FACE_OUTER_BOUND('',#1148,.T.);
#707=FACE_OUTER_BOUND('',#1149,.T.);
#708=FACE_OUTER_BOUND('',#1150,.T.);
#709=FACE_OUTER_BOUND('',#1151,.T.);
#710=FACE_OUTER_BOUND('',#1152,.T.);
#711=FACE_OUTER_BOUND('',#1153,.T.);
#712=FACE_OUTER_BOUND('',#1154,.T.);
#713=FACE_OUTER_BOUND('',#1155,.T.);
#714=FACE_OUTER_BOUND('',#1156,.T.);
#715=FACE_OUTER_BOUND('',#1157,.T.);
#716=FACE_OUTER_BOUND('',#1158,.T.);
#717=FACE_OUTER_BOUND('',#1159,.T.);
#718=FACE_OUTER_BOUND('',#1160,.T.);
#719=FACE_OUTER_BOUND('',#1161,.T.);
#720=FACE_OUTER_BOUND('',#1162,.T.);
#721=FACE_OUTER_BOUND('',#1163,.T.);
#722=FACE_OUTER_BOUND('',#1164,.T.);
#723=FACE_OUTER_BOUND('',#1165,.T.);
#724=FACE_OUTER_BOUND('',#1166,.T.);
#725=FACE_OUTER_BOUND('',#1167,.T.);
#726=FACE_OUTER_BOUND('',#1168,.T.);
#727=FACE_OUTER_BOUND('',#1169,.T.);
#728=FACE_OUTER_BOUND('',#1170,.T.);
#729=FACE_OUTER_BOUND('',#1171,.T.);
#730=FACE_OUTER_BOUND('',#1172,.T.);
#731=FACE_OUTER_BOUND('',#1173,.T.);
#732=FACE_OUTER_BOUND('',#1174,.T.);
#733=FACE_OUTER_BOUND('',#1175,.T.);
#734=FACE_OUTER_BOUND('',#1176,.T.);
#735=FACE_OUTER_BOUND('',#1184,.T.);
#736=FACE_OUTER_BOUND('',#1185,.T.);
#737=FACE_OUTER_BOUND('',#1186,.T.);
#738=FACE_OUTER_BOUND('',#1187,.T.);
#739=FACE_OUTER_BOUND('',#1188,.T.);
#740=FACE_OUTER_BOUND('',#1189,.T.);
#741=FACE_OUTER_BOUND('',#1190,.T.);
#742=FACE_OUTER_BOUND('',#1191,.T.);
#743=FACE_OUTER_BOUND('',#1192,.T.);
#744=FACE_OUTER_BOUND('',#1193,.T.);
#745=FACE_OUTER_BOUND('',#1194,.T.);
#746=FACE_OUTER_BOUND('',#1195,.T.);
#747=FACE_OUTER_BOUND('',#1198,.T.);
#748=FACE_OUTER_BOUND('',#1199,.T.);
#749=FACE_OUTER_BOUND('',#1200,.T.);
#750=FACE_OUTER_BOUND('',#1201,.T.);
#751=FACE_OUTER_BOUND('',#1202,.T.);
#752=FACE_OUTER_BOUND('',#1203,.T.);
#753=FACE_OUTER_BOUND('',#1204,.T.);
#754=FACE_OUTER_BOUND('',#1205,.T.);
#755=FACE_OUTER_BOUND('',#1206,.T.);
#756=FACE_OUTER_BOUND('',#1207,.T.);
#757=FACE_OUTER_BOUND('',#1208,.T.);
#758=FACE_OUTER_BOUND('',#1209,.T.);
#759=FACE_OUTER_BOUND('',#1210,.T.);
#760=FACE_OUTER_BOUND('',#1211,.T.);
#761=FACE_OUTER_BOUND('',#1212,.T.);
#762=FACE_OUTER_BOUND('',#1213,.T.);
#763=FACE_OUTER_BOUND('',#1214,.T.);
#764=FACE_OUTER_BOUND('',#1215,.T.);
#765=FACE_OUTER_BOUND('',#1216,.T.);
#766=FACE_OUTER_BOUND('',#1217,.T.);
#767=FACE_OUTER_BOUND('',#1218,.T.);
#768=FACE_OUTER_BOUND('',#1219,.T.);
#769=FACE_OUTER_BOUND('',#1220,.T.);
#770=FACE_OUTER_BOUND('',#1221,.T.);
#771=FACE_OUTER_BOUND('',#1222,.T.);
#772=FACE_OUTER_BOUND('',#1223,.T.);
#773=FACE_OUTER_BOUND('',#1224,.T.);
#774=EDGE_LOOP('',(#4752,#4753,#4754,#4755));
#775=EDGE_LOOP('',(#4756,#4757,#4758,#4759));
#776=EDGE_LOOP('',(#4760,#4761,#4762,#4763));
#777=EDGE_LOOP('',(#4764,#4765,#4766,#4767));
#778=EDGE_LOOP('',(#4768,#4769,#4770,#4771));
#779=EDGE_LOOP('',(#4772,#4773,#4774,#4775));
#780=EDGE_LOOP('',(#4776,#4777,#4778,#4779));
#781=EDGE_LOOP('',(#4780,#4781,#4782,#4783));
#782=EDGE_LOOP('',(#4784,#4785,#4786,#4787));
#783=EDGE_LOOP('',(#4788,#4789,#4790,#4791));
#784=EDGE_LOOP('',(#4792,#4793,#4794,#4795));
#785=EDGE_LOOP('',(#4796,#4797,#4798,#4799));
#786=EDGE_LOOP('',(#4800,#4801,#4802,#4803));
#787=EDGE_LOOP('',(#4804,#4805,#4806,#4807));
#788=EDGE_LOOP('',(#4808,#4809,#4810,#4811));
#789=EDGE_LOOP('',(#4812,#4813,#4814,#4815));
#790=EDGE_LOOP('',(#4816,#4817,#4818,#4819));
#791=EDGE_LOOP('',(#4820,#4821,#4822,#4823));
#792=EDGE_LOOP('',(#4824,#4825,#4826,#4827));
#793=EDGE_LOOP('',(#4828,#4829,#4830,#4831));
#794=EDGE_LOOP('',(#4832,#4833,#4834,#4835));
#795=EDGE_LOOP('',(#4836,#4837,#4838,#4839));
#796=EDGE_LOOP('',(#4840,#4841,#4842,#4843));
#797=EDGE_LOOP('',(#4844,#4845,#4846,#4847));
#798=EDGE_LOOP('',(#4848,#4849,#4850,#4851));
#799=EDGE_LOOP('',(#4852,#4853,#4854,#4855));
#800=EDGE_LOOP('',(#4856,#4857,#4858,#4859));
#801=EDGE_LOOP('',(#4860,#4861,#4862,#4863));
#802=EDGE_LOOP('',(#4864,#4865,#4866,#4867));
#803=EDGE_LOOP('',(#4868,#4869,#4870,#4871));
#804=EDGE_LOOP('',(#4872,#4873,#4874,#4875));
#805=EDGE_LOOP('',(#4876,#4877,#4878,#4879));
#806=EDGE_LOOP('',(#4880,#4881,#4882,#4883));
#807=EDGE_LOOP('',(#4884,#4885,#4886,#4887));
#808=EDGE_LOOP('',(#4888,#4889,#4890,#4891));
#809=EDGE_LOOP('',(#4892,#4893,#4894,#4895));
#810=EDGE_LOOP('',(#4896,#4897,#4898,#4899));
#811=EDGE_LOOP('',(#4900,#4901,#4902,#4903));
#812=EDGE_LOOP('',(#4904,#4905,#4906,#4907));
#813=EDGE_LOOP('',(#4908,#4909,#4910,#4911));
#814=EDGE_LOOP('',(#4912,#4913,#4914,#4915));
#815=EDGE_LOOP('',(#4916,#4917,#4918,#4919));
#816=EDGE_LOOP('',(#4920,#4921,#4922,#4923));
#817=EDGE_LOOP('',(#4924,#4925,#4926,#4927));
#818=EDGE_LOOP('',(#4928,#4929,#4930,#4931));
#819=EDGE_LOOP('',(#4932,#4933,#4934,#4935));
#820=EDGE_LOOP('',(#4936,#4937,#4938,#4939));
#821=EDGE_LOOP('',(#4940,#4941,#4942,#4943));
#822=EDGE_LOOP('',(#4944,#4945,#4946,#4947));
#823=EDGE_LOOP('',(#4948,#4949,#4950,#4951));
#824=EDGE_LOOP('',(#4952,#4953,#4954,#4955,#4956));
#825=EDGE_LOOP('',(#4957,#4958,#4959,#4960));
#826=EDGE_LOOP('',(#4961,#4962,#4963,#4964));
#827=EDGE_LOOP('',(#4965,#4966,#4967,#4968));
#828=EDGE_LOOP('',(#4969,#4970,#4971,#4972));
#829=EDGE_LOOP('',(#4973,#4974,#4975,#4976));
#830=EDGE_LOOP('',(#4977,#4978,#4979,#4980));
#831=EDGE_LOOP('',(#4981,#4982,#4983,#4984));
#832=EDGE_LOOP('',(#4985,#4986,#4987,#4988));
#833=EDGE_LOOP('',(#4989,#4990,#4991,#4992));
#834=EDGE_LOOP('',(#4993,#4994,#4995,#4996,#4997,#4998,#4999,#5000,#5001,
#5002,#5003,#5004,#5005,#5006,#5007,#5008,#5009,#5010,#5011,#5012,#5013,
#5014,#5015,#5016,#5017,#5018,#5019));
#835=EDGE_LOOP('',(#5020,#5021,#5022,#5023,#5024,#5025,#5026,#5027,#5028,
#5029,#5030,#5031,#5032,#5033,#5034,#5035));
#836=EDGE_LOOP('',(#5036,#5037,#5038,#5039));
#837=EDGE_LOOP('',(#5040,#5041,#5042,#5043));
#838=EDGE_LOOP('',(#5044,#5045,#5046,#5047));
#839=EDGE_LOOP('',(#5048,#5049,#5050,#5051));
#840=EDGE_LOOP('',(#5052,#5053,#5054,#5055));
#841=EDGE_LOOP('',(#5056,#5057,#5058,#5059));
#842=EDGE_LOOP('',(#5060,#5061,#5062,#5063));
#843=EDGE_LOOP('',(#5064,#5065,#5066,#5067));
#844=EDGE_LOOP('',(#5068,#5069,#5070,#5071));
#845=EDGE_LOOP('',(#5072,#5073,#5074,#5075));
#846=EDGE_LOOP('',(#5076,#5077,#5078,#5079));
#847=EDGE_LOOP('',(#5080,#5081,#5082,#5083));
#848=EDGE_LOOP('',(#5084,#5085,#5086,#5087));
#849=EDGE_LOOP('',(#5088,#5089,#5090,#5091));
#850=EDGE_LOOP('',(#5092,#5093,#5094,#5095));
#851=EDGE_LOOP('',(#5096,#5097,#5098,#5099));
#852=EDGE_LOOP('',(#5100,#5101,#5102,#5103));
#853=EDGE_LOOP('',(#5104,#5105,#5106,#5107));
#854=EDGE_LOOP('',(#5108,#5109,#5110,#5111));
#855=EDGE_LOOP('',(#5112,#5113,#5114,#5115));
#856=EDGE_LOOP('',(#5116,#5117,#5118,#5119));
#857=EDGE_LOOP('',(#5120,#5121,#5122,#5123));
#858=EDGE_LOOP('',(#5124,#5125,#5126,#5127));
#859=EDGE_LOOP('',(#5128,#5129,#5130,#5131));
#860=EDGE_LOOP('',(#5132,#5133,#5134,#5135));
#861=EDGE_LOOP('',(#5136,#5137,#5138,#5139));
#862=EDGE_LOOP('',(#5140,#5141,#5142,#5143));
#863=EDGE_LOOP('',(#5144,#5145,#5146,#5147));
#864=EDGE_LOOP('',(#5148,#5149,#5150,#5151));
#865=EDGE_LOOP('',(#5152,#5153,#5154,#5155));
#866=EDGE_LOOP('',(#5156,#5157,#5158,#5159));
#867=EDGE_LOOP('',(#5160,#5161,#5162,#5163));
#868=EDGE_LOOP('',(#5164,#5165,#5166,#5167));
#869=EDGE_LOOP('',(#5168,#5169,#5170,#5171));
#870=EDGE_LOOP('',(#5172,#5173,#5174,#5175));
#871=EDGE_LOOP('',(#5176,#5177,#5178,#5179));
#872=EDGE_LOOP('',(#5180,#5181,#5182,#5183));
#873=EDGE_LOOP('',(#5184,#5185,#5186,#5187));
#874=EDGE_LOOP('',(#5188,#5189,#5190,#5191));
#875=EDGE_LOOP('',(#5192,#5193,#5194,#5195));
#876=EDGE_LOOP('',(#5196,#5197,#5198,#5199,#5200,#5201));
#877=EDGE_LOOP('',(#5202,#5203,#5204));
#878=EDGE_LOOP('',(#5205,#5206,#5207));
#879=EDGE_LOOP('',(#5208,#5209,#5210,#5211));
#880=EDGE_LOOP('',(#5212,#5213,#5214,#5215));
#881=EDGE_LOOP('',(#5216,#5217,#5218,#5219));
#882=EDGE_LOOP('',(#5220,#5221,#5222,#5223));
#883=EDGE_LOOP('',(#5224,#5225,#5226,#5227));
#884=EDGE_LOOP('',(#5228,#5229,#5230,#5231));
#885=EDGE_LOOP('',(#5232,#5233,#5234,#5235));
#886=EDGE_LOOP('',(#5236,#5237,#5238,#5239));
#887=EDGE_LOOP('',(#5240,#5241,#5242,#5243));
#888=EDGE_LOOP('',(#5244,#5245,#5246,#5247));
#889=EDGE_LOOP('',(#5248,#5249,#5250,#5251));
#890=EDGE_LOOP('',(#5252,#5253,#5254,#5255));
#891=EDGE_LOOP('',(#5256,#5257,#5258,#5259));
#892=EDGE_LOOP('',(#5260,#5261,#5262,#5263));
#893=EDGE_LOOP('',(#5264,#5265,#5266,#5267,#5268,#5269,#5270,#5271,#5272,
#5273,#5274,#5275,#5276,#5277,#5278,#5279,#5280,#5281,#5282,#5283,#5284,
#5285));
#894=EDGE_LOOP('',(#5286,#5287,#5288,#5289,#5290,#5291));
#895=EDGE_LOOP('',(#5292,#5293,#5294,#5295,#5296,#5297));
#896=EDGE_LOOP('',(#5298,#5299,#5300,#5301,#5302,#5303,#5304,#5305,#5306,
#5307,#5308,#5309,#5310,#5311,#5312,#5313));
#897=EDGE_LOOP('',(#5314,#5315,#5316,#5317,#5318,#5319,#5320,#5321));
#898=EDGE_LOOP('',(#5322,#5323,#5324,#5325,#5326,#5327,#5328,#5329));
#899=EDGE_LOOP('',(#5330,#5331,#5332,#5333,#5334,#5335,#5336,#5337));
#900=EDGE_LOOP('',(#5338,#5339,#5340,#5341,#5342,#5343,#5344,#5345));
#901=EDGE_LOOP('',(#5346,#5347,#5348,#5349,#5350,#5351,#5352,#5353));
#902=EDGE_LOOP('',(#5354,#5355,#5356,#5357,#5358,#5359,#5360,#5361));
#903=EDGE_LOOP('',(#5362,#5363,#5364,#5365));
#904=EDGE_LOOP('',(#5366,#5367,#5368,#5369,#5370,#5371,#5372,#5373,#5374,
#5375));
#905=EDGE_LOOP('',(#5376,#5377,#5378,#5379,#5380,#5381,#5382,#5383));
#906=EDGE_LOOP('',(#5384,#5385,#5386,#5387,#5388,#5389,#5390,#5391));
#907=EDGE_LOOP('',(#5392,#5393,#5394,#5395,#5396,#5397,#5398,#5399));
#908=EDGE_LOOP('',(#5400,#5401,#5402,#5403,#5404,#5405,#5406,#5407));
#909=EDGE_LOOP('',(#5408,#5409,#5410,#5411));
#910=EDGE_LOOP('',(#5412,#5413,#5414,#5415,#5416,#5417,#5418,#5419));
#911=EDGE_LOOP('',(#5420,#5421,#5422,#5423,#5424,#5425,#5426,#5427,#5428,
#5429,#5430,#5431));
#912=EDGE_LOOP('',(#5432,#5433,#5434,#5435));
#913=EDGE_LOOP('',(#5436,#5437,#5438,#5439));
#914=EDGE_LOOP('',(#5440,#5441,#5442,#5443));
#915=EDGE_LOOP('',(#5444,#5445,#5446,#5447,#5448,#5449,#5450,#5451,#5452,
#5453,#5454,#5455,#5456,#5457,#5458,#5459,#5460,#5461,#5462));
#916=EDGE_LOOP('',(#5463,#5464,#5465,#5466));
#917=EDGE_LOOP('',(#5467,#5468,#5469));
#918=EDGE_LOOP('',(#5470,#5471,#5472,#5473));
#919=EDGE_LOOP('',(#5474,#5475,#5476,#5477));
#920=EDGE_LOOP('',(#5478,#5479,#5480,#5481));
#921=EDGE_LOOP('',(#5482,#5483,#5484,#5485));
#922=EDGE_LOOP('',(#5486,#5487,#5488,#5489));
#923=EDGE_LOOP('',(#5490,#5491,#5492,#5493));
#924=EDGE_LOOP('',(#5494,#5495,#5496,#5497,#5498,#5499,#5500,#5501));
#925=EDGE_LOOP('',(#5502,#5503,#5504,#5505,#5506,#5507,#5508,#5509,#5510,
#5511,#5512,#5513,#5514,#5515,#5516,#5517,#5518,#5519,#5520,#5521));
#926=EDGE_LOOP('',(#5522,#5523,#5524,#5525));
#927=EDGE_LOOP('',(#5526,#5527,#5528,#5529));
#928=EDGE_LOOP('',(#5530,#5531,#5532,#5533));
#929=EDGE_LOOP('',(#5534,#5535,#5536,#5537,#5538,#5539,#5540,#5541,#5542,
#5543));
#930=EDGE_LOOP('',(#5544,#5545,#5546,#5547,#5548,#5549,#5550,#5551));
#931=EDGE_LOOP('',(#5552,#5553,#5554,#5555,#5556,#5557,#5558,#5559));
#932=EDGE_LOOP('',(#5560,#5561,#5562,#5563));
#933=EDGE_LOOP('',(#5564,#5565,#5566,#5567));
#934=EDGE_LOOP('',(#5568,#5569,#5570,#5571,#5572,#5573,#5574,#5575));
#935=EDGE_LOOP('',(#5576,#5577,#5578,#5579,#5580,#5581,#5582,#5583,#5584,
#5585));
#936=EDGE_LOOP('',(#5586,#5587,#5588,#5589,#5590,#5591));
#937=EDGE_LOOP('',(#5592,#5593,#5594,#5595));
#938=EDGE_LOOP('',(#5596,#5597,#5598,#5599,#5600,#5601,#5602,#5603,#5604,
#5605));
#939=EDGE_LOOP('',(#5606,#5607,#5608,#5609));
#940=EDGE_LOOP('',(#5610,#5611,#5612,#5613));
#941=EDGE_LOOP('',(#5614,#5615,#5616,#5617));
#942=EDGE_LOOP('',(#5618,#5619,#5620,#5621,#5622,#5623));
#943=EDGE_LOOP('',(#5624,#5625,#5626,#5627,#5628,#5629,#5630,#5631));
#944=EDGE_LOOP('',(#5632,#5633,#5634,#5635));
#945=EDGE_LOOP('',(#5636,#5637,#5638,#5639));
#946=EDGE_LOOP('',(#5640,#5641,#5642,#5643));
#947=EDGE_LOOP('',(#5644,#5645,#5646,#5647,#5648,#5649,#5650,#5651));
#948=EDGE_LOOP('',(#5652,#5653,#5654,#5655));
#949=EDGE_LOOP('',(#5656,#5657,#5658,#5659));
#950=EDGE_LOOP('',(#5660,#5661,#5662,#5663,#5664,#5665,#5666,#5667,#5668,
#5669,#5670,#5671,#5672,#5673,#5674,#5675,#5676));
#951=EDGE_LOOP('',(#5677,#5678,#5679,#5680));
#952=EDGE_LOOP('',(#5681,#5682,#5683,#5684));
#953=EDGE_LOOP('',(#5685,#5686,#5687,#5688));
#954=EDGE_LOOP('',(#5689,#5690,#5691,#5692,#5693,#5694,#5695,#5696,#5697,
#5698));
#955=EDGE_LOOP('',(#5699,#5700,#5701,#5702));
#956=EDGE_LOOP('',(#5703,#5704,#5705,#5706));
#957=EDGE_LOOP('',(#5707,#5708,#5709,#5710));
#958=EDGE_LOOP('',(#5711,#5712,#5713,#5714));
#959=EDGE_LOOP('',(#5715,#5716,#5717,#5718));
#960=EDGE_LOOP('',(#5719,#5720,#5721,#5722));
#961=EDGE_LOOP('',(#5723,#5724,#5725,#5726,#5727,#5728,#5729,#5730,#5731,
#5732,#5733,#5734,#5735,#5736,#5737,#5738));
#962=EDGE_LOOP('',(#5739,#5740,#5741,#5742));
#963=EDGE_LOOP('',(#5743,#5744,#5745,#5746));
#964=EDGE_LOOP('',(#5747,#5748,#5749,#5750));
#965=EDGE_LOOP('',(#5751,#5752,#5753,#5754));
#966=EDGE_LOOP('',(#5755,#5756,#5757,#5758));
#967=EDGE_LOOP('',(#5759,#5760,#5761,#5762,#5763,#5764,#5765,#5766,#5767,
#5768,#5769,#5770,#5771,#5772,#5773,#5774,#5775,#5776));
#968=EDGE_LOOP('',(#5777,#5778,#5779,#5780));
#969=EDGE_LOOP('',(#5781,#5782,#5783,#5784));
#970=EDGE_LOOP('',(#5785,#5786,#5787,#5788));
#971=EDGE_LOOP('',(#5789,#5790,#5791,#5792));
#972=EDGE_LOOP('',(#5793,#5794,#5795,#5796));
#973=EDGE_LOOP('',(#5797,#5798,#5799,#5800));
#974=EDGE_LOOP('',(#5801,#5802,#5803,#5804,#5805,#5806,#5807,#5808,#5809,
#5810,#5811));
#975=EDGE_LOOP('',(#5812,#5813,#5814,#5815));
#976=EDGE_LOOP('',(#5816,#5817,#5818,#5819));
#977=EDGE_LOOP('',(#5820,#5821,#5822,#5823,#5824,#5825,#5826,#5827,#5828,
#5829,#5830));
#978=EDGE_LOOP('',(#5831,#5832,#5833,#5834));
#979=EDGE_LOOP('',(#5835,#5836,#5837,#5838));
#980=EDGE_LOOP('',(#5839,#5840,#5841,#5842,#5843,#5844,#5845,#5846,#5847,
#5848,#5849));
#981=EDGE_LOOP('',(#5850,#5851,#5852,#5853,#5854,#5855,#5856,#5857,#5858,
#5859,#5860));
#982=EDGE_LOOP('',(#5861,#5862,#5863,#5864,#5865,#5866,#5867,#5868,#5869,
#5870,#5871));
#983=EDGE_LOOP('',(#5872,#5873,#5874,#5875));
#984=EDGE_LOOP('',(#5876,#5877,#5878,#5879));
#985=EDGE_LOOP('',(#5880,#5881,#5882,#5883,#5884,#5885,#5886,#5887,#5888,
#5889,#5890));
#986=EDGE_LOOP('',(#5891,#5892,#5893,#5894));
#987=EDGE_LOOP('',(#5895,#5896,#5897,#5898));
#988=EDGE_LOOP('',(#5899,#5900,#5901,#5902));
#989=EDGE_LOOP('',(#5903,#5904,#5905,#5906));
#990=EDGE_LOOP('',(#5907,#5908,#5909,#5910));
#991=EDGE_LOOP('',(#5911,#5912,#5913,#5914));
#992=EDGE_LOOP('',(#5915,#5916,#5917,#5918));
#993=EDGE_LOOP('',(#5919,#5920,#5921,#5922));
#994=EDGE_LOOP('',(#5923,#5924,#5925,#5926));
#995=EDGE_LOOP('',(#5927,#5928,#5929,#5930));
#996=EDGE_LOOP('',(#5931,#5932,#5933,#5934));
#997=EDGE_LOOP('',(#5935,#5936,#5937,#5938));
#998=EDGE_LOOP('',(#5939,#5940,#5941,#5942));
#999=EDGE_LOOP('',(#5943,#5944,#5945,#5946));
#1000=EDGE_LOOP('',(#5947,#5948,#5949,#5950));
#1001=EDGE_LOOP('',(#5951,#5952,#5953,#5954));
#1002=EDGE_LOOP('',(#5955,#5956,#5957,#5958));
#1003=EDGE_LOOP('',(#5959,#5960,#5961,#5962));
#1004=EDGE_LOOP('',(#5963,#5964,#5965,#5966));
#1005=EDGE_LOOP('',(#5967,#5968,#5969,#5970));
#1006=EDGE_LOOP('',(#5971,#5972,#5973,#5974));
#1007=EDGE_LOOP('',(#5975,#5976,#5977,#5978));
#1008=EDGE_LOOP('',(#5979,#5980,#5981,#5982));
#1009=EDGE_LOOP('',(#5983,#5984,#5985,#5986));
#1010=EDGE_LOOP('',(#5987,#5988,#5989,#5990));
#1011=EDGE_LOOP('',(#5991,#5992,#5993,#5994));
#1012=EDGE_LOOP('',(#5995,#5996,#5997,#5998));
#1013=EDGE_LOOP('',(#5999,#6000,#6001,#6002));
#1014=EDGE_LOOP('',(#6003,#6004,#6005,#6006));
#1015=EDGE_LOOP('',(#6007,#6008,#6009,#6010));
#1016=EDGE_LOOP('',(#6011,#6012,#6013,#6014));
#1017=EDGE_LOOP('',(#6015,#6016,#6017,#6018,#6019,#6020,#6021,#6022,#6023,
#6024));
#1018=EDGE_LOOP('',(#6025,#6026,#6027,#6028,#6029,#6030,#6031,#6032,#6033,
#6034,#6035,#6036,#6037));
#1019=EDGE_LOOP('',(#6038,#6039,#6040,#6041));
#1020=EDGE_LOOP('',(#6042,#6043,#6044,#6045,#6046,#6047,#6048,#6049));
#1021=EDGE_LOOP('',(#6050,#6051,#6052,#6053,#6054,#6055));
#1022=EDGE_LOOP('',(#6056,#6057,#6058,#6059));
#1023=EDGE_LOOP('',(#6060,#6061,#6062,#6063));
#1024=EDGE_LOOP('',(#6064,#6065,#6066,#6067));
#1025=EDGE_LOOP('',(#6068,#6069,#6070,#6071));
#1026=EDGE_LOOP('',(#6072,#6073,#6074,#6075));
#1027=EDGE_LOOP('',(#6076,#6077,#6078,#6079));
#1028=EDGE_LOOP('',(#6080,#6081,#6082,#6083));
#1029=EDGE_LOOP('',(#6084,#6085,#6086,#6087));
#1030=EDGE_LOOP('',(#6088,#6089,#6090,#6091));
#1031=EDGE_LOOP('',(#6092,#6093,#6094,#6095));
#1032=EDGE_LOOP('',(#6096,#6097,#6098,#6099));
#1033=EDGE_LOOP('',(#6100,#6101,#6102,#6103));
#1034=EDGE_LOOP('',(#6104,#6105,#6106,#6107));
#1035=EDGE_LOOP('',(#6108,#6109,#6110,#6111));
#1036=EDGE_LOOP('',(#6112,#6113,#6114,#6115));
#1037=EDGE_LOOP('',(#6116,#6117,#6118,#6119));
#1038=EDGE_LOOP('',(#6120,#6121,#6122,#6123));
#1039=EDGE_LOOP('',(#6124,#6125,#6126,#6127));
#1040=EDGE_LOOP('',(#6128,#6129,#6130,#6131));
#1041=EDGE_LOOP('',(#6132,#6133,#6134,#6135));
#1042=EDGE_LOOP('',(#6136,#6137,#6138,#6139));
#1043=EDGE_LOOP('',(#6140,#6141,#6142,#6143));
#1044=EDGE_LOOP('',(#6144,#6145,#6146,#6147));
#1045=EDGE_LOOP('',(#6148,#6149,#6150,#6151));
#1046=EDGE_LOOP('',(#6152,#6153,#6154,#6155));
#1047=EDGE_LOOP('',(#6156,#6157,#6158,#6159));
#1048=EDGE_LOOP('',(#6160,#6161,#6162,#6163));
#1049=EDGE_LOOP('',(#6164,#6165,#6166,#6167));
#1050=EDGE_LOOP('',(#6168,#6169,#6170,#6171));
#1051=EDGE_LOOP('',(#6172,#6173,#6174,#6175));
#1052=EDGE_LOOP('',(#6176,#6177,#6178,#6179));
#1053=EDGE_LOOP('',(#6180,#6181,#6182,#6183));
#1054=EDGE_LOOP('',(#6184,#6185,#6186,#6187));
#1055=EDGE_LOOP('',(#6188,#6189,#6190,#6191));
#1056=EDGE_LOOP('',(#6192,#6193,#6194,#6195));
#1057=EDGE_LOOP('',(#6196,#6197,#6198,#6199));
#1058=EDGE_LOOP('',(#6200,#6201,#6202,#6203));
#1059=EDGE_LOOP('',(#6204,#6205,#6206,#6207));
#1060=EDGE_LOOP('',(#6208,#6209,#6210,#6211));
#1061=EDGE_LOOP('',(#6212,#6213,#6214,#6215));
#1062=EDGE_LOOP('',(#6216,#6217,#6218,#6219));
#1063=EDGE_LOOP('',(#6220,#6221,#6222,#6223));
#1064=EDGE_LOOP('',(#6224,#6225,#6226,#6227));
#1065=EDGE_LOOP('',(#6228,#6229,#6230,#6231));
#1066=EDGE_LOOP('',(#6232,#6233,#6234,#6235));
#1067=EDGE_LOOP('',(#6236,#6237,#6238,#6239));
#1068=EDGE_LOOP('',(#6240,#6241,#6242,#6243));
#1069=EDGE_LOOP('',(#6244,#6245,#6246,#6247));
#1070=EDGE_LOOP('',(#6248,#6249,#6250,#6251));
#1071=EDGE_LOOP('',(#6252,#6253,#6254,#6255));
#1072=EDGE_LOOP('',(#6256,#6257,#6258,#6259));
#1073=EDGE_LOOP('',(#6260,#6261,#6262,#6263,#6264,#6265));
#1074=EDGE_LOOP('',(#6266,#6267,#6268,#6269));
#1075=EDGE_LOOP('',(#6270,#6271,#6272,#6273));
#1076=EDGE_LOOP('',(#6274,#6275,#6276,#6277));
#1077=EDGE_LOOP('',(#6278,#6279,#6280,#6281));
#1078=EDGE_LOOP('',(#6282,#6283,#6284,#6285));
#1079=EDGE_LOOP('',(#6286,#6287,#6288,#6289));
#1080=EDGE_LOOP('',(#6290,#6291,#6292,#6293));
#1081=EDGE_LOOP('',(#6294,#6295,#6296,#6297));
#1082=EDGE_LOOP('',(#6298,#6299,#6300,#6301));
#1083=EDGE_LOOP('',(#6302,#6303,#6304,#6305));
#1084=EDGE_LOOP('',(#6306,#6307,#6308,#6309));
#1085=EDGE_LOOP('',(#6310,#6311,#6312,#6313));
#1086=EDGE_LOOP('',(#6314,#6315,#6316,#6317));
#1087=EDGE_LOOP('',(#6318,#6319,#6320,#6321));
#1088=EDGE_LOOP('',(#6322,#6323,#6324,#6325));
#1089=EDGE_LOOP('',(#6326,#6327,#6328,#6329));
#1090=EDGE_LOOP('',(#6330,#6331,#6332,#6333));
#1091=EDGE_LOOP('',(#6334,#6335,#6336,#6337));
#1092=EDGE_LOOP('',(#6338,#6339,#6340,#6341));
#1093=EDGE_LOOP('',(#6342,#6343,#6344,#6345));
#1094=EDGE_LOOP('',(#6346,#6347,#6348,#6349));
#1095=EDGE_LOOP('',(#6350,#6351,#6352,#6353));
#1096=EDGE_LOOP('',(#6354,#6355,#6356,#6357));
#1097=EDGE_LOOP('',(#6358,#6359,#6360,#6361));
#1098=EDGE_LOOP('',(#6362,#6363,#6364,#6365));
#1099=EDGE_LOOP('',(#6366,#6367,#6368,#6369));
#1100=EDGE_LOOP('',(#6370,#6371,#6372,#6373));
#1101=EDGE_LOOP('',(#6374,#6375,#6376,#6377));
#1102=EDGE_LOOP('',(#6378,#6379,#6380,#6381));
#1103=EDGE_LOOP('',(#6382,#6383,#6384,#6385));
#1104=EDGE_LOOP('',(#6386,#6387,#6388,#6389));
#1105=EDGE_LOOP('',(#6390,#6391,#6392,#6393));
#1106=EDGE_LOOP('',(#6394,#6395,#6396,#6397,#6398,#6399,#6400,#6401));
#1107=EDGE_LOOP('',(#6402,#6403,#6404,#6405,#6406,#6407));
#1108=EDGE_LOOP('',(#6408,#6409,#6410,#6411));
#1109=EDGE_LOOP('',(#6412));
#1110=EDGE_LOOP('',(#6413,#6414,#6415,#6416));
#1111=EDGE_LOOP('',(#6417));
#1112=EDGE_LOOP('',(#6418,#6419,#6420));
#1113=EDGE_LOOP('',(#6421));
#1114=EDGE_LOOP('',(#6422,#6423,#6424,#6425,#6426,#6427,#6428,#6429,#6430,
#6431,#6432,#6433));
#1115=EDGE_LOOP('',(#6434,#6435,#6436,#6437));
#1116=EDGE_LOOP('',(#6438,#6439,#6440,#6441));
#1117=EDGE_LOOP('',(#6442,#6443,#6444,#6445,#6446));
#1118=EDGE_LOOP('',(#6447,#6448,#6449,#6450,#6451));
#1119=EDGE_LOOP('',(#6452,#6453,#6454,#6455,#6456));
#1120=EDGE_LOOP('',(#6457,#6458,#6459,#6460));
#1121=EDGE_LOOP('',(#6461,#6462,#6463,#6464));
#1122=EDGE_LOOP('',(#6465,#6466,#6467,#6468));
#1123=EDGE_LOOP('',(#6469,#6470,#6471,#6472));
#1124=EDGE_LOOP('',(#6473,#6474,#6475,#6476));
#1125=EDGE_LOOP('',(#6477,#6478,#6479,#6480,#6481,#6482,#6483,#6484));
#1126=EDGE_LOOP('',(#6485,#6486,#6487,#6488));
#1127=EDGE_LOOP('',(#6489,#6490,#6491,#6492));
#1128=EDGE_LOOP('',(#6493,#6494,#6495,#6496));
#1129=EDGE_LOOP('',(#6497,#6498,#6499,#6500));
#1130=EDGE_LOOP('',(#6501,#6502,#6503,#6504));
#1131=EDGE_LOOP('',(#6505,#6506,#6507,#6508));
#1132=EDGE_LOOP('',(#6509,#6510,#6511,#6512));
#1133=EDGE_LOOP('',(#6513,#6514,#6515,#6516));
#1134=EDGE_LOOP('',(#6517,#6518,#6519,#6520));
#1135=EDGE_LOOP('',(#6521,#6522,#6523,#6524));
#1136=EDGE_LOOP('',(#6525,#6526,#6527,#6528));
#1137=EDGE_LOOP('',(#6529,#6530,#6531,#6532));
#1138=EDGE_LOOP('',(#6533,#6534,#6535,#6536));
#1139=EDGE_LOOP('',(#6537,#6538,#6539,#6540));
#1140=EDGE_LOOP('',(#6541,#6542,#6543,#6544));
#1141=EDGE_LOOP('',(#6545,#6546,#6547,#6548));
#1142=EDGE_LOOP('',(#6549,#6550,#6551,#6552));
#1143=EDGE_LOOP('',(#6553,#6554,#6555,#6556));
#1144=EDGE_LOOP('',(#6557,#6558,#6559,#6560));
#1145=EDGE_LOOP('',(#6561,#6562,#6563,#6564));
#1146=EDGE_LOOP('',(#6565,#6566,#6567,#6568));
#1147=EDGE_LOOP('',(#6569,#6570,#6571,#6572));
#1148=EDGE_LOOP('',(#6573,#6574,#6575,#6576));
#1149=EDGE_LOOP('',(#6577,#6578,#6579,#6580));
#1150=EDGE_LOOP('',(#6581,#6582,#6583,#6584));
#1151=EDGE_LOOP('',(#6585,#6586,#6587,#6588));
#1152=EDGE_LOOP('',(#6589,#6590,#6591,#6592));
#1153=EDGE_LOOP('',(#6593,#6594,#6595,#6596));
#1154=EDGE_LOOP('',(#6597,#6598,#6599,#6600));
#1155=EDGE_LOOP('',(#6601,#6602,#6603,#6604));
#1156=EDGE_LOOP('',(#6605,#6606,#6607,#6608));
#1157=EDGE_LOOP('',(#6609,#6610,#6611,#6612));
#1158=EDGE_LOOP('',(#6613,#6614,#6615,#6616));
#1159=EDGE_LOOP('',(#6617,#6618,#6619,#6620));
#1160=EDGE_LOOP('',(#6621,#6622,#6623,#6624));
#1161=EDGE_LOOP('',(#6625,#6626,#6627,#6628));
#1162=EDGE_LOOP('',(#6629,#6630,#6631,#6632));
#1163=EDGE_LOOP('',(#6633,#6634,#6635,#6636));
#1164=EDGE_LOOP('',(#6637,#6638,#6639,#6640));
#1165=EDGE_LOOP('',(#6641,#6642,#6643,#6644));
#1166=EDGE_LOOP('',(#6645,#6646,#6647,#6648));
#1167=EDGE_LOOP('',(#6649,#6650,#6651,#6652));
#1168=EDGE_LOOP('',(#6653,#6654,#6655,#6656));
#1169=EDGE_LOOP('',(#6657,#6658,#6659,#6660));
#1170=EDGE_LOOP('',(#6661,#6662,#6663,#6664));
#1171=EDGE_LOOP('',(#6665,#6666,#6667,#6668));
#1172=EDGE_LOOP('',(#6669,#6670,#6671,#6672));
#1173=EDGE_LOOP('',(#6673,#6674,#6675,#6676));
#1174=EDGE_LOOP('',(#6677,#6678,#6679,#6680));
#1175=EDGE_LOOP('',(#6681,#6682,#6683,#6684));
#1176=EDGE_LOOP('',(#6685,#6686,#6687,#6688,#6689,#6690,#6691,#6692,#6693,
#6694));
#1177=EDGE_LOOP('',(#6695,#6696,#6697,#6698));
#1178=EDGE_LOOP('',(#6699,#6700,#6701,#6702));
#1179=EDGE_LOOP('',(#6703,#6704,#6705,#6706));
#1180=EDGE_LOOP('',(#6707));
#1181=EDGE_LOOP('',(#6708,#6709,#6710,#6711));
#1182=EDGE_LOOP('',(#6712,#6713,#6714,#6715));
#1183=EDGE_LOOP('',(#6716,#6717,#6718,#6719));
#1184=EDGE_LOOP('',(#6720,#6721,#6722,#6723));
#1185=EDGE_LOOP('',(#6724,#6725,#6726,#6727));
#1186=EDGE_LOOP('',(#6728,#6729,#6730,#6731));
#1187=EDGE_LOOP('',(#6732,#6733,#6734,#6735,#6736,#6737,#6738));
#1188=EDGE_LOOP('',(#6739,#6740,#6741,#6742));
#1189=EDGE_LOOP('',(#6743,#6744,#6745,#6746));
#1190=EDGE_LOOP('',(#6747,#6748,#6749,#6750,#6751,#6752,#6753,#6754));
#1191=EDGE_LOOP('',(#6755,#6756,#6757,#6758));
#1192=EDGE_LOOP('',(#6759,#6760,#6761,#6762));
#1193=EDGE_LOOP('',(#6763,#6764,#6765,#6766,#6767,#6768));
#1194=EDGE_LOOP('',(#6769,#6770,#6771,#6772));
#1195=EDGE_LOOP('',(#6773,#6774,#6775,#6776));
#1196=EDGE_LOOP('',(#6777,#6778,#6779,#6780));
#1197=EDGE_LOOP('',(#6781,#6782,#6783,#6784));
#1198=EDGE_LOOP('',(#6785,#6786,#6787,#6788));
#1199=EDGE_LOOP('',(#6789,#6790,#6791,#6792));
#1200=EDGE_LOOP('',(#6793,#6794,#6795,#6796));
#1201=EDGE_LOOP('',(#6797,#6798,#6799,#6800));
#1202=EDGE_LOOP('',(#6801,#6802,#6803,#6804));
#1203=EDGE_LOOP('',(#6805,#6806,#6807,#6808));
#1204=EDGE_LOOP('',(#6809,#6810,#6811,#6812));
#1205=EDGE_LOOP('',(#6813,#6814,#6815,#6816));
#1206=EDGE_LOOP('',(#6817,#6818,#6819,#6820));
#1207=EDGE_LOOP('',(#6821,#6822,#6823,#6824,#6825,#6826,#6827,#6828,#6829));
#1208=EDGE_LOOP('',(#6830,#6831,#6832,#6833));
#1209=EDGE_LOOP('',(#6834,#6835,#6836,#6837));
#1210=EDGE_LOOP('',(#6838,#6839,#6840,#6841));
#1211=EDGE_LOOP('',(#6842,#6843,#6844,#6845));
#1212=EDGE_LOOP('',(#6846,#6847,#6848,#6849));
#1213=EDGE_LOOP('',(#6850,#6851,#6852,#6853));
#1214=EDGE_LOOP('',(#6854,#6855,#6856,#6857));
#1215=EDGE_LOOP('',(#6858,#6859,#6860,#6861));
#1216=EDGE_LOOP('',(#6862,#6863,#6864,#6865));
#1217=EDGE_LOOP('',(#6866,#6867,#6868,#6869));
#1218=EDGE_LOOP('',(#6870,#6871,#6872,#6873));
#1219=EDGE_LOOP('',(#6874,#6875,#6876,#6877));
#1220=EDGE_LOOP('',(#6878,#6879,#6880,#6881));
#1221=EDGE_LOOP('',(#6882,#6883,#6884,#6885));
#1222=EDGE_LOOP('',(#6886,#6887,#6888,#6889));
#1223=EDGE_LOOP('',(#6890,#6891,#6892,#6893));
#1224=EDGE_LOOP('',(#6894,#6895,#6896,#6897));
#1225=EDGE_LOOP('',(#6898,#6899,#6900,#6901));
#1226=LINE('',#10169,#2102);
#1227=LINE('',#10171,#2103);
#1228=LINE('',#10173,#2104);
#1229=LINE('',#10174,#2105);
#1230=LINE('',#10177,#2106);
#1231=LINE('',#10179,#2107);
#1232=LINE('',#10180,#2108);
#1233=LINE('',#10183,#2109);
#1234=LINE('',#10185,#2110);
#1235=LINE('',#10186,#2111);
#1236=LINE('',#10188,#2112);
#1237=LINE('',#10189,#2113);
#1238=LINE('',#10193,#2114);
#1239=LINE('',#10195,#2115);
#1240=LINE('',#10197,#2116);
#1241=LINE('',#10198,#2117);
#1242=LINE('',#10201,#2118);
#1243=LINE('',#10203,#2119);
#1244=LINE('',#10204,#2120);
#1245=LINE('',#10207,#2121);
#1246=LINE('',#10209,#2122);
#1247=LINE('',#10210,#2123);
#1248=LINE('',#10212,#2124);
#1249=LINE('',#10213,#2125);
#1250=LINE('',#10217,#2126);
#1251=LINE('',#10219,#2127);
#1252=LINE('',#10221,#2128);
#1253=LINE('',#10222,#2129);
#1254=LINE('',#10225,#2130);
#1255=LINE('',#10227,#2131);
#1256=LINE('',#10228,#2132);
#1257=LINE('',#10231,#2133);
#1258=LINE('',#10233,#2134);
#1259=LINE('',#10234,#2135);
#1260=LINE('',#10236,#2136);
#1261=LINE('',#10237,#2137);
#1262=LINE('',#10241,#2138);
#1263=LINE('',#10243,#2139);
#1264=LINE('',#10245,#2140);
#1265=LINE('',#10246,#2141);
#1266=LINE('',#10249,#2142);
#1267=LINE('',#10251,#2143);
#1268=LINE('',#10252,#2144);
#1269=LINE('',#10255,#2145);
#1270=LINE('',#10257,#2146);
#1271=LINE('',#10258,#2147);
#1272=LINE('',#10260,#2148);
#1273=LINE('',#10261,#2149);
#1274=LINE('',#10265,#2150);
#1275=LINE('',#10267,#2151);
#1276=LINE('',#10269,#2152);
#1277=LINE('',#10270,#2153);
#1278=LINE('',#10273,#2154);
#1279=LINE('',#10275,#2155);
#1280=LINE('',#10276,#2156);
#1281=LINE('',#10279,#2157);
#1282=LINE('',#10281,#2158);
#1283=LINE('',#10282,#2159);
#1284=LINE('',#10284,#2160);
#1285=LINE('',#10285,#2161);
#1286=LINE('',#10289,#2162);
#1287=LINE('',#10291,#2163);
#1288=LINE('',#10293,#2164);
#1289=LINE('',#10294,#2165);
#1290=LINE('',#10298,#2166);
#1291=LINE('',#10300,#2167);
#1292=LINE('',#10302,#2168);
#1293=LINE('',#10303,#2169);
#1294=LINE('',#10306,#2170);
#1295=LINE('',#10308,#2171);
#1296=LINE('',#10309,#2172);
#1297=LINE('',#10312,#2173);
#1298=LINE('',#10314,#2174);
#1299=LINE('',#10315,#2175);
#1300=LINE('',#10318,#2176);
#1301=LINE('',#10320,#2177);
#1302=LINE('',#10321,#2178);
#1303=LINE('',#10323,#2179);
#1304=LINE('',#10324,#2180);
#1305=LINE('',#10327,#2181);
#1306=LINE('',#10328,#2182);
#1307=LINE('',#10331,#2183);
#1308=LINE('',#10332,#2184);
#1309=LINE('',#10336,#2185);
#1310=LINE('',#10338,#2186);
#1311=LINE('',#10340,#2187);
#1312=LINE('',#10341,#2188);
#1313=LINE('',#10345,#2189);
#1314=LINE('',#10347,#2190);
#1315=LINE('',#10349,#2191);
#1316=LINE('',#10350,#2192);
#1317=LINE('',#10354,#2193);
#1318=LINE('',#10356,#2194);
#1319=LINE('',#10358,#2195);
#1320=LINE('',#10359,#2196);
#1321=LINE('',#10361,#2197);
#1322=LINE('',#10362,#2198);
#1323=LINE('',#10365,#2199);
#1324=LINE('',#10367,#2200);
#1325=LINE('',#10368,#2201);
#1326=LINE('',#10371,#2202);
#1327=LINE('',#10373,#2203);
#1328=LINE('',#10374,#2204);
#1329=LINE('',#10376,#2205);
#1330=LINE('',#10377,#2206);
#1331=LINE('',#10379,#2207);
#1332=LINE('',#10383,#2208);
#1333=LINE('',#10385,#2209);
#1334=LINE('',#10387,#2210);
#1335=LINE('',#10388,#2211);
#1336=LINE('',#10392,#2212);
#1337=LINE('',#10394,#2213);
#1338=LINE('',#10396,#2214);
#1339=LINE('',#10397,#2215);
#1340=LINE('',#10400,#2216);
#1341=LINE('',#10402,#2217);
#1342=LINE('',#10403,#2218);
#1343=LINE('',#10406,#2219);
#1344=LINE('',#10408,#2220);
#1345=LINE('',#10409,#2221);
#1346=LINE('',#10412,#2222);
#1347=LINE('',#10414,#2223);
#1348=LINE('',#10415,#2224);
#1349=LINE('',#10417,#2225);
#1350=LINE('',#10418,#2226);
#1351=LINE('',#10421,#2227);
#1352=LINE('',#10422,#2228);
#1353=LINE('',#10425,#2229);
#1354=LINE('',#10426,#2230);
#1355=LINE('',#10430,#2231);
#1356=LINE('',#10432,#2232);
#1357=LINE('',#10434,#2233);
#1358=LINE('',#10435,#2234);
#1359=LINE('',#10439,#2235);
#1360=LINE('',#10441,#2236);
#1361=LINE('',#10443,#2237);
#1362=LINE('',#10444,#2238);
#1363=LINE('',#10447,#2239);
#1364=LINE('',#10449,#2240);
#1365=LINE('',#10450,#2241);
#1366=LINE('',#10453,#2242);
#1367=LINE('',#10455,#2243);
#1368=LINE('',#10456,#2244);
#1369=LINE('',#10459,#2245);
#1370=LINE('',#10461,#2246);
#1371=LINE('',#10462,#2247);
#1372=LINE('',#10464,#2248);
#1373=LINE('',#10465,#2249);
#1374=LINE('',#10470,#2250);
#1375=LINE('',#10471,#2251);
#1376=LINE('',#10474,#2252);
#1377=LINE('',#10475,#2253);
#1378=LINE('',#10479,#2254);
#1379=LINE('',#10481,#2255);
#1380=LINE('',#10483,#2256);
#1381=LINE('',#10484,#2257);
#1382=LINE('',#10488,#2258);
#1383=LINE('',#10490,#2259);
#1384=LINE('',#10492,#2260);
#1385=LINE('',#10493,#2261);
#1386=LINE('',#10496,#2262);
#1387=LINE('',#10498,#2263);
#1388=LINE('',#10499,#2264);
#1389=LINE('',#10502,#2265);
#1390=LINE('',#10504,#2266);
#1391=LINE('',#10505,#2267);
#1392=LINE('',#10508,#2268);
#1393=LINE('',#10510,#2269);
#1394=LINE('',#10511,#2270);
#1395=LINE('',#10513,#2271);
#1396=LINE('',#10514,#2272);
#1397=LINE('',#10517,#2273);
#1398=LINE('',#10518,#2274);
#1399=LINE('',#10521,#2275);
#1400=LINE('',#10522,#2276);
#1401=LINE('',#10524,#2277);
#1402=LINE('',#10526,#2278);
#1403=LINE('',#10530,#2279);
#1404=LINE('',#10534,#2280);
#1405=LINE('',#10538,#2281);
#1406=LINE('',#10540,#2282);
#1407=LINE('',#10541,#2283);
#1408=LINE('',#10542,#2284);
#1409=LINE('',#10547,#2285);
#1410=LINE('',#10551,#2286);
#1411=LINE('',#10555,#2287);
#1412=LINE('',#10559,#2288);
#1413=LINE('',#10563,#2289);
#1414=LINE('',#10565,#2290);
#1415=LINE('',#10567,#2291);
#1416=LINE('',#10571,#2292);
#1417=LINE('',#10573,#2293);
#1418=LINE('',#10574,#2294);
#1419=LINE('',#10578,#2295);
#1420=LINE('',#10580,#2296);
#1421=LINE('',#10582,#2297);
#1422=LINE('',#10583,#2298);
#1423=LINE('',#10586,#2299);
#1424=LINE('',#10588,#2300);
#1425=LINE('',#10589,#2301);
#1426=LINE('',#10593,#2302);
#1427=LINE('',#10595,#2303);
#1428=LINE('',#10597,#2304);
#1429=LINE('',#10598,#2305);
#1430=LINE('',#10601,#2306);
#1431=LINE('',#10603,#2307);
#1432=LINE('',#10604,#2308);
#1433=LINE('',#10608,#2309);
#1434=LINE('',#10610,#2310);
#1435=LINE('',#10612,#2311);
#1436=LINE('',#10613,#2312);
#1437=LINE('',#10616,#2313);
#1438=LINE('',#10618,#2314);
#1439=LINE('',#10619,#2315);
#1440=LINE('',#10623,#2316);
#1441=LINE('',#10625,#2317);
#1442=LINE('',#10627,#2318);
#1443=LINE('',#10628,#2319);
#1444=LINE('',#10631,#2320);
#1445=LINE('',#10633,#2321);
#1446=LINE('',#10634,#2322);
#1447=LINE('',#10638,#2323);
#1448=LINE('',#10640,#2324);
#1449=LINE('',#10642,#2325);
#1450=LINE('',#10643,#2326);
#1451=LINE('',#10646,#2327);
#1452=LINE('',#10648,#2328);
#1453=LINE('',#10649,#2329);
#1454=LINE('',#10653,#2330);
#1455=LINE('',#10655,#2331);
#1456=LINE('',#10657,#2332);
#1457=LINE('',#10658,#2333);
#1458=LINE('',#10661,#2334);
#1459=LINE('',#10663,#2335);
#1460=LINE('',#10664,#2336);
#1461=LINE('',#10667,#2337);
#1462=LINE('',#10668,#2338);
#1463=LINE('',#10671,#2339);
#1464=LINE('',#10672,#2340);
#1465=LINE('',#10674,#2341);
#1466=LINE('',#10677,#2342);
#1467=LINE('',#10678,#2343);
#1468=LINE('',#10681,#2344);
#1469=LINE('',#10682,#2345);
#1470=LINE('',#10684,#2346);
#1471=LINE('',#10687,#2347);
#1472=LINE('',#10688,#2348);
#1473=LINE('',#10691,#2349);
#1474=LINE('',#10692,#2350);
#1475=LINE('',#10694,#2351);
#1476=LINE('',#10697,#2352);
#1477=LINE('',#10698,#2353);
#1478=LINE('',#10701,#2354);
#1479=LINE('',#10702,#2355);
#1480=LINE('',#10704,#2356);
#1481=LINE('',#10707,#2357);
#1482=LINE('',#10708,#2358);
#1483=LINE('',#10711,#2359);
#1484=LINE('',#10712,#2360);
#1485=LINE('',#10714,#2361);
#1486=LINE('',#10717,#2362);
#1487=LINE('',#10718,#2363);
#1488=LINE('',#10721,#2364);
#1489=LINE('',#10722,#2365);
#1490=LINE('',#10724,#2366);
#1491=LINE('',#10728,#2367);
#1492=LINE('',#10730,#2368);
#1493=LINE('',#10732,#2369);
#1494=LINE('',#10733,#2370);
#1495=LINE('',#10736,#2371);
#1496=LINE('',#10738,#2372);
#1497=LINE('',#10739,#2373);
#1498=LINE('',#10744,#2374);
#1499=LINE('',#10745,#2375);
#1500=LINE('',#10748,#2376);
#1501=LINE('',#10749,#2377);
#1502=LINE('',#10752,#2378);
#1503=LINE('',#10753,#2379);
#1504=LINE('',#10756,#2380);
#1505=LINE('',#10757,#2381);
#1506=LINE('',#10761,#2382);
#1507=LINE('',#10764,#2383);
#1508=LINE('',#10765,#2384);
#1509=LINE('',#10768,#2385);
#1510=LINE('',#10769,#2386);
#1511=LINE('',#10772,#2387);
#1512=LINE('',#10773,#2388);
#1513=LINE('',#10782,#2389);
#1514=LINE('',#10789,#2390);
#1515=LINE('',#10791,#2391);
#1516=LINE('',#10792,#2392);
#1517=LINE('',#10817,#2393);
#1518=LINE('',#10818,#2394);
#1519=LINE('',#10821,#2395);
#1520=LINE('',#10822,#2396);
#1521=LINE('',#10826,#2397);
#1522=LINE('',#10829,#2398);
#1523=LINE('',#10830,#2399);
#1524=LINE('',#10833,#2400);
#1525=LINE('',#10834,#2401);
#1526=LINE('',#10838,#2402);
#1527=LINE('',#10841,#2403);
#1528=LINE('',#10842,#2404);
#1529=LINE('',#10846,#2405);
#1530=LINE('',#10849,#2406);
#1531=LINE('',#10850,#2407);
#1532=LINE('',#10854,#2408);
#1533=LINE('',#10857,#2409);
#1534=LINE('',#10858,#2410);
#1535=LINE('',#10863,#2411);
#1536=LINE('',#10864,#2412);
#1537=LINE('',#10868,#2413);
#1538=LINE('',#10871,#2414);
#1539=LINE('',#10872,#2415);
#1540=LINE('',#10886,#2416);
#1541=LINE('',#10890,#2417);
#1542=LINE('',#10894,#2418);
#1543=LINE('',#10898,#2419);
#1544=LINE('',#10902,#2420);
#1545=LINE('',#10906,#2421);
#1546=LINE('',#10910,#2422);
#1547=LINE('',#10914,#2423);
#1548=LINE('',#10918,#2424);
#1549=LINE('',#10922,#2425);
#1550=LINE('',#10926,#2426);
#1551=LINE('',#10930,#2427);
#1552=LINE('',#10934,#2428);
#1553=LINE('',#10938,#2429);
#1554=LINE('',#10942,#2430);
#1555=LINE('',#10946,#2431);
#1556=LINE('',#10950,#2432);
#1557=LINE('',#10954,#2433);
#1558=LINE('',#10958,#2434);
#1559=LINE('',#10962,#2435);
#1560=LINE('',#10967,#2436);
#1561=LINE('',#10971,#2437);
#1562=LINE('',#10975,#2438);
#1563=LINE('',#10979,#2439);
#1564=LINE('',#10983,#2440);
#1565=LINE('',#10985,#2441);
#1566=LINE('',#10987,#2442);
#1567=LINE('',#10988,#2443);
#1568=LINE('',#10992,#2444);
#1569=LINE('',#10996,#2445);
#1570=LINE('',#10999,#2446);
#1571=LINE('',#11004,#2447);
#1572=LINE('',#11008,#2448);
#1573=LINE('',#11012,#2449);
#1574=LINE('',#11015,#2450);
#1575=LINE('',#11020,#2451);
#1576=LINE('',#11024,#2452);
#1577=LINE('',#11028,#2453);
#1578=LINE('',#11031,#2454);
#1579=LINE('',#11034,#2455);
#1580=LINE('',#11038,#2456);
#1581=LINE('',#11042,#2457);
#1582=LINE('',#11046,#2458);
#1583=LINE('',#11052,#2459);
#1584=LINE('',#11056,#2460);
#1585=LINE('',#11060,#2461);
#1586=LINE('',#11063,#2462);
#1587=LINE('',#11067,#2463);
#1588=LINE('',#11069,#2464);
#1589=LINE('',#11071,#2465);
#1590=LINE('',#11072,#2466);
#1591=LINE('',#11075,#2467);
#1592=LINE('',#11077,#2468);
#1593=LINE('',#11079,#2469);
#1594=LINE('',#11081,#2470);
#1595=LINE('',#11083,#2471);
#1596=LINE('',#11085,#2472);
#1597=LINE('',#11086,#2473);
#1598=LINE('',#11089,#2474);
#1599=LINE('',#11091,#2475);
#1600=LINE('',#11093,#2476);
#1601=LINE('',#11095,#2477);
#1602=LINE('',#11097,#2478);
#1603=LINE('',#11099,#2479);
#1604=LINE('',#11101,#2480);
#1605=LINE('',#11103,#2481);
#1606=LINE('',#11105,#2482);
#1607=LINE('',#11106,#2483);
#1608=LINE('',#11109,#2484);
#1609=LINE('',#11111,#2485);
#1610=LINE('',#11113,#2486);
#1611=LINE('',#11114,#2487);
#1612=LINE('',#11117,#2488);
#1613=LINE('',#11119,#2489);
#1614=LINE('',#11121,#2490);
#1615=LINE('',#11122,#2491);
#1616=LINE('',#11125,#2492);
#1617=LINE('',#11127,#2493);
#1618=LINE('',#11129,#2494);
#1619=LINE('',#11130,#2495);
#1620=LINE('',#11133,#2496);
#1621=LINE('',#11135,#2497);
#1622=LINE('',#11137,#2498);
#1623=LINE('',#11139,#2499);
#1624=LINE('',#11141,#2500);
#1625=LINE('',#11147,#2501);
#1626=LINE('',#11149,#2502);
#1627=LINE('',#11151,#2503);
#1628=LINE('',#11153,#2504);
#1629=LINE('',#11155,#2505);
#1630=LINE('',#11156,#2506);
#1631=LINE('',#11158,#2507);
#1632=LINE('',#11160,#2508);
#1633=LINE('',#11161,#2509);
#1634=LINE('',#11164,#2510);
#1635=LINE('',#11166,#2511);
#1636=LINE('',#11168,#2512);
#1637=LINE('',#11169,#2513);
#1638=LINE('',#11172,#2514);
#1639=LINE('',#11174,#2515);
#1640=LINE('',#11175,#2516);
#1641=LINE('',#11178,#2517);
#1642=LINE('',#11180,#2518);
#1643=LINE('',#11181,#2519);
#1644=LINE('',#11184,#2520);
#1645=LINE('',#11185,#2521);
#1646=LINE('',#11189,#2522);
#1647=LINE('',#11191,#2523);
#1648=LINE('',#11193,#2524);
#1649=LINE('',#11194,#2525);
#1650=LINE('',#11198,#2526);
#1651=LINE('',#11200,#2527);
#1652=LINE('',#11202,#2528);
#1653=LINE('',#11203,#2529);
#1654=LINE('',#11206,#2530);
#1655=LINE('',#11207,#2531);
#1656=LINE('',#11210,#2532);
#1657=LINE('',#11212,#2533);
#1658=LINE('',#11213,#2534);
#1659=LINE('',#11217,#2535);
#1660=LINE('',#11219,#2536);
#1661=LINE('',#11221,#2537);
#1662=LINE('',#11222,#2538);
#1663=LINE('',#11223,#2539);
#1664=LINE('',#11225,#2540);
#1665=LINE('',#11227,#2541);
#1666=LINE('',#11228,#2542);
#1667=LINE('',#11229,#2543);
#1668=LINE('',#11231,#2544);
#1669=LINE('',#11233,#2545);
#1670=LINE('',#11235,#2546);
#1671=LINE('',#11236,#2547);
#1672=LINE('',#11237,#2548);
#1673=LINE('',#11238,#2549);
#1674=LINE('',#11239,#2550);
#1675=LINE('',#11241,#2551);
#1676=LINE('',#11242,#2552);
#1677=LINE('',#11245,#2553);
#1678=LINE('',#11246,#2554);
#1679=LINE('',#11249,#2555);
#1680=LINE('',#11251,#2556);
#1681=LINE('',#11252,#2557);
#1682=LINE('',#11254,#2558);
#1683=LINE('',#11256,#2559);
#1684=LINE('',#11258,#2560);
#1685=LINE('',#11259,#2561);
#1686=LINE('',#11261,#2562);
#1687=LINE('',#11263,#2563);
#1688=LINE('',#11265,#2564);
#1689=LINE('',#11266,#2565);
#1690=LINE('',#11270,#2566);
#1691=LINE('',#11271,#2567);
#1692=LINE('',#11274,#2568);
#1693=LINE('',#11275,#2569);
#1694=LINE('',#11276,#2570);
#1695=LINE('',#11279,#2571);
#1696=LINE('',#11281,#2572);
#1697=LINE('',#11283,#2573);
#1698=LINE('',#11285,#2574);
#1699=LINE('',#11287,#2575);
#1700=LINE('',#11289,#2576);
#1701=LINE('',#11291,#2577);
#1702=LINE('',#11293,#2578);
#1703=LINE('',#11294,#2579);
#1704=LINE('',#11298,#2580);
#1705=LINE('',#11299,#2581);
#1706=LINE('',#11301,#2582);
#1707=LINE('',#11303,#2583);
#1708=LINE('',#11304,#2584);
#1709=LINE('',#11307,#2585);
#1710=LINE('',#11308,#2586);
#1711=LINE('',#11310,#2587);
#1712=LINE('',#11312,#2588);
#1713=LINE('',#11314,#2589);
#1714=LINE('',#11315,#2590);
#1715=LINE('',#11318,#2591);
#1716=LINE('',#11320,#2592);
#1717=LINE('',#11322,#2593);
#1718=LINE('',#11323,#2594);
#1719=LINE('',#11326,#2595);
#1720=LINE('',#11328,#2596);
#1721=LINE('',#11330,#2597);
#1722=LINE('',#11331,#2598);
#1723=LINE('',#11334,#2599);
#1724=LINE('',#11336,#2600);
#1725=LINE('',#11338,#2601);
#1726=LINE('',#11339,#2602);
#1727=LINE('',#11342,#2603);
#1728=LINE('',#11366,#2604);
#1729=LINE('',#11390,#2605);
#1730=LINE('',#11394,#2606);
#1731=LINE('',#11398,#2607);
#1732=LINE('',#11402,#2608);
#1733=LINE('',#11406,#2609);
#1734=LINE('',#11408,#2610);
#1735=LINE('',#11410,#2611);
#1736=LINE('',#11412,#2612);
#1737=LINE('',#11414,#2613);
#1738=LINE('',#11415,#2614);
#1739=LINE('',#11418,#2615);
#1740=LINE('',#11419,#2616);
#1741=LINE('',#11422,#2617);
#1742=LINE('',#11424,#2618);
#1743=LINE('',#11425,#2619);
#1744=LINE('',#11428,#2620);
#1745=LINE('',#11430,#2621);
#1746=LINE('',#11431,#2622);
#1747=LINE('',#11433,#2623);
#1748=LINE('',#11435,#2624);
#1749=LINE('',#11437,#2625);
#1750=LINE('',#11439,#2626);
#1751=LINE('',#11441,#2627);
#1752=LINE('',#11443,#2628);
#1753=LINE('',#11444,#2629);
#1754=LINE('',#11445,#2630);
#1755=LINE('',#11446,#2631);
#1756=LINE('',#11447,#2632);
#1757=LINE('',#11451,#2633);
#1758=LINE('',#11453,#2634);
#1759=LINE('',#11455,#2635);
#1760=LINE('',#11456,#2636);
#1761=LINE('',#11459,#2637);
#1762=LINE('',#11461,#2638);
#1763=LINE('',#11463,#2639);
#1764=LINE('',#11465,#2640);
#1765=LINE('',#11467,#2641);
#1766=LINE('',#11469,#2642);
#1767=LINE('',#11471,#2643);
#1768=LINE('',#11473,#2644);
#1769=LINE('',#11474,#2645);
#1770=LINE('',#11477,#2646);
#1771=LINE('',#11479,#2647);
#1772=LINE('',#11480,#2648);
#1773=LINE('',#11483,#2649);
#1774=LINE('',#11485,#2650);
#1775=LINE('',#11487,#2651);
#1776=LINE('',#11489,#2652);
#1777=LINE('',#11491,#2653);
#1778=LINE('',#11493,#2654);
#1779=LINE('',#11495,#2655);
#1780=LINE('',#11497,#2656);
#1781=LINE('',#11499,#2657);
#1782=LINE('',#11501,#2658);
#1783=LINE('',#11503,#2659);
#1784=LINE('',#11505,#2660);
#1785=LINE('',#11506,#2661);
#1786=LINE('',#11509,#2662);
#1787=LINE('',#11513,#2663);
#1788=LINE('',#11515,#2664);
#1789=LINE('',#11516,#2665);
#1790=LINE('',#11517,#2666);
#1791=LINE('',#11519,#2667);
#1792=LINE('',#11520,#2668);
#1793=LINE('',#11521,#2669);
#1794=LINE('',#11523,#2670);
#1795=LINE('',#11529,#2671);
#1796=LINE('',#11532,#2672);
#1797=LINE('',#11535,#2673);
#1798=LINE('',#11537,#2674);
#1799=LINE('',#11538,#2675);
#1800=LINE('',#11540,#2676);
#1801=LINE('',#11542,#2677);
#1802=LINE('',#11544,#2678);
#1803=LINE('',#11546,#2679);
#1804=LINE('',#11548,#2680);
#1805=LINE('',#11550,#2681);
#1806=LINE('',#11557,#2682);
#1807=LINE('',#11560,#2683);
#1808=LINE('',#11562,#2684);
#1809=LINE('',#11563,#2685);
#1810=LINE('',#11566,#2686);
#1811=LINE('',#11570,#2687);
#1812=LINE('',#11572,#2688);
#1813=LINE('',#11574,#2689);
#1814=LINE('',#11576,#2690);
#1815=LINE('',#11577,#2691);
#1816=LINE('',#11578,#2692);
#1817=LINE('',#11584,#2693);
#1818=LINE('',#11587,#2694);
#1819=LINE('',#11589,#2695);
#1820=LINE('',#11590,#2696);
#1821=LINE('',#11593,#2697);
#1822=LINE('',#11597,#2698);
#1823=LINE('',#11599,#2699);
#1824=LINE('',#11601,#2700);
#1825=LINE('',#11603,#2701);
#1826=LINE('',#11604,#2702);
#1827=LINE('',#11606,#2703);
#1828=LINE('',#11608,#2704);
#1829=LINE('',#11610,#2705);
#1830=LINE('',#11612,#2706);
#1831=LINE('',#11614,#2707);
#1832=LINE('',#11616,#2708);
#1833=LINE('',#11619,#2709);
#1834=LINE('',#11621,#2710);
#1835=LINE('',#11623,#2711);
#1836=LINE('',#11625,#2712);
#1837=LINE('',#11627,#2713);
#1838=LINE('',#11629,#2714);
#1839=LINE('',#11631,#2715);
#1840=LINE('',#11634,#2716);
#1841=LINE('',#11636,#2717);
#1842=LINE('',#11638,#2718);
#1843=LINE('',#11643,#2719);
#1844=LINE('',#11645,#2720);
#1845=LINE('',#11647,#2721);
#1846=LINE('',#11649,#2722);
#1847=LINE('',#11650,#2723);
#1848=LINE('',#11651,#2724);
#1849=LINE('',#11652,#2725);
#1850=LINE('',#11654,#2726);
#1851=LINE('',#11656,#2727);
#1852=LINE('',#11658,#2728);
#1853=LINE('',#11660,#2729);
#1854=LINE('',#11662,#2730);
#1855=LINE('',#11664,#2731);
#1856=LINE('',#11667,#2732);
#1857=LINE('',#11668,#2733);
#1858=LINE('',#11671,#2734);
#1859=LINE('',#11672,#2735);
#1860=LINE('',#11675,#2736);
#1861=LINE('',#11676,#2737);
#1862=LINE('',#11679,#2738);
#1863=LINE('',#11681,#2739);
#1864=LINE('',#11683,#2740);
#1865=LINE('',#11690,#2741);
#1866=LINE('',#11691,#2742);
#1867=LINE('',#11693,#2743);
#1868=LINE('',#11695,#2744);
#1869=LINE('',#11696,#2745);
#1870=LINE('',#11700,#2746);
#1871=LINE('',#11702,#2747);
#1872=LINE('',#11703,#2748);
#1873=LINE('',#11705,#2749);
#1874=LINE('',#11706,#2750);
#1875=LINE('',#11709,#2751);
#1876=LINE('',#11713,#2752);
#1877=LINE('',#11718,#2753);
#1878=LINE('',#11723,#2754);
#1879=LINE('',#11724,#2755);
#1880=LINE('',#11726,#2756);
#1881=LINE('',#11736,#2757);
#1882=LINE('',#11744,#2758);
#1883=LINE('',#11752,#2759);
#1884=LINE('',#11758,#2760);
#1885=LINE('',#11760,#2761);
#1886=LINE('',#11761,#2762);
#1887=LINE('',#11763,#2763);
#1888=LINE('',#11765,#2764);
#1889=LINE('',#11767,#2765);
#1890=LINE('',#11777,#2766);
#1891=LINE('',#11785,#2767);
#1892=LINE('',#11793,#2768);
#1893=LINE('',#11799,#2769);
#1894=LINE('',#11801,#2770);
#1895=LINE('',#11802,#2771);
#1896=LINE('',#11804,#2772);
#1897=LINE('',#11806,#2773);
#1898=LINE('',#11808,#2774);
#1899=LINE('',#11813,#2775);
#1900=LINE('',#11822,#2776);
#1901=LINE('',#11830,#2777);
#1902=LINE('',#11838,#2778);
#1903=LINE('',#11842,#2779);
#1904=LINE('',#11843,#2780);
#1905=LINE('',#11845,#2781);
#1906=LINE('',#11847,#2782);
#1907=LINE('',#11849,#2783);
#1908=LINE('',#11859,#2784);
#1909=LINE('',#11867,#2785);
#1910=LINE('',#11875,#2786);
#1911=LINE('',#11881,#2787);
#1912=LINE('',#11883,#2788);
#1913=LINE('',#11884,#2789);
#1914=LINE('',#11886,#2790);
#1915=LINE('',#11888,#2791);
#1916=LINE('',#11890,#2792);
#1917=LINE('',#11894,#2793);
#1918=LINE('',#11897,#2794);
#1919=LINE('',#11906,#2795);
#1920=LINE('',#11914,#2796);
#1921=LINE('',#11918,#2797);
#1922=LINE('',#11919,#2798);
#1923=LINE('',#11921,#2799);
#1924=LINE('',#11923,#2800);
#1925=LINE('',#11925,#2801);
#1926=LINE('',#11927,#2802);
#1927=LINE('',#11929,#2803);
#1928=LINE('',#11931,#2804);
#1929=LINE('',#11934,#2805);
#1930=LINE('',#11936,#2806);
#1931=LINE('',#11938,#2807);
#1932=LINE('',#11941,#2808);
#1933=LINE('',#11943,#2809);
#1934=LINE('',#11945,#2810);
#1935=LINE('',#11948,#2811);
#1936=LINE('',#11949,#2812);
#1937=LINE('',#11952,#2813);
#1938=LINE('',#11955,#2814);
#1939=LINE('',#11957,#2815);
#1940=LINE('',#11959,#2816);
#1941=LINE('',#11963,#2817);
#1942=LINE('',#11966,#2818);
#1943=LINE('',#11967,#2819);
#1944=LINE('',#11970,#2820);
#1945=LINE('',#11972,#2821);
#1946=LINE('',#11973,#2822);
#1947=LINE('',#11976,#2823);
#1948=LINE('',#11980,#2824);
#1949=LINE('',#11984,#2825);
#1950=LINE('',#11988,#2826);
#1951=LINE('',#11999,#2827);
#1952=LINE('',#12015,#2828);
#1953=LINE('',#12024,#2829);
#1954=LINE('',#12026,#2830);
#1955=LINE('',#12027,#2831);
#1956=LINE('',#12034,#2832);
#1957=LINE('',#12038,#2833);
#1958=LINE('',#12041,#2834);
#1959=LINE('',#12043,#2835);
#1960=LINE('',#12044,#2836);
#1961=LINE('',#12045,#2837);
#1962=LINE('',#12049,#2838);
#1963=LINE('',#12051,#2839);
#1964=LINE('',#12053,#2840);
#1965=LINE('',#12054,#2841);
#1966=LINE('',#12057,#2842);
#1967=LINE('',#12059,#2843);
#1968=LINE('',#12061,#2844);
#1969=LINE('',#12062,#2845);
#1970=LINE('',#12065,#2846);
#1971=LINE('',#12066,#2847);
#1972=LINE('',#12067,#2848);
#1973=LINE('',#12077,#2849);
#1974=LINE('',#12081,#2850);
#1975=LINE('',#12086,#2851);
#1976=LINE('',#12090,#2852);
#1977=LINE('',#12093,#2853);
#1978=LINE('',#12097,#2854);
#1979=LINE('',#12102,#2855);
#1980=LINE('',#12106,#2856);
#1981=LINE('',#12108,#2857);
#1982=LINE('',#12109,#2858);
#1983=LINE('',#12111,#2859);
#1984=LINE('',#12258,#2860);
#1985=LINE('',#12260,#2861);
#1986=LINE('',#12261,#2862);
#1987=LINE('',#12264,#2863);
#1988=LINE('',#12265,#2864);
#1989=LINE('',#12268,#2865);
#1990=LINE('',#12269,#2866);
#1991=LINE('',#12271,#2867);
#1992=LINE('',#12274,#2868);
#1993=LINE('',#12276,#2869);
#1994=LINE('',#12277,#2870);
#1995=LINE('',#12280,#2871);
#1996=LINE('',#12282,#2872);
#1997=LINE('',#12283,#2873);
#1998=LINE('',#12287,#2874);
#1999=LINE('',#12289,#2875);
#2000=LINE('',#12291,#2876);
#2001=LINE('',#12292,#2877);
#2002=LINE('',#12296,#2878);
#2003=LINE('',#12298,#2879);
#2004=LINE('',#12300,#2880);
#2005=LINE('',#12301,#2881);
#2006=LINE('',#12305,#2882);
#2007=LINE('',#12307,#2883);
#2008=LINE('',#12309,#2884);
#2009=LINE('',#12310,#2885);
#2010=LINE('',#12313,#2886);
#2011=LINE('',#12315,#2887);
#2012=LINE('',#12316,#2888);
#2013=LINE('',#12319,#2889);
#2014=LINE('',#12321,#2890);
#2015=LINE('',#12322,#2891);
#2016=LINE('',#12324,#2892);
#2017=LINE('',#12325,#2893);
#2018=LINE('',#12329,#2894);
#2019=LINE('',#12331,#2895);
#2020=LINE('',#12332,#2896);
#2021=LINE('',#12334,#2897);
#2022=LINE('',#12335,#2898);
#2023=LINE('',#12339,#2899);
#2024=LINE('',#12341,#2900);
#2025=LINE('',#12342,#2901);
#2026=LINE('',#12344,#2902);
#2027=LINE('',#12345,#2903);
#2028=LINE('',#12350,#2904);
#2029=LINE('',#12352,#2905);
#2030=LINE('',#12354,#2906);
#2031=LINE('',#12355,#2907);
#2032=LINE('',#12357,#2908);
#2033=LINE('',#12358,#2909);
#2034=LINE('',#12360,#2910);
#2035=LINE('',#12364,#2911);
#2036=LINE('',#12366,#2912);
#2037=LINE('',#12368,#2913);
#2038=LINE('',#12369,#2914);
#2039=LINE('',#12371,#2915);
#2040=LINE('',#12372,#2916);
#2041=LINE('',#12374,#2917);
#2042=LINE('',#12378,#2918);
#2043=LINE('',#12380,#2919);
#2044=LINE('',#12382,#2920);
#2045=LINE('',#12383,#2921);
#2046=LINE('',#12385,#2922);
#2047=LINE('',#12386,#2923);
#2048=LINE('',#12388,#2924);
#2049=LINE('',#12390,#2925);
#2050=LINE('',#12392,#2926);
#2051=LINE('',#12397,#2927);
#2052=LINE('',#12399,#2928);
#2053=LINE('',#12404,#2929);
#2054=LINE('',#12405,#2930);
#2055=LINE('',#12408,#2931);
#2056=LINE('',#12410,#2932);
#2057=LINE('',#12412,#2933);
#2058=LINE('',#12413,#2934);
#2059=LINE('',#12417,#2935);
#2060=LINE('',#12418,#2936);
#2061=LINE('',#12419,#2937);
#2062=LINE('',#12423,#2938);
#2063=LINE('',#12424,#2939);
#2064=LINE('',#12425,#2940);
#2065=LINE('',#12428,#2941);
#2066=LINE('',#12430,#2942);
#2067=LINE('',#12431,#2943);
#2068=LINE('',#12434,#2944);
#2069=LINE('',#12435,#2945);
#2070=LINE('',#12438,#2946);
#2071=LINE('',#12439,#2947);
#2072=LINE('',#12441,#2948);
#2073=LINE('',#12443,#2949);
#2074=LINE('',#12445,#2950);
#2075=LINE('',#12451,#2951);
#2076=LINE('',#12455,#2952);
#2077=LINE('',#12459,#2953);
#2078=LINE('',#12462,#2954);
#2079=LINE('',#12464,#2955);
#2080=LINE('',#12465,#2956);
#2081=LINE('',#12467,#2957);
#2082=LINE('',#12469,#2958);
#2083=LINE('',#12472,#2959);
#2084=LINE('',#12476,#2960);
#2085=LINE('',#12478,#2961);
#2086=LINE('',#12486,#2962);
#2087=LINE('',#12487,#2963);
#2088=LINE('',#12488,#2964);
#2089=LINE('',#12491,#2965);
#2090=LINE('',#12492,#2966);
#2091=LINE('',#12496,#2967);
#2092=LINE('',#12497,#2968);
#2093=LINE('',#12498,#2969);
#2094=LINE('',#12501,#2970);
#2095=LINE('',#12502,#2971);
#2096=LINE('',#12505,#2972);
#2097=LINE('',#12506,#2973);
#2098=LINE('',#12508,#2974);
#2099=LINE('',#12511,#2975);
#2100=LINE('',#12512,#2976);
#2101=LINE('',#12514,#2977);
#2102=VECTOR('',#8153,10.);
#2103=VECTOR('',#8154,10.);
#2104=VECTOR('',#8155,10.);
#2105=VECTOR('',#8156,10.);
#2106=VECTOR('',#8159,10.);
#2107=VECTOR('',#8160,10.);
#2108=VECTOR('',#8161,10.);
#2109=VECTOR('',#8164,10.);
#2110=VECTOR('',#8165,10.);
#2111=VECTOR('',#8166,10.);
#2112=VECTOR('',#8169,10.);
#2113=VECTOR('',#8170,10.);
#2114=VECTOR('',#8173,10.);
#2115=VECTOR('',#8174,10.);
#2116=VECTOR('',#8175,10.);
#2117=VECTOR('',#8176,10.);
#2118=VECTOR('',#8179,10.);
#2119=VECTOR('',#8180,10.);
#2120=VECTOR('',#8181,10.);
#2121=VECTOR('',#8184,10.);
#2122=VECTOR('',#8185,10.);
#2123=VECTOR('',#8186,10.);
#2124=VECTOR('',#8189,10.);
#2125=VECTOR('',#8190,10.);
#2126=VECTOR('',#8193,10.);
#2127=VECTOR('',#8194,10.);
#2128=VECTOR('',#8195,10.);
#2129=VECTOR('',#8196,10.);
#2130=VECTOR('',#8199,10.);
#2131=VECTOR('',#8200,10.);
#2132=VECTOR('',#8201,10.);
#2133=VECTOR('',#8204,10.);
#2134=VECTOR('',#8205,10.);
#2135=VECTOR('',#8206,10.);
#2136=VECTOR('',#8209,10.);
#2137=VECTOR('',#8210,10.);
#2138=VECTOR('',#8213,10.);
#2139=VECTOR('',#8214,10.);
#2140=VECTOR('',#8215,10.);
#2141=VECTOR('',#8216,10.);
#2142=VECTOR('',#8219,10.);
#2143=VECTOR('',#8220,10.);
#2144=VECTOR('',#8221,10.);
#2145=VECTOR('',#8224,10.);
#2146=VECTOR('',#8225,10.);
#2147=VECTOR('',#8226,10.);
#2148=VECTOR('',#8229,10.);
#2149=VECTOR('',#8230,10.);
#2150=VECTOR('',#8233,10.);
#2151=VECTOR('',#8234,10.);
#2152=VECTOR('',#8235,10.);
#2153=VECTOR('',#8236,10.);
#2154=VECTOR('',#8239,10.);
#2155=VECTOR('',#8240,10.);
#2156=VECTOR('',#8241,10.);
#2157=VECTOR('',#8244,10.);
#2158=VECTOR('',#8245,10.);
#2159=VECTOR('',#8246,10.);
#2160=VECTOR('',#8249,10.);
#2161=VECTOR('',#8250,10.);
#2162=VECTOR('',#8253,10.);
#2163=VECTOR('',#8254,10.);
#2164=VECTOR('',#8255,10.);
#2165=VECTOR('',#8256,10.);
#2166=VECTOR('',#8259,10.);
#2167=VECTOR('',#8260,10.);
#2168=VECTOR('',#8261,10.);
#2169=VECTOR('',#8262,10.);
#2170=VECTOR('',#8265,10.);
#2171=VECTOR('',#8266,10.);
#2172=VECTOR('',#8267,10.);
#2173=VECTOR('',#8270,10.);
#2174=VECTOR('',#8271,10.);
#2175=VECTOR('',#8272,10.);
#2176=VECTOR('',#8275,10.);
#2177=VECTOR('',#8276,10.);
#2178=VECTOR('',#8277,10.);
#2179=VECTOR('',#8280,10.);
#2180=VECTOR('',#8281,10.);
#2181=VECTOR('',#8284,10.);
#2182=VECTOR('',#8285,10.);
#2183=VECTOR('',#8288,10.);
#2184=VECTOR('',#8289,10.);
#2185=VECTOR('',#8292,10.);
#2186=VECTOR('',#8293,10.);
#2187=VECTOR('',#8294,10.);
#2188=VECTOR('',#8295,10.);
#2189=VECTOR('',#8298,10.);
#2190=VECTOR('',#8299,10.);
#2191=VECTOR('',#8300,10.);
#2192=VECTOR('',#8301,10.);
#2193=VECTOR('',#8304,10.);
#2194=VECTOR('',#8305,10.);
#2195=VECTOR('',#8306,10.);
#2196=VECTOR('',#8307,10.);
#2197=VECTOR('',#8310,10.);
#2198=VECTOR('',#8311,10.);
#2199=VECTOR('',#8314,10.);
#2200=VECTOR('',#8315,10.);
#2201=VECTOR('',#8316,10.);
#2202=VECTOR('',#8319,10.);
#2203=VECTOR('',#8320,10.);
#2204=VECTOR('',#8321,10.);
#2205=VECTOR('',#8324,10.);
#2206=VECTOR('',#8325,10.);
#2207=VECTOR('',#8328,10.);
#2208=VECTOR('',#8331,10.);
#2209=VECTOR('',#8332,10.);
#2210=VECTOR('',#8333,10.);
#2211=VECTOR('',#8334,10.);
#2212=VECTOR('',#8337,10.);
#2213=VECTOR('',#8338,10.);
#2214=VECTOR('',#8339,10.);
#2215=VECTOR('',#8340,10.);
#2216=VECTOR('',#8343,10.);
#2217=VECTOR('',#8344,10.);
#2218=VECTOR('',#8345,10.);
#2219=VECTOR('',#8348,10.);
#2220=VECTOR('',#8349,10.);
#2221=VECTOR('',#8350,10.);
#2222=VECTOR('',#8353,10.);
#2223=VECTOR('',#8354,10.);
#2224=VECTOR('',#8355,10.);
#2225=VECTOR('',#8358,10.);
#2226=VECTOR('',#8359,10.);
#2227=VECTOR('',#8362,10.);
#2228=VECTOR('',#8363,10.);
#2229=VECTOR('',#8366,10.);
#2230=VECTOR('',#8367,10.);
#2231=VECTOR('',#8370,10.);
#2232=VECTOR('',#8371,10.);
#2233=VECTOR('',#8372,10.);
#2234=VECTOR('',#8373,10.);
#2235=VECTOR('',#8376,10.);
#2236=VECTOR('',#8377,10.);
#2237=VECTOR('',#8378,10.);
#2238=VECTOR('',#8379,10.);
#2239=VECTOR('',#8382,10.);
#2240=VECTOR('',#8383,10.);
#2241=VECTOR('',#8384,10.);
#2242=VECTOR('',#8387,10.);
#2243=VECTOR('',#8388,10.);
#2244=VECTOR('',#8389,10.);
#2245=VECTOR('',#8392,10.);
#2246=VECTOR('',#8393,10.);
#2247=VECTOR('',#8394,10.);
#2248=VECTOR('',#8397,10.);
#2249=VECTOR('',#8398,10.);
#2250=VECTOR('',#8403,10.);
#2251=VECTOR('',#8404,10.);
#2252=VECTOR('',#8407,10.);
#2253=VECTOR('',#8408,10.);
#2254=VECTOR('',#8411,10.);
#2255=VECTOR('',#8412,10.);
#2256=VECTOR('',#8413,10.);
#2257=VECTOR('',#8414,10.);
#2258=VECTOR('',#8417,10.);
#2259=VECTOR('',#8418,10.);
#2260=VECTOR('',#8419,10.);
#2261=VECTOR('',#8420,10.);
#2262=VECTOR('',#8423,10.);
#2263=VECTOR('',#8424,10.);
#2264=VECTOR('',#8425,10.);
#2265=VECTOR('',#8428,10.);
#2266=VECTOR('',#8429,10.);
#2267=VECTOR('',#8430,10.);
#2268=VECTOR('',#8433,10.);
#2269=VECTOR('',#8434,10.);
#2270=VECTOR('',#8435,10.);
#2271=VECTOR('',#8438,10.);
#2272=VECTOR('',#8439,10.);
#2273=VECTOR('',#8442,10.);
#2274=VECTOR('',#8443,10.);
#2275=VECTOR('',#8446,10.);
#2276=VECTOR('',#8447,10.);
#2277=VECTOR('',#8450,10.);
#2278=VECTOR('',#8451,10.);
#2279=VECTOR('',#8454,10.);
#2280=VECTOR('',#8457,10.);
#2281=VECTOR('',#8460,10.);
#2282=VECTOR('',#8463,10.);
#2283=VECTOR('',#8464,10.);
#2284=VECTOR('',#8465,10.);
#2285=VECTOR('',#8468,10.);
#2286=VECTOR('',#8471,10.);
#2287=VECTOR('',#8474,10.);
#2288=VECTOR('',#8477,10.);
#2289=VECTOR('',#8480,10.);
#2290=VECTOR('',#8481,10.);
#2291=VECTOR('',#8482,10.);
#2292=VECTOR('',#8485,10.);
#2293=VECTOR('',#8486,10.);
#2294=VECTOR('',#8487,10.);
#2295=VECTOR('',#8490,10.);
#2296=VECTOR('',#8491,10.);
#2297=VECTOR('',#8492,10.);
#2298=VECTOR('',#8493,10.);
#2299=VECTOR('',#8496,10.);
#2300=VECTOR('',#8497,10.);
#2301=VECTOR('',#8498,10.);
#2302=VECTOR('',#8501,10.);
#2303=VECTOR('',#8502,10.);
#2304=VECTOR('',#8503,10.);
#2305=VECTOR('',#8504,10.);
#2306=VECTOR('',#8507,10.);
#2307=VECTOR('',#8508,10.);
#2308=VECTOR('',#8509,10.);
#2309=VECTOR('',#8512,10.);
#2310=VECTOR('',#8513,10.);
#2311=VECTOR('',#8514,10.);
#2312=VECTOR('',#8515,10.);
#2313=VECTOR('',#8518,10.);
#2314=VECTOR('',#8519,10.);
#2315=VECTOR('',#8520,10.);
#2316=VECTOR('',#8523,10.);
#2317=VECTOR('',#8524,10.);
#2318=VECTOR('',#8525,10.);
#2319=VECTOR('',#8526,10.);
#2320=VECTOR('',#8529,10.);
#2321=VECTOR('',#8530,10.);
#2322=VECTOR('',#8531,10.);
#2323=VECTOR('',#8534,10.);
#2324=VECTOR('',#8535,10.);
#2325=VECTOR('',#8536,10.);
#2326=VECTOR('',#8537,10.);
#2327=VECTOR('',#8540,10.);
#2328=VECTOR('',#8541,10.);
#2329=VECTOR('',#8542,10.);
#2330=VECTOR('',#8545,10.);
#2331=VECTOR('',#8546,10.);
#2332=VECTOR('',#8547,10.);
#2333=VECTOR('',#8548,10.);
#2334=VECTOR('',#8551,10.);
#2335=VECTOR('',#8552,10.);
#2336=VECTOR('',#8553,10.);
#2337=VECTOR('',#8556,10.);
#2338=VECTOR('',#8557,10.);
#2339=VECTOR('',#8560,10.);
#2340=VECTOR('',#8561,10.);
#2341=VECTOR('',#8564,10.);
#2342=VECTOR('',#8567,10.);
#2343=VECTOR('',#8568,10.);
#2344=VECTOR('',#8571,10.);
#2345=VECTOR('',#8572,10.);
#2346=VECTOR('',#8575,10.);
#2347=VECTOR('',#8578,10.);
#2348=VECTOR('',#8579,10.);
#2349=VECTOR('',#8582,10.);
#2350=VECTOR('',#8583,10.);
#2351=VECTOR('',#8586,10.);
#2352=VECTOR('',#8589,10.);
#2353=VECTOR('',#8590,10.);
#2354=VECTOR('',#8593,10.);
#2355=VECTOR('',#8594,10.);
#2356=VECTOR('',#8597,10.);
#2357=VECTOR('',#8600,10.);
#2358=VECTOR('',#8601,10.);
#2359=VECTOR('',#8604,10.);
#2360=VECTOR('',#8605,10.);
#2361=VECTOR('',#8608,10.);
#2362=VECTOR('',#8611,10.);
#2363=VECTOR('',#8612,10.);
#2364=VECTOR('',#8615,10.);
#2365=VECTOR('',#8616,10.);
#2366=VECTOR('',#8619,10.);
#2367=VECTOR('',#8622,10.);
#2368=VECTOR('',#8623,10.);
#2369=VECTOR('',#8624,10.);
#2370=VECTOR('',#8625,10.);
#2371=VECTOR('',#8628,10.);
#2372=VECTOR('',#8629,10.);
#2373=VECTOR('',#8630,10.);
#2374=VECTOR('',#8635,10.);
#2375=VECTOR('',#8636,10.);
#2376=VECTOR('',#8639,10.);
#2377=VECTOR('',#8640,10.);
#2378=VECTOR('',#8643,10.);
#2379=VECTOR('',#8644,10.);
#2380=VECTOR('',#8647,10.);
#2381=VECTOR('',#8648,10.);
#2382=VECTOR('',#8653,10.);
#2383=VECTOR('',#8656,10.);
#2384=VECTOR('',#8657,10.);
#2385=VECTOR('',#8660,10.);
#2386=VECTOR('',#8661,10.);
#2387=VECTOR('',#8664,10.);
#2388=VECTOR('',#8665,10.);
#2389=VECTOR('',#8668,10.);
#2390=VECTOR('',#8669,10.);
#2391=VECTOR('',#8670,10.);
#2392=VECTOR('',#8671,10.);
#2393=VECTOR('',#8684,10.);
#2394=VECTOR('',#8685,10.);
#2395=VECTOR('',#8688,10.);
#2396=VECTOR('',#8689,10.);
#2397=VECTOR('',#8694,10.);
#2398=VECTOR('',#8697,10.);
#2399=VECTOR('',#8698,10.);
#2400=VECTOR('',#8701,10.);
#2401=VECTOR('',#8702,10.);
#2402=VECTOR('',#8707,10.);
#2403=VECTOR('',#8710,10.);
#2404=VECTOR('',#8711,10.);
#2405=VECTOR('',#8716,10.);
#2406=VECTOR('',#8719,10.);
#2407=VECTOR('',#8720,10.);
#2408=VECTOR('',#8725,10.);
#2409=VECTOR('',#8728,10.);
#2410=VECTOR('',#8729,10.);
#2411=VECTOR('',#8736,10.);
#2412=VECTOR('',#8737,10.);
#2413=VECTOR('',#8742,10.);
#2414=VECTOR('',#8745,10.);
#2415=VECTOR('',#8746,10.);
#2416=VECTOR('',#8763,10.);
#2417=VECTOR('',#8766,10.);
#2418=VECTOR('',#8769,10.);
#2419=VECTOR('',#8772,10.);
#2420=VECTOR('',#8775,10.);
#2421=VECTOR('',#8778,10.);
#2422=VECTOR('',#8781,10.);
#2423=VECTOR('',#8784,10.);
#2424=VECTOR('',#8787,10.);
#2425=VECTOR('',#8790,10.);
#2426=VECTOR('',#8793,10.);
#2427=VECTOR('',#8796,10.);
#2428=VECTOR('',#8799,10.);
#2429=VECTOR('',#8802,10.);
#2430=VECTOR('',#8805,10.);
#2431=VECTOR('',#8808,10.);
#2432=VECTOR('',#8811,10.);
#2433=VECTOR('',#8814,10.);
#2434=VECTOR('',#8817,10.);
#2435=VECTOR('',#8820,10.);
#2436=VECTOR('',#8825,10.);
#2437=VECTOR('',#8828,10.);
#2438=VECTOR('',#8831,10.);
#2439=VECTOR('',#8834,10.);
#2440=VECTOR('',#8837,10.);
#2441=VECTOR('',#8838,10.);
#2442=VECTOR('',#8839,10.);
#2443=VECTOR('',#8840,10.);
#2444=VECTOR('',#8843,10.);
#2445=VECTOR('',#8846,10.);
#2446=VECTOR('',#8849,10.);
#2447=VECTOR('',#8852,10.);
#2448=VECTOR('',#8855,10.);
#2449=VECTOR('',#8858,10.);
#2450=VECTOR('',#8861,10.);
#2451=VECTOR('',#8864,10.);
#2452=VECTOR('',#8867,10.);
#2453=VECTOR('',#8870,10.);
#2454=VECTOR('',#8873,10.);
#2455=VECTOR('',#8874,10.);
#2456=VECTOR('',#8877,10.);
#2457=VECTOR('',#8880,10.);
#2458=VECTOR('',#8883,10.);
#2459=VECTOR('',#8888,10.);
#2460=VECTOR('',#8891,10.);
#2461=VECTOR('',#8894,10.);
#2462=VECTOR('',#8897,10.);
#2463=VECTOR('',#8900,10.);
#2464=VECTOR('',#8901,10.);
#2465=VECTOR('',#8902,10.);
#2466=VECTOR('',#8903,10.);
#2467=VECTOR('',#8906,10.);
#2468=VECTOR('',#8907,10.);
#2469=VECTOR('',#8908,10.);
#2470=VECTOR('',#8909,10.);
#2471=VECTOR('',#8910,10.);
#2472=VECTOR('',#8911,10.);
#2473=VECTOR('',#8912,10.);
#2474=VECTOR('',#8915,10.);
#2475=VECTOR('',#8916,10.);
#2476=VECTOR('',#8917,10.);
#2477=VECTOR('',#8918,10.);
#2478=VECTOR('',#8919,10.);
#2479=VECTOR('',#8920,10.);
#2480=VECTOR('',#8921,10.);
#2481=VECTOR('',#8922,10.);
#2482=VECTOR('',#8923,10.);
#2483=VECTOR('',#8924,10.);
#2484=VECTOR('',#8925,10.);
#2485=VECTOR('',#8926,10.);
#2486=VECTOR('',#8927,10.);
#2487=VECTOR('',#8928,10.);
#2488=VECTOR('',#8929,10.);
#2489=VECTOR('',#8930,10.);
#2490=VECTOR('',#8931,10.);
#2491=VECTOR('',#8932,10.);
#2492=VECTOR('',#8933,10.);
#2493=VECTOR('',#8934,10.);
#2494=VECTOR('',#8935,10.);
#2495=VECTOR('',#8936,10.);
#2496=VECTOR('',#8939,10.);
#2497=VECTOR('',#8940,10.);
#2498=VECTOR('',#8941,10.);
#2499=VECTOR('',#8942,10.);
#2500=VECTOR('',#8943,10.);
#2501=VECTOR('',#8948,10.);
#2502=VECTOR('',#8949,10.);
#2503=VECTOR('',#8950,10.);
#2504=VECTOR('',#8951,10.);
#2505=VECTOR('',#8952,10.);
#2506=VECTOR('',#8953,10.);
#2507=VECTOR('',#8954,10.);
#2508=VECTOR('',#8955,10.);
#2509=VECTOR('',#8956,10.);
#2510=VECTOR('',#8957,10.);
#2511=VECTOR('',#8958,10.);
#2512=VECTOR('',#8959,10.);
#2513=VECTOR('',#8960,10.);
#2514=VECTOR('',#8961,10.);
#2515=VECTOR('',#8962,10.);
#2516=VECTOR('',#8963,10.);
#2517=VECTOR('',#8966,10.);
#2518=VECTOR('',#8967,10.);
#2519=VECTOR('',#8968,10.);
#2520=VECTOR('',#8971,10.);
#2521=VECTOR('',#8972,10.);
#2522=VECTOR('',#8975,10.);
#2523=VECTOR('',#8976,10.);
#2524=VECTOR('',#8977,10.);
#2525=VECTOR('',#8978,10.);
#2526=VECTOR('',#8981,10.);
#2527=VECTOR('',#8982,10.);
#2528=VECTOR('',#8983,10.);
#2529=VECTOR('',#8984,10.);
#2530=VECTOR('',#8987,10.);
#2531=VECTOR('',#8988,10.);
#2532=VECTOR('',#8991,10.);
#2533=VECTOR('',#8992,10.);
#2534=VECTOR('',#8993,10.);
#2535=VECTOR('',#8996,10.);
#2536=VECTOR('',#8997,10.);
#2537=VECTOR('',#8998,10.);
#2538=VECTOR('',#8999,10.);
#2539=VECTOR('',#9000,10.);
#2540=VECTOR('',#9003,10.);
#2541=VECTOR('',#9004,10.);
#2542=VECTOR('',#9005,10.);
#2543=VECTOR('',#9006,10.);
#2544=VECTOR('',#9007,10.);
#2545=VECTOR('',#9008,10.);
#2546=VECTOR('',#9009,10.);
#2547=VECTOR('',#9010,10.);
#2548=VECTOR('',#9011,10.);
#2549=VECTOR('',#9012,10.);
#2550=VECTOR('',#9013,10.);
#2551=VECTOR('',#9014,10.);
#2552=VECTOR('',#9015,10.);
#2553=VECTOR('',#9018,10.);
#2554=VECTOR('',#9019,10.);
#2555=VECTOR('',#9022,10.);
#2556=VECTOR('',#9023,10.);
#2557=VECTOR('',#9024,10.);
#2558=VECTOR('',#9025,10.);
#2559=VECTOR('',#9026,10.);
#2560=VECTOR('',#9027,10.);
#2561=VECTOR('',#9028,10.);
#2562=VECTOR('',#9031,10.);
#2563=VECTOR('',#9034,10.);
#2564=VECTOR('',#9035,10.);
#2565=VECTOR('',#9036,10.);
#2566=VECTOR('',#9041,10.);
#2567=VECTOR('',#9042,10.);
#2568=VECTOR('',#9045,10.);
#2569=VECTOR('',#9046,10.);
#2570=VECTOR('',#9047,10.);
#2571=VECTOR('',#9050,10.);
#2572=VECTOR('',#9051,10.);
#2573=VECTOR('',#9052,10.);
#2574=VECTOR('',#9053,10.);
#2575=VECTOR('',#9054,10.);
#2576=VECTOR('',#9055,10.);
#2577=VECTOR('',#9056,10.);
#2578=VECTOR('',#9057,10.);
#2579=VECTOR('',#9058,10.);
#2580=VECTOR('',#9061,10.);
#2581=VECTOR('',#9062,10.);
#2582=VECTOR('',#9063,10.);
#2583=VECTOR('',#9064,10.);
#2584=VECTOR('',#9065,10.);
#2585=VECTOR('',#9068,10.);
#2586=VECTOR('',#9069,10.);
#2587=VECTOR('',#9072,10.);
#2588=VECTOR('',#9073,10.);
#2589=VECTOR('',#9074,10.);
#2590=VECTOR('',#9075,10.);
#2591=VECTOR('',#9076,10.);
#2592=VECTOR('',#9077,10.);
#2593=VECTOR('',#9078,10.);
#2594=VECTOR('',#9079,10.);
#2595=VECTOR('',#9080,10.);
#2596=VECTOR('',#9081,10.);
#2597=VECTOR('',#9082,10.);
#2598=VECTOR('',#9083,10.);
#2599=VECTOR('',#9084,10.);
#2600=VECTOR('',#9085,10.);
#2601=VECTOR('',#9086,10.);
#2602=VECTOR('',#9087,10.);
#2603=VECTOR('',#9088,10.);
#2604=VECTOR('',#9089,10.);
#2605=VECTOR('',#9090,10.);
#2606=VECTOR('',#9093,10.);
#2607=VECTOR('',#9096,10.);
#2608=VECTOR('',#9099,10.);
#2609=VECTOR('',#9104,10.);
#2610=VECTOR('',#9105,10.);
#2611=VECTOR('',#9106,10.);
#2612=VECTOR('',#9107,10.);
#2613=VECTOR('',#9108,10.);
#2614=VECTOR('',#9109,10.);
#2615=VECTOR('',#9112,10.);
#2616=VECTOR('',#9113,10.);
#2617=VECTOR('',#9116,10.);
#2618=VECTOR('',#9117,10.);
#2619=VECTOR('',#9118,10.);
#2620=VECTOR('',#9121,10.);
#2621=VECTOR('',#9122,10.);
#2622=VECTOR('',#9123,10.);
#2623=VECTOR('',#9124,10.);
#2624=VECTOR('',#9125,10.);
#2625=VECTOR('',#9126,10.);
#2626=VECTOR('',#9127,10.);
#2627=VECTOR('',#9128,10.);
#2628=VECTOR('',#9129,10.);
#2629=VECTOR('',#9130,10.);
#2630=VECTOR('',#9131,10.);
#2631=VECTOR('',#9132,10.);
#2632=VECTOR('',#9133,10.);
#2633=VECTOR('',#9136,10.);
#2634=VECTOR('',#9137,10.);
#2635=VECTOR('',#9138,10.);
#2636=VECTOR('',#9139,10.);
#2637=VECTOR('',#9142,10.);
#2638=VECTOR('',#9143,10.);
#2639=VECTOR('',#9144,10.);
#2640=VECTOR('',#9145,10.);
#2641=VECTOR('',#9146,10.);
#2642=VECTOR('',#9147,10.);
#2643=VECTOR('',#9148,10.);
#2644=VECTOR('',#9149,10.);
#2645=VECTOR('',#9150,10.);
#2646=VECTOR('',#9153,10.);
#2647=VECTOR('',#9154,10.);
#2648=VECTOR('',#9155,10.);
#2649=VECTOR('',#9158,10.);
#2650=VECTOR('',#9159,10.);
#2651=VECTOR('',#9160,10.);
#2652=VECTOR('',#9161,10.);
#2653=VECTOR('',#9162,10.);
#2654=VECTOR('',#9163,10.);
#2655=VECTOR('',#9164,10.);
#2656=VECTOR('',#9165,10.);
#2657=VECTOR('',#9166,10.);
#2658=VECTOR('',#9167,10.);
#2659=VECTOR('',#9168,10.);
#2660=VECTOR('',#9169,10.);
#2661=VECTOR('',#9170,10.);
#2662=VECTOR('',#9173,10.);
#2663=VECTOR('',#9176,10.);
#2664=VECTOR('',#9177,10.);
#2665=VECTOR('',#9178,10.);
#2666=VECTOR('',#9179,10.);
#2667=VECTOR('',#9180,10.);
#2668=VECTOR('',#9181,10.);
#2669=VECTOR('',#9182,10.);
#2670=VECTOR('',#9185,10.);
#2671=VECTOR('',#9190,10.);
#2672=VECTOR('',#9193,10.);
#2673=VECTOR('',#9196,10.);
#2674=VECTOR('',#9197,10.);
#2675=VECTOR('',#9198,10.);
#2676=VECTOR('',#9201,10.);
#2677=VECTOR('',#9202,10.);
#2678=VECTOR('',#9203,10.);
#2679=VECTOR('',#9204,10.);
#2680=VECTOR('',#9205,10.);
#2681=VECTOR('',#9206,10.);
#2682=VECTOR('',#9213,10.);
#2683=VECTOR('',#9216,10.);
#2684=VECTOR('',#9219,10.);
#2685=VECTOR('',#9220,10.);
#2686=VECTOR('',#9223,10.);
#2687=VECTOR('',#9226,10.);
#2688=VECTOR('',#9227,10.);
#2689=VECTOR('',#9228,10.);
#2690=VECTOR('',#9229,10.);
#2691=VECTOR('',#9230,10.);
#2692=VECTOR('',#9231,10.);
#2693=VECTOR('',#9236,10.);
#2694=VECTOR('',#9239,10.);
#2695=VECTOR('',#9242,10.);
#2696=VECTOR('',#9243,10.);
#2697=VECTOR('',#9246,10.);
#2698=VECTOR('',#9249,10.);
#2699=VECTOR('',#9250,10.);
#2700=VECTOR('',#9251,10.);
#2701=VECTOR('',#9252,10.);
#2702=VECTOR('',#9253,10.);
#2703=VECTOR('',#9256,10.);
#2704=VECTOR('',#9257,10.);
#2705=VECTOR('',#9258,10.);
#2706=VECTOR('',#9259,10.);
#2707=VECTOR('',#9260,10.);
#2708=VECTOR('',#9261,10.);
#2709=VECTOR('',#9264,10.);
#2710=VECTOR('',#9267,10.);
#2711=VECTOR('',#9268,10.);
#2712=VECTOR('',#9269,10.);
#2713=VECTOR('',#9270,10.);
#2714=VECTOR('',#9271,10.);
#2715=VECTOR('',#9272,10.);
#2716=VECTOR('',#9275,10.);
#2717=VECTOR('',#9278,10.);
#2718=VECTOR('',#9281,10.);
#2719=VECTOR('',#9286,10.);
#2720=VECTOR('',#9287,10.);
#2721=VECTOR('',#9288,10.);
#2722=VECTOR('',#9289,10.);
#2723=VECTOR('',#9290,10.);
#2724=VECTOR('',#9291,10.);
#2725=VECTOR('',#9292,10.);
#2726=VECTOR('',#9295,10.);
#2727=VECTOR('',#9298,10.);
#2728=VECTOR('',#9301,10.);
#2729=VECTOR('',#9304,10.);
#2730=VECTOR('',#9307,10.);
#2731=VECTOR('',#9310,10.);
#2732=VECTOR('',#9315,10.);
#2733=VECTOR('',#9316,10.);
#2734=VECTOR('',#9321,10.);
#2735=VECTOR('',#9322,10.);
#2736=VECTOR('',#9327,10.);
#2737=VECTOR('',#9328,10.);
#2738=VECTOR('',#9333,10.);
#2739=VECTOR('',#9336,10.);
#2740=VECTOR('',#9339,10.);
#2741=VECTOR('',#9350,10.);
#2742=VECTOR('',#9351,10.);
#2743=VECTOR('',#9354,10.);
#2744=VECTOR('',#9357,10.);
#2745=VECTOR('',#9358,10.);
#2746=VECTOR('',#9363,10.);
#2747=VECTOR('',#9364,10.);
#2748=VECTOR('',#9365,10.);
#2749=VECTOR('',#9366,10.);
#2750=VECTOR('',#9367,10.);
#2751=VECTOR('',#9370,2.5);
#2752=VECTOR('',#9373,10.);
#2753=VECTOR('',#9378,10.);
#2754=VECTOR('',#9385,10.);
#2755=VECTOR('',#9386,10.);
#2756=VECTOR('',#9389,10.);
#2757=VECTOR('',#9402,10.);
#2758=VECTOR('',#9413,10.);
#2759=VECTOR('',#9424,10.);
#2760=VECTOR('',#9433,10.);
#2761=VECTOR('',#9436,10.);
#2762=VECTOR('',#9437,10.);
#2763=VECTOR('',#9440,10.);
#2764=VECTOR('',#9443,10.);
#2765=VECTOR('',#9446,10.);
#2766=VECTOR('',#9459,10.);
#2767=VECTOR('',#9470,10.);
#2768=VECTOR('',#9481,10.);
#2769=VECTOR('',#9490,10.);
#2770=VECTOR('',#9493,10.);
#2771=VECTOR('',#9494,10.);
#2772=VECTOR('',#9497,10.);
#2773=VECTOR('',#9500,10.);
#2774=VECTOR('',#9503,10.);
#2775=VECTOR('',#9508,10.);
#2776=VECTOR('',#9521,10.);
#2777=VECTOR('',#9532,10.);
#2778=VECTOR('',#9543,10.);
#2779=VECTOR('',#9550,10.);
#2780=VECTOR('',#9551,10.);
#2781=VECTOR('',#9554,10.);
#2782=VECTOR('',#9557,10.);
#2783=VECTOR('',#9560,10.);
#2784=VECTOR('',#9573,10.);
#2785=VECTOR('',#9584,10.);
#2786=VECTOR('',#9595,10.);
#2787=VECTOR('',#9604,10.);
#2788=VECTOR('',#9607,10.);
#2789=VECTOR('',#9608,10.);
#2790=VECTOR('',#9611,10.);
#2791=VECTOR('',#9614,10.);
#2792=VECTOR('',#9617,10.);
#2793=VECTOR('',#9622,10.);
#2794=VECTOR('',#9625,10.);
#2795=VECTOR('',#9638,10.);
#2796=VECTOR('',#9649,10.);
#2797=VECTOR('',#9656,10.);
#2798=VECTOR('',#9657,10.);
#2799=VECTOR('',#9660,10.);
#2800=VECTOR('',#9663,10.);
#2801=VECTOR('',#9666,10.);
#2802=VECTOR('',#9669,10.);
#2803=VECTOR('',#9672,10.);
#2804=VECTOR('',#9675,10.);
#2805=VECTOR('',#9680,10.);
#2806=VECTOR('',#9683,10.);
#2807=VECTOR('',#9686,10.);
#2808=VECTOR('',#9691,10.);
#2809=VECTOR('',#9694,10.);
#2810=VECTOR('',#9697,10.);
#2811=VECTOR('',#9702,10.);
#2812=VECTOR('',#9703,10.);
#2813=VECTOR('',#9708,10.);
#2814=VECTOR('',#9713,10.);
#2815=VECTOR('',#9716,10.);
#2816=VECTOR('',#9719,10.);
#2817=VECTOR('',#9726,10.);
#2818=VECTOR('',#9729,10.);
#2819=VECTOR('',#9730,10.);
#2820=VECTOR('',#9733,10.);
#2821=VECTOR('',#9734,10.);
#2822=VECTOR('',#9735,10.);
#2823=VECTOR('',#9736,10.);
#2824=VECTOR('',#9739,10.);
#2825=VECTOR('',#9742,10.);
#2826=VECTOR('',#9745,10.);
#2827=VECTOR('',#9748,10.);
#2828=VECTOR('',#9749,10.);
#2829=VECTOR('',#9752,10.);
#2830=VECTOR('',#9753,10.);
#2831=VECTOR('',#9754,10.);
#2832=VECTOR('',#9761,1.35);
#2833=VECTOR('',#9768,10.);
#2834=VECTOR('',#9771,10.);
#2835=VECTOR('',#9772,10.);
#2836=VECTOR('',#9773,10.);
#2837=VECTOR('',#9774,10.);
#2838=VECTOR('',#9777,10.);
#2839=VECTOR('',#9778,10.);
#2840=VECTOR('',#9779,10.);
#2841=VECTOR('',#9780,10.);
#2842=VECTOR('',#9781,10.);
#2843=VECTOR('',#9782,10.);
#2844=VECTOR('',#9783,10.);
#2845=VECTOR('',#9784,10.);
#2846=VECTOR('',#9787,10.);
#2847=VECTOR('',#9788,10.);
#2848=VECTOR('',#9789,10.);
#2849=VECTOR('',#9802,2.5);
#2850=VECTOR('',#9805,10.);
#2851=VECTOR('',#9812,10.);
#2852=VECTOR('',#9817,10.);
#2853=VECTOR('',#9822,10.);
#2854=VECTOR('',#9827,10.);
#2855=VECTOR('',#9832,10.);
#2856=VECTOR('',#9837,10.);
#2857=VECTOR('',#9838,10.);
#2858=VECTOR('',#9839,10.);
#2859=VECTOR('',#9842,10.);
#2860=VECTOR('',#9893,10.);
#2861=VECTOR('',#9894,10.);
#2862=VECTOR('',#9895,10.);
#2863=VECTOR('',#9898,10.);
#2864=VECTOR('',#9899,10.);
#2865=VECTOR('',#9902,10.);
#2866=VECTOR('',#9903,10.);
#2867=VECTOR('',#9906,10.);
#2868=VECTOR('',#9909,10.);
#2869=VECTOR('',#9910,10.);
#2870=VECTOR('',#9911,10.);
#2871=VECTOR('',#9914,10.);
#2872=VECTOR('',#9915,10.);
#2873=VECTOR('',#9916,10.);
#2874=VECTOR('',#9919,10.);
#2875=VECTOR('',#9920,10.);
#2876=VECTOR('',#9921,10.);
#2877=VECTOR('',#9922,10.);
#2878=VECTOR('',#9925,10.);
#2879=VECTOR('',#9926,10.);
#2880=VECTOR('',#9927,10.);
#2881=VECTOR('',#9928,10.);
#2882=VECTOR('',#9931,10.);
#2883=VECTOR('',#9932,10.);
#2884=VECTOR('',#9933,10.);
#2885=VECTOR('',#9934,10.);
#2886=VECTOR('',#9937,10.);
#2887=VECTOR('',#9938,10.);
#2888=VECTOR('',#9939,10.);
#2889=VECTOR('',#9942,10.);
#2890=VECTOR('',#9943,10.);
#2891=VECTOR('',#9944,10.);
#2892=VECTOR('',#9947,10.);
#2893=VECTOR('',#9948,10.);
#2894=VECTOR('',#9953,10.);
#2895=VECTOR('',#9954,10.);
#2896=VECTOR('',#9955,10.);
#2897=VECTOR('',#9958,10.);
#2898=VECTOR('',#9959,10.);
#2899=VECTOR('',#9964,10.);
#2900=VECTOR('',#9965,10.);
#2901=VECTOR('',#9966,10.);
#2902=VECTOR('',#9969,10.);
#2903=VECTOR('',#9970,10.);
#2904=VECTOR('',#9975,10.);
#2905=VECTOR('',#9976,10.);
#2906=VECTOR('',#9977,10.);
#2907=VECTOR('',#9978,10.);
#2908=VECTOR('',#9981,10.);
#2909=VECTOR('',#9982,10.);
#2910=VECTOR('',#9985,10.);
#2911=VECTOR('',#9988,10.);
#2912=VECTOR('',#9989,10.);
#2913=VECTOR('',#9990,10.);
#2914=VECTOR('',#9991,10.);
#2915=VECTOR('',#9994,10.);
#2916=VECTOR('',#9995,10.);
#2917=VECTOR('',#9998,10.);
#2918=VECTOR('',#10001,10.);
#2919=VECTOR('',#10002,10.);
#2920=VECTOR('',#10003,10.);
#2921=VECTOR('',#10004,10.);
#2922=VECTOR('',#10007,10.);
#2923=VECTOR('',#10008,10.);
#2924=VECTOR('',#10011,10.);
#2925=VECTOR('',#10014,10.);
#2926=VECTOR('',#10017,10.);
#2927=VECTOR('',#10026,10.);
#2928=VECTOR('',#10029,10.);
#2929=VECTOR('',#10036,10.);
#2930=VECTOR('',#10037,10.);
#2931=VECTOR('',#10040,10.);
#2932=VECTOR('',#10041,10.);
#2933=VECTOR('',#10042,10.);
#2934=VECTOR('',#10043,10.);
#2935=VECTOR('',#10046,10.);
#2936=VECTOR('',#10047,10.);
#2937=VECTOR('',#10048,10.);
#2938=VECTOR('',#10051,10.);
#2939=VECTOR('',#10052,10.);
#2940=VECTOR('',#10053,10.);
#2941=VECTOR('',#10056,10.);
#2942=VECTOR('',#10057,10.);
#2943=VECTOR('',#10058,10.);
#2944=VECTOR('',#10061,10.);
#2945=VECTOR('',#10062,10.);
#2946=VECTOR('',#10065,10.);
#2947=VECTOR('',#10066,10.);
#2948=VECTOR('',#10069,10.);
#2949=VECTOR('',#10072,10.);
#2950=VECTOR('',#10075,10.);
#2951=VECTOR('',#10082,10.);
#2952=VECTOR('',#10087,10.);
#2953=VECTOR('',#10092,10.);
#2954=VECTOR('',#10097,10.);
#2955=VECTOR('',#10100,10.);
#2956=VECTOR('',#10101,10.);
#2957=VECTOR('',#10104,10.);
#2958=VECTOR('',#10107,10.);
#2959=VECTOR('',#10112,10.);
#2960=VECTOR('',#10119,10.);
#2961=VECTOR('',#10122,10.);
#2962=VECTOR('',#10133,10.);
#2963=VECTOR('',#10134,10.);
#2964=VECTOR('',#10135,10.);
#2965=VECTOR('',#10138,10.);
#2966=VECTOR('',#10139,10.);
#2967=VECTOR('',#10142,10.);
#2968=VECTOR('',#10143,10.);
#2969=VECTOR('',#10144,10.);
#2970=VECTOR('',#10147,10.);
#2971=VECTOR('',#10148,10.);
#2972=VECTOR('',#10151,10.);
#2973=VECTOR('',#10152,10.);
#2974=VECTOR('',#10155,10.);
#2975=VECTOR('',#10158,10.);
#2976=VECTOR('',#10159,10.);
#2977=VECTOR('',#10162,10.);
#2978=VERTEX_POINT('',#10167);
#2979=VERTEX_POINT('',#10168);
#2980=VERTEX_POINT('',#10170);
#2981=VERTEX_POINT('',#10172);
#2982=VERTEX_POINT('',#10176);
#2983=VERTEX_POINT('',#10178);
#2984=VERTEX_POINT('',#10182);
#2985=VERTEX_POINT('',#10184);
#2986=VERTEX_POINT('',#10191);
#2987=VERTEX_POINT('',#10192);
#2988=VERTEX_POINT('',#10194);
#2989=VERTEX_POINT('',#10196);
#2990=VERTEX_POINT('',#10200);
#2991=VERTEX_POINT('',#10202);
#2992=VERTEX_POINT('',#10206);
#2993=VERTEX_POINT('',#10208);
#2994=VERTEX_POINT('',#10215);
#2995=VERTEX_POINT('',#10216);
#2996=VERTEX_POINT('',#10218);
#2997=VERTEX_POINT('',#10220);
#2998=VERTEX_POINT('',#10224);
#2999=VERTEX_POINT('',#10226);
#3000=VERTEX_POINT('',#10230);
#3001=VERTEX_POINT('',#10232);
#3002=VERTEX_POINT('',#10239);
#3003=VERTEX_POINT('',#10240);
#3004=VERTEX_POINT('',#10242);
#3005=VERTEX_POINT('',#10244);
#3006=VERTEX_POINT('',#10248);
#3007=VERTEX_POINT('',#10250);
#3008=VERTEX_POINT('',#10254);
#3009=VERTEX_POINT('',#10256);
#3010=VERTEX_POINT('',#10263);
#3011=VERTEX_POINT('',#10264);
#3012=VERTEX_POINT('',#10266);
#3013=VERTEX_POINT('',#10268);
#3014=VERTEX_POINT('',#10272);
#3015=VERTEX_POINT('',#10274);
#3016=VERTEX_POINT('',#10278);
#3017=VERTEX_POINT('',#10280);
#3018=VERTEX_POINT('',#10287);
#3019=VERTEX_POINT('',#10288);
#3020=VERTEX_POINT('',#10290);
#3021=VERTEX_POINT('',#10292);
#3022=VERTEX_POINT('',#10296);
#3023=VERTEX_POINT('',#10297);
#3024=VERTEX_POINT('',#10299);
#3025=VERTEX_POINT('',#10301);
#3026=VERTEX_POINT('',#10305);
#3027=VERTEX_POINT('',#10307);
#3028=VERTEX_POINT('',#10311);
#3029=VERTEX_POINT('',#10313);
#3030=VERTEX_POINT('',#10317);
#3031=VERTEX_POINT('',#10319);
#3032=VERTEX_POINT('',#10326);
#3033=VERTEX_POINT('',#10330);
#3034=VERTEX_POINT('',#10334);
#3035=VERTEX_POINT('',#10335);
#3036=VERTEX_POINT('',#10337);
#3037=VERTEX_POINT('',#10339);
#3038=VERTEX_POINT('',#10343);
#3039=VERTEX_POINT('',#10344);
#3040=VERTEX_POINT('',#10346);
#3041=VERTEX_POINT('',#10348);
#3042=VERTEX_POINT('',#10352);
#3043=VERTEX_POINT('',#10353);
#3044=VERTEX_POINT('',#10355);
#3045=VERTEX_POINT('',#10357);
#3046=VERTEX_POINT('',#10364);
#3047=VERTEX_POINT('',#10366);
#3048=VERTEX_POINT('',#10370);
#3049=VERTEX_POINT('',#10372);
#3050=VERTEX_POINT('',#10381);
#3051=VERTEX_POINT('',#10382);
#3052=VERTEX_POINT('',#10384);
#3053=VERTEX_POINT('',#10386);
#3054=VERTEX_POINT('',#10390);
#3055=VERTEX_POINT('',#10391);
#3056=VERTEX_POINT('',#10393);
#3057=VERTEX_POINT('',#10395);
#3058=VERTEX_POINT('',#10399);
#3059=VERTEX_POINT('',#10401);
#3060=VERTEX_POINT('',#10405);
#3061=VERTEX_POINT('',#10407);
#3062=VERTEX_POINT('',#10411);
#3063=VERTEX_POINT('',#10413);
#3064=VERTEX_POINT('',#10420);
#3065=VERTEX_POINT('',#10424);
#3066=VERTEX_POINT('',#10428);
#3067=VERTEX_POINT('',#10429);
#3068=VERTEX_POINT('',#10431);
#3069=VERTEX_POINT('',#10433);
#3070=VERTEX_POINT('',#10437);
#3071=VERTEX_POINT('',#10438);
#3072=VERTEX_POINT('',#10440);
#3073=VERTEX_POINT('',#10442);
#3074=VERTEX_POINT('',#10446);
#3075=VERTEX_POINT('',#10448);
#3076=VERTEX_POINT('',#10452);
#3077=VERTEX_POINT('',#10454);
#3078=VERTEX_POINT('',#10458);
#3079=VERTEX_POINT('',#10460);
#3080=VERTEX_POINT('',#10467);
#3081=VERTEX_POINT('',#10468);
#3082=VERTEX_POINT('',#10473);
#3083=VERTEX_POINT('',#10477);
#3084=VERTEX_POINT('',#10478);
#3085=VERTEX_POINT('',#10480);
#3086=VERTEX_POINT('',#10482);
#3087=VERTEX_POINT('',#10486);
#3088=VERTEX_POINT('',#10487);
#3089=VERTEX_POINT('',#10489);
#3090=VERTEX_POINT('',#10491);
#3091=VERTEX_POINT('',#10495);
#3092=VERTEX_POINT('',#10497);
#3093=VERTEX_POINT('',#10501);
#3094=VERTEX_POINT('',#10503);
#3095=VERTEX_POINT('',#10507);
#3096=VERTEX_POINT('',#10509);
#3097=VERTEX_POINT('',#10516);
#3098=VERTEX_POINT('',#10520);
#3099=VERTEX_POINT('',#10525);
#3100=VERTEX_POINT('',#10527);
#3101=VERTEX_POINT('',#10529);
#3102=VERTEX_POINT('',#10531);
#3103=VERTEX_POINT('',#10533);
#3104=VERTEX_POINT('',#10535);
#3105=VERTEX_POINT('',#10537);
#3106=VERTEX_POINT('',#10543);
#3107=VERTEX_POINT('',#10544);
#3108=VERTEX_POINT('',#10546);
#3109=VERTEX_POINT('',#10548);
#3110=VERTEX_POINT('',#10550);
#3111=VERTEX_POINT('',#10552);
#3112=VERTEX_POINT('',#10554);
#3113=VERTEX_POINT('',#10556);
#3114=VERTEX_POINT('',#10558);
#3115=VERTEX_POINT('',#10560);
#3116=VERTEX_POINT('',#10562);
#3117=VERTEX_POINT('',#10564);
#3118=VERTEX_POINT('',#10566);
#3119=VERTEX_POINT('',#10568);
#3120=VERTEX_POINT('',#10570);
#3121=VERTEX_POINT('',#10572);
#3122=VERTEX_POINT('',#10576);
#3123=VERTEX_POINT('',#10577);
#3124=VERTEX_POINT('',#10579);
#3125=VERTEX_POINT('',#10581);
#3126=VERTEX_POINT('',#10585);
#3127=VERTEX_POINT('',#10587);
#3128=VERTEX_POINT('',#10591);
#3129=VERTEX_POINT('',#10592);
#3130=VERTEX_POINT('',#10594);
#3131=VERTEX_POINT('',#10596);
#3132=VERTEX_POINT('',#10600);
#3133=VERTEX_POINT('',#10602);
#3134=VERTEX_POINT('',#10606);
#3135=VERTEX_POINT('',#10607);
#3136=VERTEX_POINT('',#10609);
#3137=VERTEX_POINT('',#10611);
#3138=VERTEX_POINT('',#10615);
#3139=VERTEX_POINT('',#10617);
#3140=VERTEX_POINT('',#10621);
#3141=VERTEX_POINT('',#10622);
#3142=VERTEX_POINT('',#10624);
#3143=VERTEX_POINT('',#10626);
#3144=VERTEX_POINT('',#10630);
#3145=VERTEX_POINT('',#10632);
#3146=VERTEX_POINT('',#10636);
#3147=VERTEX_POINT('',#10637);
#3148=VERTEX_POINT('',#10639);
#3149=VERTEX_POINT('',#10641);
#3150=VERTEX_POINT('',#10645);
#3151=VERTEX_POINT('',#10647);
#3152=VERTEX_POINT('',#10651);
#3153=VERTEX_POINT('',#10652);
#3154=VERTEX_POINT('',#10654);
#3155=VERTEX_POINT('',#10656);
#3156=VERTEX_POINT('',#10660);
#3157=VERTEX_POINT('',#10662);
#3158=VERTEX_POINT('',#10666);
#3159=VERTEX_POINT('',#10670);
#3160=VERTEX_POINT('',#10676);
#3161=VERTEX_POINT('',#10680);
#3162=VERTEX_POINT('',#10686);
#3163=VERTEX_POINT('',#10690);
#3164=VERTEX_POINT('',#10696);
#3165=VERTEX_POINT('',#10700);
#3166=VERTEX_POINT('',#10706);
#3167=VERTEX_POINT('',#10710);
#3168=VERTEX_POINT('',#10716);
#3169=VERTEX_POINT('',#10720);
#3170=VERTEX_POINT('',#10726);
#3171=VERTEX_POINT('',#10727);
#3172=VERTEX_POINT('',#10729);
#3173=VERTEX_POINT('',#10731);
#3174=VERTEX_POINT('',#10735);
#3175=VERTEX_POINT('',#10737);
#3176=VERTEX_POINT('',#10741);
#3177=VERTEX_POINT('',#10742);
#3178=VERTEX_POINT('',#10747);
#3179=VERTEX_POINT('',#10751);
#3180=VERTEX_POINT('',#10755);
#3181=VERTEX_POINT('',#10759);
#3182=VERTEX_POINT('',#10763);
#3183=VERTEX_POINT('',#10767);
#3184=VERTEX_POINT('',#10771);
#3185=VERTEX_POINT('',#10775);
#3186=VERTEX_POINT('',#10776);
#3187=VERTEX_POINT('',#10781);
#3188=VERTEX_POINT('',#10783);
#3189=VERTEX_POINT('',#10788);
#3190=VERTEX_POINT('',#10790);
#3191=VERTEX_POINT('',#10794);
#3192=VERTEX_POINT('',#10805);
#3193=VERTEX_POINT('',#10814);
#3194=VERTEX_POINT('',#10815);
#3195=VERTEX_POINT('',#10820);
#3196=VERTEX_POINT('',#10824);
#3197=VERTEX_POINT('',#10828);
#3198=VERTEX_POINT('',#10832);
#3199=VERTEX_POINT('',#10836);
#3200=VERTEX_POINT('',#10840);
#3201=VERTEX_POINT('',#10844);
#3202=VERTEX_POINT('',#10848);
#3203=VERTEX_POINT('',#10852);
#3204=VERTEX_POINT('',#10856);
#3205=VERTEX_POINT('',#10862);
#3206=VERTEX_POINT('',#10866);
#3207=VERTEX_POINT('',#10870);
#3208=VERTEX_POINT('',#10876);
#3209=VERTEX_POINT('',#10878);
#3210=VERTEX_POINT('',#10880);
#3211=VERTEX_POINT('',#10884);
#3212=VERTEX_POINT('',#10885);
#3213=VERTEX_POINT('',#10887);
#3214=VERTEX_POINT('',#10889);
#3215=VERTEX_POINT('',#10891);
#3216=VERTEX_POINT('',#10893);
#3217=VERTEX_POINT('',#10895);
#3218=VERTEX_POINT('',#10897);
#3219=VERTEX_POINT('',#10900);
#3220=VERTEX_POINT('',#10901);
#3221=VERTEX_POINT('',#10903);
#3222=VERTEX_POINT('',#10905);
#3223=VERTEX_POINT('',#10907);
#3224=VERTEX_POINT('',#10909);
#3225=VERTEX_POINT('',#10911);
#3226=VERTEX_POINT('',#10913);
#3227=VERTEX_POINT('',#10916);
#3228=VERTEX_POINT('',#10917);
#3229=VERTEX_POINT('',#10919);
#3230=VERTEX_POINT('',#10921);
#3231=VERTEX_POINT('',#10923);
#3232=VERTEX_POINT('',#10925);
#3233=VERTEX_POINT('',#10927);
#3234=VERTEX_POINT('',#10929);
#3235=VERTEX_POINT('',#10932);
#3236=VERTEX_POINT('',#10933);
#3237=VERTEX_POINT('',#10935);
#3238=VERTEX_POINT('',#10937);
#3239=VERTEX_POINT('',#10939);
#3240=VERTEX_POINT('',#10941);
#3241=VERTEX_POINT('',#10943);
#3242=VERTEX_POINT('',#10945);
#3243=VERTEX_POINT('',#10948);
#3244=VERTEX_POINT('',#10949);
#3245=VERTEX_POINT('',#10951);
#3246=VERTEX_POINT('',#10953);
#3247=VERTEX_POINT('',#10955);
#3248=VERTEX_POINT('',#10957);
#3249=VERTEX_POINT('',#10959);
#3250=VERTEX_POINT('',#10961);
#3251=VERTEX_POINT('',#10965);
#3252=VERTEX_POINT('',#10966);
#3253=VERTEX_POINT('',#10968);
#3254=VERTEX_POINT('',#10970);
#3255=VERTEX_POINT('',#10972);
#3256=VERTEX_POINT('',#10974);
#3257=VERTEX_POINT('',#10976);
#3258=VERTEX_POINT('',#10978);
#3259=VERTEX_POINT('',#10981);
#3260=VERTEX_POINT('',#10982);
#3261=VERTEX_POINT('',#10984);
#3262=VERTEX_POINT('',#10986);
#3263=VERTEX_POINT('',#10989);
#3264=VERTEX_POINT('',#10991);
#3265=VERTEX_POINT('',#10993);
#3266=VERTEX_POINT('',#10995);
#3267=VERTEX_POINT('',#10997);
#3268=VERTEX_POINT('',#11000);
#3269=VERTEX_POINT('',#11001);
#3270=VERTEX_POINT('',#11003);
#3271=VERTEX_POINT('',#11005);
#3272=VERTEX_POINT('',#11007);
#3273=VERTEX_POINT('',#11009);
#3274=VERTEX_POINT('',#11011);
#3275=VERTEX_POINT('',#11013);
#3276=VERTEX_POINT('',#11016);
#3277=VERTEX_POINT('',#11017);
#3278=VERTEX_POINT('',#11019);
#3279=VERTEX_POINT('',#11021);
#3280=VERTEX_POINT('',#11023);
#3281=VERTEX_POINT('',#11025);
#3282=VERTEX_POINT('',#11027);
#3283=VERTEX_POINT('',#11029);
#3284=VERTEX_POINT('',#11032);
#3285=VERTEX_POINT('',#11033);
#3286=VERTEX_POINT('',#11035);
#3287=VERTEX_POINT('',#11037);
#3288=VERTEX_POINT('',#11039);
#3289=VERTEX_POINT('',#11041);
#3290=VERTEX_POINT('',#11043);
#3291=VERTEX_POINT('',#11045);
#3292=VERTEX_POINT('',#11048);
#3293=VERTEX_POINT('',#11049);
#3294=VERTEX_POINT('',#11051);
#3295=VERTEX_POINT('',#11053);
#3296=VERTEX_POINT('',#11055);
#3297=VERTEX_POINT('',#11057);
#3298=VERTEX_POINT('',#11059);
#3299=VERTEX_POINT('',#11061);
#3300=VERTEX_POINT('',#11065);
#3301=VERTEX_POINT('',#11066);
#3302=VERTEX_POINT('',#11068);
#3303=VERTEX_POINT('',#11070);
#3304=VERTEX_POINT('',#11074);
#3305=VERTEX_POINT('',#11076);
#3306=VERTEX_POINT('',#11078);
#3307=VERTEX_POINT('',#11080);
#3308=VERTEX_POINT('',#11082);
#3309=VERTEX_POINT('',#11084);
#3310=VERTEX_POINT('',#11088);
#3311=VERTEX_POINT('',#11090);
#3312=VERTEX_POINT('',#11092);
#3313=VERTEX_POINT('',#11094);
#3314=VERTEX_POINT('',#11096);
#3315=VERTEX_POINT('',#11098);
#3316=VERTEX_POINT('',#11100);
#3317=VERTEX_POINT('',#11102);
#3318=VERTEX_POINT('',#11104);
#3319=VERTEX_POINT('',#11107);
#3320=VERTEX_POINT('',#11108);
#3321=VERTEX_POINT('',#11110);
#3322=VERTEX_POINT('',#11112);
#3323=VERTEX_POINT('',#11115);
#3324=VERTEX_POINT('',#11116);
#3325=VERTEX_POINT('',#11118);
#3326=VERTEX_POINT('',#11120);
#3327=VERTEX_POINT('',#11123);
#3328=VERTEX_POINT('',#11124);
#3329=VERTEX_POINT('',#11126);
#3330=VERTEX_POINT('',#11128);
#3331=VERTEX_POINT('',#11132);
#3332=VERTEX_POINT('',#11134);
#3333=VERTEX_POINT('',#11136);
#3334=VERTEX_POINT('',#11138);
#3335=VERTEX_POINT('',#11140);
#3336=VERTEX_POINT('',#11142);
#3337=VERTEX_POINT('',#11144);
#3338=VERTEX_POINT('',#11146);
#3339=VERTEX_POINT('',#11148);
#3340=VERTEX_POINT('',#11150);
#3341=VERTEX_POINT('',#11152);
#3342=VERTEX_POINT('',#11154);
#3343=VERTEX_POINT('',#11157);
#3344=VERTEX_POINT('',#11159);
#3345=VERTEX_POINT('',#11162);
#3346=VERTEX_POINT('',#11163);
#3347=VERTEX_POINT('',#11165);
#3348=VERTEX_POINT('',#11167);
#3349=VERTEX_POINT('',#11170);
#3350=VERTEX_POINT('',#11171);
#3351=VERTEX_POINT('',#11173);
#3352=VERTEX_POINT('',#11177);
#3353=VERTEX_POINT('',#11179);
#3354=VERTEX_POINT('',#11183);
#3355=VERTEX_POINT('',#11187);
#3356=VERTEX_POINT('',#11188);
#3357=VERTEX_POINT('',#11190);
#3358=VERTEX_POINT('',#11192);
#3359=VERTEX_POINT('',#11196);
#3360=VERTEX_POINT('',#11197);
#3361=VERTEX_POINT('',#11199);
#3362=VERTEX_POINT('',#11201);
#3363=VERTEX_POINT('',#11205);
#3364=VERTEX_POINT('',#11209);
#3365=VERTEX_POINT('',#11211);
#3366=VERTEX_POINT('',#11215);
#3367=VERTEX_POINT('',#11216);
#3368=VERTEX_POINT('',#11218);
#3369=VERTEX_POINT('',#11220);
#3370=VERTEX_POINT('',#11226);
#3371=VERTEX_POINT('',#11230);
#3372=VERTEX_POINT('',#11232);
#3373=VERTEX_POINT('',#11234);
#3374=VERTEX_POINT('',#11240);
#3375=VERTEX_POINT('',#11244);
#3376=VERTEX_POINT('',#11248);
#3377=VERTEX_POINT('',#11250);
#3378=VERTEX_POINT('',#11253);
#3379=VERTEX_POINT('',#11255);
#3380=VERTEX_POINT('',#11257);
#3381=VERTEX_POINT('',#11264);
#3382=VERTEX_POINT('',#11269);
#3383=VERTEX_POINT('',#11273);
#3384=VERTEX_POINT('',#11278);
#3385=VERTEX_POINT('',#11280);
#3386=VERTEX_POINT('',#11282);
#3387=VERTEX_POINT('',#11284);
#3388=VERTEX_POINT('',#11286);
#3389=VERTEX_POINT('',#11288);
#3390=VERTEX_POINT('',#11290);
#3391=VERTEX_POINT('',#11292);
#3392=VERTEX_POINT('',#11296);
#3393=VERTEX_POINT('',#11297);
#3394=VERTEX_POINT('',#11300);
#3395=VERTEX_POINT('',#11302);
#3396=VERTEX_POINT('',#11306);
#3397=VERTEX_POINT('',#11311);
#3398=VERTEX_POINT('',#11313);
#3399=VERTEX_POINT('',#11316);
#3400=VERTEX_POINT('',#11317);
#3401=VERTEX_POINT('',#11319);
#3402=VERTEX_POINT('',#11321);
#3403=VERTEX_POINT('',#11324);
#3404=VERTEX_POINT('',#11325);
#3405=VERTEX_POINT('',#11327);
#3406=VERTEX_POINT('',#11329);
#3407=VERTEX_POINT('',#11332);
#3408=VERTEX_POINT('',#11333);
#3409=VERTEX_POINT('',#11335);
#3410=VERTEX_POINT('',#11337);
#3411=VERTEX_POINT('',#11340);
#3412=VERTEX_POINT('',#11341);
#3413=VERTEX_POINT('',#11343);
#3414=VERTEX_POINT('',#11354);
#3415=VERTEX_POINT('',#11365);
#3416=VERTEX_POINT('',#11367);
#3417=VERTEX_POINT('',#11388);
#3418=VERTEX_POINT('',#11389);
#3419=VERTEX_POINT('',#11391);
#3420=VERTEX_POINT('',#11393);
#3421=VERTEX_POINT('',#11395);
#3422=VERTEX_POINT('',#11397);
#3423=VERTEX_POINT('',#11399);
#3424=VERTEX_POINT('',#11401);
#3425=VERTEX_POINT('',#11405);
#3426=VERTEX_POINT('',#11407);
#3427=VERTEX_POINT('',#11409);
#3428=VERTEX_POINT('',#11411);
#3429=VERTEX_POINT('',#11413);
#3430=VERTEX_POINT('',#11417);
#3431=VERTEX_POINT('',#11421);
#3432=VERTEX_POINT('',#11423);
#3433=VERTEX_POINT('',#11427);
#3434=VERTEX_POINT('',#11429);
#3435=VERTEX_POINT('',#11432);
#3436=VERTEX_POINT('',#11434);
#3437=VERTEX_POINT('',#11436);
#3438=VERTEX_POINT('',#11438);
#3439=VERTEX_POINT('',#11440);
#3440=VERTEX_POINT('',#11442);
#3441=VERTEX_POINT('',#11449);
#3442=VERTEX_POINT('',#11450);
#3443=VERTEX_POINT('',#11452);
#3444=VERTEX_POINT('',#11454);
#3445=VERTEX_POINT('',#11458);
#3446=VERTEX_POINT('',#11460);
#3447=VERTEX_POINT('',#11462);
#3448=VERTEX_POINT('',#11464);
#3449=VERTEX_POINT('',#11466);
#3450=VERTEX_POINT('',#11468);
#3451=VERTEX_POINT('',#11470);
#3452=VERTEX_POINT('',#11472);
#3453=VERTEX_POINT('',#11476);
#3454=VERTEX_POINT('',#11478);
#3455=VERTEX_POINT('',#11482);
#3456=VERTEX_POINT('',#11484);
#3457=VERTEX_POINT('',#11486);
#3458=VERTEX_POINT('',#11488);
#3459=VERTEX_POINT('',#11490);
#3460=VERTEX_POINT('',#11492);
#3461=VERTEX_POINT('',#11494);
#3462=VERTEX_POINT('',#11496);
#3463=VERTEX_POINT('',#11498);
#3464=VERTEX_POINT('',#11500);
#3465=VERTEX_POINT('',#11502);
#3466=VERTEX_POINT('',#11504);
#3467=VERTEX_POINT('',#11508);
#3468=VERTEX_POINT('',#11510);
#3469=VERTEX_POINT('',#11512);
#3470=VERTEX_POINT('',#11514);
#3471=VERTEX_POINT('',#11518);
#3472=VERTEX_POINT('',#11525);
#3473=VERTEX_POINT('',#11526);
#3474=VERTEX_POINT('',#11528);
#3475=VERTEX_POINT('',#11530);
#3476=VERTEX_POINT('',#11534);
#3477=VERTEX_POINT('',#11536);
#3478=VERTEX_POINT('',#11541);
#3479=VERTEX_POINT('',#11543);
#3480=VERTEX_POINT('',#11545);
#3481=VERTEX_POINT('',#11547);
#3482=VERTEX_POINT('',#11549);
#3483=VERTEX_POINT('',#11553);
#3484=VERTEX_POINT('',#11554);
#3485=VERTEX_POINT('',#11556);
#3486=VERTEX_POINT('',#11558);
#3487=VERTEX_POINT('',#11565);
#3488=VERTEX_POINT('',#11567);
#3489=VERTEX_POINT('',#11569);
#3490=VERTEX_POINT('',#11571);
#3491=VERTEX_POINT('',#11573);
#3492=VERTEX_POINT('',#11575);
#3493=VERTEX_POINT('',#11580);
#3494=VERTEX_POINT('',#11581);
#3495=VERTEX_POINT('',#11583);
#3496=VERTEX_POINT('',#11585);
#3497=VERTEX_POINT('',#11592);
#3498=VERTEX_POINT('',#11594);
#3499=VERTEX_POINT('',#11596);
#3500=VERTEX_POINT('',#11598);
#3501=VERTEX_POINT('',#11600);
#3502=VERTEX_POINT('',#11602);
#3503=VERTEX_POINT('',#11607);
#3504=VERTEX_POINT('',#11609);
#3505=VERTEX_POINT('',#11611);
#3506=VERTEX_POINT('',#11613);
#3507=VERTEX_POINT('',#11615);
#3508=VERTEX_POINT('',#11617);
#3509=VERTEX_POINT('',#11622);
#3510=VERTEX_POINT('',#11624);
#3511=VERTEX_POINT('',#11626);
#3512=VERTEX_POINT('',#11628);
#3513=VERTEX_POINT('',#11630);
#3514=VERTEX_POINT('',#11632);
#3515=VERTEX_POINT('',#11640);
#3516=VERTEX_POINT('',#11642);
#3517=VERTEX_POINT('',#11644);
#3518=VERTEX_POINT('',#11646);
#3519=VERTEX_POINT('',#11648);
#3520=VERTEX_POINT('',#11689);
#3521=VERTEX_POINT('',#11699);
#3522=VERTEX_POINT('',#11701);
#3523=VERTEX_POINT('',#11704);
#3524=VERTEX_POINT('',#11708);
#3525=VERTEX_POINT('',#11710);
#3526=VERTEX_POINT('',#11712);
#3527=VERTEX_POINT('',#11715);
#3528=VERTEX_POINT('',#11717);
#3529=VERTEX_POINT('',#11722);
#3530=VERTEX_POINT('',#11728);
#3531=VERTEX_POINT('',#11730);
#3532=VERTEX_POINT('',#11734);
#3533=VERTEX_POINT('',#11738);
#3534=VERTEX_POINT('',#11742);
#3535=VERTEX_POINT('',#11746);
#3536=VERTEX_POINT('',#11750);
#3537=VERTEX_POINT('',#11754);
#3538=VERTEX_POINT('',#11769);
#3539=VERTEX_POINT('',#11771);
#3540=VERTEX_POINT('',#11775);
#3541=VERTEX_POINT('',#11779);
#3542=VERTEX_POINT('',#11783);
#3543=VERTEX_POINT('',#11787);
#3544=VERTEX_POINT('',#11791);
#3545=VERTEX_POINT('',#11795);
#3546=VERTEX_POINT('',#11810);
#3547=VERTEX_POINT('',#11812);
#3548=VERTEX_POINT('',#11816);
#3549=VERTEX_POINT('',#11820);
#3550=VERTEX_POINT('',#11824);
#3551=VERTEX_POINT('',#11828);
#3552=VERTEX_POINT('',#11832);
#3553=VERTEX_POINT('',#11836);
#3554=VERTEX_POINT('',#11851);
#3555=VERTEX_POINT('',#11853);
#3556=VERTEX_POINT('',#11857);
#3557=VERTEX_POINT('',#11861);
#3558=VERTEX_POINT('',#11865);
#3559=VERTEX_POINT('',#11869);
#3560=VERTEX_POINT('',#11873);
#3561=VERTEX_POINT('',#11877);
#3562=VERTEX_POINT('',#11892);
#3563=VERTEX_POINT('',#11896);
#3564=VERTEX_POINT('',#11900);
#3565=VERTEX_POINT('',#11904);
#3566=VERTEX_POINT('',#11908);
#3567=VERTEX_POINT('',#11912);
#3568=VERTEX_POINT('',#11965);
#3569=VERTEX_POINT('',#11969);
#3570=VERTEX_POINT('',#11971);
#3571=VERTEX_POINT('',#11974);
#3572=VERTEX_POINT('',#11975);
#3573=VERTEX_POINT('',#11977);
#3574=VERTEX_POINT('',#11979);
#3575=VERTEX_POINT('',#11981);
#3576=VERTEX_POINT('',#11983);
#3577=VERTEX_POINT('',#11985);
#3578=VERTEX_POINT('',#11987);
#3579=VERTEX_POINT('',#11990);
#3580=VERTEX_POINT('',#11991);
#3581=VERTEX_POINT('',#11998);
#3582=VERTEX_POINT('',#12000);
#3583=VERTEX_POINT('',#12007);
#3584=VERTEX_POINT('',#12014);
#3585=VERTEX_POINT('',#12023);
#3586=VERTEX_POINT('',#12025);
#3587=VERTEX_POINT('',#12028);
#3588=VERTEX_POINT('',#12031);
#3589=VERTEX_POINT('',#12033);
#3590=VERTEX_POINT('',#12040);
#3591=VERTEX_POINT('',#12042);
#3592=VERTEX_POINT('',#12047);
#3593=VERTEX_POINT('',#12048);
#3594=VERTEX_POINT('',#12050);
#3595=VERTEX_POINT('',#12052);
#3596=VERTEX_POINT('',#12055);
#3597=VERTEX_POINT('',#12056);
#3598=VERTEX_POINT('',#12058);
#3599=VERTEX_POINT('',#12060);
#3600=VERTEX_POINT('',#12064);
#3601=VERTEX_POINT('',#12069);
#3602=VERTEX_POINT('',#12071);
#3603=VERTEX_POINT('',#12075);
#3604=VERTEX_POINT('',#12079);
#3605=VERTEX_POINT('',#12080);
#3606=VERTEX_POINT('',#12085);
#3607=VERTEX_POINT('',#12089);
#3608=VERTEX_POINT('',#12095);
#3609=VERTEX_POINT('',#12099);
#3610=VERTEX_POINT('',#12101);
#3611=VERTEX_POINT('',#12104);
#3612=VERTEX_POINT('',#12107);
#3613=VERTEX_POINT('',#12257);
#3614=VERTEX_POINT('',#12259);
#3615=VERTEX_POINT('',#12263);
#3616=VERTEX_POINT('',#12267);
#3617=VERTEX_POINT('',#12273);
#3618=VERTEX_POINT('',#12275);
#3619=VERTEX_POINT('',#12279);
#3620=VERTEX_POINT('',#12281);
#3621=VERTEX_POINT('',#12285);
#3622=VERTEX_POINT('',#12286);
#3623=VERTEX_POINT('',#12288);
#3624=VERTEX_POINT('',#12290);
#3625=VERTEX_POINT('',#12294);
#3626=VERTEX_POINT('',#12295);
#3627=VERTEX_POINT('',#12297);
#3628=VERTEX_POINT('',#12299);
#3629=VERTEX_POINT('',#12303);
#3630=VERTEX_POINT('',#12304);
#3631=VERTEX_POINT('',#12306);
#3632=VERTEX_POINT('',#12308);
#3633=VERTEX_POINT('',#12312);
#3634=VERTEX_POINT('',#12314);
#3635=VERTEX_POINT('',#12318);
#3636=VERTEX_POINT('',#12320);
#3637=VERTEX_POINT('',#12328);
#3638=VERTEX_POINT('',#12330);
#3639=VERTEX_POINT('',#12338);
#3640=VERTEX_POINT('',#12340);
#3641=VERTEX_POINT('',#12348);
#3642=VERTEX_POINT('',#12349);
#3643=VERTEX_POINT('',#12351);
#3644=VERTEX_POINT('',#12353);
#3645=VERTEX_POINT('',#12362);
#3646=VERTEX_POINT('',#12363);
#3647=VERTEX_POINT('',#12365);
#3648=VERTEX_POINT('',#12367);
#3649=VERTEX_POINT('',#12376);
#3650=VERTEX_POINT('',#12377);
#3651=VERTEX_POINT('',#12379);
#3652=VERTEX_POINT('',#12381);
#3653=VERTEX_POINT('',#12403);
#3654=VERTEX_POINT('',#12407);
#3655=VERTEX_POINT('',#12409);
#3656=VERTEX_POINT('',#12411);
#3657=VERTEX_POINT('',#12415);
#3658=VERTEX_POINT('',#12416);
#3659=VERTEX_POINT('',#12421);
#3660=VERTEX_POINT('',#12422);
#3661=VERTEX_POINT('',#12427);
#3662=VERTEX_POINT('',#12429);
#3663=VERTEX_POINT('',#12433);
#3664=VERTEX_POINT('',#12437);
#3665=VERTEX_POINT('',#12448);
#3666=VERTEX_POINT('',#12450);
#3667=VERTEX_POINT('',#12454);
#3668=VERTEX_POINT('',#12458);
#3669=VERTEX_POINT('',#12484);
#3670=VERTEX_POINT('',#12485);
#3671=VERTEX_POINT('',#12490);
#3672=VERTEX_POINT('',#12494);
#3673=VERTEX_POINT('',#12495);
#3674=VERTEX_POINT('',#12500);
#3675=VERTEX_POINT('',#12504);
#3676=VERTEX_POINT('',#12510);
#3677=EDGE_CURVE('',#2978,#2979,#1226,.T.);
#3678=EDGE_CURVE('',#2980,#2978,#1227,.T.);
#3679=EDGE_CURVE('',#2981,#2980,#1228,.T.);
#3680=EDGE_CURVE('',#2981,#2979,#1229,.T.);
#3681=EDGE_CURVE('',#2979,#2982,#1230,.T.);
#3682=EDGE_CURVE('',#2983,#2981,#1231,.T.);
#3683=EDGE_CURVE('',#2983,#2982,#1232,.T.);
#3684=EDGE_CURVE('',#2982,#2984,#1233,.T.);
#3685=EDGE_CURVE('',#2985,#2983,#1234,.T.);
#3686=EDGE_CURVE('',#2985,#2984,#1235,.T.);
#3687=EDGE_CURVE('',#2984,#2978,#1236,.T.);
#3688=EDGE_CURVE('',#2980,#2985,#1237,.T.);
#3689=EDGE_CURVE('',#2986,#2987,#1238,.T.);
#3690=EDGE_CURVE('',#2988,#2986,#1239,.T.);
#3691=EDGE_CURVE('',#2989,#2988,#1240,.T.);
#3692=EDGE_CURVE('',#2989,#2987,#1241,.T.);
#3693=EDGE_CURVE('',#2987,#2990,#1242,.T.);
#3694=EDGE_CURVE('',#2991,#2989,#1243,.T.);
#3695=EDGE_CURVE('',#2991,#2990,#1244,.T.);
#3696=EDGE_CURVE('',#2990,#2992,#1245,.T.);
#3697=EDGE_CURVE('',#2993,#2991,#1246,.T.);
#3698=EDGE_CURVE('',#2993,#2992,#1247,.T.);
#3699=EDGE_CURVE('',#2992,#2986,#1248,.T.);
#3700=EDGE_CURVE('',#2988,#2993,#1249,.T.);
#3701=EDGE_CURVE('',#2994,#2995,#1250,.T.);
#3702=EDGE_CURVE('',#2996,#2994,#1251,.T.);
#3703=EDGE_CURVE('',#2997,#2996,#1252,.T.);
#3704=EDGE_CURVE('',#2997,#2995,#1253,.T.);
#3705=EDGE_CURVE('',#2995,#2998,#1254,.T.);
#3706=EDGE_CURVE('',#2999,#2997,#1255,.T.);
#3707=EDGE_CURVE('',#2999,#2998,#1256,.T.);
#3708=EDGE_CURVE('',#2998,#3000,#1257,.T.);
#3709=EDGE_CURVE('',#3001,#2999,#1258,.T.);
#3710=EDGE_CURVE('',#3001,#3000,#1259,.T.);
#3711=EDGE_CURVE('',#3000,#2994,#1260,.T.);
#3712=EDGE_CURVE('',#2996,#3001,#1261,.T.);
#3713=EDGE_CURVE('',#3002,#3003,#1262,.T.);
#3714=EDGE_CURVE('',#3004,#3002,#1263,.T.);
#3715=EDGE_CURVE('',#3005,#3004,#1264,.T.);
#3716=EDGE_CURVE('',#3005,#3003,#1265,.T.);
#3717=EDGE_CURVE('',#3003,#3006,#1266,.T.);
#3718=EDGE_CURVE('',#3007,#3005,#1267,.T.);
#3719=EDGE_CURVE('',#3007,#3006,#1268,.T.);
#3720=EDGE_CURVE('',#3006,#3008,#1269,.T.);
#3721=EDGE_CURVE('',#3009,#3007,#1270,.T.);
#3722=EDGE_CURVE('',#3009,#3008,#1271,.T.);
#3723=EDGE_CURVE('',#3008,#3002,#1272,.T.);
#3724=EDGE_CURVE('',#3004,#3009,#1273,.T.);
#3725=EDGE_CURVE('',#3010,#3011,#1274,.T.);
#3726=EDGE_CURVE('',#3012,#3010,#1275,.T.);
#3727=EDGE_CURVE('',#3013,#3012,#1276,.T.);
#3728=EDGE_CURVE('',#3013,#3011,#1277,.T.);
#3729=EDGE_CURVE('',#3011,#3014,#1278,.T.);
#3730=EDGE_CURVE('',#3015,#3013,#1279,.T.);
#3731=EDGE_CURVE('',#3015,#3014,#1280,.T.);
#3732=EDGE_CURVE('',#3014,#3016,#1281,.T.);
#3733=EDGE_CURVE('',#3017,#3015,#1282,.T.);
#3734=EDGE_CURVE('',#3017,#3016,#1283,.T.);
#3735=EDGE_CURVE('',#3016,#3010,#1284,.T.);
#3736=EDGE_CURVE('',#3012,#3017,#1285,.T.);
#3737=EDGE_CURVE('',#3018,#3019,#1286,.T.);
#3738=EDGE_CURVE('',#3020,#3018,#1287,.T.);
#3739=EDGE_CURVE('',#3021,#3020,#1288,.T.);
#3740=EDGE_CURVE('',#3019,#3021,#1289,.T.);
#3741=EDGE_CURVE('',#3022,#3023,#1290,.T.);
#3742=EDGE_CURVE('',#3024,#3022,#1291,.T.);
#3743=EDGE_CURVE('',#3025,#3024,#1292,.T.);
#3744=EDGE_CURVE('',#3025,#3023,#1293,.T.);
#3745=EDGE_CURVE('',#3026,#3022,#1294,.T.);
#3746=EDGE_CURVE('',#3027,#3026,#1295,.T.);
#3747=EDGE_CURVE('',#3024,#3027,#1296,.T.);
#3748=EDGE_CURVE('',#3019,#3028,#1297,.T.);
#3749=EDGE_CURVE('',#3029,#3021,#1298,.T.);
#3750=EDGE_CURVE('',#3028,#3029,#1299,.T.);
#3751=EDGE_CURVE('',#3023,#3030,#1300,.T.);
#3752=EDGE_CURVE('',#3031,#3025,#1301,.T.);
#3753=EDGE_CURVE('',#3031,#3030,#1302,.T.);
#3754=EDGE_CURVE('',#3030,#3026,#1303,.T.);
#3755=EDGE_CURVE('',#3027,#3031,#1304,.T.);
#3756=EDGE_CURVE('',#3029,#3032,#1305,.T.);
#3757=EDGE_CURVE('',#3032,#3020,#1306,.T.);
#3758=EDGE_CURVE('',#3033,#3018,#1307,.T.);
#3759=EDGE_CURVE('',#3032,#3033,#1308,.T.);
#3760=EDGE_CURVE('',#3034,#3035,#1309,.T.);
#3761=EDGE_CURVE('',#3034,#3036,#1310,.T.);
#3762=EDGE_CURVE('',#3037,#3036,#1311,.T.);
#3763=EDGE_CURVE('',#3035,#3037,#1312,.T.);
#3764=EDGE_CURVE('',#3038,#3039,#1313,.T.);
#3765=EDGE_CURVE('',#3040,#3038,#1314,.T.);
#3766=EDGE_CURVE('',#3040,#3041,#1315,.T.);
#3767=EDGE_CURVE('',#3041,#3039,#1316,.T.);
#3768=EDGE_CURVE('',#3042,#3043,#1317,.T.);
#3769=EDGE_CURVE('',#3044,#3042,#1318,.T.);
#3770=EDGE_CURVE('',#3045,#3044,#1319,.T.);
#3771=EDGE_CURVE('',#3045,#3043,#1320,.T.);
#3772=EDGE_CURVE('',#3037,#3040,#1321,.T.);
#3773=EDGE_CURVE('',#3036,#3041,#1322,.T.);
#3774=EDGE_CURVE('',#3043,#3046,#1323,.T.);
#3775=EDGE_CURVE('',#3047,#3045,#1324,.T.);
#3776=EDGE_CURVE('',#3047,#3046,#1325,.T.);
#3777=EDGE_CURVE('',#3046,#3048,#1326,.T.);
#3778=EDGE_CURVE('',#3049,#3047,#1327,.T.);
#3779=EDGE_CURVE('',#3049,#3048,#1328,.T.);
#3780=EDGE_CURVE('',#3048,#3042,#1329,.T.);
#3781=EDGE_CURVE('',#3044,#3049,#1330,.T.);
#3782=EDGE_CURVE('',#3039,#3034,#1331,.T.);
#3783=EDGE_CURVE('',#3050,#3051,#1332,.T.);
#3784=EDGE_CURVE('',#3052,#3050,#1333,.T.);
#3785=EDGE_CURVE('',#3053,#3052,#1334,.T.);
#3786=EDGE_CURVE('',#3051,#3053,#1335,.T.);
#3787=EDGE_CURVE('',#3054,#3055,#1336,.T.);
#3788=EDGE_CURVE('',#3056,#3054,#1337,.T.);
#3789=EDGE_CURVE('',#3057,#3056,#1338,.T.);
#3790=EDGE_CURVE('',#3057,#3055,#1339,.T.);
#3791=EDGE_CURVE('',#3058,#3054,#1340,.T.);
#3792=EDGE_CURVE('',#3059,#3058,#1341,.T.);
#3793=EDGE_CURVE('',#3056,#3059,#1342,.T.);
#3794=EDGE_CURVE('',#3051,#3060,#1343,.T.);
#3795=EDGE_CURVE('',#3061,#3053,#1344,.T.);
#3796=EDGE_CURVE('',#3060,#3061,#1345,.T.);
#3797=EDGE_CURVE('',#3055,#3062,#1346,.T.);
#3798=EDGE_CURVE('',#3063,#3057,#1347,.T.);
#3799=EDGE_CURVE('',#3063,#3062,#1348,.T.);
#3800=EDGE_CURVE('',#3062,#3058,#1349,.T.);
#3801=EDGE_CURVE('',#3059,#3063,#1350,.T.);
#3802=EDGE_CURVE('',#3061,#3064,#1351,.T.);
#3803=EDGE_CURVE('',#3064,#3052,#1352,.T.);
#3804=EDGE_CURVE('',#3065,#3050,#1353,.T.);
#3805=EDGE_CURVE('',#3064,#3065,#1354,.T.);
#3806=EDGE_CURVE('',#3066,#3067,#1355,.T.);
#3807=EDGE_CURVE('',#3068,#3066,#1356,.T.);
#3808=EDGE_CURVE('',#3069,#3068,#1357,.T.);
#3809=EDGE_CURVE('',#3067,#3069,#1358,.T.);
#3810=EDGE_CURVE('',#3070,#3071,#1359,.T.);
#3811=EDGE_CURVE('',#3072,#3070,#1360,.T.);
#3812=EDGE_CURVE('',#3073,#3072,#1361,.T.);
#3813=EDGE_CURVE('',#3073,#3071,#1362,.T.);
#3814=EDGE_CURVE('',#3074,#3070,#1363,.T.);
#3815=EDGE_CURVE('',#3075,#3074,#1364,.T.);
#3816=EDGE_CURVE('',#3072,#3075,#1365,.T.);
#3817=EDGE_CURVE('',#3067,#3076,#1366,.T.);
#3818=EDGE_CURVE('',#3077,#3069,#1367,.T.);
#3819=EDGE_CURVE('',#3076,#3077,#1368,.T.);
#3820=EDGE_CURVE('',#3071,#3078,#1369,.T.);
#3821=EDGE_CURVE('',#3079,#3073,#1370,.T.);
#3822=EDGE_CURVE('',#3079,#3078,#1371,.T.);
#3823=EDGE_CURVE('',#3078,#3074,#1372,.T.);
#3824=EDGE_CURVE('',#3075,#3079,#1373,.T.);
#3825=EDGE_CURVE('',#3080,#3081,#209,.T.);
#3826=EDGE_CURVE('',#3077,#3080,#1374,.T.);
#3827=EDGE_CURVE('',#3081,#3068,#1375,.T.);
#3828=EDGE_CURVE('',#3082,#3066,#1376,.T.);
#3829=EDGE_CURVE('',#3081,#3082,#1377,.T.);
#3830=EDGE_CURVE('',#3083,#3084,#1378,.T.);
#3831=EDGE_CURVE('',#3085,#3083,#1379,.T.);
#3832=EDGE_CURVE('',#3086,#3085,#1380,.T.);
#3833=EDGE_CURVE('',#3084,#3086,#1381,.T.);
#3834=EDGE_CURVE('',#3087,#3088,#1382,.T.);
#3835=EDGE_CURVE('',#3089,#3087,#1383,.T.);
#3836=EDGE_CURVE('',#3090,#3089,#1384,.T.);
#3837=EDGE_CURVE('',#3090,#3088,#1385,.T.);
#3838=EDGE_CURVE('',#3091,#3087,#1386,.T.);
#3839=EDGE_CURVE('',#3092,#3091,#1387,.T.);
#3840=EDGE_CURVE('',#3089,#3092,#1388,.T.);
#3841=EDGE_CURVE('',#3084,#3093,#1389,.T.);
#3842=EDGE_CURVE('',#3094,#3086,#1390,.T.);
#3843=EDGE_CURVE('',#3093,#3094,#1391,.T.);
#3844=EDGE_CURVE('',#3088,#3095,#1392,.T.);
#3845=EDGE_CURVE('',#3096,#3090,#1393,.T.);
#3846=EDGE_CURVE('',#3096,#3095,#1394,.T.);
#3847=EDGE_CURVE('',#3095,#3091,#1395,.T.);
#3848=EDGE_CURVE('',#3092,#3096,#1396,.T.);
#3849=EDGE_CURVE('',#3094,#3097,#1397,.T.);
#3850=EDGE_CURVE('',#3097,#3085,#1398,.T.);
#3851=EDGE_CURVE('',#3098,#3083,#1399,.T.);
#3852=EDGE_CURVE('',#3097,#3098,#1400,.T.);
#3853=EDGE_CURVE('',#3028,#3098,#1401,.T.);
#3854=EDGE_CURVE('',#3093,#3099,#1402,.T.);
#3855=EDGE_CURVE('',#3099,#3100,#210,.T.);
#3856=EDGE_CURVE('',#3100,#3101,#1403,.T.);
#3857=EDGE_CURVE('',#3101,#3102,#211,.T.);
#3858=EDGE_CURVE('',#3102,#3103,#1404,.T.);
#3859=EDGE_CURVE('',#3103,#3104,#212,.T.);
#3860=EDGE_CURVE('',#3104,#3105,#1405,.T.);
#3861=EDGE_CURVE('',#3105,#3082,#213,.T.);
#3862=EDGE_CURVE('',#3076,#3065,#1406,.T.);
#3863=EDGE_CURVE('',#3060,#3038,#1407,.T.);
#3864=EDGE_CURVE('',#3035,#3033,#1408,.T.);
#3865=EDGE_CURVE('',#3106,#3107,#214,.T.);
#3866=EDGE_CURVE('',#3107,#3108,#1409,.T.);
#3867=EDGE_CURVE('',#3108,#3109,#215,.T.);
#3868=EDGE_CURVE('',#3109,#3110,#1410,.T.);
#3869=EDGE_CURVE('',#3110,#3111,#216,.T.);
#3870=EDGE_CURVE('',#3111,#3112,#1411,.T.);
#3871=EDGE_CURVE('',#3112,#3113,#217,.T.);
#3872=EDGE_CURVE('',#3113,#3114,#1412,.T.);
#3873=EDGE_CURVE('',#3114,#3115,#218,.T.);
#3874=EDGE_CURVE('',#3115,#3116,#1413,.T.);
#3875=EDGE_CURVE('',#3116,#3117,#1414,.T.);
#3876=EDGE_CURVE('',#3117,#3118,#1415,.T.);
#3877=EDGE_CURVE('',#3118,#3119,#219,.T.);
#3878=EDGE_CURVE('',#3119,#3120,#1416,.T.);
#3879=EDGE_CURVE('',#3120,#3121,#1417,.T.);
#3880=EDGE_CURVE('',#3121,#3106,#1418,.T.);
#3881=EDGE_CURVE('',#3122,#3123,#1419,.T.);
#3882=EDGE_CURVE('',#3124,#3123,#1420,.T.);
#3883=EDGE_CURVE('',#3124,#3125,#1421,.T.);
#3884=EDGE_CURVE('',#3125,#3122,#1422,.T.);
#3885=EDGE_CURVE('',#3126,#3122,#1423,.T.);
#3886=EDGE_CURVE('',#3126,#3127,#1424,.T.);
#3887=EDGE_CURVE('',#3123,#3127,#1425,.T.);
#3888=EDGE_CURVE('',#3128,#3129,#1426,.T.);
#3889=EDGE_CURVE('',#3130,#3129,#1427,.T.);
#3890=EDGE_CURVE('',#3130,#3131,#1428,.T.);
#3891=EDGE_CURVE('',#3131,#3128,#1429,.T.);
#3892=EDGE_CURVE('',#3132,#3128,#1430,.T.);
#3893=EDGE_CURVE('',#3132,#3133,#1431,.T.);
#3894=EDGE_CURVE('',#3129,#3133,#1432,.T.);
#3895=EDGE_CURVE('',#3134,#3135,#1433,.T.);
#3896=EDGE_CURVE('',#3136,#3135,#1434,.T.);
#3897=EDGE_CURVE('',#3136,#3137,#1435,.T.);
#3898=EDGE_CURVE('',#3137,#3134,#1436,.T.);
#3899=EDGE_CURVE('',#3138,#3134,#1437,.T.);
#3900=EDGE_CURVE('',#3138,#3139,#1438,.T.);
#3901=EDGE_CURVE('',#3135,#3139,#1439,.T.);
#3902=EDGE_CURVE('',#3140,#3141,#1440,.T.);
#3903=EDGE_CURVE('',#3142,#3141,#1441,.T.);
#3904=EDGE_CURVE('',#3142,#3143,#1442,.T.);
#3905=EDGE_CURVE('',#3143,#3140,#1443,.T.);
#3906=EDGE_CURVE('',#3144,#3140,#1444,.T.);
#3907=EDGE_CURVE('',#3144,#3145,#1445,.T.);
#3908=EDGE_CURVE('',#3141,#3145,#1446,.T.);
#3909=EDGE_CURVE('',#3146,#3147,#1447,.T.);
#3910=EDGE_CURVE('',#3148,#3147,#1448,.T.);
#3911=EDGE_CURVE('',#3148,#3149,#1449,.T.);
#3912=EDGE_CURVE('',#3149,#3146,#1450,.T.);
#3913=EDGE_CURVE('',#3150,#3146,#1451,.T.);
#3914=EDGE_CURVE('',#3150,#3151,#1452,.T.);
#3915=EDGE_CURVE('',#3147,#3151,#1453,.T.);
#3916=EDGE_CURVE('',#3152,#3153,#1454,.T.);
#3917=EDGE_CURVE('',#3154,#3153,#1455,.T.);
#3918=EDGE_CURVE('',#3154,#3155,#1456,.T.);
#3919=EDGE_CURVE('',#3155,#3152,#1457,.T.);
#3920=EDGE_CURVE('',#3156,#3152,#1458,.T.);
#3921=EDGE_CURVE('',#3156,#3157,#1459,.T.);
#3922=EDGE_CURVE('',#3153,#3157,#1460,.T.);
#3923=EDGE_CURVE('',#3158,#3131,#1461,.T.);
#3924=EDGE_CURVE('',#3158,#3132,#1462,.T.);
#3925=EDGE_CURVE('',#3159,#3130,#1463,.T.);
#3926=EDGE_CURVE('',#3159,#3158,#1464,.T.);
#3927=EDGE_CURVE('',#3133,#3159,#1465,.T.);
#3928=EDGE_CURVE('',#3160,#3125,#1466,.T.);
#3929=EDGE_CURVE('',#3160,#3126,#1467,.T.);
#3930=EDGE_CURVE('',#3161,#3124,#1468,.T.);
#3931=EDGE_CURVE('',#3161,#3160,#1469,.T.);
#3932=EDGE_CURVE('',#3127,#3161,#1470,.T.);
#3933=EDGE_CURVE('',#3162,#3149,#1471,.T.);
#3934=EDGE_CURVE('',#3162,#3150,#1472,.T.);
#3935=EDGE_CURVE('',#3163,#3148,#1473,.T.);
#3936=EDGE_CURVE('',#3163,#3162,#1474,.T.);
#3937=EDGE_CURVE('',#3151,#3163,#1475,.T.);
#3938=EDGE_CURVE('',#3164,#3155,#1476,.T.);
#3939=EDGE_CURVE('',#3164,#3156,#1477,.T.);
#3940=EDGE_CURVE('',#3165,#3154,#1478,.T.);
#3941=EDGE_CURVE('',#3165,#3164,#1479,.T.);
#3942=EDGE_CURVE('',#3157,#3165,#1480,.T.);
#3943=EDGE_CURVE('',#3166,#3143,#1481,.T.);
#3944=EDGE_CURVE('',#3166,#3144,#1482,.T.);
#3945=EDGE_CURVE('',#3167,#3142,#1483,.T.);
#3946=EDGE_CURVE('',#3167,#3166,#1484,.T.);
#3947=EDGE_CURVE('',#3145,#3167,#1485,.T.);
#3948=EDGE_CURVE('',#3168,#3137,#1486,.T.);
#3949=EDGE_CURVE('',#3168,#3138,#1487,.T.);
#3950=EDGE_CURVE('',#3169,#3136,#1488,.T.);
#3951=EDGE_CURVE('',#3169,#3168,#1489,.T.);
#3952=EDGE_CURVE('',#3139,#3169,#1490,.T.);
#3953=EDGE_CURVE('',#3170,#3171,#1491,.T.);
#3954=EDGE_CURVE('',#3172,#3170,#1492,.T.);
#3955=EDGE_CURVE('',#3173,#3172,#1493,.T.);
#3956=EDGE_CURVE('',#3171,#3173,#1494,.T.);
#3957=EDGE_CURVE('',#3172,#3174,#1495,.T.);
#3958=EDGE_CURVE('',#3174,#3175,#1496,.T.);
#3959=EDGE_CURVE('',#3175,#3173,#1497,.T.);
#3960=EDGE_CURVE('',#3176,#3177,#220,.T.);
#3961=EDGE_CURVE('',#3176,#3115,#1498,.T.);
#3962=EDGE_CURVE('',#3177,#3114,#1499,.T.);
#3963=EDGE_CURVE('',#3178,#3176,#1500,.T.);
#3964=EDGE_CURVE('',#3178,#3116,#1501,.T.);
#3965=EDGE_CURVE('',#3179,#3178,#1502,.T.);
#3966=EDGE_CURVE('',#3179,#3117,#1503,.T.);
#3967=EDGE_CURVE('',#3180,#3179,#1504,.T.);
#3968=EDGE_CURVE('',#3180,#3118,#1505,.T.);
#3969=EDGE_CURVE('',#3181,#3180,#221,.T.);
#3970=EDGE_CURVE('',#3181,#3119,#1506,.T.);
#3971=EDGE_CURVE('',#3182,#3181,#1507,.T.);
#3972=EDGE_CURVE('',#3182,#3120,#1508,.T.);
#3973=EDGE_CURVE('',#3183,#3182,#1509,.T.);
#3974=EDGE_CURVE('',#3183,#3121,#1510,.T.);
#3975=EDGE_CURVE('',#3184,#3183,#1511,.T.);
#3976=EDGE_CURVE('',#3184,#3106,#1512,.T.);
#3977=EDGE_CURVE('',#3185,#3186,#52,.T.);
#3978=EDGE_CURVE('',#3187,#3185,#1513,.T.);
#3979=EDGE_CURVE('',#3188,#3187,#53,.T.);
#3980=EDGE_CURVE('',#3189,#3188,#1514,.T.);
#3981=EDGE_CURVE('',#3190,#3189,#1515,.T.);
#3982=EDGE_CURVE('',#3190,#3186,#1516,.T.);
#3983=EDGE_CURVE('',#3186,#3191,#54,.T.);
#3984=EDGE_CURVE('',#3191,#3190,#222,.T.);
#3985=EDGE_CURVE('',#3192,#3188,#55,.T.);
#3986=EDGE_CURVE('',#3189,#3192,#223,.T.);
#3987=EDGE_CURVE('',#3193,#3194,#224,.T.);
#3988=EDGE_CURVE('',#3193,#3102,#1517,.T.);
#3989=EDGE_CURVE('',#3194,#3101,#1518,.T.);
#3990=EDGE_CURVE('',#3195,#3193,#1519,.T.);
#3991=EDGE_CURVE('',#3195,#3103,#1520,.T.);
#3992=EDGE_CURVE('',#3196,#3195,#225,.T.);
#3993=EDGE_CURVE('',#3196,#3104,#1521,.T.);
#3994=EDGE_CURVE('',#3197,#3196,#1522,.T.);
#3995=EDGE_CURVE('',#3197,#3105,#1523,.T.);
#3996=EDGE_CURVE('',#3177,#3198,#1524,.T.);
#3997=EDGE_CURVE('',#3198,#3113,#1525,.T.);
#3998=EDGE_CURVE('',#3198,#3199,#226,.T.);
#3999=EDGE_CURVE('',#3199,#3112,#1526,.T.);
#4000=EDGE_CURVE('',#3199,#3200,#1527,.T.);
#4001=EDGE_CURVE('',#3200,#3111,#1528,.T.);
#4002=EDGE_CURVE('',#3200,#3201,#227,.T.);
#4003=EDGE_CURVE('',#3201,#3110,#1529,.T.);
#4004=EDGE_CURVE('',#3201,#3202,#1530,.T.);
#4005=EDGE_CURVE('',#3202,#3109,#1531,.T.);
#4006=EDGE_CURVE('',#3202,#3203,#228,.T.);
#4007=EDGE_CURVE('',#3203,#3108,#1532,.T.);
#4008=EDGE_CURVE('',#3203,#3204,#1533,.T.);
#4009=EDGE_CURVE('',#3204,#3107,#1534,.T.);
#4010=EDGE_CURVE('',#3204,#3184,#229,.T.);
#4011=EDGE_CURVE('',#3194,#3205,#1535,.T.);
#4012=EDGE_CURVE('',#3205,#3100,#1536,.T.);
#4013=EDGE_CURVE('',#3205,#3206,#230,.T.);
#4014=EDGE_CURVE('',#3206,#3099,#1537,.T.);
#4015=EDGE_CURVE('',#3207,#3080,#1538,.T.);
#4016=EDGE_CURVE('',#3206,#3207,#1539,.T.);
#4017=EDGE_CURVE('',#3207,#3197,#231,.T.);
#4018=EDGE_CURVE('',#3191,#3208,#232,.T.);
#4019=EDGE_CURVE('',#3209,#3208,#233,.T.);
#4020=EDGE_CURVE('',#3209,#3210,#234,.T.);
#4021=EDGE_CURVE('',#3210,#3185,#235,.T.);
#4022=EDGE_CURVE('',#3211,#3212,#1540,.T.);
#4023=EDGE_CURVE('',#3212,#3213,#236,.T.);
#4024=EDGE_CURVE('',#3213,#3214,#1541,.T.);
#4025=EDGE_CURVE('',#3214,#3215,#237,.T.);
#4026=EDGE_CURVE('',#3215,#3216,#1542,.T.);
#4027=EDGE_CURVE('',#3216,#3217,#238,.T.);
#4028=EDGE_CURVE('',#3217,#3218,#1543,.T.);
#4029=EDGE_CURVE('',#3218,#3211,#239,.T.);
#4030=EDGE_CURVE('',#3219,#3220,#1544,.T.);
#4031=EDGE_CURVE('',#3220,#3221,#240,.T.);
#4032=EDGE_CURVE('',#3221,#3222,#1545,.T.);
#4033=EDGE_CURVE('',#3222,#3223,#241,.T.);
#4034=EDGE_CURVE('',#3223,#3224,#1546,.T.);
#4035=EDGE_CURVE('',#3224,#3225,#242,.T.);
#4036=EDGE_CURVE('',#3225,#3226,#1547,.T.);
#4037=EDGE_CURVE('',#3226,#3219,#243,.T.);
#4038=EDGE_CURVE('',#3227,#3228,#1548,.T.);
#4039=EDGE_CURVE('',#3228,#3229,#244,.T.);
#4040=EDGE_CURVE('',#3229,#3230,#1549,.T.);
#4041=EDGE_CURVE('',#3230,#3231,#245,.T.);
#4042=EDGE_CURVE('',#3231,#3232,#1550,.T.);
#4043=EDGE_CURVE('',#3232,#3233,#246,.T.);
#4044=EDGE_CURVE('',#3233,#3234,#1551,.T.);
#4045=EDGE_CURVE('',#3234,#3227,#247,.T.);
#4046=EDGE_CURVE('',#3235,#3236,#1552,.T.);
#4047=EDGE_CURVE('',#3236,#3237,#248,.T.);
#4048=EDGE_CURVE('',#3237,#3238,#1553,.T.);
#4049=EDGE_CURVE('',#3238,#3239,#249,.T.);
#4050=EDGE_CURVE('',#3239,#3240,#1554,.T.);
#4051=EDGE_CURVE('',#3240,#3241,#250,.T.);
#4052=EDGE_CURVE('',#3241,#3242,#1555,.T.);
#4053=EDGE_CURVE('',#3242,#3235,#251,.T.);
#4054=EDGE_CURVE('',#3243,#3244,#1556,.T.);
#4055=EDGE_CURVE('',#3244,#3245,#252,.T.);
#4056=EDGE_CURVE('',#3245,#3246,#1557,.T.);
#4057=EDGE_CURVE('',#3246,#3247,#253,.T.);
#4058=EDGE_CURVE('',#3247,#3248,#1558,.T.);
#4059=EDGE_CURVE('',#3248,#3249,#254,.T.);
#4060=EDGE_CURVE('',#3249,#3250,#1559,.T.);
#4061=EDGE_CURVE('',#3250,#3243,#255,.T.);
#4062=EDGE_CURVE('',#3251,#3252,#1560,.T.);
#4063=EDGE_CURVE('',#3253,#3251,#256,.T.);
#4064=EDGE_CURVE('',#3254,#3253,#1561,.T.);
#4065=EDGE_CURVE('',#3255,#3254,#257,.T.);
#4066=EDGE_CURVE('',#3255,#3256,#1562,.T.);
#4067=EDGE_CURVE('',#3257,#3256,#258,.T.);
#4068=EDGE_CURVE('',#3258,#3257,#1563,.T.);
#4069=EDGE_CURVE('',#3252,#3258,#259,.T.);
#4070=EDGE_CURVE('',#3259,#3260,#1564,.T.);
#4071=EDGE_CURVE('',#3261,#3259,#1565,.T.);
#4072=EDGE_CURVE('',#3262,#3261,#1566,.T.);
#4073=EDGE_CURVE('',#3260,#3262,#1567,.T.);
#4074=EDGE_CURVE('',#3263,#3192,#260,.T.);
#4075=EDGE_CURVE('',#3264,#3263,#1568,.T.);
#4076=EDGE_CURVE('',#3265,#3264,#261,.T.);
#4077=EDGE_CURVE('',#3266,#3265,#1569,.T.);
#4078=EDGE_CURVE('',#3267,#3266,#262,.T.);
#4079=EDGE_CURVE('',#3208,#3267,#1570,.T.);
#4080=EDGE_CURVE('',#3268,#3269,#263,.T.);
#4081=EDGE_CURVE('',#3270,#3268,#1571,.T.);
#4082=EDGE_CURVE('',#3271,#3270,#264,.T.);
#4083=EDGE_CURVE('',#3272,#3271,#1572,.T.);
#4084=EDGE_CURVE('',#3273,#3272,#265,.T.);
#4085=EDGE_CURVE('',#3274,#3273,#1573,.T.);
#4086=EDGE_CURVE('',#3275,#3274,#266,.T.);
#4087=EDGE_CURVE('',#3269,#3275,#1574,.T.);
#4088=EDGE_CURVE('',#3276,#3277,#267,.T.);
#4089=EDGE_CURVE('',#3278,#3276,#1575,.T.);
#4090=EDGE_CURVE('',#3279,#3278,#268,.T.);
#4091=EDGE_CURVE('',#3280,#3279,#1576,.T.);
#4092=EDGE_CURVE('',#3281,#3280,#269,.T.);
#4093=EDGE_CURVE('',#3282,#3281,#1577,.T.);
#4094=EDGE_CURVE('',#3283,#3282,#270,.T.);
#4095=EDGE_CURVE('',#3277,#3283,#1578,.T.);
#4096=EDGE_CURVE('',#3284,#3285,#1579,.T.);
#4097=EDGE_CURVE('',#3286,#3284,#271,.T.);
#4098=EDGE_CURVE('',#3287,#3286,#1580,.T.);
#4099=EDGE_CURVE('',#3288,#3287,#272,.T.);
#4100=EDGE_CURVE('',#3289,#3288,#1581,.T.);
#4101=EDGE_CURVE('',#3290,#3289,#273,.T.);
#4102=EDGE_CURVE('',#3291,#3290,#1582,.T.);
#4103=EDGE_CURVE('',#3285,#3291,#274,.T.);
#4104=EDGE_CURVE('',#3292,#3293,#275,.T.);
#4105=EDGE_CURVE('',#3294,#3292,#1583,.T.);
#4106=EDGE_CURVE('',#3295,#3294,#276,.T.);
#4107=EDGE_CURVE('',#3296,#3295,#1584,.T.);
#4108=EDGE_CURVE('',#3297,#3296,#277,.T.);
#4109=EDGE_CURVE('',#3298,#3297,#1585,.T.);
#4110=EDGE_CURVE('',#3299,#3298,#278,.T.);
#4111=EDGE_CURVE('',#3293,#3299,#1586,.T.);
#4112=EDGE_CURVE('',#3300,#3301,#1587,.T.);
#4113=EDGE_CURVE('',#3302,#3300,#1588,.T.);
#4114=EDGE_CURVE('',#3303,#3302,#1589,.T.);
#4115=EDGE_CURVE('',#3303,#3301,#1590,.T.);
#4116=EDGE_CURVE('',#3301,#3304,#1591,.T.);
#4117=EDGE_CURVE('',#3305,#3303,#1592,.T.);
#4118=EDGE_CURVE('',#3306,#3305,#1593,.T.);
#4119=EDGE_CURVE('',#3307,#3306,#1594,.T.);
#4120=EDGE_CURVE('',#3308,#3307,#1595,.T.);
#4121=EDGE_CURVE('',#3309,#3308,#1596,.T.);
#4122=EDGE_CURVE('',#3304,#3309,#1597,.T.);
#4123=EDGE_CURVE('',#3310,#3304,#1598,.T.);
#4124=EDGE_CURVE('',#3310,#3311,#1599,.T.);
#4125=EDGE_CURVE('',#3311,#3312,#1600,.T.);
#4126=EDGE_CURVE('',#3312,#3313,#1601,.T.);
#4127=EDGE_CURVE('',#3314,#3313,#1602,.T.);
#4128=EDGE_CURVE('',#3314,#3315,#1603,.T.);
#4129=EDGE_CURVE('',#3315,#3316,#1604,.T.);
#4130=EDGE_CURVE('',#3317,#3316,#1605,.T.);
#4131=EDGE_CURVE('',#3318,#3317,#1606,.T.);
#4132=EDGE_CURVE('',#3318,#3300,#1607,.T.);
#4133=EDGE_CURVE('',#3319,#3320,#1608,.T.);
#4134=EDGE_CURVE('',#3320,#3321,#1609,.T.);
#4135=EDGE_CURVE('',#3321,#3322,#1610,.T.);
#4136=EDGE_CURVE('',#3322,#3319,#1611,.T.);
#4137=EDGE_CURVE('',#3323,#3324,#1612,.F.);
#4138=EDGE_CURVE('',#3324,#3325,#1613,.F.);
#4139=EDGE_CURVE('',#3325,#3326,#1614,.F.);
#4140=EDGE_CURVE('',#3326,#3323,#1615,.F.);
#4141=EDGE_CURVE('',#3327,#3328,#1616,.T.);
#4142=EDGE_CURVE('',#3328,#3329,#1617,.T.);
#4143=EDGE_CURVE('',#3330,#3329,#1618,.T.);
#4144=EDGE_CURVE('',#3330,#3327,#1619,.T.);
#4145=EDGE_CURVE('',#3309,#3331,#1620,.T.);
#4146=EDGE_CURVE('',#3331,#3332,#1621,.T.);
#4147=EDGE_CURVE('',#3332,#3333,#1622,.T.);
#4148=EDGE_CURVE('',#3333,#3334,#1623,.T.);
#4149=EDGE_CURVE('',#3334,#3335,#1624,.T.);
#4150=EDGE_CURVE('',#3335,#3336,#279,.T.);
#4151=EDGE_CURVE('',#3336,#3337,#280,.T.);
#4152=EDGE_CURVE('',#3337,#3338,#1625,.T.);
#4153=EDGE_CURVE('',#3338,#3339,#1626,.T.);
#4154=EDGE_CURVE('',#3339,#3340,#1627,.T.);
#4155=EDGE_CURVE('',#3340,#3341,#1628,.T.);
#4156=EDGE_CURVE('',#3341,#3342,#1629,.T.);
#4157=EDGE_CURVE('',#3342,#3314,#1630,.T.);
#4158=EDGE_CURVE('',#3313,#3343,#1631,.T.);
#4159=EDGE_CURVE('',#3343,#3344,#1632,.T.);
#4160=EDGE_CURVE('',#3344,#3310,#1633,.T.);
#4161=EDGE_CURVE('',#3345,#3346,#1634,.T.);
#4162=EDGE_CURVE('',#3347,#3345,#1635,.T.);
#4163=EDGE_CURVE('',#3348,#3347,#1636,.T.);
#4164=EDGE_CURVE('',#3346,#3348,#1637,.T.);
#4165=EDGE_CURVE('',#3349,#3350,#1638,.T.);
#4166=EDGE_CURVE('',#3350,#3351,#1639,.T.);
#4167=EDGE_CURVE('',#3349,#3351,#1640,.T.);
#4168=EDGE_CURVE('',#3306,#3352,#1641,.T.);
#4169=EDGE_CURVE('',#3352,#3353,#1642,.T.);
#4170=EDGE_CURVE('',#3353,#3307,#1643,.T.);
#4171=EDGE_CURVE('',#3353,#3354,#1644,.T.);
#4172=EDGE_CURVE('',#3354,#3308,#1645,.T.);
#4173=EDGE_CURVE('',#3355,#3356,#1646,.T.);
#4174=EDGE_CURVE('',#3356,#3357,#1647,.T.);
#4175=EDGE_CURVE('',#3357,#3358,#1648,.T.);
#4176=EDGE_CURVE('',#3355,#3358,#1649,.T.);
#4177=EDGE_CURVE('',#3359,#3360,#1650,.T.);
#4178=EDGE_CURVE('',#3361,#3360,#1651,.T.);
#4179=EDGE_CURVE('',#3361,#3362,#1652,.T.);
#4180=EDGE_CURVE('',#3359,#3362,#1653,.T.);
#4181=EDGE_CURVE('',#3363,#3305,#1654,.T.);
#4182=EDGE_CURVE('',#3363,#3352,#1655,.T.);
#4183=EDGE_CURVE('',#3316,#3364,#1656,.T.);
#4184=EDGE_CURVE('',#3365,#3315,#1657,.T.);
#4185=EDGE_CURVE('',#3365,#3364,#1658,.T.);
#4186=EDGE_CURVE('',#3366,#3367,#1659,.T.);
#4187=EDGE_CURVE('',#3368,#3366,#1660,.T.);
#4188=EDGE_CURVE('',#3369,#3368,#1661,.T.);
#4189=EDGE_CURVE('',#3369,#3365,#1662,.T.);
#4190=EDGE_CURVE('',#3342,#3367,#1663,.T.);
#4191=EDGE_CURVE('',#3344,#3354,#1664,.T.);
#4192=EDGE_CURVE('',#3343,#3370,#1665,.T.);
#4193=EDGE_CURVE('',#3367,#3370,#1666,.T.);
#4194=EDGE_CURVE('',#3364,#3341,#1667,.T.);
#4195=EDGE_CURVE('',#3369,#3371,#1668,.T.);
#4196=EDGE_CURVE('',#3371,#3372,#1669,.T.);
#4197=EDGE_CURVE('',#3372,#3373,#1670,.T.);
#4198=EDGE_CURVE('',#3363,#3373,#1671,.T.);
#4199=EDGE_CURVE('',#3331,#3302,#1672,.T.);
#4200=EDGE_CURVE('',#3360,#3355,#1673,.T.);
#4201=EDGE_CURVE('',#3356,#3359,#1674,.T.);
#4202=EDGE_CURVE('',#3374,#3171,#1675,.T.);
#4203=EDGE_CURVE('',#3374,#3175,#1676,.T.);
#4204=EDGE_CURVE('',#3174,#3375,#1677,.T.);
#4205=EDGE_CURVE('',#3375,#3374,#1678,.T.);
#4206=EDGE_CURVE('',#3370,#3376,#1679,.T.);
#4207=EDGE_CURVE('',#3377,#3376,#1680,.T.);
#4208=EDGE_CURVE('',#3327,#3377,#1681,.T.);
#4209=EDGE_CURVE('',#3378,#3330,#1682,.T.);
#4210=EDGE_CURVE('',#3379,#3378,#1683,.T.);
#4211=EDGE_CURVE('',#3380,#3379,#1684,.T.);
#4212=EDGE_CURVE('',#3366,#3380,#1685,.T.);
#4213=EDGE_CURVE('',#3373,#3311,#1686,.T.);
#4214=EDGE_CURVE('',#3372,#3312,#1687,.T.);
#4215=EDGE_CURVE('',#3381,#3371,#1688,.T.);
#4216=EDGE_CURVE('',#3376,#3381,#1689,.T.);
#4217=EDGE_CURVE('',#3381,#3382,#1690,.T.);
#4218=EDGE_CURVE('',#3382,#3377,#1691,.T.);
#4219=EDGE_CURVE('',#3383,#3368,#1692,.T.);
#4220=EDGE_CURVE('',#3329,#3383,#1693,.T.);
#4221=EDGE_CURVE('',#3382,#3328,#1694,.T.);
#4222=EDGE_CURVE('',#3384,#3338,#1695,.T.);
#4223=EDGE_CURVE('',#3385,#3384,#1696,.T.);
#4224=EDGE_CURVE('',#3385,#3386,#1697,.T.);
#4225=EDGE_CURVE('',#3386,#3387,#1698,.T.);
#4226=EDGE_CURVE('',#3388,#3387,#1699,.T.);
#4227=EDGE_CURVE('',#3389,#3388,#1700,.T.);
#4228=EDGE_CURVE('',#3390,#3389,#1701,.T.);
#4229=EDGE_CURVE('',#3391,#3390,#1702,.T.);
#4230=EDGE_CURVE('',#3339,#3391,#1703,.T.);
#4231=EDGE_CURVE('',#3392,#3393,#1704,.T.);
#4232=EDGE_CURVE('',#3386,#3392,#1705,.T.);
#4233=EDGE_CURVE('',#3394,#3385,#1706,.T.);
#4234=EDGE_CURVE('',#3395,#3394,#1707,.T.);
#4235=EDGE_CURVE('',#3393,#3395,#1708,.T.);
#4236=EDGE_CURVE('',#3396,#3392,#1709,.T.);
#4237=EDGE_CURVE('',#3387,#3396,#1710,.T.);
#4238=EDGE_CURVE('',#3340,#3396,#1711,.T.);
#4239=EDGE_CURVE('',#3397,#3393,#1712,.T.);
#4240=EDGE_CURVE('',#3397,#3398,#1713,.T.);
#4241=EDGE_CURVE('',#3317,#3398,#1714,.T.);
#4242=EDGE_CURVE('',#3399,#3400,#1715,.T.);
#4243=EDGE_CURVE('',#3401,#3399,#1716,.T.);
#4244=EDGE_CURVE('',#3401,#3402,#1717,.T.);
#4245=EDGE_CURVE('',#3400,#3402,#1718,.T.);
#4246=EDGE_CURVE('',#3403,#3404,#1719,.T.);
#4247=EDGE_CURVE('',#3405,#3403,#1720,.T.);
#4248=EDGE_CURVE('',#3405,#3406,#1721,.T.);
#4249=EDGE_CURVE('',#3404,#3406,#1722,.T.);
#4250=EDGE_CURVE('',#3407,#3408,#1723,.T.);
#4251=EDGE_CURVE('',#3409,#3407,#1724,.T.);
#4252=EDGE_CURVE('',#3409,#3410,#1725,.T.);
#4253=EDGE_CURVE('',#3408,#3410,#1726,.T.);
#4254=EDGE_CURVE('',#3411,#3412,#1727,.F.);
#4255=EDGE_CURVE('',#3412,#3413,#56,.F.);
#4256=EDGE_CURVE('',#3413,#3414,#57,.F.);
#4257=EDGE_CURVE('',#3414,#3415,#1728,.F.);
#4258=EDGE_CURVE('',#3415,#3416,#58,.F.);
#4259=EDGE_CURVE('',#3416,#3411,#59,.F.);
#4260=EDGE_CURVE('',#3417,#3418,#1729,.F.);
#4261=EDGE_CURVE('',#3418,#3419,#281,.F.);
#4262=EDGE_CURVE('',#3419,#3420,#1730,.F.);
#4263=EDGE_CURVE('',#3420,#3421,#282,.F.);
#4264=EDGE_CURVE('',#3421,#3422,#1731,.F.);
#4265=EDGE_CURVE('',#3422,#3423,#283,.F.);
#4266=EDGE_CURVE('',#3423,#3424,#1732,.F.);
#4267=EDGE_CURVE('',#3424,#3417,#284,.F.);
#4268=EDGE_CURVE('',#3395,#3425,#1733,.T.);
#4269=EDGE_CURVE('',#3425,#3426,#1734,.T.);
#4270=EDGE_CURVE('',#3426,#3427,#1735,.T.);
#4271=EDGE_CURVE('',#3427,#3428,#1736,.T.);
#4272=EDGE_CURVE('',#3429,#3428,#1737,.T.);
#4273=EDGE_CURVE('',#3397,#3429,#1738,.T.);
#4274=EDGE_CURVE('',#3430,#3394,#1739,.F.);
#4275=EDGE_CURVE('',#3425,#3430,#1740,.T.);
#4276=EDGE_CURVE('',#3431,#3388,#1741,.T.);
#4277=EDGE_CURVE('',#3432,#3431,#1742,.T.);
#4278=EDGE_CURVE('',#3389,#3432,#1743,.T.);
#4279=EDGE_CURVE('',#3433,#3391,#1744,.T.);
#4280=EDGE_CURVE('',#3434,#3433,#1745,.T.);
#4281=EDGE_CURVE('',#3333,#3434,#1746,.T.);
#4282=EDGE_CURVE('',#3435,#3332,#1747,.T.);
#4283=EDGE_CURVE('',#3435,#3436,#1748,.T.);
#4284=EDGE_CURVE('',#3437,#3436,#1749,.T.);
#4285=EDGE_CURVE('',#3437,#3438,#1750,.T.);
#4286=EDGE_CURVE('',#3439,#3438,#1751,.T.);
#4287=EDGE_CURVE('',#3440,#3439,#1752,.T.);
#4288=EDGE_CURVE('',#3440,#3431,#1753,.T.);
#4289=EDGE_CURVE('',#3375,#3170,#1754,.T.);
#4290=EDGE_CURVE('',#3357,#3362,#1755,.T.);
#4291=EDGE_CURVE('',#3358,#3361,#1756,.T.);
#4292=EDGE_CURVE('',#3441,#3442,#1757,.T.);
#4293=EDGE_CURVE('',#3441,#3443,#1758,.T.);
#4294=EDGE_CURVE('',#3444,#3443,#1759,.T.);
#4295=EDGE_CURVE('',#3442,#3444,#1760,.T.);
#4296=EDGE_CURVE('',#3445,#3441,#1761,.T.);
#4297=EDGE_CURVE('',#3445,#3446,#1762,.T.);
#4298=EDGE_CURVE('',#3447,#3446,#1763,.T.);
#4299=EDGE_CURVE('',#3447,#3448,#1764,.T.);
#4300=EDGE_CURVE('',#3449,#3448,#1765,.T.);
#4301=EDGE_CURVE('',#3449,#3450,#1766,.T.);
#4302=EDGE_CURVE('',#3451,#3450,#1767,.T.);
#4303=EDGE_CURVE('',#3451,#3452,#1768,.T.);
#4304=EDGE_CURVE('',#3443,#3452,#1769,.T.);
#4305=EDGE_CURVE('',#3427,#3453,#1770,.T.);
#4306=EDGE_CURVE('',#3426,#3454,#1771,.F.);
#4307=EDGE_CURVE('',#3453,#3454,#1772,.F.);
#4308=EDGE_CURVE('',#3455,#3430,#1773,.F.);
#4309=EDGE_CURVE('',#3455,#3456,#1774,.T.);
#4310=EDGE_CURVE('',#3457,#3456,#1775,.T.);
#4311=EDGE_CURVE('',#3458,#3457,#1776,.T.);
#4312=EDGE_CURVE('',#3459,#3458,#1777,.F.);
#4313=EDGE_CURVE('',#3459,#3460,#1778,.T.);
#4314=EDGE_CURVE('',#3461,#3460,#1779,.T.);
#4315=EDGE_CURVE('',#3462,#3461,#1780,.T.);
#4316=EDGE_CURVE('',#3463,#3462,#1781,.F.);
#4317=EDGE_CURVE('',#3463,#3464,#1782,.T.);
#4318=EDGE_CURVE('',#3465,#3464,#1783,.T.);
#4319=EDGE_CURVE('',#3466,#3465,#1784,.T.);
#4320=EDGE_CURVE('',#3454,#3466,#1785,.F.);
#4321=EDGE_CURVE('',#3384,#3467,#1786,.F.);
#4322=EDGE_CURVE('',#3468,#3467,#285,.T.);
#4323=EDGE_CURVE('',#3468,#3469,#1787,.F.);
#4324=EDGE_CURVE('',#3470,#3469,#1788,.T.);
#4325=EDGE_CURVE('',#3453,#3470,#1789,.T.);
#4326=EDGE_CURVE('',#3466,#3447,#1790,.T.);
#4327=EDGE_CURVE('',#3446,#3471,#1791,.T.);
#4328=EDGE_CURVE('',#3471,#3444,#1792,.T.);
#4329=EDGE_CURVE('',#3452,#3455,#1793,.T.);
#4330=EDGE_CURVE('',#3467,#3337,#1794,.T.);
#4331=EDGE_CURVE('',#3472,#3473,#286,.T.);
#4332=EDGE_CURVE('',#3473,#3474,#1795,.T.);
#4333=EDGE_CURVE('',#3474,#3475,#287,.T.);
#4334=EDGE_CURVE('',#3475,#3472,#1796,.T.);
#4335=EDGE_CURVE('',#3475,#3476,#1797,.T.);
#4336=EDGE_CURVE('',#3477,#3476,#1798,.T.);
#4337=EDGE_CURVE('',#3477,#3472,#1799,.T.);
#4338=EDGE_CURVE('',#3456,#3474,#1800,.T.);
#4339=EDGE_CURVE('',#3478,#3452,#1801,.T.);
#4340=EDGE_CURVE('',#3479,#3478,#1802,.T.);
#4341=EDGE_CURVE('',#3480,#3479,#1803,.T.);
#4342=EDGE_CURVE('',#3481,#3480,#1804,.T.);
#4343=EDGE_CURVE('',#3481,#3482,#1805,.F.);
#4344=EDGE_CURVE('',#3476,#3482,#288,.T.);
#4345=EDGE_CURVE('',#3483,#3484,#289,.T.);
#4346=EDGE_CURVE('',#3484,#3485,#1806,.T.);
#4347=EDGE_CURVE('',#3485,#3486,#290,.T.);
#4348=EDGE_CURVE('',#3486,#3483,#1807,.T.);
#4349=EDGE_CURVE('',#3461,#3484,#1808,.F.);
#4350=EDGE_CURVE('',#3460,#3485,#1809,.T.);
#4351=EDGE_CURVE('',#3487,#3483,#1810,.T.);
#4352=EDGE_CURVE('',#3488,#3487,#291,.T.);
#4353=EDGE_CURVE('',#3489,#3488,#1811,.T.);
#4354=EDGE_CURVE('',#3490,#3489,#1812,.T.);
#4355=EDGE_CURVE('',#3491,#3490,#1813,.T.);
#4356=EDGE_CURVE('',#3492,#3491,#1814,.T.);
#4357=EDGE_CURVE('',#3449,#3492,#1815,.T.);
#4358=EDGE_CURVE('',#3462,#3449,#1816,.T.);
#4359=EDGE_CURVE('',#3493,#3494,#292,.T.);
#4360=EDGE_CURVE('',#3494,#3495,#1817,.T.);
#4361=EDGE_CURVE('',#3495,#3496,#293,.T.);
#4362=EDGE_CURVE('',#3496,#3493,#1818,.T.);
#4363=EDGE_CURVE('',#3465,#3494,#1819,.F.);
#4364=EDGE_CURVE('',#3464,#3495,#1820,.T.);
#4365=EDGE_CURVE('',#3493,#3497,#1821,.T.);
#4366=EDGE_CURVE('',#3498,#3497,#294,.T.);
#4367=EDGE_CURVE('',#3499,#3498,#1822,.T.);
#4368=EDGE_CURVE('',#3500,#3499,#1823,.T.);
#4369=EDGE_CURVE('',#3501,#3500,#1824,.T.);
#4370=EDGE_CURVE('',#3502,#3501,#1825,.T.);
#4371=EDGE_CURVE('',#3447,#3502,#1826,.T.);
#4372=EDGE_CURVE('',#3450,#3459,#1827,.T.);
#4373=EDGE_CURVE('',#3503,#3450,#1828,.T.);
#4374=EDGE_CURVE('',#3504,#3503,#1829,.T.);
#4375=EDGE_CURVE('',#3505,#3504,#1830,.T.);
#4376=EDGE_CURVE('',#3506,#3505,#1831,.T.);
#4377=EDGE_CURVE('',#3506,#3507,#1832,.F.);
#4378=EDGE_CURVE('',#3508,#3507,#295,.T.);
#4379=EDGE_CURVE('',#3486,#3508,#1833,.T.);
#4380=EDGE_CURVE('',#3448,#3463,#1834,.T.);
#4381=EDGE_CURVE('',#3509,#3448,#1835,.T.);
#4382=EDGE_CURVE('',#3510,#3509,#1836,.T.);
#4383=EDGE_CURVE('',#3511,#3510,#1837,.T.);
#4384=EDGE_CURVE('',#3512,#3511,#1838,.T.);
#4385=EDGE_CURVE('',#3512,#3513,#1839,.F.);
#4386=EDGE_CURVE('',#3514,#3513,#296,.T.);
#4387=EDGE_CURVE('',#3496,#3514,#1840,.T.);
#4388=EDGE_CURVE('',#3487,#3508,#1841,.T.);
#4389=EDGE_CURVE('',#3497,#3514,#1842,.T.);
#4390=EDGE_CURVE('',#3515,#3477,#297,.T.);
#4391=EDGE_CURVE('',#3516,#3515,#1843,.T.);
#4392=EDGE_CURVE('',#3517,#3516,#1844,.T.);
#4393=EDGE_CURVE('',#3518,#3517,#1845,.T.);
#4394=EDGE_CURVE('',#3519,#3518,#1846,.T.);
#4395=EDGE_CURVE('',#3451,#3519,#1847,.T.);
#4396=EDGE_CURVE('',#3458,#3451,#1848,.T.);
#4397=EDGE_CURVE('',#3457,#3473,#1849,.F.);
#4398=EDGE_CURVE('',#3513,#3498,#1850,.T.);
#4399=EDGE_CURVE('',#3507,#3488,#1851,.T.);
#4400=EDGE_CURVE('',#3482,#3515,#1852,.T.);
#4401=EDGE_CURVE('',#3489,#3506,#1853,.F.);
#4402=EDGE_CURVE('',#3499,#3512,#1854,.F.);
#4403=EDGE_CURVE('',#3516,#3481,#1855,.F.);
#4404=EDGE_CURVE('',#3509,#3502,#1856,.T.);
#4405=EDGE_CURVE('',#3501,#3510,#1857,.T.);
#4406=EDGE_CURVE('',#3503,#3492,#1858,.T.);
#4407=EDGE_CURVE('',#3491,#3504,#1859,.T.);
#4408=EDGE_CURVE('',#3478,#3519,#1860,.T.);
#4409=EDGE_CURVE('',#3518,#3479,#1861,.T.);
#4410=EDGE_CURVE('',#3500,#3511,#1862,.T.);
#4411=EDGE_CURVE('',#3490,#3505,#1863,.T.);
#4412=EDGE_CURVE('',#3517,#3480,#1864,.T.);
#4413=EDGE_CURVE('',#3520,#3445,#1865,.T.);
#4414=EDGE_CURVE('',#3520,#3471,#1866,.T.);
#4415=EDGE_CURVE('',#3442,#3520,#1867,.T.);
#4416=EDGE_CURVE('',#3469,#3334,#1868,.T.);
#4417=EDGE_CURVE('',#3335,#3468,#1869,.T.);
#4418=EDGE_CURVE('',#3521,#3434,#1870,.T.);
#4419=EDGE_CURVE('',#3522,#3521,#1871,.T.);
#4420=EDGE_CURVE('',#3437,#3522,#1872,.T.);
#4421=EDGE_CURVE('',#3436,#3523,#1873,.T.);
#4422=EDGE_CURVE('',#3470,#3523,#1874,.T.);
#4423=EDGE_CURVE('',#3336,#3524,#1875,.T.);
#4424=EDGE_CURVE('',#3525,#3524,#298,.T.);
#4425=EDGE_CURVE('',#3526,#3525,#1876,.T.);
#4426=EDGE_CURVE('',#3433,#3526,#299,.T.);
#4427=EDGE_CURVE('',#3527,#3433,#300,.T.);
#4428=EDGE_CURVE('',#3528,#3527,#1877,.T.);
#4429=EDGE_CURVE('',#3524,#3528,#301,.T.);
#4430=EDGE_CURVE('',#3523,#3529,#1878,.T.);
#4431=EDGE_CURVE('',#3428,#3529,#1879,.T.);
#4432=EDGE_CURVE('',#3529,#3435,#1880,.T.);
#4433=EDGE_CURVE('',#3293,#3530,#302,.T.);
#4434=EDGE_CURVE('',#3530,#3531,#303,.T.);
#4435=EDGE_CURVE('',#3531,#3292,#304,.T.);
#4436=EDGE_CURVE('',#3532,#3294,#305,.T.);
#4437=EDGE_CURVE('',#3531,#3532,#1881,.T.);
#4438=EDGE_CURVE('',#3533,#3295,#306,.T.);
#4439=EDGE_CURVE('',#3532,#3533,#307,.T.);
#4440=EDGE_CURVE('',#3534,#3296,#308,.T.);
#4441=EDGE_CURVE('',#3533,#3534,#1882,.T.);
#4442=EDGE_CURVE('',#3535,#3297,#309,.T.);
#4443=EDGE_CURVE('',#3534,#3535,#310,.T.);
#4444=EDGE_CURVE('',#3536,#3298,#311,.T.);
#4445=EDGE_CURVE('',#3535,#3536,#1883,.T.);
#4446=EDGE_CURVE('',#3537,#3299,#312,.T.);
#4447=EDGE_CURVE('',#3536,#3537,#313,.T.);
#4448=EDGE_CURVE('',#3537,#3530,#1884,.T.);
#4449=EDGE_CURVE('',#3533,#3212,#1885,.T.);
#4450=EDGE_CURVE('',#3534,#3211,#1886,.T.);
#4451=EDGE_CURVE('',#3532,#3213,#1887,.T.);
#4452=EDGE_CURVE('',#3531,#3214,#1888,.T.);
#4453=EDGE_CURVE('',#3530,#3215,#1889,.T.);
#4454=EDGE_CURVE('',#3269,#3538,#314,.T.);
#4455=EDGE_CURVE('',#3538,#3539,#315,.T.);
#4456=EDGE_CURVE('',#3539,#3268,#316,.T.);
#4457=EDGE_CURVE('',#3540,#3270,#317,.T.);
#4458=EDGE_CURVE('',#3539,#3540,#1890,.T.);
#4459=EDGE_CURVE('',#3541,#3271,#318,.T.);
#4460=EDGE_CURVE('',#3540,#3541,#319,.T.);
#4461=EDGE_CURVE('',#3542,#3272,#320,.T.);
#4462=EDGE_CURVE('',#3541,#3542,#1891,.T.);
#4463=EDGE_CURVE('',#3543,#3273,#321,.T.);
#4464=EDGE_CURVE('',#3542,#3543,#322,.T.);
#4465=EDGE_CURVE('',#3544,#3274,#323,.T.);
#4466=EDGE_CURVE('',#3543,#3544,#1892,.T.);
#4467=EDGE_CURVE('',#3545,#3275,#324,.T.);
#4468=EDGE_CURVE('',#3544,#3545,#325,.T.);
#4469=EDGE_CURVE('',#3545,#3538,#1893,.T.);
#4470=EDGE_CURVE('',#3541,#3232,#1894,.T.);
#4471=EDGE_CURVE('',#3542,#3231,#1895,.T.);
#4472=EDGE_CURVE('',#3540,#3233,#1896,.T.);
#4473=EDGE_CURVE('',#3539,#3234,#1897,.T.);
#4474=EDGE_CURVE('',#3538,#3227,#1898,.T.);
#4475=EDGE_CURVE('',#3285,#3546,#326,.T.);
#4476=EDGE_CURVE('',#3546,#3547,#1899,.T.);
#4477=EDGE_CURVE('',#3547,#3284,#327,.T.);
#4478=EDGE_CURVE('',#3548,#3286,#328,.T.);
#4479=EDGE_CURVE('',#3547,#3548,#329,.T.);
#4480=EDGE_CURVE('',#3549,#3287,#330,.T.);
#4481=EDGE_CURVE('',#3548,#3549,#1900,.T.);
#4482=EDGE_CURVE('',#3550,#3288,#331,.T.);
#4483=EDGE_CURVE('',#3549,#3550,#332,.T.);
#4484=EDGE_CURVE('',#3551,#3289,#333,.T.);
#4485=EDGE_CURVE('',#3550,#3551,#1901,.T.);
#4486=EDGE_CURVE('',#3552,#3290,#334,.T.);
#4487=EDGE_CURVE('',#3551,#3552,#335,.T.);
#4488=EDGE_CURVE('',#3553,#3291,#336,.T.);
#4489=EDGE_CURVE('',#3552,#3553,#1902,.T.);
#4490=EDGE_CURVE('',#3553,#3546,#337,.T.);
#4491=EDGE_CURVE('',#3549,#3247,#1903,.T.);
#4492=EDGE_CURVE('',#3550,#3246,#1904,.T.);
#4493=EDGE_CURVE('',#3548,#3248,#1905,.T.);
#4494=EDGE_CURVE('',#3547,#3249,#1906,.T.);
#4495=EDGE_CURVE('',#3546,#3250,#1907,.T.);
#4496=EDGE_CURVE('',#3277,#3554,#338,.T.);
#4497=EDGE_CURVE('',#3554,#3555,#339,.T.);
#4498=EDGE_CURVE('',#3555,#3276,#340,.T.);
#4499=EDGE_CURVE('',#3556,#3278,#341,.T.);
#4500=EDGE_CURVE('',#3555,#3556,#1908,.T.);
#4501=EDGE_CURVE('',#3557,#3279,#342,.T.);
#4502=EDGE_CURVE('',#3556,#3557,#343,.T.);
#4503=EDGE_CURVE('',#3558,#3280,#344,.T.);
#4504=EDGE_CURVE('',#3557,#3558,#1909,.T.);
#4505=EDGE_CURVE('',#3559,#3281,#345,.T.);
#4506=EDGE_CURVE('',#3558,#3559,#346,.T.);
#4507=EDGE_CURVE('',#3560,#3282,#347,.T.);
#4508=EDGE_CURVE('',#3559,#3560,#1910,.T.);
#4509=EDGE_CURVE('',#3561,#3283,#348,.T.);
#4510=EDGE_CURVE('',#3560,#3561,#349,.T.);
#4511=EDGE_CURVE('',#3561,#3554,#1911,.T.);
#4512=EDGE_CURVE('',#3557,#3240,#1912,.T.);
#4513=EDGE_CURVE('',#3558,#3239,#1913,.T.);
#4514=EDGE_CURVE('',#3556,#3241,#1914,.T.);
#4515=EDGE_CURVE('',#3555,#3242,#1915,.T.);
#4516=EDGE_CURVE('',#3554,#3235,#1916,.T.);
#4517=EDGE_CURVE('',#3267,#3562,#350,.T.);
#4518=EDGE_CURVE('',#3562,#3209,#1917,.T.);
#4519=EDGE_CURVE('',#3210,#3563,#1918,.T.);
#4520=EDGE_CURVE('',#3563,#3187,#351,.T.);
#4521=EDGE_CURVE('',#3563,#3564,#352,.T.);
#4522=EDGE_CURVE('',#3564,#3263,#353,.T.);
#4523=EDGE_CURVE('',#3565,#3264,#354,.T.);
#4524=EDGE_CURVE('',#3564,#3565,#1919,.T.);
#4525=EDGE_CURVE('',#3566,#3265,#355,.T.);
#4526=EDGE_CURVE('',#3565,#3566,#356,.T.);
#4527=EDGE_CURVE('',#3567,#3266,#357,.T.);
#4528=EDGE_CURVE('',#3566,#3567,#1920,.T.);
#4529=EDGE_CURVE('',#3567,#3562,#358,.T.);
#4530=EDGE_CURVE('',#3563,#3219,#1921,.T.);
#4531=EDGE_CURVE('',#3564,#3226,#1922,.T.);
#4532=EDGE_CURVE('',#3210,#3220,#1923,.T.);
#4533=EDGE_CURVE('',#3209,#3221,#1924,.T.);
#4534=EDGE_CURVE('',#3562,#3222,#1925,.T.);
#4535=EDGE_CURVE('',#3551,#3245,#1926,.T.);
#4536=EDGE_CURVE('',#3552,#3244,#1927,.T.);
#4537=EDGE_CURVE('',#3553,#3243,#1928,.T.);
#4538=EDGE_CURVE('',#3559,#3238,#1929,.T.);
#4539=EDGE_CURVE('',#3560,#3237,#1930,.T.);
#4540=EDGE_CURVE('',#3561,#3236,#1931,.T.);
#4541=EDGE_CURVE('',#3543,#3230,#1932,.T.);
#4542=EDGE_CURVE('',#3544,#3229,#1933,.T.);
#4543=EDGE_CURVE('',#3545,#3228,#1934,.T.);
#4544=EDGE_CURVE('',#3566,#3224,#1935,.T.);
#4545=EDGE_CURVE('',#3567,#3223,#1936,.T.);
#4546=EDGE_CURVE('',#3565,#3225,#1937,.T.);
#4547=EDGE_CURVE('',#3537,#3216,#1938,.T.);
#4548=EDGE_CURVE('',#3536,#3217,#1939,.T.);
#4549=EDGE_CURVE('',#3535,#3218,#1940,.T.);
#4550=EDGE_CURVE('',#3521,#3526,#1941,.T.);
#4551=EDGE_CURVE('',#3568,#3522,#1942,.T.);
#4552=EDGE_CURVE('',#3438,#3568,#1943,.T.);
#4553=EDGE_CURVE('',#3256,#3569,#1944,.T.);
#4554=EDGE_CURVE('',#3570,#3255,#1945,.T.);
#4555=EDGE_CURVE('',#3569,#3570,#1946,.T.);
#4556=EDGE_CURVE('',#3571,#3572,#1947,.T.);
#4557=EDGE_CURVE('',#3573,#3571,#359,.T.);
#4558=EDGE_CURVE('',#3574,#3573,#1948,.T.);
#4559=EDGE_CURVE('',#3575,#3574,#360,.T.);
#4560=EDGE_CURVE('',#3576,#3575,#1949,.T.);
#4561=EDGE_CURVE('',#3577,#3576,#361,.T.);
#4562=EDGE_CURVE('',#3578,#3577,#1950,.T.);
#4563=EDGE_CURVE('',#3572,#3578,#362,.T.);
#4564=EDGE_CURVE('',#3579,#3580,#60,.T.);
#4565=EDGE_CURVE('',#3581,#3579,#1951,.T.);
#4566=EDGE_CURVE('',#3582,#3581,#61,.T.);
#4567=EDGE_CURVE('',#3583,#3582,#62,.T.);
#4568=EDGE_CURVE('',#3584,#3583,#1952,.T.);
#4569=EDGE_CURVE('',#3580,#3584,#63,.T.);
#4570=EDGE_CURVE('',#3585,#3252,#1953,.T.);
#4571=EDGE_CURVE('',#3586,#3585,#1954,.T.);
#4572=EDGE_CURVE('',#3251,#3586,#1955,.T.);
#4573=EDGE_CURVE('',#3587,#3587,#363,.T.);
#4574=EDGE_CURVE('',#3588,#3588,#364,.T.);
#4575=EDGE_CURVE('',#3588,#3589,#1956,.T.);
#4576=EDGE_CURVE('',#3589,#3589,#365,.T.);
#4577=EDGE_CURVE('',#3525,#3528,#1957,.T.);
#4578=EDGE_CURVE('',#3590,#3432,#1958,.T.);
#4579=EDGE_CURVE('',#3591,#3590,#1959,.T.);
#4580=EDGE_CURVE('',#3591,#3568,#1960,.T.);
#4581=EDGE_CURVE('',#3527,#3390,#1961,.T.);
#4582=EDGE_CURVE('',#3592,#3593,#1962,.T.);
#4583=EDGE_CURVE('',#3593,#3594,#1963,.T.);
#4584=EDGE_CURVE('',#3594,#3595,#1964,.T.);
#4585=EDGE_CURVE('',#3595,#3592,#1965,.T.);
#4586=EDGE_CURVE('',#3596,#3597,#1966,.T.);
#4587=EDGE_CURVE('',#3597,#3598,#1967,.T.);
#4588=EDGE_CURVE('',#3598,#3599,#1968,.T.);
#4589=EDGE_CURVE('',#3599,#3596,#1969,.T.);
#4590=EDGE_CURVE('',#3379,#3600,#1970,.T.);
#4591=EDGE_CURVE('',#3600,#3351,#1971,.T.);
#4592=EDGE_CURVE('',#3350,#3380,#1972,.T.);
#4593=EDGE_CURVE('',#3587,#3601,#366,.T.);
#4594=EDGE_CURVE('',#3601,#3602,#367,.T.);
#4595=EDGE_CURVE('',#3602,#3601,#368,.T.);
#4596=EDGE_CURVE('',#3603,#3603,#369,.T.);
#4597=EDGE_CURVE('',#3603,#3602,#1973,.T.);
#4598=EDGE_CURVE('',#3604,#3605,#1974,.T.);
#4599=EDGE_CURVE('',#3605,#3324,#19,.T.);
#4600=EDGE_CURVE('',#3323,#3604,#20,.T.);
#4601=EDGE_CURVE('',#3605,#3606,#1975,.T.);
#4602=EDGE_CURVE('',#3325,#3606,#21,.T.);
#4603=EDGE_CURVE('',#3607,#3604,#1976,.T.);
#4604=EDGE_CURVE('',#3326,#3607,#22,.T.);
#4605=EDGE_CURVE('',#3606,#3607,#1977,.T.);
#4606=EDGE_CURVE('',#3569,#3608,#370,.T.);
#4607=EDGE_CURVE('',#3608,#3257,#1978,.T.);
#4608=EDGE_CURVE('',#3609,#3570,#371,.T.);
#4609=EDGE_CURVE('',#3609,#3610,#1979,.T.);
#4610=EDGE_CURVE('',#3586,#3610,#372,.T.);
#4611=EDGE_CURVE('',#3611,#3585,#373,.T.);
#4612=EDGE_CURVE('',#3611,#3608,#1980,.T.);
#4613=EDGE_CURVE('',#3398,#3612,#1981,.T.);
#4614=EDGE_CURVE('',#3612,#3318,#1982,.T.);
#4615=EDGE_CURVE('',#3258,#3611,#1983,.T.);
#4616=EDGE_CURVE('',#3412,#3579,#374,.T.);
#4617=EDGE_CURVE('',#3580,#3413,#375,.T.);
#4618=EDGE_CURVE('',#3411,#3581,#376,.T.);
#4619=EDGE_CURVE('',#3416,#3582,#377,.T.);
#4620=EDGE_CURVE('',#3415,#3583,#378,.T.);
#4621=EDGE_CURVE('',#3414,#3584,#379,.T.);
#4622=EDGE_CURVE('',#3572,#3422,#380,.T.);
#4623=EDGE_CURVE('',#3421,#3571,#381,.T.);
#4624=EDGE_CURVE('',#3420,#3573,#382,.T.);
#4625=EDGE_CURVE('',#3419,#3574,#383,.T.);
#4626=EDGE_CURVE('',#3418,#3575,#384,.T.);
#4627=EDGE_CURVE('',#3417,#3576,#385,.T.);
#4628=EDGE_CURVE('',#3424,#3577,#386,.T.);
#4629=EDGE_CURVE('',#3423,#3578,#387,.T.);
#4630=EDGE_CURVE('',#3321,#3613,#1984,.T.);
#4631=EDGE_CURVE('',#3614,#3613,#1985,.T.);
#4632=EDGE_CURVE('',#3322,#3614,#1986,.T.);
#4633=EDGE_CURVE('',#3615,#3614,#1987,.T.);
#4634=EDGE_CURVE('',#3319,#3615,#1988,.T.);
#4635=EDGE_CURVE('',#3616,#3615,#1989,.T.);
#4636=EDGE_CURVE('',#3320,#3616,#1990,.T.);
#4637=EDGE_CURVE('',#3613,#3616,#1991,.T.);
#4638=EDGE_CURVE('',#3406,#3617,#1992,.T.);
#4639=EDGE_CURVE('',#3617,#3618,#1993,.T.);
#4640=EDGE_CURVE('',#3618,#3404,#1994,.T.);
#4641=EDGE_CURVE('',#3402,#3619,#1995,.T.);
#4642=EDGE_CURVE('',#3619,#3620,#1996,.T.);
#4643=EDGE_CURVE('',#3620,#3400,#1997,.T.);
#4644=EDGE_CURVE('',#3621,#3622,#1998,.T.);
#4645=EDGE_CURVE('',#3622,#3623,#1999,.T.);
#4646=EDGE_CURVE('',#3623,#3624,#2000,.T.);
#4647=EDGE_CURVE('',#3624,#3621,#2001,.T.);
#4648=EDGE_CURVE('',#3625,#3626,#2002,.T.);
#4649=EDGE_CURVE('',#3626,#3627,#2003,.T.);
#4650=EDGE_CURVE('',#3627,#3628,#2004,.T.);
#4651=EDGE_CURVE('',#3628,#3625,#2005,.T.);
#4652=EDGE_CURVE('',#3629,#3630,#2006,.T.);
#4653=EDGE_CURVE('',#3630,#3631,#2007,.T.);
#4654=EDGE_CURVE('',#3631,#3632,#2008,.T.);
#4655=EDGE_CURVE('',#3632,#3629,#2009,.T.);
#4656=EDGE_CURVE('',#3410,#3633,#2010,.T.);
#4657=EDGE_CURVE('',#3633,#3634,#2011,.T.);
#4658=EDGE_CURVE('',#3634,#3408,#2012,.T.);
#4659=EDGE_CURVE('',#3407,#3635,#2013,.T.);
#4660=EDGE_CURVE('',#3635,#3636,#2014,.T.);
#4661=EDGE_CURVE('',#3636,#3409,#2015,.T.);
#4662=EDGE_CURVE('',#3635,#3634,#2016,.T.);
#4663=EDGE_CURVE('',#3636,#3633,#2017,.T.);
#4664=EDGE_CURVE('',#3403,#3637,#2018,.T.);
#4665=EDGE_CURVE('',#3637,#3638,#2019,.T.);
#4666=EDGE_CURVE('',#3638,#3405,#2020,.T.);
#4667=EDGE_CURVE('',#3637,#3618,#2021,.T.);
#4668=EDGE_CURVE('',#3638,#3617,#2022,.T.);
#4669=EDGE_CURVE('',#3399,#3639,#2023,.T.);
#4670=EDGE_CURVE('',#3639,#3640,#2024,.T.);
#4671=EDGE_CURVE('',#3640,#3401,#2025,.T.);
#4672=EDGE_CURVE('',#3639,#3620,#2026,.T.);
#4673=EDGE_CURVE('',#3640,#3619,#2027,.T.);
#4674=EDGE_CURVE('',#3641,#3642,#2028,.T.);
#4675=EDGE_CURVE('',#3642,#3643,#2029,.T.);
#4676=EDGE_CURVE('',#3643,#3644,#2030,.T.);
#4677=EDGE_CURVE('',#3644,#3641,#2031,.T.);
#4678=EDGE_CURVE('',#3642,#3632,#2032,.T.);
#4679=EDGE_CURVE('',#3643,#3631,#2033,.T.);
#4680=EDGE_CURVE('',#3641,#3629,#2034,.T.);
#4681=EDGE_CURVE('',#3645,#3646,#2035,.T.);
#4682=EDGE_CURVE('',#3646,#3647,#2036,.T.);
#4683=EDGE_CURVE('',#3647,#3648,#2037,.T.);
#4684=EDGE_CURVE('',#3648,#3645,#2038,.T.);
#4685=EDGE_CURVE('',#3646,#3628,#2039,.T.);
#4686=EDGE_CURVE('',#3647,#3627,#2040,.T.);
#4687=EDGE_CURVE('',#3645,#3625,#2041,.T.);
#4688=EDGE_CURVE('',#3649,#3650,#2042,.T.);
#4689=EDGE_CURVE('',#3650,#3651,#2043,.T.);
#4690=EDGE_CURVE('',#3651,#3652,#2044,.T.);
#4691=EDGE_CURVE('',#3652,#3649,#2045,.T.);
#4692=EDGE_CURVE('',#3651,#3623,#2046,.T.);
#4693=EDGE_CURVE('',#3652,#3622,#2047,.T.);
#4694=EDGE_CURVE('',#3650,#3624,#2048,.T.);
#4695=EDGE_CURVE('',#3648,#3626,#2049,.T.);
#4696=EDGE_CURVE('',#3644,#3630,#2050,.T.);
#4697=EDGE_CURVE('',#3649,#3621,#2051,.T.);
#4698=EDGE_CURVE('',#3612,#3429,#2052,.T.);
#4699=EDGE_CURVE('',#3653,#3600,#2053,.T.);
#4700=EDGE_CURVE('',#3349,#3653,#2054,.T.);
#4701=EDGE_CURVE('',#3653,#3654,#2055,.T.);
#4702=EDGE_CURVE('',#3654,#3655,#2056,.T.);
#4703=EDGE_CURVE('',#3655,#3656,#2057,.T.);
#4704=EDGE_CURVE('',#3380,#3656,#2058,.T.);
#4705=EDGE_CURVE('',#3657,#3658,#2059,.T.);
#4706=EDGE_CURVE('',#3658,#3655,#2060,.T.);
#4707=EDGE_CURVE('',#3654,#3657,#2061,.T.);
#4708=EDGE_CURVE('',#3659,#3660,#2062,.T.);
#4709=EDGE_CURVE('',#3658,#3659,#2063,.T.);
#4710=EDGE_CURVE('',#3660,#3657,#2064,.T.);
#4711=EDGE_CURVE('',#3661,#3379,#2065,.T.);
#4712=EDGE_CURVE('',#3662,#3661,#2066,.T.);
#4713=EDGE_CURVE('',#3660,#3662,#2067,.T.);
#4714=EDGE_CURVE('',#3662,#3663,#2068,.T.);
#4715=EDGE_CURVE('',#3663,#3659,#2069,.T.);
#4716=EDGE_CURVE('',#3664,#3661,#2070,.T.);
#4717=EDGE_CURVE('',#3664,#3663,#2071,.T.);
#4718=EDGE_CURVE('',#3656,#3664,#2072,.T.);
#4719=EDGE_CURVE('',#3610,#3253,#2073,.T.);
#4720=EDGE_CURVE('',#3254,#3609,#2074,.T.);
#4721=EDGE_CURVE('',#3260,#3665,#23,.T.);
#4722=EDGE_CURVE('',#3665,#3666,#2075,.T.);
#4723=EDGE_CURVE('',#3666,#3259,#24,.T.);
#4724=EDGE_CURVE('',#3667,#3665,#2076,.T.);
#4725=EDGE_CURVE('',#3667,#3262,#25,.T.);
#4726=EDGE_CURVE('',#3666,#3668,#2077,.T.);
#4727=EDGE_CURVE('',#3668,#3261,#26,.T.);
#4728=EDGE_CURVE('',#3668,#3667,#2078,.T.);
#4729=EDGE_CURVE('',#3596,#3666,#2079,.T.);
#4730=EDGE_CURVE('',#3599,#3668,#2080,.T.);
#4731=EDGE_CURVE('',#3597,#3665,#2081,.T.);
#4732=EDGE_CURVE('',#3598,#3667,#2082,.T.);
#4733=EDGE_CURVE('',#3378,#3383,#2083,.T.);
#4734=EDGE_CURVE('',#3439,#3591,#2084,.T.);
#4735=EDGE_CURVE('',#3590,#3440,#2085,.T.);
#4736=EDGE_CURVE('',#3669,#3670,#2086,.T.);
#4737=EDGE_CURVE('',#3593,#3669,#2087,.T.);
#4738=EDGE_CURVE('',#3592,#3670,#2088,.T.);
#4739=EDGE_CURVE('',#3671,#3669,#2089,.T.);
#4740=EDGE_CURVE('',#3594,#3671,#2090,.T.);
#4741=EDGE_CURVE('',#3672,#3673,#2091,.T.);
#4742=EDGE_CURVE('',#3345,#3672,#2092,.T.);
#4743=EDGE_CURVE('',#3346,#3673,#2093,.F.);
#4744=EDGE_CURVE('',#3674,#3672,#2094,.T.);
#4745=EDGE_CURVE('',#3347,#3674,#2095,.F.);
#4746=EDGE_CURVE('',#3670,#3675,#2096,.T.);
#4747=EDGE_CURVE('',#3595,#3675,#2097,.T.);
#4748=EDGE_CURVE('',#3675,#3671,#2098,.T.);
#4749=EDGE_CURVE('',#3676,#3674,#2099,.T.);
#4750=EDGE_CURVE('',#3348,#3676,#2100,.F.);
#4751=EDGE_CURVE('',#3673,#3676,#2101,.T.);
#4752=ORIENTED_EDGE('',*,*,#3677,.F.);
#4753=ORIENTED_EDGE('',*,*,#3678,.F.);
#4754=ORIENTED_EDGE('',*,*,#3679,.F.);
#4755=ORIENTED_EDGE('',*,*,#3680,.T.);
#4756=ORIENTED_EDGE('',*,*,#3681,.F.);
#4757=ORIENTED_EDGE('',*,*,#3680,.F.);
#4758=ORIENTED_EDGE('',*,*,#3682,.F.);
#4759=ORIENTED_EDGE('',*,*,#3683,.T.);
#4760=ORIENTED_EDGE('',*,*,#3684,.F.);
#4761=ORIENTED_EDGE('',*,*,#3683,.F.);
#4762=ORIENTED_EDGE('',*,*,#3685,.F.);
#4763=ORIENTED_EDGE('',*,*,#3686,.T.);
#4764=ORIENTED_EDGE('',*,*,#3687,.F.);
#4765=ORIENTED_EDGE('',*,*,#3686,.F.);
#4766=ORIENTED_EDGE('',*,*,#3688,.F.);
#4767=ORIENTED_EDGE('',*,*,#3678,.T.);
#4768=ORIENTED_EDGE('',*,*,#3689,.F.);
#4769=ORIENTED_EDGE('',*,*,#3690,.F.);
#4770=ORIENTED_EDGE('',*,*,#3691,.F.);
#4771=ORIENTED_EDGE('',*,*,#3692,.T.);
#4772=ORIENTED_EDGE('',*,*,#3693,.F.);
#4773=ORIENTED_EDGE('',*,*,#3692,.F.);
#4774=ORIENTED_EDGE('',*,*,#3694,.F.);
#4775=ORIENTED_EDGE('',*,*,#3695,.T.);
#4776=ORIENTED_EDGE('',*,*,#3696,.F.);
#4777=ORIENTED_EDGE('',*,*,#3695,.F.);
#4778=ORIENTED_EDGE('',*,*,#3697,.F.);
#4779=ORIENTED_EDGE('',*,*,#3698,.T.);
#4780=ORIENTED_EDGE('',*,*,#3699,.F.);
#4781=ORIENTED_EDGE('',*,*,#3698,.F.);
#4782=ORIENTED_EDGE('',*,*,#3700,.F.);
#4783=ORIENTED_EDGE('',*,*,#3690,.T.);
#4784=ORIENTED_EDGE('',*,*,#3701,.F.);
#4785=ORIENTED_EDGE('',*,*,#3702,.F.);
#4786=ORIENTED_EDGE('',*,*,#3703,.F.);
#4787=ORIENTED_EDGE('',*,*,#3704,.T.);
#4788=ORIENTED_EDGE('',*,*,#3705,.F.);
#4789=ORIENTED_EDGE('',*,*,#3704,.F.);
#4790=ORIENTED_EDGE('',*,*,#3706,.F.);
#4791=ORIENTED_EDGE('',*,*,#3707,.T.);
#4792=ORIENTED_EDGE('',*,*,#3708,.F.);
#4793=ORIENTED_EDGE('',*,*,#3707,.F.);
#4794=ORIENTED_EDGE('',*,*,#3709,.F.);
#4795=ORIENTED_EDGE('',*,*,#3710,.T.);
#4796=ORIENTED_EDGE('',*,*,#3711,.F.);
#4797=ORIENTED_EDGE('',*,*,#3710,.F.);
#4798=ORIENTED_EDGE('',*,*,#3712,.F.);
#4799=ORIENTED_EDGE('',*,*,#3702,.T.);
#4800=ORIENTED_EDGE('',*,*,#3713,.F.);
#4801=ORIENTED_EDGE('',*,*,#3714,.F.);
#4802=ORIENTED_EDGE('',*,*,#3715,.F.);
#4803=ORIENTED_EDGE('',*,*,#3716,.T.);
#4804=ORIENTED_EDGE('',*,*,#3717,.F.);
#4805=ORIENTED_EDGE('',*,*,#3716,.F.);
#4806=ORIENTED_EDGE('',*,*,#3718,.F.);
#4807=ORIENTED_EDGE('',*,*,#3719,.T.);
#4808=ORIENTED_EDGE('',*,*,#3720,.F.);
#4809=ORIENTED_EDGE('',*,*,#3719,.F.);
#4810=ORIENTED_EDGE('',*,*,#3721,.F.);
#4811=ORIENTED_EDGE('',*,*,#3722,.T.);
#4812=ORIENTED_EDGE('',*,*,#3723,.F.);
#4813=ORIENTED_EDGE('',*,*,#3722,.F.);
#4814=ORIENTED_EDGE('',*,*,#3724,.F.);
#4815=ORIENTED_EDGE('',*,*,#3714,.T.);
#4816=ORIENTED_EDGE('',*,*,#3725,.F.);
#4817=ORIENTED_EDGE('',*,*,#3726,.F.);
#4818=ORIENTED_EDGE('',*,*,#3727,.F.);
#4819=ORIENTED_EDGE('',*,*,#3728,.T.);
#4820=ORIENTED_EDGE('',*,*,#3729,.F.);
#4821=ORIENTED_EDGE('',*,*,#3728,.F.);
#4822=ORIENTED_EDGE('',*,*,#3730,.F.);
#4823=ORIENTED_EDGE('',*,*,#3731,.T.);
#4824=ORIENTED_EDGE('',*,*,#3732,.F.);
#4825=ORIENTED_EDGE('',*,*,#3731,.F.);
#4826=ORIENTED_EDGE('',*,*,#3733,.F.);
#4827=ORIENTED_EDGE('',*,*,#3734,.T.);
#4828=ORIENTED_EDGE('',*,*,#3735,.F.);
#4829=ORIENTED_EDGE('',*,*,#3734,.F.);
#4830=ORIENTED_EDGE('',*,*,#3736,.F.);
#4831=ORIENTED_EDGE('',*,*,#3726,.T.);
#4832=ORIENTED_EDGE('',*,*,#3737,.F.);
#4833=ORIENTED_EDGE('',*,*,#3738,.F.);
#4834=ORIENTED_EDGE('',*,*,#3739,.F.);
#4835=ORIENTED_EDGE('',*,*,#3740,.F.);
#4836=ORIENTED_EDGE('',*,*,#3741,.F.);
#4837=ORIENTED_EDGE('',*,*,#3742,.F.);
#4838=ORIENTED_EDGE('',*,*,#3743,.F.);
#4839=ORIENTED_EDGE('',*,*,#3744,.T.);
#4840=ORIENTED_EDGE('',*,*,#3745,.F.);
#4841=ORIENTED_EDGE('',*,*,#3746,.F.);
#4842=ORIENTED_EDGE('',*,*,#3747,.F.);
#4843=ORIENTED_EDGE('',*,*,#3742,.T.);
#4844=ORIENTED_EDGE('',*,*,#3748,.F.);
#4845=ORIENTED_EDGE('',*,*,#3740,.T.);
#4846=ORIENTED_EDGE('',*,*,#3749,.F.);
#4847=ORIENTED_EDGE('',*,*,#3750,.F.);
#4848=ORIENTED_EDGE('',*,*,#3751,.F.);
#4849=ORIENTED_EDGE('',*,*,#3744,.F.);
#4850=ORIENTED_EDGE('',*,*,#3752,.F.);
#4851=ORIENTED_EDGE('',*,*,#3753,.T.);
#4852=ORIENTED_EDGE('',*,*,#3754,.F.);
#4853=ORIENTED_EDGE('',*,*,#3753,.F.);
#4854=ORIENTED_EDGE('',*,*,#3755,.F.);
#4855=ORIENTED_EDGE('',*,*,#3746,.T.);
#4856=ORIENTED_EDGE('',*,*,#3756,.F.);
#4857=ORIENTED_EDGE('',*,*,#3749,.T.);
#4858=ORIENTED_EDGE('',*,*,#3739,.T.);
#4859=ORIENTED_EDGE('',*,*,#3757,.F.);
#4860=ORIENTED_EDGE('',*,*,#3758,.F.);
#4861=ORIENTED_EDGE('',*,*,#3759,.F.);
#4862=ORIENTED_EDGE('',*,*,#3757,.T.);
#4863=ORIENTED_EDGE('',*,*,#3738,.T.);
#4864=ORIENTED_EDGE('',*,*,#3760,.F.);
#4865=ORIENTED_EDGE('',*,*,#3761,.T.);
#4866=ORIENTED_EDGE('',*,*,#3762,.F.);
#4867=ORIENTED_EDGE('',*,*,#3763,.F.);
#4868=ORIENTED_EDGE('',*,*,#3764,.F.);
#4869=ORIENTED_EDGE('',*,*,#3765,.F.);
#4870=ORIENTED_EDGE('',*,*,#3766,.T.);
#4871=ORIENTED_EDGE('',*,*,#3767,.T.);
#4872=ORIENTED_EDGE('',*,*,#3768,.F.);
#4873=ORIENTED_EDGE('',*,*,#3769,.F.);
#4874=ORIENTED_EDGE('',*,*,#3770,.F.);
#4875=ORIENTED_EDGE('',*,*,#3771,.T.);
#4876=ORIENTED_EDGE('',*,*,#3772,.F.);
#4877=ORIENTED_EDGE('',*,*,#3762,.T.);
#4878=ORIENTED_EDGE('',*,*,#3773,.T.);
#4879=ORIENTED_EDGE('',*,*,#3766,.F.);
#4880=ORIENTED_EDGE('',*,*,#3774,.F.);
#4881=ORIENTED_EDGE('',*,*,#3771,.F.);
#4882=ORIENTED_EDGE('',*,*,#3775,.F.);
#4883=ORIENTED_EDGE('',*,*,#3776,.T.);
#4884=ORIENTED_EDGE('',*,*,#3777,.F.);
#4885=ORIENTED_EDGE('',*,*,#3776,.F.);
#4886=ORIENTED_EDGE('',*,*,#3778,.F.);
#4887=ORIENTED_EDGE('',*,*,#3779,.T.);
#4888=ORIENTED_EDGE('',*,*,#3780,.F.);
#4889=ORIENTED_EDGE('',*,*,#3779,.F.);
#4890=ORIENTED_EDGE('',*,*,#3781,.F.);
#4891=ORIENTED_EDGE('',*,*,#3769,.T.);
#4892=ORIENTED_EDGE('',*,*,#3782,.F.);
#4893=ORIENTED_EDGE('',*,*,#3767,.F.);
#4894=ORIENTED_EDGE('',*,*,#3773,.F.);
#4895=ORIENTED_EDGE('',*,*,#3761,.F.);
#4896=ORIENTED_EDGE('',*,*,#3783,.F.);
#4897=ORIENTED_EDGE('',*,*,#3784,.F.);
#4898=ORIENTED_EDGE('',*,*,#3785,.F.);
#4899=ORIENTED_EDGE('',*,*,#3786,.F.);
#4900=ORIENTED_EDGE('',*,*,#3787,.F.);
#4901=ORIENTED_EDGE('',*,*,#3788,.F.);
#4902=ORIENTED_EDGE('',*,*,#3789,.F.);
#4903=ORIENTED_EDGE('',*,*,#3790,.T.);
#4904=ORIENTED_EDGE('',*,*,#3791,.F.);
#4905=ORIENTED_EDGE('',*,*,#3792,.F.);
#4906=ORIENTED_EDGE('',*,*,#3793,.F.);
#4907=ORIENTED_EDGE('',*,*,#3788,.T.);
#4908=ORIENTED_EDGE('',*,*,#3794,.F.);
#4909=ORIENTED_EDGE('',*,*,#3786,.T.);
#4910=ORIENTED_EDGE('',*,*,#3795,.F.);
#4911=ORIENTED_EDGE('',*,*,#3796,.F.);
#4912=ORIENTED_EDGE('',*,*,#3797,.F.);
#4913=ORIENTED_EDGE('',*,*,#3790,.F.);
#4914=ORIENTED_EDGE('',*,*,#3798,.F.);
#4915=ORIENTED_EDGE('',*,*,#3799,.T.);
#4916=ORIENTED_EDGE('',*,*,#3800,.F.);
#4917=ORIENTED_EDGE('',*,*,#3799,.F.);
#4918=ORIENTED_EDGE('',*,*,#3801,.F.);
#4919=ORIENTED_EDGE('',*,*,#3792,.T.);
#4920=ORIENTED_EDGE('',*,*,#3802,.F.);
#4921=ORIENTED_EDGE('',*,*,#3795,.T.);
#4922=ORIENTED_EDGE('',*,*,#3785,.T.);
#4923=ORIENTED_EDGE('',*,*,#3803,.F.);
#4924=ORIENTED_EDGE('',*,*,#3804,.F.);
#4925=ORIENTED_EDGE('',*,*,#3805,.F.);
#4926=ORIENTED_EDGE('',*,*,#3803,.T.);
#4927=ORIENTED_EDGE('',*,*,#3784,.T.);
#4928=ORIENTED_EDGE('',*,*,#3806,.F.);
#4929=ORIENTED_EDGE('',*,*,#3807,.F.);
#4930=ORIENTED_EDGE('',*,*,#3808,.F.);
#4931=ORIENTED_EDGE('',*,*,#3809,.F.);
#4932=ORIENTED_EDGE('',*,*,#3810,.F.);
#4933=ORIENTED_EDGE('',*,*,#3811,.F.);
#4934=ORIENTED_EDGE('',*,*,#3812,.F.);
#4935=ORIENTED_EDGE('',*,*,#3813,.T.);
#4936=ORIENTED_EDGE('',*,*,#3814,.F.);
#4937=ORIENTED_EDGE('',*,*,#3815,.F.);
#4938=ORIENTED_EDGE('',*,*,#3816,.F.);
#4939=ORIENTED_EDGE('',*,*,#3811,.T.);
#4940=ORIENTED_EDGE('',*,*,#3817,.F.);
#4941=ORIENTED_EDGE('',*,*,#3809,.T.);
#4942=ORIENTED_EDGE('',*,*,#3818,.F.);
#4943=ORIENTED_EDGE('',*,*,#3819,.F.);
#4944=ORIENTED_EDGE('',*,*,#3820,.F.);
#4945=ORIENTED_EDGE('',*,*,#3813,.F.);
#4946=ORIENTED_EDGE('',*,*,#3821,.F.);
#4947=ORIENTED_EDGE('',*,*,#3822,.T.);
#4948=ORIENTED_EDGE('',*,*,#3823,.F.);
#4949=ORIENTED_EDGE('',*,*,#3822,.F.);
#4950=ORIENTED_EDGE('',*,*,#3824,.F.);
#4951=ORIENTED_EDGE('',*,*,#3815,.T.);
#4952=ORIENTED_EDGE('',*,*,#3825,.F.);
#4953=ORIENTED_EDGE('',*,*,#3826,.F.);
#4954=ORIENTED_EDGE('',*,*,#3818,.T.);
#4955=ORIENTED_EDGE('',*,*,#3808,.T.);
#4956=ORIENTED_EDGE('',*,*,#3827,.F.);
#4957=ORIENTED_EDGE('',*,*,#3828,.F.);
#4958=ORIENTED_EDGE('',*,*,#3829,.F.);
#4959=ORIENTED_EDGE('',*,*,#3827,.T.);
#4960=ORIENTED_EDGE('',*,*,#3807,.T.);
#4961=ORIENTED_EDGE('',*,*,#3830,.F.);
#4962=ORIENTED_EDGE('',*,*,#3831,.F.);
#4963=ORIENTED_EDGE('',*,*,#3832,.F.);
#4964=ORIENTED_EDGE('',*,*,#3833,.F.);
#4965=ORIENTED_EDGE('',*,*,#3834,.F.);
#4966=ORIENTED_EDGE('',*,*,#3835,.F.);
#4967=ORIENTED_EDGE('',*,*,#3836,.F.);
#4968=ORIENTED_EDGE('',*,*,#3837,.T.);
#4969=ORIENTED_EDGE('',*,*,#3838,.F.);
#4970=ORIENTED_EDGE('',*,*,#3839,.F.);
#4971=ORIENTED_EDGE('',*,*,#3840,.F.);
#4972=ORIENTED_EDGE('',*,*,#3835,.T.);
#4973=ORIENTED_EDGE('',*,*,#3841,.F.);
#4974=ORIENTED_EDGE('',*,*,#3833,.T.);
#4975=ORIENTED_EDGE('',*,*,#3842,.F.);
#4976=ORIENTED_EDGE('',*,*,#3843,.F.);
#4977=ORIENTED_EDGE('',*,*,#3844,.F.);
#4978=ORIENTED_EDGE('',*,*,#3837,.F.);
#4979=ORIENTED_EDGE('',*,*,#3845,.F.);
#4980=ORIENTED_EDGE('',*,*,#3846,.T.);
#4981=ORIENTED_EDGE('',*,*,#3847,.F.);
#4982=ORIENTED_EDGE('',*,*,#3846,.F.);
#4983=ORIENTED_EDGE('',*,*,#3848,.F.);
#4984=ORIENTED_EDGE('',*,*,#3839,.T.);
#4985=ORIENTED_EDGE('',*,*,#3849,.F.);
#4986=ORIENTED_EDGE('',*,*,#3842,.T.);
#4987=ORIENTED_EDGE('',*,*,#3832,.T.);
#4988=ORIENTED_EDGE('',*,*,#3850,.F.);
#4989=ORIENTED_EDGE('',*,*,#3851,.F.);
#4990=ORIENTED_EDGE('',*,*,#3852,.F.);
#4991=ORIENTED_EDGE('',*,*,#3850,.T.);
#4992=ORIENTED_EDGE('',*,*,#3831,.T.);
#4993=ORIENTED_EDGE('',*,*,#3758,.T.);
#4994=ORIENTED_EDGE('',*,*,#3737,.T.);
#4995=ORIENTED_EDGE('',*,*,#3748,.T.);
#4996=ORIENTED_EDGE('',*,*,#3853,.T.);
#4997=ORIENTED_EDGE('',*,*,#3851,.T.);
#4998=ORIENTED_EDGE('',*,*,#3830,.T.);
#4999=ORIENTED_EDGE('',*,*,#3841,.T.);
#5000=ORIENTED_EDGE('',*,*,#3854,.T.);
#5001=ORIENTED_EDGE('',*,*,#3855,.T.);
#5002=ORIENTED_EDGE('',*,*,#3856,.T.);
#5003=ORIENTED_EDGE('',*,*,#3857,.T.);
#5004=ORIENTED_EDGE('',*,*,#3858,.T.);
#5005=ORIENTED_EDGE('',*,*,#3859,.T.);
#5006=ORIENTED_EDGE('',*,*,#3860,.T.);
#5007=ORIENTED_EDGE('',*,*,#3861,.T.);
#5008=ORIENTED_EDGE('',*,*,#3828,.T.);
#5009=ORIENTED_EDGE('',*,*,#3806,.T.);
#5010=ORIENTED_EDGE('',*,*,#3817,.T.);
#5011=ORIENTED_EDGE('',*,*,#3862,.T.);
#5012=ORIENTED_EDGE('',*,*,#3804,.T.);
#5013=ORIENTED_EDGE('',*,*,#3783,.T.);
#5014=ORIENTED_EDGE('',*,*,#3794,.T.);
#5015=ORIENTED_EDGE('',*,*,#3863,.T.);
#5016=ORIENTED_EDGE('',*,*,#3764,.T.);
#5017=ORIENTED_EDGE('',*,*,#3782,.T.);
#5018=ORIENTED_EDGE('',*,*,#3760,.T.);
#5019=ORIENTED_EDGE('',*,*,#3864,.T.);
#5020=ORIENTED_EDGE('',*,*,#3865,.T.);
#5021=ORIENTED_EDGE('',*,*,#3866,.T.);
#5022=ORIENTED_EDGE('',*,*,#3867,.T.);
#5023=ORIENTED_EDGE('',*,*,#3868,.T.);
#5024=ORIENTED_EDGE('',*,*,#3869,.T.);
#5025=ORIENTED_EDGE('',*,*,#3870,.T.);
#5026=ORIENTED_EDGE('',*,*,#3871,.T.);
#5027=ORIENTED_EDGE('',*,*,#3872,.T.);
#5028=ORIENTED_EDGE('',*,*,#3873,.T.);
#5029=ORIENTED_EDGE('',*,*,#3874,.T.);
#5030=ORIENTED_EDGE('',*,*,#3875,.T.);
#5031=ORIENTED_EDGE('',*,*,#3876,.T.);
#5032=ORIENTED_EDGE('',*,*,#3877,.T.);
#5033=ORIENTED_EDGE('',*,*,#3878,.T.);
#5034=ORIENTED_EDGE('',*,*,#3879,.T.);
#5035=ORIENTED_EDGE('',*,*,#3880,.T.);
#5036=ORIENTED_EDGE('',*,*,#3881,.T.);
#5037=ORIENTED_EDGE('',*,*,#3882,.F.);
#5038=ORIENTED_EDGE('',*,*,#3883,.T.);
#5039=ORIENTED_EDGE('',*,*,#3884,.T.);
#5040=ORIENTED_EDGE('',*,*,#3881,.F.);
#5041=ORIENTED_EDGE('',*,*,#3885,.F.);
#5042=ORIENTED_EDGE('',*,*,#3886,.T.);
#5043=ORIENTED_EDGE('',*,*,#3887,.F.);
#5044=ORIENTED_EDGE('',*,*,#3888,.T.);
#5045=ORIENTED_EDGE('',*,*,#3889,.F.);
#5046=ORIENTED_EDGE('',*,*,#3890,.T.);
#5047=ORIENTED_EDGE('',*,*,#3891,.T.);
#5048=ORIENTED_EDGE('',*,*,#3888,.F.);
#5049=ORIENTED_EDGE('',*,*,#3892,.F.);
#5050=ORIENTED_EDGE('',*,*,#3893,.T.);
#5051=ORIENTED_EDGE('',*,*,#3894,.F.);
#5052=ORIENTED_EDGE('',*,*,#3895,.T.);
#5053=ORIENTED_EDGE('',*,*,#3896,.F.);
#5054=ORIENTED_EDGE('',*,*,#3897,.T.);
#5055=ORIENTED_EDGE('',*,*,#3898,.T.);
#5056=ORIENTED_EDGE('',*,*,#3895,.F.);
#5057=ORIENTED_EDGE('',*,*,#3899,.F.);
#5058=ORIENTED_EDGE('',*,*,#3900,.T.);
#5059=ORIENTED_EDGE('',*,*,#3901,.F.);
#5060=ORIENTED_EDGE('',*,*,#3902,.T.);
#5061=ORIENTED_EDGE('',*,*,#3903,.F.);
#5062=ORIENTED_EDGE('',*,*,#3904,.T.);
#5063=ORIENTED_EDGE('',*,*,#3905,.T.);
#5064=ORIENTED_EDGE('',*,*,#3902,.F.);
#5065=ORIENTED_EDGE('',*,*,#3906,.F.);
#5066=ORIENTED_EDGE('',*,*,#3907,.T.);
#5067=ORIENTED_EDGE('',*,*,#3908,.F.);
#5068=ORIENTED_EDGE('',*,*,#3909,.T.);
#5069=ORIENTED_EDGE('',*,*,#3910,.F.);
#5070=ORIENTED_EDGE('',*,*,#3911,.T.);
#5071=ORIENTED_EDGE('',*,*,#3912,.T.);
#5072=ORIENTED_EDGE('',*,*,#3909,.F.);
#5073=ORIENTED_EDGE('',*,*,#3913,.F.);
#5074=ORIENTED_EDGE('',*,*,#3914,.T.);
#5075=ORIENTED_EDGE('',*,*,#3915,.F.);
#5076=ORIENTED_EDGE('',*,*,#3916,.T.);
#5077=ORIENTED_EDGE('',*,*,#3917,.F.);
#5078=ORIENTED_EDGE('',*,*,#3918,.T.);
#5079=ORIENTED_EDGE('',*,*,#3919,.T.);
#5080=ORIENTED_EDGE('',*,*,#3916,.F.);
#5081=ORIENTED_EDGE('',*,*,#3920,.F.);
#5082=ORIENTED_EDGE('',*,*,#3921,.T.);
#5083=ORIENTED_EDGE('',*,*,#3922,.F.);
#5084=ORIENTED_EDGE('',*,*,#3891,.F.);
#5085=ORIENTED_EDGE('',*,*,#3923,.F.);
#5086=ORIENTED_EDGE('',*,*,#3924,.T.);
#5087=ORIENTED_EDGE('',*,*,#3892,.T.);
#5088=ORIENTED_EDGE('',*,*,#3890,.F.);
#5089=ORIENTED_EDGE('',*,*,#3925,.F.);
#5090=ORIENTED_EDGE('',*,*,#3926,.T.);
#5091=ORIENTED_EDGE('',*,*,#3923,.T.);
#5092=ORIENTED_EDGE('',*,*,#3926,.F.);
#5093=ORIENTED_EDGE('',*,*,#3927,.F.);
#5094=ORIENTED_EDGE('',*,*,#3893,.F.);
#5095=ORIENTED_EDGE('',*,*,#3924,.F.);
#5096=ORIENTED_EDGE('',*,*,#3884,.F.);
#5097=ORIENTED_EDGE('',*,*,#3928,.F.);
#5098=ORIENTED_EDGE('',*,*,#3929,.T.);
#5099=ORIENTED_EDGE('',*,*,#3885,.T.);
#5100=ORIENTED_EDGE('',*,*,#3883,.F.);
#5101=ORIENTED_EDGE('',*,*,#3930,.F.);
#5102=ORIENTED_EDGE('',*,*,#3931,.T.);
#5103=ORIENTED_EDGE('',*,*,#3928,.T.);
#5104=ORIENTED_EDGE('',*,*,#3931,.F.);
#5105=ORIENTED_EDGE('',*,*,#3932,.F.);
#5106=ORIENTED_EDGE('',*,*,#3886,.F.);
#5107=ORIENTED_EDGE('',*,*,#3929,.F.);
#5108=ORIENTED_EDGE('',*,*,#3912,.F.);
#5109=ORIENTED_EDGE('',*,*,#3933,.F.);
#5110=ORIENTED_EDGE('',*,*,#3934,.T.);
#5111=ORIENTED_EDGE('',*,*,#3913,.T.);
#5112=ORIENTED_EDGE('',*,*,#3911,.F.);
#5113=ORIENTED_EDGE('',*,*,#3935,.F.);
#5114=ORIENTED_EDGE('',*,*,#3936,.T.);
#5115=ORIENTED_EDGE('',*,*,#3933,.T.);
#5116=ORIENTED_EDGE('',*,*,#3936,.F.);
#5117=ORIENTED_EDGE('',*,*,#3937,.F.);
#5118=ORIENTED_EDGE('',*,*,#3914,.F.);
#5119=ORIENTED_EDGE('',*,*,#3934,.F.);
#5120=ORIENTED_EDGE('',*,*,#3919,.F.);
#5121=ORIENTED_EDGE('',*,*,#3938,.F.);
#5122=ORIENTED_EDGE('',*,*,#3939,.T.);
#5123=ORIENTED_EDGE('',*,*,#3920,.T.);
#5124=ORIENTED_EDGE('',*,*,#3918,.F.);
#5125=ORIENTED_EDGE('',*,*,#3940,.F.);
#5126=ORIENTED_EDGE('',*,*,#3941,.T.);
#5127=ORIENTED_EDGE('',*,*,#3938,.T.);
#5128=ORIENTED_EDGE('',*,*,#3941,.F.);
#5129=ORIENTED_EDGE('',*,*,#3942,.F.);
#5130=ORIENTED_EDGE('',*,*,#3921,.F.);
#5131=ORIENTED_EDGE('',*,*,#3939,.F.);
#5132=ORIENTED_EDGE('',*,*,#3905,.F.);
#5133=ORIENTED_EDGE('',*,*,#3943,.F.);
#5134=ORIENTED_EDGE('',*,*,#3944,.T.);
#5135=ORIENTED_EDGE('',*,*,#3906,.T.);
#5136=ORIENTED_EDGE('',*,*,#3904,.F.);
#5137=ORIENTED_EDGE('',*,*,#3945,.F.);
#5138=ORIENTED_EDGE('',*,*,#3946,.T.);
#5139=ORIENTED_EDGE('',*,*,#3943,.T.);
#5140=ORIENTED_EDGE('',*,*,#3946,.F.);
#5141=ORIENTED_EDGE('',*,*,#3947,.F.);
#5142=ORIENTED_EDGE('',*,*,#3907,.F.);
#5143=ORIENTED_EDGE('',*,*,#3944,.F.);
#5144=ORIENTED_EDGE('',*,*,#3898,.F.);
#5145=ORIENTED_EDGE('',*,*,#3948,.F.);
#5146=ORIENTED_EDGE('',*,*,#3949,.T.);
#5147=ORIENTED_EDGE('',*,*,#3899,.T.);
#5148=ORIENTED_EDGE('',*,*,#3897,.F.);
#5149=ORIENTED_EDGE('',*,*,#3950,.F.);
#5150=ORIENTED_EDGE('',*,*,#3951,.T.);
#5151=ORIENTED_EDGE('',*,*,#3948,.T.);
#5152=ORIENTED_EDGE('',*,*,#3951,.F.);
#5153=ORIENTED_EDGE('',*,*,#3952,.F.);
#5154=ORIENTED_EDGE('',*,*,#3900,.F.);
#5155=ORIENTED_EDGE('',*,*,#3949,.F.);
#5156=ORIENTED_EDGE('',*,*,#3953,.F.);
#5157=ORIENTED_EDGE('',*,*,#3954,.F.);
#5158=ORIENTED_EDGE('',*,*,#3955,.F.);
#5159=ORIENTED_EDGE('',*,*,#3956,.F.);
#5160=ORIENTED_EDGE('',*,*,#3955,.T.);
#5161=ORIENTED_EDGE('',*,*,#3957,.T.);
#5162=ORIENTED_EDGE('',*,*,#3958,.T.);
#5163=ORIENTED_EDGE('',*,*,#3959,.T.);
#5164=ORIENTED_EDGE('',*,*,#3960,.F.);
#5165=ORIENTED_EDGE('',*,*,#3961,.T.);
#5166=ORIENTED_EDGE('',*,*,#3873,.F.);
#5167=ORIENTED_EDGE('',*,*,#3962,.F.);
#5168=ORIENTED_EDGE('',*,*,#3963,.F.);
#5169=ORIENTED_EDGE('',*,*,#3964,.T.);
#5170=ORIENTED_EDGE('',*,*,#3874,.F.);
#5171=ORIENTED_EDGE('',*,*,#3961,.F.);
#5172=ORIENTED_EDGE('',*,*,#3965,.F.);
#5173=ORIENTED_EDGE('',*,*,#3966,.T.);
#5174=ORIENTED_EDGE('',*,*,#3875,.F.);
#5175=ORIENTED_EDGE('',*,*,#3964,.F.);
#5176=ORIENTED_EDGE('',*,*,#3967,.F.);
#5177=ORIENTED_EDGE('',*,*,#3968,.T.);
#5178=ORIENTED_EDGE('',*,*,#3876,.F.);
#5179=ORIENTED_EDGE('',*,*,#3966,.F.);
#5180=ORIENTED_EDGE('',*,*,#3969,.F.);
#5181=ORIENTED_EDGE('',*,*,#3970,.T.);
#5182=ORIENTED_EDGE('',*,*,#3877,.F.);
#5183=ORIENTED_EDGE('',*,*,#3968,.F.);
#5184=ORIENTED_EDGE('',*,*,#3971,.F.);
#5185=ORIENTED_EDGE('',*,*,#3972,.T.);
#5186=ORIENTED_EDGE('',*,*,#3878,.F.);
#5187=ORIENTED_EDGE('',*,*,#3970,.F.);
#5188=ORIENTED_EDGE('',*,*,#3973,.F.);
#5189=ORIENTED_EDGE('',*,*,#3974,.T.);
#5190=ORIENTED_EDGE('',*,*,#3879,.F.);
#5191=ORIENTED_EDGE('',*,*,#3972,.F.);
#5192=ORIENTED_EDGE('',*,*,#3975,.F.);
#5193=ORIENTED_EDGE('',*,*,#3976,.T.);
#5194=ORIENTED_EDGE('',*,*,#3880,.F.);
#5195=ORIENTED_EDGE('',*,*,#3974,.F.);
#5196=ORIENTED_EDGE('',*,*,#3977,.F.);
#5197=ORIENTED_EDGE('',*,*,#3978,.F.);
#5198=ORIENTED_EDGE('',*,*,#3979,.F.);
#5199=ORIENTED_EDGE('',*,*,#3980,.F.);
#5200=ORIENTED_EDGE('',*,*,#3981,.F.);
#5201=ORIENTED_EDGE('',*,*,#3982,.T.);
#5202=ORIENTED_EDGE('',*,*,#3983,.F.);
#5203=ORIENTED_EDGE('',*,*,#3982,.F.);
#5204=ORIENTED_EDGE('',*,*,#3984,.F.);
#5205=ORIENTED_EDGE('',*,*,#3985,.F.);
#5206=ORIENTED_EDGE('',*,*,#3986,.F.);
#5207=ORIENTED_EDGE('',*,*,#3980,.T.);
#5208=ORIENTED_EDGE('',*,*,#3987,.F.);
#5209=ORIENTED_EDGE('',*,*,#3988,.T.);
#5210=ORIENTED_EDGE('',*,*,#3857,.F.);
#5211=ORIENTED_EDGE('',*,*,#3989,.F.);
#5212=ORIENTED_EDGE('',*,*,#3990,.F.);
#5213=ORIENTED_EDGE('',*,*,#3991,.T.);
#5214=ORIENTED_EDGE('',*,*,#3858,.F.);
#5215=ORIENTED_EDGE('',*,*,#3988,.F.);
#5216=ORIENTED_EDGE('',*,*,#3992,.F.);
#5217=ORIENTED_EDGE('',*,*,#3993,.T.);
#5218=ORIENTED_EDGE('',*,*,#3859,.F.);
#5219=ORIENTED_EDGE('',*,*,#3991,.F.);
#5220=ORIENTED_EDGE('',*,*,#3994,.F.);
#5221=ORIENTED_EDGE('',*,*,#3995,.T.);
#5222=ORIENTED_EDGE('',*,*,#3860,.F.);
#5223=ORIENTED_EDGE('',*,*,#3993,.F.);
#5224=ORIENTED_EDGE('',*,*,#3996,.F.);
#5225=ORIENTED_EDGE('',*,*,#3962,.T.);
#5226=ORIENTED_EDGE('',*,*,#3872,.F.);
#5227=ORIENTED_EDGE('',*,*,#3997,.F.);
#5228=ORIENTED_EDGE('',*,*,#3998,.F.);
#5229=ORIENTED_EDGE('',*,*,#3997,.T.);
#5230=ORIENTED_EDGE('',*,*,#3871,.F.);
#5231=ORIENTED_EDGE('',*,*,#3999,.F.);
#5232=ORIENTED_EDGE('',*,*,#4000,.F.);
#5233=ORIENTED_EDGE('',*,*,#3999,.T.);
#5234=ORIENTED_EDGE('',*,*,#3870,.F.);
#5235=ORIENTED_EDGE('',*,*,#4001,.F.);
#5236=ORIENTED_EDGE('',*,*,#4002,.F.);
#5237=ORIENTED_EDGE('',*,*,#4001,.T.);
#5238=ORIENTED_EDGE('',*,*,#3869,.F.);
#5239=ORIENTED_EDGE('',*,*,#4003,.F.);
#5240=ORIENTED_EDGE('',*,*,#4004,.F.);
#5241=ORIENTED_EDGE('',*,*,#4003,.T.);
#5242=ORIENTED_EDGE('',*,*,#3868,.F.);
#5243=ORIENTED_EDGE('',*,*,#4005,.F.);
#5244=ORIENTED_EDGE('',*,*,#4006,.F.);
#5245=ORIENTED_EDGE('',*,*,#4005,.T.);
#5246=ORIENTED_EDGE('',*,*,#3867,.F.);
#5247=ORIENTED_EDGE('',*,*,#4007,.F.);
#5248=ORIENTED_EDGE('',*,*,#4008,.F.);
#5249=ORIENTED_EDGE('',*,*,#4007,.T.);
#5250=ORIENTED_EDGE('',*,*,#3866,.F.);
#5251=ORIENTED_EDGE('',*,*,#4009,.F.);
#5252=ORIENTED_EDGE('',*,*,#4010,.F.);
#5253=ORIENTED_EDGE('',*,*,#4009,.T.);
#5254=ORIENTED_EDGE('',*,*,#3865,.F.);
#5255=ORIENTED_EDGE('',*,*,#3976,.F.);
#5256=ORIENTED_EDGE('',*,*,#4011,.F.);
#5257=ORIENTED_EDGE('',*,*,#3989,.T.);
#5258=ORIENTED_EDGE('',*,*,#3856,.F.);
#5259=ORIENTED_EDGE('',*,*,#4012,.F.);
#5260=ORIENTED_EDGE('',*,*,#4013,.F.);
#5261=ORIENTED_EDGE('',*,*,#4012,.T.);
#5262=ORIENTED_EDGE('',*,*,#3855,.F.);
#5263=ORIENTED_EDGE('',*,*,#4014,.F.);
#5264=ORIENTED_EDGE('',*,*,#3759,.T.);
#5265=ORIENTED_EDGE('',*,*,#3864,.F.);
#5266=ORIENTED_EDGE('',*,*,#3763,.T.);
#5267=ORIENTED_EDGE('',*,*,#3772,.T.);
#5268=ORIENTED_EDGE('',*,*,#3765,.T.);
#5269=ORIENTED_EDGE('',*,*,#3863,.F.);
#5270=ORIENTED_EDGE('',*,*,#3796,.T.);
#5271=ORIENTED_EDGE('',*,*,#3802,.T.);
#5272=ORIENTED_EDGE('',*,*,#3805,.T.);
#5273=ORIENTED_EDGE('',*,*,#3862,.F.);
#5274=ORIENTED_EDGE('',*,*,#3819,.T.);
#5275=ORIENTED_EDGE('',*,*,#3826,.T.);
#5276=ORIENTED_EDGE('',*,*,#4015,.F.);
#5277=ORIENTED_EDGE('',*,*,#4016,.F.);
#5278=ORIENTED_EDGE('',*,*,#4014,.T.);
#5279=ORIENTED_EDGE('',*,*,#3854,.F.);
#5280=ORIENTED_EDGE('',*,*,#3843,.T.);
#5281=ORIENTED_EDGE('',*,*,#3849,.T.);
#5282=ORIENTED_EDGE('',*,*,#3852,.T.);
#5283=ORIENTED_EDGE('',*,*,#3853,.F.);
#5284=ORIENTED_EDGE('',*,*,#3750,.T.);
#5285=ORIENTED_EDGE('',*,*,#3756,.T.);
#5286=ORIENTED_EDGE('',*,*,#3829,.T.);
#5287=ORIENTED_EDGE('',*,*,#3861,.F.);
#5288=ORIENTED_EDGE('',*,*,#3995,.F.);
#5289=ORIENTED_EDGE('',*,*,#4017,.F.);
#5290=ORIENTED_EDGE('',*,*,#4015,.T.);
#5291=ORIENTED_EDGE('',*,*,#3825,.T.);
#5292=ORIENTED_EDGE('',*,*,#3977,.T.);
#5293=ORIENTED_EDGE('',*,*,#3983,.T.);
#5294=ORIENTED_EDGE('',*,*,#4018,.T.);
#5295=ORIENTED_EDGE('',*,*,#4019,.F.);
#5296=ORIENTED_EDGE('',*,*,#4020,.T.);
#5297=ORIENTED_EDGE('',*,*,#4021,.T.);
#5298=ORIENTED_EDGE('',*,*,#3975,.T.);
#5299=ORIENTED_EDGE('',*,*,#3973,.T.);
#5300=ORIENTED_EDGE('',*,*,#3971,.T.);
#5301=ORIENTED_EDGE('',*,*,#3969,.T.);
#5302=ORIENTED_EDGE('',*,*,#3967,.T.);
#5303=ORIENTED_EDGE('',*,*,#3965,.T.);
#5304=ORIENTED_EDGE('',*,*,#3963,.T.);
#5305=ORIENTED_EDGE('',*,*,#3960,.T.);
#5306=ORIENTED_EDGE('',*,*,#3996,.T.);
#5307=ORIENTED_EDGE('',*,*,#3998,.T.);
#5308=ORIENTED_EDGE('',*,*,#4000,.T.);
#5309=ORIENTED_EDGE('',*,*,#4002,.T.);
#5310=ORIENTED_EDGE('',*,*,#4004,.T.);
#5311=ORIENTED_EDGE('',*,*,#4006,.T.);
#5312=ORIENTED_EDGE('',*,*,#4008,.T.);
#5313=ORIENTED_EDGE('',*,*,#4010,.T.);
#5314=ORIENTED_EDGE('',*,*,#4022,.T.);
#5315=ORIENTED_EDGE('',*,*,#4023,.T.);
#5316=ORIENTED_EDGE('',*,*,#4024,.T.);
#5317=ORIENTED_EDGE('',*,*,#4025,.T.);
#5318=ORIENTED_EDGE('',*,*,#4026,.T.);
#5319=ORIENTED_EDGE('',*,*,#4027,.T.);
#5320=ORIENTED_EDGE('',*,*,#4028,.T.);
#5321=ORIENTED_EDGE('',*,*,#4029,.T.);
#5322=ORIENTED_EDGE('',*,*,#4030,.T.);
#5323=ORIENTED_EDGE('',*,*,#4031,.T.);
#5324=ORIENTED_EDGE('',*,*,#4032,.T.);
#5325=ORIENTED_EDGE('',*,*,#4033,.T.);
#5326=ORIENTED_EDGE('',*,*,#4034,.T.);
#5327=ORIENTED_EDGE('',*,*,#4035,.T.);
#5328=ORIENTED_EDGE('',*,*,#4036,.T.);
#5329=ORIENTED_EDGE('',*,*,#4037,.T.);
#5330=ORIENTED_EDGE('',*,*,#4038,.T.);
#5331=ORIENTED_EDGE('',*,*,#4039,.T.);
#5332=ORIENTED_EDGE('',*,*,#4040,.T.);
#5333=ORIENTED_EDGE('',*,*,#4041,.T.);
#5334=ORIENTED_EDGE('',*,*,#4042,.T.);
#5335=ORIENTED_EDGE('',*,*,#4043,.T.);
#5336=ORIENTED_EDGE('',*,*,#4044,.T.);
#5337=ORIENTED_EDGE('',*,*,#4045,.T.);
#5338=ORIENTED_EDGE('',*,*,#4046,.T.);
#5339=ORIENTED_EDGE('',*,*,#4047,.T.);
#5340=ORIENTED_EDGE('',*,*,#4048,.T.);
#5341=ORIENTED_EDGE('',*,*,#4049,.T.);
#5342=ORIENTED_EDGE('',*,*,#4050,.T.);
#5343=ORIENTED_EDGE('',*,*,#4051,.T.);
#5344=ORIENTED_EDGE('',*,*,#4052,.T.);
#5345=ORIENTED_EDGE('',*,*,#4053,.T.);
#5346=ORIENTED_EDGE('',*,*,#4054,.T.);
#5347=ORIENTED_EDGE('',*,*,#4055,.T.);
#5348=ORIENTED_EDGE('',*,*,#4056,.T.);
#5349=ORIENTED_EDGE('',*,*,#4057,.T.);
#5350=ORIENTED_EDGE('',*,*,#4058,.T.);
#5351=ORIENTED_EDGE('',*,*,#4059,.T.);
#5352=ORIENTED_EDGE('',*,*,#4060,.T.);
#5353=ORIENTED_EDGE('',*,*,#4061,.T.);
#5354=ORIENTED_EDGE('',*,*,#4062,.F.);
#5355=ORIENTED_EDGE('',*,*,#4063,.F.);
#5356=ORIENTED_EDGE('',*,*,#4064,.F.);
#5357=ORIENTED_EDGE('',*,*,#4065,.F.);
#5358=ORIENTED_EDGE('',*,*,#4066,.T.);
#5359=ORIENTED_EDGE('',*,*,#4067,.F.);
#5360=ORIENTED_EDGE('',*,*,#4068,.F.);
#5361=ORIENTED_EDGE('',*,*,#4069,.F.);
#5362=ORIENTED_EDGE('',*,*,#4070,.F.);
#5363=ORIENTED_EDGE('',*,*,#4071,.F.);
#5364=ORIENTED_EDGE('',*,*,#4072,.F.);
#5365=ORIENTED_EDGE('',*,*,#4073,.F.);
#5366=ORIENTED_EDGE('',*,*,#3984,.T.);
#5367=ORIENTED_EDGE('',*,*,#3981,.T.);
#5368=ORIENTED_EDGE('',*,*,#3986,.T.);
#5369=ORIENTED_EDGE('',*,*,#4074,.F.);
#5370=ORIENTED_EDGE('',*,*,#4075,.F.);
#5371=ORIENTED_EDGE('',*,*,#4076,.F.);
#5372=ORIENTED_EDGE('',*,*,#4077,.F.);
#5373=ORIENTED_EDGE('',*,*,#4078,.F.);
#5374=ORIENTED_EDGE('',*,*,#4079,.F.);
#5375=ORIENTED_EDGE('',*,*,#4018,.F.);
#5376=ORIENTED_EDGE('',*,*,#4080,.F.);
#5377=ORIENTED_EDGE('',*,*,#4081,.F.);
#5378=ORIENTED_EDGE('',*,*,#4082,.F.);
#5379=ORIENTED_EDGE('',*,*,#4083,.F.);
#5380=ORIENTED_EDGE('',*,*,#4084,.F.);
#5381=ORIENTED_EDGE('',*,*,#4085,.F.);
#5382=ORIENTED_EDGE('',*,*,#4086,.F.);
#5383=ORIENTED_EDGE('',*,*,#4087,.F.);
#5384=ORIENTED_EDGE('',*,*,#4088,.F.);
#5385=ORIENTED_EDGE('',*,*,#4089,.F.);
#5386=ORIENTED_EDGE('',*,*,#4090,.F.);
#5387=ORIENTED_EDGE('',*,*,#4091,.F.);
#5388=ORIENTED_EDGE('',*,*,#4092,.F.);
#5389=ORIENTED_EDGE('',*,*,#4093,.F.);
#5390=ORIENTED_EDGE('',*,*,#4094,.F.);
#5391=ORIENTED_EDGE('',*,*,#4095,.F.);
#5392=ORIENTED_EDGE('',*,*,#4096,.F.);
#5393=ORIENTED_EDGE('',*,*,#4097,.F.);
#5394=ORIENTED_EDGE('',*,*,#4098,.F.);
#5395=ORIENTED_EDGE('',*,*,#4099,.F.);
#5396=ORIENTED_EDGE('',*,*,#4100,.F.);
#5397=ORIENTED_EDGE('',*,*,#4101,.F.);
#5398=ORIENTED_EDGE('',*,*,#4102,.F.);
#5399=ORIENTED_EDGE('',*,*,#4103,.F.);
#5400=ORIENTED_EDGE('',*,*,#4104,.F.);
#5401=ORIENTED_EDGE('',*,*,#4105,.F.);
#5402=ORIENTED_EDGE('',*,*,#4106,.F.);
#5403=ORIENTED_EDGE('',*,*,#4107,.F.);
#5404=ORIENTED_EDGE('',*,*,#4108,.F.);
#5405=ORIENTED_EDGE('',*,*,#4109,.F.);
#5406=ORIENTED_EDGE('',*,*,#4110,.F.);
#5407=ORIENTED_EDGE('',*,*,#4111,.F.);
#5408=ORIENTED_EDGE('',*,*,#4112,.F.);
#5409=ORIENTED_EDGE('',*,*,#4113,.F.);
#5410=ORIENTED_EDGE('',*,*,#4114,.F.);
#5411=ORIENTED_EDGE('',*,*,#4115,.T.);
#5412=ORIENTED_EDGE('',*,*,#4116,.F.);
#5413=ORIENTED_EDGE('',*,*,#4115,.F.);
#5414=ORIENTED_EDGE('',*,*,#4117,.F.);
#5415=ORIENTED_EDGE('',*,*,#4118,.F.);
#5416=ORIENTED_EDGE('',*,*,#4119,.F.);
#5417=ORIENTED_EDGE('',*,*,#4120,.F.);
#5418=ORIENTED_EDGE('',*,*,#4121,.F.);
#5419=ORIENTED_EDGE('',*,*,#4122,.F.);
#5420=ORIENTED_EDGE('',*,*,#4112,.T.);
#5421=ORIENTED_EDGE('',*,*,#4116,.T.);
#5422=ORIENTED_EDGE('',*,*,#4123,.F.);
#5423=ORIENTED_EDGE('',*,*,#4124,.T.);
#5424=ORIENTED_EDGE('',*,*,#4125,.T.);
#5425=ORIENTED_EDGE('',*,*,#4126,.T.);
#5426=ORIENTED_EDGE('',*,*,#4127,.F.);
#5427=ORIENTED_EDGE('',*,*,#4128,.T.);
#5428=ORIENTED_EDGE('',*,*,#4129,.T.);
#5429=ORIENTED_EDGE('',*,*,#4130,.F.);
#5430=ORIENTED_EDGE('',*,*,#4131,.F.);
#5431=ORIENTED_EDGE('',*,*,#4132,.T.);
#5432=ORIENTED_EDGE('',*,*,#4133,.T.);
#5433=ORIENTED_EDGE('',*,*,#4134,.T.);
#5434=ORIENTED_EDGE('',*,*,#4135,.T.);
#5435=ORIENTED_EDGE('',*,*,#4136,.T.);
#5436=ORIENTED_EDGE('',*,*,#4137,.T.);
#5437=ORIENTED_EDGE('',*,*,#4138,.T.);
#5438=ORIENTED_EDGE('',*,*,#4139,.T.);
#5439=ORIENTED_EDGE('',*,*,#4140,.T.);
#5440=ORIENTED_EDGE('',*,*,#4141,.T.);
#5441=ORIENTED_EDGE('',*,*,#4142,.T.);
#5442=ORIENTED_EDGE('',*,*,#4143,.F.);
#5443=ORIENTED_EDGE('',*,*,#4144,.T.);
#5444=ORIENTED_EDGE('',*,*,#4122,.T.);
#5445=ORIENTED_EDGE('',*,*,#4145,.T.);
#5446=ORIENTED_EDGE('',*,*,#4146,.T.);
#5447=ORIENTED_EDGE('',*,*,#4147,.T.);
#5448=ORIENTED_EDGE('',*,*,#4148,.T.);
#5449=ORIENTED_EDGE('',*,*,#4149,.T.);
#5450=ORIENTED_EDGE('',*,*,#4150,.T.);
#5451=ORIENTED_EDGE('',*,*,#4151,.T.);
#5452=ORIENTED_EDGE('',*,*,#4152,.T.);
#5453=ORIENTED_EDGE('',*,*,#4153,.T.);
#5454=ORIENTED_EDGE('',*,*,#4154,.T.);
#5455=ORIENTED_EDGE('',*,*,#4155,.T.);
#5456=ORIENTED_EDGE('',*,*,#4156,.T.);
#5457=ORIENTED_EDGE('',*,*,#4157,.T.);
#5458=ORIENTED_EDGE('',*,*,#4127,.T.);
#5459=ORIENTED_EDGE('',*,*,#4158,.T.);
#5460=ORIENTED_EDGE('',*,*,#4159,.T.);
#5461=ORIENTED_EDGE('',*,*,#4160,.T.);
#5462=ORIENTED_EDGE('',*,*,#4123,.T.);
#5463=ORIENTED_EDGE('',*,*,#4161,.F.);
#5464=ORIENTED_EDGE('',*,*,#4162,.F.);
#5465=ORIENTED_EDGE('',*,*,#4163,.F.);
#5466=ORIENTED_EDGE('',*,*,#4164,.F.);
#5467=ORIENTED_EDGE('',*,*,#4165,.T.);
#5468=ORIENTED_EDGE('',*,*,#4166,.T.);
#5469=ORIENTED_EDGE('',*,*,#4167,.F.);
#5470=ORIENTED_EDGE('',*,*,#4119,.T.);
#5471=ORIENTED_EDGE('',*,*,#4168,.T.);
#5472=ORIENTED_EDGE('',*,*,#4169,.T.);
#5473=ORIENTED_EDGE('',*,*,#4170,.T.);
#5474=ORIENTED_EDGE('',*,*,#4120,.T.);
#5475=ORIENTED_EDGE('',*,*,#4170,.F.);
#5476=ORIENTED_EDGE('',*,*,#4171,.T.);
#5477=ORIENTED_EDGE('',*,*,#4172,.T.);
#5478=ORIENTED_EDGE('',*,*,#4173,.T.);
#5479=ORIENTED_EDGE('',*,*,#4174,.T.);
#5480=ORIENTED_EDGE('',*,*,#4175,.T.);
#5481=ORIENTED_EDGE('',*,*,#4176,.F.);
#5482=ORIENTED_EDGE('',*,*,#4177,.T.);
#5483=ORIENTED_EDGE('',*,*,#4178,.F.);
#5484=ORIENTED_EDGE('',*,*,#4179,.T.);
#5485=ORIENTED_EDGE('',*,*,#4180,.F.);
#5486=ORIENTED_EDGE('',*,*,#4118,.T.);
#5487=ORIENTED_EDGE('',*,*,#4181,.F.);
#5488=ORIENTED_EDGE('',*,*,#4182,.T.);
#5489=ORIENTED_EDGE('',*,*,#4168,.F.);
#5490=ORIENTED_EDGE('',*,*,#4183,.F.);
#5491=ORIENTED_EDGE('',*,*,#4129,.F.);
#5492=ORIENTED_EDGE('',*,*,#4184,.F.);
#5493=ORIENTED_EDGE('',*,*,#4185,.T.);
#5494=ORIENTED_EDGE('',*,*,#4186,.F.);
#5495=ORIENTED_EDGE('',*,*,#4187,.F.);
#5496=ORIENTED_EDGE('',*,*,#4188,.F.);
#5497=ORIENTED_EDGE('',*,*,#4189,.T.);
#5498=ORIENTED_EDGE('',*,*,#4184,.T.);
#5499=ORIENTED_EDGE('',*,*,#4128,.F.);
#5500=ORIENTED_EDGE('',*,*,#4157,.F.);
#5501=ORIENTED_EDGE('',*,*,#4190,.T.);
#5502=ORIENTED_EDGE('',*,*,#4172,.F.);
#5503=ORIENTED_EDGE('',*,*,#4191,.F.);
#5504=ORIENTED_EDGE('',*,*,#4159,.F.);
#5505=ORIENTED_EDGE('',*,*,#4192,.T.);
#5506=ORIENTED_EDGE('',*,*,#4193,.F.);
#5507=ORIENTED_EDGE('',*,*,#4190,.F.);
#5508=ORIENTED_EDGE('',*,*,#4156,.F.);
#5509=ORIENTED_EDGE('',*,*,#4194,.F.);
#5510=ORIENTED_EDGE('',*,*,#4185,.F.);
#5511=ORIENTED_EDGE('',*,*,#4189,.F.);
#5512=ORIENTED_EDGE('',*,*,#4195,.T.);
#5513=ORIENTED_EDGE('',*,*,#4196,.T.);
#5514=ORIENTED_EDGE('',*,*,#4197,.T.);
#5515=ORIENTED_EDGE('',*,*,#4198,.F.);
#5516=ORIENTED_EDGE('',*,*,#4181,.T.);
#5517=ORIENTED_EDGE('',*,*,#4117,.T.);
#5518=ORIENTED_EDGE('',*,*,#4114,.T.);
#5519=ORIENTED_EDGE('',*,*,#4199,.F.);
#5520=ORIENTED_EDGE('',*,*,#4145,.F.);
#5521=ORIENTED_EDGE('',*,*,#4121,.T.);
#5522=ORIENTED_EDGE('',*,*,#4173,.F.);
#5523=ORIENTED_EDGE('',*,*,#4200,.F.);
#5524=ORIENTED_EDGE('',*,*,#4177,.F.);
#5525=ORIENTED_EDGE('',*,*,#4201,.F.);
#5526=ORIENTED_EDGE('',*,*,#4202,.T.);
#5527=ORIENTED_EDGE('',*,*,#3956,.T.);
#5528=ORIENTED_EDGE('',*,*,#3959,.F.);
#5529=ORIENTED_EDGE('',*,*,#4203,.F.);
#5530=ORIENTED_EDGE('',*,*,#4203,.T.);
#5531=ORIENTED_EDGE('',*,*,#3958,.F.);
#5532=ORIENTED_EDGE('',*,*,#4204,.T.);
#5533=ORIENTED_EDGE('',*,*,#4205,.T.);
#5534=ORIENTED_EDGE('',*,*,#4186,.T.);
#5535=ORIENTED_EDGE('',*,*,#4193,.T.);
#5536=ORIENTED_EDGE('',*,*,#4206,.T.);
#5537=ORIENTED_EDGE('',*,*,#4207,.F.);
#5538=ORIENTED_EDGE('',*,*,#4208,.F.);
#5539=ORIENTED_EDGE('',*,*,#4144,.F.);
#5540=ORIENTED_EDGE('',*,*,#4209,.F.);
#5541=ORIENTED_EDGE('',*,*,#4210,.F.);
#5542=ORIENTED_EDGE('',*,*,#4211,.F.);
#5543=ORIENTED_EDGE('',*,*,#4212,.F.);
#5544=ORIENTED_EDGE('',*,*,#4124,.F.);
#5545=ORIENTED_EDGE('',*,*,#4160,.F.);
#5546=ORIENTED_EDGE('',*,*,#4191,.T.);
#5547=ORIENTED_EDGE('',*,*,#4171,.F.);
#5548=ORIENTED_EDGE('',*,*,#4169,.F.);
#5549=ORIENTED_EDGE('',*,*,#4182,.F.);
#5550=ORIENTED_EDGE('',*,*,#4198,.T.);
#5551=ORIENTED_EDGE('',*,*,#4213,.T.);
#5552=ORIENTED_EDGE('',*,*,#4126,.F.);
#5553=ORIENTED_EDGE('',*,*,#4214,.F.);
#5554=ORIENTED_EDGE('',*,*,#4196,.F.);
#5555=ORIENTED_EDGE('',*,*,#4215,.F.);
#5556=ORIENTED_EDGE('',*,*,#4216,.F.);
#5557=ORIENTED_EDGE('',*,*,#4206,.F.);
#5558=ORIENTED_EDGE('',*,*,#4192,.F.);
#5559=ORIENTED_EDGE('',*,*,#4158,.F.);
#5560=ORIENTED_EDGE('',*,*,#4125,.F.);
#5561=ORIENTED_EDGE('',*,*,#4213,.F.);
#5562=ORIENTED_EDGE('',*,*,#4197,.F.);
#5563=ORIENTED_EDGE('',*,*,#4214,.T.);
#5564=ORIENTED_EDGE('',*,*,#4216,.T.);
#5565=ORIENTED_EDGE('',*,*,#4217,.T.);
#5566=ORIENTED_EDGE('',*,*,#4218,.T.);
#5567=ORIENTED_EDGE('',*,*,#4207,.T.);
#5568=ORIENTED_EDGE('',*,*,#4188,.T.);
#5569=ORIENTED_EDGE('',*,*,#4219,.F.);
#5570=ORIENTED_EDGE('',*,*,#4220,.F.);
#5571=ORIENTED_EDGE('',*,*,#4142,.F.);
#5572=ORIENTED_EDGE('',*,*,#4221,.F.);
#5573=ORIENTED_EDGE('',*,*,#4217,.F.);
#5574=ORIENTED_EDGE('',*,*,#4215,.T.);
#5575=ORIENTED_EDGE('',*,*,#4195,.F.);
#5576=ORIENTED_EDGE('',*,*,#4153,.F.);
#5577=ORIENTED_EDGE('',*,*,#4222,.F.);
#5578=ORIENTED_EDGE('',*,*,#4223,.F.);
#5579=ORIENTED_EDGE('',*,*,#4224,.T.);
#5580=ORIENTED_EDGE('',*,*,#4225,.T.);
#5581=ORIENTED_EDGE('',*,*,#4226,.F.);
#5582=ORIENTED_EDGE('',*,*,#4227,.F.);
#5583=ORIENTED_EDGE('',*,*,#4228,.F.);
#5584=ORIENTED_EDGE('',*,*,#4229,.F.);
#5585=ORIENTED_EDGE('',*,*,#4230,.F.);
#5586=ORIENTED_EDGE('',*,*,#4231,.F.);
#5587=ORIENTED_EDGE('',*,*,#4232,.F.);
#5588=ORIENTED_EDGE('',*,*,#4224,.F.);
#5589=ORIENTED_EDGE('',*,*,#4233,.F.);
#5590=ORIENTED_EDGE('',*,*,#4234,.F.);
#5591=ORIENTED_EDGE('',*,*,#4235,.F.);
#5592=ORIENTED_EDGE('',*,*,#4236,.F.);
#5593=ORIENTED_EDGE('',*,*,#4237,.F.);
#5594=ORIENTED_EDGE('',*,*,#4225,.F.);
#5595=ORIENTED_EDGE('',*,*,#4232,.T.);
#5596=ORIENTED_EDGE('',*,*,#4194,.T.);
#5597=ORIENTED_EDGE('',*,*,#4155,.F.);
#5598=ORIENTED_EDGE('',*,*,#4238,.T.);
#5599=ORIENTED_EDGE('',*,*,#4236,.T.);
#5600=ORIENTED_EDGE('',*,*,#4231,.T.);
#5601=ORIENTED_EDGE('',*,*,#4239,.F.);
#5602=ORIENTED_EDGE('',*,*,#4240,.T.);
#5603=ORIENTED_EDGE('',*,*,#4241,.F.);
#5604=ORIENTED_EDGE('',*,*,#4130,.T.);
#5605=ORIENTED_EDGE('',*,*,#4183,.T.);
#5606=ORIENTED_EDGE('',*,*,#4242,.F.);
#5607=ORIENTED_EDGE('',*,*,#4243,.F.);
#5608=ORIENTED_EDGE('',*,*,#4244,.T.);
#5609=ORIENTED_EDGE('',*,*,#4245,.F.);
#5610=ORIENTED_EDGE('',*,*,#4246,.F.);
#5611=ORIENTED_EDGE('',*,*,#4247,.F.);
#5612=ORIENTED_EDGE('',*,*,#4248,.T.);
#5613=ORIENTED_EDGE('',*,*,#4249,.F.);
#5614=ORIENTED_EDGE('',*,*,#4250,.F.);
#5615=ORIENTED_EDGE('',*,*,#4251,.F.);
#5616=ORIENTED_EDGE('',*,*,#4252,.T.);
#5617=ORIENTED_EDGE('',*,*,#4253,.F.);
#5618=ORIENTED_EDGE('',*,*,#4254,.T.);
#5619=ORIENTED_EDGE('',*,*,#4255,.T.);
#5620=ORIENTED_EDGE('',*,*,#4256,.T.);
#5621=ORIENTED_EDGE('',*,*,#4257,.T.);
#5622=ORIENTED_EDGE('',*,*,#4258,.T.);
#5623=ORIENTED_EDGE('',*,*,#4259,.T.);
#5624=ORIENTED_EDGE('',*,*,#4260,.T.);
#5625=ORIENTED_EDGE('',*,*,#4261,.T.);
#5626=ORIENTED_EDGE('',*,*,#4262,.T.);
#5627=ORIENTED_EDGE('',*,*,#4263,.T.);
#5628=ORIENTED_EDGE('',*,*,#4264,.T.);
#5629=ORIENTED_EDGE('',*,*,#4265,.T.);
#5630=ORIENTED_EDGE('',*,*,#4266,.T.);
#5631=ORIENTED_EDGE('',*,*,#4267,.T.);
#5632=ORIENTED_EDGE('',*,*,#3945,.T.);
#5633=ORIENTED_EDGE('',*,*,#3903,.T.);
#5634=ORIENTED_EDGE('',*,*,#3908,.T.);
#5635=ORIENTED_EDGE('',*,*,#3947,.T.);
#5636=ORIENTED_EDGE('',*,*,#3940,.T.);
#5637=ORIENTED_EDGE('',*,*,#3917,.T.);
#5638=ORIENTED_EDGE('',*,*,#3922,.T.);
#5639=ORIENTED_EDGE('',*,*,#3942,.T.);
#5640=ORIENTED_EDGE('',*,*,#3935,.T.);
#5641=ORIENTED_EDGE('',*,*,#3910,.T.);
#5642=ORIENTED_EDGE('',*,*,#3915,.T.);
#5643=ORIENTED_EDGE('',*,*,#3937,.T.);
#5644=ORIENTED_EDGE('',*,*,#4235,.T.);
#5645=ORIENTED_EDGE('',*,*,#4268,.T.);
#5646=ORIENTED_EDGE('',*,*,#4269,.T.);
#5647=ORIENTED_EDGE('',*,*,#4270,.T.);
#5648=ORIENTED_EDGE('',*,*,#4271,.T.);
#5649=ORIENTED_EDGE('',*,*,#4272,.F.);
#5650=ORIENTED_EDGE('',*,*,#4273,.F.);
#5651=ORIENTED_EDGE('',*,*,#4239,.T.);
#5652=ORIENTED_EDGE('',*,*,#4234,.T.);
#5653=ORIENTED_EDGE('',*,*,#4274,.F.);
#5654=ORIENTED_EDGE('',*,*,#4275,.F.);
#5655=ORIENTED_EDGE('',*,*,#4268,.F.);
#5656=ORIENTED_EDGE('',*,*,#4227,.T.);
#5657=ORIENTED_EDGE('',*,*,#4276,.F.);
#5658=ORIENTED_EDGE('',*,*,#4277,.F.);
#5659=ORIENTED_EDGE('',*,*,#4278,.F.);
#5660=ORIENTED_EDGE('',*,*,#4279,.F.);
#5661=ORIENTED_EDGE('',*,*,#4280,.F.);
#5662=ORIENTED_EDGE('',*,*,#4281,.F.);
#5663=ORIENTED_EDGE('',*,*,#4147,.F.);
#5664=ORIENTED_EDGE('',*,*,#4282,.F.);
#5665=ORIENTED_EDGE('',*,*,#4283,.T.);
#5666=ORIENTED_EDGE('',*,*,#4284,.F.);
#5667=ORIENTED_EDGE('',*,*,#4285,.T.);
#5668=ORIENTED_EDGE('',*,*,#4286,.F.);
#5669=ORIENTED_EDGE('',*,*,#4287,.F.);
#5670=ORIENTED_EDGE('',*,*,#4288,.T.);
#5671=ORIENTED_EDGE('',*,*,#4276,.T.);
#5672=ORIENTED_EDGE('',*,*,#4226,.T.);
#5673=ORIENTED_EDGE('',*,*,#4237,.T.);
#5674=ORIENTED_EDGE('',*,*,#4238,.F.);
#5675=ORIENTED_EDGE('',*,*,#4154,.F.);
#5676=ORIENTED_EDGE('',*,*,#4230,.T.);
#5677=ORIENTED_EDGE('',*,*,#4204,.F.);
#5678=ORIENTED_EDGE('',*,*,#3957,.F.);
#5679=ORIENTED_EDGE('',*,*,#3954,.T.);
#5680=ORIENTED_EDGE('',*,*,#4289,.F.);
#5681=ORIENTED_EDGE('',*,*,#4290,.T.);
#5682=ORIENTED_EDGE('',*,*,#4179,.F.);
#5683=ORIENTED_EDGE('',*,*,#4291,.F.);
#5684=ORIENTED_EDGE('',*,*,#4175,.F.);
#5685=ORIENTED_EDGE('',*,*,#4292,.F.);
#5686=ORIENTED_EDGE('',*,*,#4293,.T.);
#5687=ORIENTED_EDGE('',*,*,#4294,.F.);
#5688=ORIENTED_EDGE('',*,*,#4295,.F.);
#5689=ORIENTED_EDGE('',*,*,#4296,.F.);
#5690=ORIENTED_EDGE('',*,*,#4297,.T.);
#5691=ORIENTED_EDGE('',*,*,#4298,.F.);
#5692=ORIENTED_EDGE('',*,*,#4299,.T.);
#5693=ORIENTED_EDGE('',*,*,#4300,.F.);
#5694=ORIENTED_EDGE('',*,*,#4301,.T.);
#5695=ORIENTED_EDGE('',*,*,#4302,.F.);
#5696=ORIENTED_EDGE('',*,*,#4303,.T.);
#5697=ORIENTED_EDGE('',*,*,#4304,.F.);
#5698=ORIENTED_EDGE('',*,*,#4293,.F.);
#5699=ORIENTED_EDGE('',*,*,#3847,.T.);
#5700=ORIENTED_EDGE('',*,*,#3838,.T.);
#5701=ORIENTED_EDGE('',*,*,#3834,.T.);
#5702=ORIENTED_EDGE('',*,*,#3844,.T.);
#5703=ORIENTED_EDGE('',*,*,#3823,.T.);
#5704=ORIENTED_EDGE('',*,*,#3814,.T.);
#5705=ORIENTED_EDGE('',*,*,#3810,.T.);
#5706=ORIENTED_EDGE('',*,*,#3820,.T.);
#5707=ORIENTED_EDGE('',*,*,#3800,.T.);
#5708=ORIENTED_EDGE('',*,*,#3791,.T.);
#5709=ORIENTED_EDGE('',*,*,#3787,.T.);
#5710=ORIENTED_EDGE('',*,*,#3797,.T.);
#5711=ORIENTED_EDGE('',*,*,#3777,.T.);
#5712=ORIENTED_EDGE('',*,*,#3780,.T.);
#5713=ORIENTED_EDGE('',*,*,#3768,.T.);
#5714=ORIENTED_EDGE('',*,*,#3774,.T.);
#5715=ORIENTED_EDGE('',*,*,#3754,.T.);
#5716=ORIENTED_EDGE('',*,*,#3745,.T.);
#5717=ORIENTED_EDGE('',*,*,#3741,.T.);
#5718=ORIENTED_EDGE('',*,*,#3751,.T.);
#5719=ORIENTED_EDGE('',*,*,#4305,.F.);
#5720=ORIENTED_EDGE('',*,*,#4270,.F.);
#5721=ORIENTED_EDGE('',*,*,#4306,.T.);
#5722=ORIENTED_EDGE('',*,*,#4307,.F.);
#5723=ORIENTED_EDGE('',*,*,#4269,.F.);
#5724=ORIENTED_EDGE('',*,*,#4275,.T.);
#5725=ORIENTED_EDGE('',*,*,#4308,.F.);
#5726=ORIENTED_EDGE('',*,*,#4309,.T.);
#5727=ORIENTED_EDGE('',*,*,#4310,.F.);
#5728=ORIENTED_EDGE('',*,*,#4311,.F.);
#5729=ORIENTED_EDGE('',*,*,#4312,.F.);
#5730=ORIENTED_EDGE('',*,*,#4313,.T.);
#5731=ORIENTED_EDGE('',*,*,#4314,.F.);
#5732=ORIENTED_EDGE('',*,*,#4315,.F.);
#5733=ORIENTED_EDGE('',*,*,#4316,.F.);
#5734=ORIENTED_EDGE('',*,*,#4317,.T.);
#5735=ORIENTED_EDGE('',*,*,#4318,.F.);
#5736=ORIENTED_EDGE('',*,*,#4319,.F.);
#5737=ORIENTED_EDGE('',*,*,#4320,.F.);
#5738=ORIENTED_EDGE('',*,*,#4306,.F.);
#5739=ORIENTED_EDGE('',*,*,#3848,.T.);
#5740=ORIENTED_EDGE('',*,*,#3845,.T.);
#5741=ORIENTED_EDGE('',*,*,#3836,.T.);
#5742=ORIENTED_EDGE('',*,*,#3840,.T.);
#5743=ORIENTED_EDGE('',*,*,#3824,.T.);
#5744=ORIENTED_EDGE('',*,*,#3821,.T.);
#5745=ORIENTED_EDGE('',*,*,#3812,.T.);
#5746=ORIENTED_EDGE('',*,*,#3816,.T.);
#5747=ORIENTED_EDGE('',*,*,#3801,.T.);
#5748=ORIENTED_EDGE('',*,*,#3798,.T.);
#5749=ORIENTED_EDGE('',*,*,#3789,.T.);
#5750=ORIENTED_EDGE('',*,*,#3793,.T.);
#5751=ORIENTED_EDGE('',*,*,#3778,.T.);
#5752=ORIENTED_EDGE('',*,*,#3775,.T.);
#5753=ORIENTED_EDGE('',*,*,#3770,.T.);
#5754=ORIENTED_EDGE('',*,*,#3781,.T.);
#5755=ORIENTED_EDGE('',*,*,#3755,.T.);
#5756=ORIENTED_EDGE('',*,*,#3752,.T.);
#5757=ORIENTED_EDGE('',*,*,#3743,.T.);
#5758=ORIENTED_EDGE('',*,*,#3747,.T.);
#5759=ORIENTED_EDGE('',*,*,#4223,.T.);
#5760=ORIENTED_EDGE('',*,*,#4321,.T.);
#5761=ORIENTED_EDGE('',*,*,#4322,.F.);
#5762=ORIENTED_EDGE('',*,*,#4323,.T.);
#5763=ORIENTED_EDGE('',*,*,#4324,.F.);
#5764=ORIENTED_EDGE('',*,*,#4325,.F.);
#5765=ORIENTED_EDGE('',*,*,#4307,.T.);
#5766=ORIENTED_EDGE('',*,*,#4320,.T.);
#5767=ORIENTED_EDGE('',*,*,#4326,.T.);
#5768=ORIENTED_EDGE('',*,*,#4298,.T.);
#5769=ORIENTED_EDGE('',*,*,#4327,.T.);
#5770=ORIENTED_EDGE('',*,*,#4328,.T.);
#5771=ORIENTED_EDGE('',*,*,#4294,.T.);
#5772=ORIENTED_EDGE('',*,*,#4304,.T.);
#5773=ORIENTED_EDGE('',*,*,#4329,.T.);
#5774=ORIENTED_EDGE('',*,*,#4308,.T.);
#5775=ORIENTED_EDGE('',*,*,#4274,.T.);
#5776=ORIENTED_EDGE('',*,*,#4233,.T.);
#5777=ORIENTED_EDGE('',*,*,#4222,.T.);
#5778=ORIENTED_EDGE('',*,*,#4152,.F.);
#5779=ORIENTED_EDGE('',*,*,#4330,.F.);
#5780=ORIENTED_EDGE('',*,*,#4321,.F.);
#5781=ORIENTED_EDGE('',*,*,#3685,.T.);
#5782=ORIENTED_EDGE('',*,*,#3682,.T.);
#5783=ORIENTED_EDGE('',*,*,#3679,.T.);
#5784=ORIENTED_EDGE('',*,*,#3688,.T.);
#5785=ORIENTED_EDGE('',*,*,#3709,.T.);
#5786=ORIENTED_EDGE('',*,*,#3706,.T.);
#5787=ORIENTED_EDGE('',*,*,#3703,.T.);
#5788=ORIENTED_EDGE('',*,*,#3712,.T.);
#5789=ORIENTED_EDGE('',*,*,#3733,.T.);
#5790=ORIENTED_EDGE('',*,*,#3730,.T.);
#5791=ORIENTED_EDGE('',*,*,#3727,.T.);
#5792=ORIENTED_EDGE('',*,*,#3736,.T.);
#5793=ORIENTED_EDGE('',*,*,#4331,.T.);
#5794=ORIENTED_EDGE('',*,*,#4332,.T.);
#5795=ORIENTED_EDGE('',*,*,#4333,.T.);
#5796=ORIENTED_EDGE('',*,*,#4334,.T.);
#5797=ORIENTED_EDGE('',*,*,#4334,.F.);
#5798=ORIENTED_EDGE('',*,*,#4335,.T.);
#5799=ORIENTED_EDGE('',*,*,#4336,.F.);
#5800=ORIENTED_EDGE('',*,*,#4337,.T.);
#5801=ORIENTED_EDGE('',*,*,#4333,.F.);
#5802=ORIENTED_EDGE('',*,*,#4338,.F.);
#5803=ORIENTED_EDGE('',*,*,#4309,.F.);
#5804=ORIENTED_EDGE('',*,*,#4329,.F.);
#5805=ORIENTED_EDGE('',*,*,#4339,.F.);
#5806=ORIENTED_EDGE('',*,*,#4340,.F.);
#5807=ORIENTED_EDGE('',*,*,#4341,.F.);
#5808=ORIENTED_EDGE('',*,*,#4342,.F.);
#5809=ORIENTED_EDGE('',*,*,#4343,.T.);
#5810=ORIENTED_EDGE('',*,*,#4344,.F.);
#5811=ORIENTED_EDGE('',*,*,#4335,.F.);
#5812=ORIENTED_EDGE('',*,*,#4345,.T.);
#5813=ORIENTED_EDGE('',*,*,#4346,.T.);
#5814=ORIENTED_EDGE('',*,*,#4347,.T.);
#5815=ORIENTED_EDGE('',*,*,#4348,.T.);
#5816=ORIENTED_EDGE('',*,*,#4346,.F.);
#5817=ORIENTED_EDGE('',*,*,#4349,.F.);
#5818=ORIENTED_EDGE('',*,*,#4314,.T.);
#5819=ORIENTED_EDGE('',*,*,#4350,.T.);
#5820=ORIENTED_EDGE('',*,*,#4345,.F.);
#5821=ORIENTED_EDGE('',*,*,#4351,.F.);
#5822=ORIENTED_EDGE('',*,*,#4352,.F.);
#5823=ORIENTED_EDGE('',*,*,#4353,.F.);
#5824=ORIENTED_EDGE('',*,*,#4354,.F.);
#5825=ORIENTED_EDGE('',*,*,#4355,.F.);
#5826=ORIENTED_EDGE('',*,*,#4356,.F.);
#5827=ORIENTED_EDGE('',*,*,#4357,.F.);
#5828=ORIENTED_EDGE('',*,*,#4358,.F.);
#5829=ORIENTED_EDGE('',*,*,#4315,.T.);
#5830=ORIENTED_EDGE('',*,*,#4349,.T.);
#5831=ORIENTED_EDGE('',*,*,#4359,.T.);
#5832=ORIENTED_EDGE('',*,*,#4360,.T.);
#5833=ORIENTED_EDGE('',*,*,#4361,.T.);
#5834=ORIENTED_EDGE('',*,*,#4362,.T.);
#5835=ORIENTED_EDGE('',*,*,#4360,.F.);
#5836=ORIENTED_EDGE('',*,*,#4363,.F.);
#5837=ORIENTED_EDGE('',*,*,#4318,.T.);
#5838=ORIENTED_EDGE('',*,*,#4364,.T.);
#5839=ORIENTED_EDGE('',*,*,#4359,.F.);
#5840=ORIENTED_EDGE('',*,*,#4365,.T.);
#5841=ORIENTED_EDGE('',*,*,#4366,.F.);
#5842=ORIENTED_EDGE('',*,*,#4367,.F.);
#5843=ORIENTED_EDGE('',*,*,#4368,.F.);
#5844=ORIENTED_EDGE('',*,*,#4369,.F.);
#5845=ORIENTED_EDGE('',*,*,#4370,.F.);
#5846=ORIENTED_EDGE('',*,*,#4371,.F.);
#5847=ORIENTED_EDGE('',*,*,#4326,.F.);
#5848=ORIENTED_EDGE('',*,*,#4319,.T.);
#5849=ORIENTED_EDGE('',*,*,#4363,.T.);
#5850=ORIENTED_EDGE('',*,*,#4347,.F.);
#5851=ORIENTED_EDGE('',*,*,#4350,.F.);
#5852=ORIENTED_EDGE('',*,*,#4313,.F.);
#5853=ORIENTED_EDGE('',*,*,#4372,.F.);
#5854=ORIENTED_EDGE('',*,*,#4373,.F.);
#5855=ORIENTED_EDGE('',*,*,#4374,.F.);
#5856=ORIENTED_EDGE('',*,*,#4375,.F.);
#5857=ORIENTED_EDGE('',*,*,#4376,.F.);
#5858=ORIENTED_EDGE('',*,*,#4377,.T.);
#5859=ORIENTED_EDGE('',*,*,#4378,.F.);
#5860=ORIENTED_EDGE('',*,*,#4379,.F.);
#5861=ORIENTED_EDGE('',*,*,#4361,.F.);
#5862=ORIENTED_EDGE('',*,*,#4364,.F.);
#5863=ORIENTED_EDGE('',*,*,#4317,.F.);
#5864=ORIENTED_EDGE('',*,*,#4380,.F.);
#5865=ORIENTED_EDGE('',*,*,#4381,.F.);
#5866=ORIENTED_EDGE('',*,*,#4382,.F.);
#5867=ORIENTED_EDGE('',*,*,#4383,.F.);
#5868=ORIENTED_EDGE('',*,*,#4384,.F.);
#5869=ORIENTED_EDGE('',*,*,#4385,.T.);
#5870=ORIENTED_EDGE('',*,*,#4386,.F.);
#5871=ORIENTED_EDGE('',*,*,#4387,.F.);
#5872=ORIENTED_EDGE('',*,*,#4348,.F.);
#5873=ORIENTED_EDGE('',*,*,#4379,.T.);
#5874=ORIENTED_EDGE('',*,*,#4388,.F.);
#5875=ORIENTED_EDGE('',*,*,#4351,.T.);
#5876=ORIENTED_EDGE('',*,*,#4362,.F.);
#5877=ORIENTED_EDGE('',*,*,#4387,.T.);
#5878=ORIENTED_EDGE('',*,*,#4389,.F.);
#5879=ORIENTED_EDGE('',*,*,#4365,.F.);
#5880=ORIENTED_EDGE('',*,*,#4331,.F.);
#5881=ORIENTED_EDGE('',*,*,#4337,.F.);
#5882=ORIENTED_EDGE('',*,*,#4390,.F.);
#5883=ORIENTED_EDGE('',*,*,#4391,.F.);
#5884=ORIENTED_EDGE('',*,*,#4392,.F.);
#5885=ORIENTED_EDGE('',*,*,#4393,.F.);
#5886=ORIENTED_EDGE('',*,*,#4394,.F.);
#5887=ORIENTED_EDGE('',*,*,#4395,.F.);
#5888=ORIENTED_EDGE('',*,*,#4396,.F.);
#5889=ORIENTED_EDGE('',*,*,#4311,.T.);
#5890=ORIENTED_EDGE('',*,*,#4397,.T.);
#5891=ORIENTED_EDGE('',*,*,#4366,.T.);
#5892=ORIENTED_EDGE('',*,*,#4389,.T.);
#5893=ORIENTED_EDGE('',*,*,#4386,.T.);
#5894=ORIENTED_EDGE('',*,*,#4398,.T.);
#5895=ORIENTED_EDGE('',*,*,#4352,.T.);
#5896=ORIENTED_EDGE('',*,*,#4388,.T.);
#5897=ORIENTED_EDGE('',*,*,#4378,.T.);
#5898=ORIENTED_EDGE('',*,*,#4399,.T.);
#5899=ORIENTED_EDGE('',*,*,#4390,.T.);
#5900=ORIENTED_EDGE('',*,*,#4336,.T.);
#5901=ORIENTED_EDGE('',*,*,#4344,.T.);
#5902=ORIENTED_EDGE('',*,*,#4400,.T.);
#5903=ORIENTED_EDGE('',*,*,#4399,.F.);
#5904=ORIENTED_EDGE('',*,*,#4377,.F.);
#5905=ORIENTED_EDGE('',*,*,#4401,.F.);
#5906=ORIENTED_EDGE('',*,*,#4353,.T.);
#5907=ORIENTED_EDGE('',*,*,#4398,.F.);
#5908=ORIENTED_EDGE('',*,*,#4385,.F.);
#5909=ORIENTED_EDGE('',*,*,#4402,.F.);
#5910=ORIENTED_EDGE('',*,*,#4367,.T.);
#5911=ORIENTED_EDGE('',*,*,#4400,.F.);
#5912=ORIENTED_EDGE('',*,*,#4343,.F.);
#5913=ORIENTED_EDGE('',*,*,#4403,.F.);
#5914=ORIENTED_EDGE('',*,*,#4391,.T.);
#5915=ORIENTED_EDGE('',*,*,#4332,.F.);
#5916=ORIENTED_EDGE('',*,*,#4397,.F.);
#5917=ORIENTED_EDGE('',*,*,#4310,.T.);
#5918=ORIENTED_EDGE('',*,*,#4338,.T.);
#5919=ORIENTED_EDGE('',*,*,#4382,.T.);
#5920=ORIENTED_EDGE('',*,*,#4404,.T.);
#5921=ORIENTED_EDGE('',*,*,#4370,.T.);
#5922=ORIENTED_EDGE('',*,*,#4405,.T.);
#5923=ORIENTED_EDGE('',*,*,#4404,.F.);
#5924=ORIENTED_EDGE('',*,*,#4381,.T.);
#5925=ORIENTED_EDGE('',*,*,#4299,.F.);
#5926=ORIENTED_EDGE('',*,*,#4371,.T.);
#5927=ORIENTED_EDGE('',*,*,#4374,.T.);
#5928=ORIENTED_EDGE('',*,*,#4406,.T.);
#5929=ORIENTED_EDGE('',*,*,#4356,.T.);
#5930=ORIENTED_EDGE('',*,*,#4407,.T.);
#5931=ORIENTED_EDGE('',*,*,#4406,.F.);
#5932=ORIENTED_EDGE('',*,*,#4373,.T.);
#5933=ORIENTED_EDGE('',*,*,#4301,.F.);
#5934=ORIENTED_EDGE('',*,*,#4357,.T.);
#5935=ORIENTED_EDGE('',*,*,#4340,.T.);
#5936=ORIENTED_EDGE('',*,*,#4408,.T.);
#5937=ORIENTED_EDGE('',*,*,#4394,.T.);
#5938=ORIENTED_EDGE('',*,*,#4409,.T.);
#5939=ORIENTED_EDGE('',*,*,#4408,.F.);
#5940=ORIENTED_EDGE('',*,*,#4339,.T.);
#5941=ORIENTED_EDGE('',*,*,#4303,.F.);
#5942=ORIENTED_EDGE('',*,*,#4395,.T.);
#5943=ORIENTED_EDGE('',*,*,#4405,.F.);
#5944=ORIENTED_EDGE('',*,*,#4369,.T.);
#5945=ORIENTED_EDGE('',*,*,#4410,.T.);
#5946=ORIENTED_EDGE('',*,*,#4383,.T.);
#5947=ORIENTED_EDGE('',*,*,#4407,.F.);
#5948=ORIENTED_EDGE('',*,*,#4355,.T.);
#5949=ORIENTED_EDGE('',*,*,#4411,.T.);
#5950=ORIENTED_EDGE('',*,*,#4375,.T.);
#5951=ORIENTED_EDGE('',*,*,#4409,.F.);
#5952=ORIENTED_EDGE('',*,*,#4393,.T.);
#5953=ORIENTED_EDGE('',*,*,#4412,.T.);
#5954=ORIENTED_EDGE('',*,*,#4341,.T.);
#5955=ORIENTED_EDGE('',*,*,#4403,.T.);
#5956=ORIENTED_EDGE('',*,*,#4342,.T.);
#5957=ORIENTED_EDGE('',*,*,#4412,.F.);
#5958=ORIENTED_EDGE('',*,*,#4392,.T.);
#5959=ORIENTED_EDGE('',*,*,#4402,.T.);
#5960=ORIENTED_EDGE('',*,*,#4384,.T.);
#5961=ORIENTED_EDGE('',*,*,#4410,.F.);
#5962=ORIENTED_EDGE('',*,*,#4368,.T.);
#5963=ORIENTED_EDGE('',*,*,#4380,.T.);
#5964=ORIENTED_EDGE('',*,*,#4316,.T.);
#5965=ORIENTED_EDGE('',*,*,#4358,.T.);
#5966=ORIENTED_EDGE('',*,*,#4300,.T.);
#5967=ORIENTED_EDGE('',*,*,#4401,.T.);
#5968=ORIENTED_EDGE('',*,*,#4376,.T.);
#5969=ORIENTED_EDGE('',*,*,#4411,.F.);
#5970=ORIENTED_EDGE('',*,*,#4354,.T.);
#5971=ORIENTED_EDGE('',*,*,#4413,.F.);
#5972=ORIENTED_EDGE('',*,*,#4414,.T.);
#5973=ORIENTED_EDGE('',*,*,#4327,.F.);
#5974=ORIENTED_EDGE('',*,*,#4297,.F.);
#5975=ORIENTED_EDGE('',*,*,#4415,.F.);
#5976=ORIENTED_EDGE('',*,*,#4295,.T.);
#5977=ORIENTED_EDGE('',*,*,#4328,.F.);
#5978=ORIENTED_EDGE('',*,*,#4414,.F.);
#5979=ORIENTED_EDGE('',*,*,#3732,.T.);
#5980=ORIENTED_EDGE('',*,*,#3735,.T.);
#5981=ORIENTED_EDGE('',*,*,#3725,.T.);
#5982=ORIENTED_EDGE('',*,*,#3729,.T.);
#5983=ORIENTED_EDGE('',*,*,#3720,.T.);
#5984=ORIENTED_EDGE('',*,*,#3723,.T.);
#5985=ORIENTED_EDGE('',*,*,#3713,.T.);
#5986=ORIENTED_EDGE('',*,*,#3717,.T.);
#5987=ORIENTED_EDGE('',*,*,#3708,.T.);
#5988=ORIENTED_EDGE('',*,*,#3711,.T.);
#5989=ORIENTED_EDGE('',*,*,#3701,.T.);
#5990=ORIENTED_EDGE('',*,*,#3705,.T.);
#5991=ORIENTED_EDGE('',*,*,#3696,.T.);
#5992=ORIENTED_EDGE('',*,*,#3699,.T.);
#5993=ORIENTED_EDGE('',*,*,#3689,.T.);
#5994=ORIENTED_EDGE('',*,*,#3693,.T.);
#5995=ORIENTED_EDGE('',*,*,#3684,.T.);
#5996=ORIENTED_EDGE('',*,*,#3687,.T.);
#5997=ORIENTED_EDGE('',*,*,#3677,.T.);
#5998=ORIENTED_EDGE('',*,*,#3681,.T.);
#5999=ORIENTED_EDGE('',*,*,#4416,.F.);
#6000=ORIENTED_EDGE('',*,*,#4323,.F.);
#6001=ORIENTED_EDGE('',*,*,#4417,.F.);
#6002=ORIENTED_EDGE('',*,*,#4149,.F.);
#6003=ORIENTED_EDGE('',*,*,#3697,.T.);
#6004=ORIENTED_EDGE('',*,*,#3694,.T.);
#6005=ORIENTED_EDGE('',*,*,#3691,.T.);
#6006=ORIENTED_EDGE('',*,*,#3700,.T.);
#6007=ORIENTED_EDGE('',*,*,#3721,.T.);
#6008=ORIENTED_EDGE('',*,*,#3718,.T.);
#6009=ORIENTED_EDGE('',*,*,#3715,.T.);
#6010=ORIENTED_EDGE('',*,*,#3724,.T.);
#6011=ORIENTED_EDGE('',*,*,#4396,.T.);
#6012=ORIENTED_EDGE('',*,*,#4302,.T.);
#6013=ORIENTED_EDGE('',*,*,#4372,.T.);
#6014=ORIENTED_EDGE('',*,*,#4312,.T.);
#6015=ORIENTED_EDGE('',*,*,#4324,.T.);
#6016=ORIENTED_EDGE('',*,*,#4416,.T.);
#6017=ORIENTED_EDGE('',*,*,#4148,.F.);
#6018=ORIENTED_EDGE('',*,*,#4281,.T.);
#6019=ORIENTED_EDGE('',*,*,#4418,.F.);
#6020=ORIENTED_EDGE('',*,*,#4419,.F.);
#6021=ORIENTED_EDGE('',*,*,#4420,.F.);
#6022=ORIENTED_EDGE('',*,*,#4284,.T.);
#6023=ORIENTED_EDGE('',*,*,#4421,.T.);
#6024=ORIENTED_EDGE('',*,*,#4422,.F.);
#6025=ORIENTED_EDGE('',*,*,#4417,.T.);
#6026=ORIENTED_EDGE('',*,*,#4322,.T.);
#6027=ORIENTED_EDGE('',*,*,#4330,.T.);
#6028=ORIENTED_EDGE('',*,*,#4151,.F.);
#6029=ORIENTED_EDGE('',*,*,#4423,.T.);
#6030=ORIENTED_EDGE('',*,*,#4424,.F.);
#6031=ORIENTED_EDGE('',*,*,#4425,.F.);
#6032=ORIENTED_EDGE('',*,*,#4426,.F.);
#6033=ORIENTED_EDGE('',*,*,#4427,.F.);
#6034=ORIENTED_EDGE('',*,*,#4428,.F.);
#6035=ORIENTED_EDGE('',*,*,#4429,.F.);
#6036=ORIENTED_EDGE('',*,*,#4423,.F.);
#6037=ORIENTED_EDGE('',*,*,#4150,.F.);
#6038=ORIENTED_EDGE('',*,*,#4296,.T.);
#6039=ORIENTED_EDGE('',*,*,#4292,.T.);
#6040=ORIENTED_EDGE('',*,*,#4415,.T.);
#6041=ORIENTED_EDGE('',*,*,#4413,.T.);
#6042=ORIENTED_EDGE('',*,*,#3994,.T.);
#6043=ORIENTED_EDGE('',*,*,#3992,.T.);
#6044=ORIENTED_EDGE('',*,*,#3990,.T.);
#6045=ORIENTED_EDGE('',*,*,#3987,.T.);
#6046=ORIENTED_EDGE('',*,*,#4011,.T.);
#6047=ORIENTED_EDGE('',*,*,#4013,.T.);
#6048=ORIENTED_EDGE('',*,*,#4016,.T.);
#6049=ORIENTED_EDGE('',*,*,#4017,.T.);
#6050=ORIENTED_EDGE('',*,*,#4325,.T.);
#6051=ORIENTED_EDGE('',*,*,#4422,.T.);
#6052=ORIENTED_EDGE('',*,*,#4430,.T.);
#6053=ORIENTED_EDGE('',*,*,#4431,.F.);
#6054=ORIENTED_EDGE('',*,*,#4271,.F.);
#6055=ORIENTED_EDGE('',*,*,#4305,.T.);
#6056=ORIENTED_EDGE('',*,*,#4432,.F.);
#6057=ORIENTED_EDGE('',*,*,#4430,.F.);
#6058=ORIENTED_EDGE('',*,*,#4421,.F.);
#6059=ORIENTED_EDGE('',*,*,#4283,.F.);
#6060=ORIENTED_EDGE('',*,*,#4433,.T.);
#6061=ORIENTED_EDGE('',*,*,#4434,.T.);
#6062=ORIENTED_EDGE('',*,*,#4435,.T.);
#6063=ORIENTED_EDGE('',*,*,#4104,.T.);
#6064=ORIENTED_EDGE('',*,*,#4436,.T.);
#6065=ORIENTED_EDGE('',*,*,#4105,.T.);
#6066=ORIENTED_EDGE('',*,*,#4435,.F.);
#6067=ORIENTED_EDGE('',*,*,#4437,.T.);
#6068=ORIENTED_EDGE('',*,*,#4438,.T.);
#6069=ORIENTED_EDGE('',*,*,#4106,.T.);
#6070=ORIENTED_EDGE('',*,*,#4436,.F.);
#6071=ORIENTED_EDGE('',*,*,#4439,.T.);
#6072=ORIENTED_EDGE('',*,*,#4440,.T.);
#6073=ORIENTED_EDGE('',*,*,#4107,.T.);
#6074=ORIENTED_EDGE('',*,*,#4438,.F.);
#6075=ORIENTED_EDGE('',*,*,#4441,.T.);
#6076=ORIENTED_EDGE('',*,*,#4442,.T.);
#6077=ORIENTED_EDGE('',*,*,#4108,.T.);
#6078=ORIENTED_EDGE('',*,*,#4440,.F.);
#6079=ORIENTED_EDGE('',*,*,#4443,.T.);
#6080=ORIENTED_EDGE('',*,*,#4444,.T.);
#6081=ORIENTED_EDGE('',*,*,#4109,.T.);
#6082=ORIENTED_EDGE('',*,*,#4442,.F.);
#6083=ORIENTED_EDGE('',*,*,#4445,.T.);
#6084=ORIENTED_EDGE('',*,*,#4446,.T.);
#6085=ORIENTED_EDGE('',*,*,#4110,.T.);
#6086=ORIENTED_EDGE('',*,*,#4444,.F.);
#6087=ORIENTED_EDGE('',*,*,#4447,.T.);
#6088=ORIENTED_EDGE('',*,*,#4433,.F.);
#6089=ORIENTED_EDGE('',*,*,#4111,.T.);
#6090=ORIENTED_EDGE('',*,*,#4446,.F.);
#6091=ORIENTED_EDGE('',*,*,#4448,.T.);
#6092=ORIENTED_EDGE('',*,*,#4441,.F.);
#6093=ORIENTED_EDGE('',*,*,#4449,.T.);
#6094=ORIENTED_EDGE('',*,*,#4022,.F.);
#6095=ORIENTED_EDGE('',*,*,#4450,.F.);
#6096=ORIENTED_EDGE('',*,*,#4439,.F.);
#6097=ORIENTED_EDGE('',*,*,#4451,.T.);
#6098=ORIENTED_EDGE('',*,*,#4023,.F.);
#6099=ORIENTED_EDGE('',*,*,#4449,.F.);
#6100=ORIENTED_EDGE('',*,*,#4437,.F.);
#6101=ORIENTED_EDGE('',*,*,#4452,.T.);
#6102=ORIENTED_EDGE('',*,*,#4024,.F.);
#6103=ORIENTED_EDGE('',*,*,#4451,.F.);
#6104=ORIENTED_EDGE('',*,*,#4434,.F.);
#6105=ORIENTED_EDGE('',*,*,#4453,.T.);
#6106=ORIENTED_EDGE('',*,*,#4025,.F.);
#6107=ORIENTED_EDGE('',*,*,#4452,.F.);
#6108=ORIENTED_EDGE('',*,*,#4454,.T.);
#6109=ORIENTED_EDGE('',*,*,#4455,.T.);
#6110=ORIENTED_EDGE('',*,*,#4456,.T.);
#6111=ORIENTED_EDGE('',*,*,#4080,.T.);
#6112=ORIENTED_EDGE('',*,*,#4457,.T.);
#6113=ORIENTED_EDGE('',*,*,#4081,.T.);
#6114=ORIENTED_EDGE('',*,*,#4456,.F.);
#6115=ORIENTED_EDGE('',*,*,#4458,.T.);
#6116=ORIENTED_EDGE('',*,*,#4459,.T.);
#6117=ORIENTED_EDGE('',*,*,#4082,.T.);
#6118=ORIENTED_EDGE('',*,*,#4457,.F.);
#6119=ORIENTED_EDGE('',*,*,#4460,.T.);
#6120=ORIENTED_EDGE('',*,*,#4461,.T.);
#6121=ORIENTED_EDGE('',*,*,#4083,.T.);
#6122=ORIENTED_EDGE('',*,*,#4459,.F.);
#6123=ORIENTED_EDGE('',*,*,#4462,.T.);
#6124=ORIENTED_EDGE('',*,*,#4463,.T.);
#6125=ORIENTED_EDGE('',*,*,#4084,.T.);
#6126=ORIENTED_EDGE('',*,*,#4461,.F.);
#6127=ORIENTED_EDGE('',*,*,#4464,.T.);
#6128=ORIENTED_EDGE('',*,*,#4465,.T.);
#6129=ORIENTED_EDGE('',*,*,#4085,.T.);
#6130=ORIENTED_EDGE('',*,*,#4463,.F.);
#6131=ORIENTED_EDGE('',*,*,#4466,.T.);
#6132=ORIENTED_EDGE('',*,*,#4467,.T.);
#6133=ORIENTED_EDGE('',*,*,#4086,.T.);
#6134=ORIENTED_EDGE('',*,*,#4465,.F.);
#6135=ORIENTED_EDGE('',*,*,#4468,.T.);
#6136=ORIENTED_EDGE('',*,*,#4454,.F.);
#6137=ORIENTED_EDGE('',*,*,#4087,.T.);
#6138=ORIENTED_EDGE('',*,*,#4467,.F.);
#6139=ORIENTED_EDGE('',*,*,#4469,.T.);
#6140=ORIENTED_EDGE('',*,*,#4462,.F.);
#6141=ORIENTED_EDGE('',*,*,#4470,.T.);
#6142=ORIENTED_EDGE('',*,*,#4042,.F.);
#6143=ORIENTED_EDGE('',*,*,#4471,.F.);
#6144=ORIENTED_EDGE('',*,*,#4460,.F.);
#6145=ORIENTED_EDGE('',*,*,#4472,.T.);
#6146=ORIENTED_EDGE('',*,*,#4043,.F.);
#6147=ORIENTED_EDGE('',*,*,#4470,.F.);
#6148=ORIENTED_EDGE('',*,*,#4458,.F.);
#6149=ORIENTED_EDGE('',*,*,#4473,.T.);
#6150=ORIENTED_EDGE('',*,*,#4044,.F.);
#6151=ORIENTED_EDGE('',*,*,#4472,.F.);
#6152=ORIENTED_EDGE('',*,*,#4455,.F.);
#6153=ORIENTED_EDGE('',*,*,#4474,.T.);
#6154=ORIENTED_EDGE('',*,*,#4045,.F.);
#6155=ORIENTED_EDGE('',*,*,#4473,.F.);
#6156=ORIENTED_EDGE('',*,*,#4475,.T.);
#6157=ORIENTED_EDGE('',*,*,#4476,.T.);
#6158=ORIENTED_EDGE('',*,*,#4477,.T.);
#6159=ORIENTED_EDGE('',*,*,#4096,.T.);
#6160=ORIENTED_EDGE('',*,*,#4478,.T.);
#6161=ORIENTED_EDGE('',*,*,#4097,.T.);
#6162=ORIENTED_EDGE('',*,*,#4477,.F.);
#6163=ORIENTED_EDGE('',*,*,#4479,.T.);
#6164=ORIENTED_EDGE('',*,*,#4480,.T.);
#6165=ORIENTED_EDGE('',*,*,#4098,.T.);
#6166=ORIENTED_EDGE('',*,*,#4478,.F.);
#6167=ORIENTED_EDGE('',*,*,#4481,.T.);
#6168=ORIENTED_EDGE('',*,*,#4482,.T.);
#6169=ORIENTED_EDGE('',*,*,#4099,.T.);
#6170=ORIENTED_EDGE('',*,*,#4480,.F.);
#6171=ORIENTED_EDGE('',*,*,#4483,.T.);
#6172=ORIENTED_EDGE('',*,*,#4484,.T.);
#6173=ORIENTED_EDGE('',*,*,#4100,.T.);
#6174=ORIENTED_EDGE('',*,*,#4482,.F.);
#6175=ORIENTED_EDGE('',*,*,#4485,.T.);
#6176=ORIENTED_EDGE('',*,*,#4486,.T.);
#6177=ORIENTED_EDGE('',*,*,#4101,.T.);
#6178=ORIENTED_EDGE('',*,*,#4484,.F.);
#6179=ORIENTED_EDGE('',*,*,#4487,.T.);
#6180=ORIENTED_EDGE('',*,*,#4488,.T.);
#6181=ORIENTED_EDGE('',*,*,#4102,.T.);
#6182=ORIENTED_EDGE('',*,*,#4486,.F.);
#6183=ORIENTED_EDGE('',*,*,#4489,.T.);
#6184=ORIENTED_EDGE('',*,*,#4475,.F.);
#6185=ORIENTED_EDGE('',*,*,#4103,.T.);
#6186=ORIENTED_EDGE('',*,*,#4488,.F.);
#6187=ORIENTED_EDGE('',*,*,#4490,.T.);
#6188=ORIENTED_EDGE('',*,*,#4483,.F.);
#6189=ORIENTED_EDGE('',*,*,#4491,.T.);
#6190=ORIENTED_EDGE('',*,*,#4057,.F.);
#6191=ORIENTED_EDGE('',*,*,#4492,.F.);
#6192=ORIENTED_EDGE('',*,*,#4481,.F.);
#6193=ORIENTED_EDGE('',*,*,#4493,.T.);
#6194=ORIENTED_EDGE('',*,*,#4058,.F.);
#6195=ORIENTED_EDGE('',*,*,#4491,.F.);
#6196=ORIENTED_EDGE('',*,*,#4479,.F.);
#6197=ORIENTED_EDGE('',*,*,#4494,.T.);
#6198=ORIENTED_EDGE('',*,*,#4059,.F.);
#6199=ORIENTED_EDGE('',*,*,#4493,.F.);
#6200=ORIENTED_EDGE('',*,*,#4476,.F.);
#6201=ORIENTED_EDGE('',*,*,#4495,.T.);
#6202=ORIENTED_EDGE('',*,*,#4060,.F.);
#6203=ORIENTED_EDGE('',*,*,#4494,.F.);
#6204=ORIENTED_EDGE('',*,*,#4496,.T.);
#6205=ORIENTED_EDGE('',*,*,#4497,.T.);
#6206=ORIENTED_EDGE('',*,*,#4498,.T.);
#6207=ORIENTED_EDGE('',*,*,#4088,.T.);
#6208=ORIENTED_EDGE('',*,*,#4499,.T.);
#6209=ORIENTED_EDGE('',*,*,#4089,.T.);
#6210=ORIENTED_EDGE('',*,*,#4498,.F.);
#6211=ORIENTED_EDGE('',*,*,#4500,.T.);
#6212=ORIENTED_EDGE('',*,*,#4501,.T.);
#6213=ORIENTED_EDGE('',*,*,#4090,.T.);
#6214=ORIENTED_EDGE('',*,*,#4499,.F.);
#6215=ORIENTED_EDGE('',*,*,#4502,.T.);
#6216=ORIENTED_EDGE('',*,*,#4503,.T.);
#6217=ORIENTED_EDGE('',*,*,#4091,.T.);
#6218=ORIENTED_EDGE('',*,*,#4501,.F.);
#6219=ORIENTED_EDGE('',*,*,#4504,.T.);
#6220=ORIENTED_EDGE('',*,*,#4505,.T.);
#6221=ORIENTED_EDGE('',*,*,#4092,.T.);
#6222=ORIENTED_EDGE('',*,*,#4503,.F.);
#6223=ORIENTED_EDGE('',*,*,#4506,.T.);
#6224=ORIENTED_EDGE('',*,*,#4507,.T.);
#6225=ORIENTED_EDGE('',*,*,#4093,.T.);
#6226=ORIENTED_EDGE('',*,*,#4505,.F.);
#6227=ORIENTED_EDGE('',*,*,#4508,.T.);
#6228=ORIENTED_EDGE('',*,*,#4509,.T.);
#6229=ORIENTED_EDGE('',*,*,#4094,.T.);
#6230=ORIENTED_EDGE('',*,*,#4507,.F.);
#6231=ORIENTED_EDGE('',*,*,#4510,.T.);
#6232=ORIENTED_EDGE('',*,*,#4496,.F.);
#6233=ORIENTED_EDGE('',*,*,#4095,.T.);
#6234=ORIENTED_EDGE('',*,*,#4509,.F.);
#6235=ORIENTED_EDGE('',*,*,#4511,.T.);
#6236=ORIENTED_EDGE('',*,*,#4504,.F.);
#6237=ORIENTED_EDGE('',*,*,#4512,.T.);
#6238=ORIENTED_EDGE('',*,*,#4050,.F.);
#6239=ORIENTED_EDGE('',*,*,#4513,.F.);
#6240=ORIENTED_EDGE('',*,*,#4502,.F.);
#6241=ORIENTED_EDGE('',*,*,#4514,.T.);
#6242=ORIENTED_EDGE('',*,*,#4051,.F.);
#6243=ORIENTED_EDGE('',*,*,#4512,.F.);
#6244=ORIENTED_EDGE('',*,*,#4500,.F.);
#6245=ORIENTED_EDGE('',*,*,#4515,.T.);
#6246=ORIENTED_EDGE('',*,*,#4052,.F.);
#6247=ORIENTED_EDGE('',*,*,#4514,.F.);
#6248=ORIENTED_EDGE('',*,*,#4497,.F.);
#6249=ORIENTED_EDGE('',*,*,#4516,.T.);
#6250=ORIENTED_EDGE('',*,*,#4053,.F.);
#6251=ORIENTED_EDGE('',*,*,#4515,.F.);
#6252=ORIENTED_EDGE('',*,*,#4517,.T.);
#6253=ORIENTED_EDGE('',*,*,#4518,.T.);
#6254=ORIENTED_EDGE('',*,*,#4019,.T.);
#6255=ORIENTED_EDGE('',*,*,#4079,.T.);
#6256=ORIENTED_EDGE('',*,*,#3978,.T.);
#6257=ORIENTED_EDGE('',*,*,#4021,.F.);
#6258=ORIENTED_EDGE('',*,*,#4519,.T.);
#6259=ORIENTED_EDGE('',*,*,#4520,.T.);
#6260=ORIENTED_EDGE('',*,*,#3979,.T.);
#6261=ORIENTED_EDGE('',*,*,#4520,.F.);
#6262=ORIENTED_EDGE('',*,*,#4521,.T.);
#6263=ORIENTED_EDGE('',*,*,#4522,.T.);
#6264=ORIENTED_EDGE('',*,*,#4074,.T.);
#6265=ORIENTED_EDGE('',*,*,#3985,.T.);
#6266=ORIENTED_EDGE('',*,*,#4523,.T.);
#6267=ORIENTED_EDGE('',*,*,#4075,.T.);
#6268=ORIENTED_EDGE('',*,*,#4522,.F.);
#6269=ORIENTED_EDGE('',*,*,#4524,.T.);
#6270=ORIENTED_EDGE('',*,*,#4525,.T.);
#6271=ORIENTED_EDGE('',*,*,#4076,.T.);
#6272=ORIENTED_EDGE('',*,*,#4523,.F.);
#6273=ORIENTED_EDGE('',*,*,#4526,.T.);
#6274=ORIENTED_EDGE('',*,*,#4527,.T.);
#6275=ORIENTED_EDGE('',*,*,#4077,.T.);
#6276=ORIENTED_EDGE('',*,*,#4525,.F.);
#6277=ORIENTED_EDGE('',*,*,#4528,.T.);
#6278=ORIENTED_EDGE('',*,*,#4517,.F.);
#6279=ORIENTED_EDGE('',*,*,#4078,.T.);
#6280=ORIENTED_EDGE('',*,*,#4527,.F.);
#6281=ORIENTED_EDGE('',*,*,#4529,.T.);
#6282=ORIENTED_EDGE('',*,*,#4521,.F.);
#6283=ORIENTED_EDGE('',*,*,#4530,.T.);
#6284=ORIENTED_EDGE('',*,*,#4037,.F.);
#6285=ORIENTED_EDGE('',*,*,#4531,.F.);
#6286=ORIENTED_EDGE('',*,*,#4519,.F.);
#6287=ORIENTED_EDGE('',*,*,#4532,.T.);
#6288=ORIENTED_EDGE('',*,*,#4030,.F.);
#6289=ORIENTED_EDGE('',*,*,#4530,.F.);
#6290=ORIENTED_EDGE('',*,*,#4020,.F.);
#6291=ORIENTED_EDGE('',*,*,#4533,.T.);
#6292=ORIENTED_EDGE('',*,*,#4031,.F.);
#6293=ORIENTED_EDGE('',*,*,#4532,.F.);
#6294=ORIENTED_EDGE('',*,*,#4518,.F.);
#6295=ORIENTED_EDGE('',*,*,#4534,.T.);
#6296=ORIENTED_EDGE('',*,*,#4032,.F.);
#6297=ORIENTED_EDGE('',*,*,#4533,.F.);
#6298=ORIENTED_EDGE('',*,*,#4485,.F.);
#6299=ORIENTED_EDGE('',*,*,#4492,.T.);
#6300=ORIENTED_EDGE('',*,*,#4056,.F.);
#6301=ORIENTED_EDGE('',*,*,#4535,.F.);
#6302=ORIENTED_EDGE('',*,*,#4487,.F.);
#6303=ORIENTED_EDGE('',*,*,#4535,.T.);
#6304=ORIENTED_EDGE('',*,*,#4055,.F.);
#6305=ORIENTED_EDGE('',*,*,#4536,.F.);
#6306=ORIENTED_EDGE('',*,*,#4489,.F.);
#6307=ORIENTED_EDGE('',*,*,#4536,.T.);
#6308=ORIENTED_EDGE('',*,*,#4054,.F.);
#6309=ORIENTED_EDGE('',*,*,#4537,.F.);
#6310=ORIENTED_EDGE('',*,*,#4490,.F.);
#6311=ORIENTED_EDGE('',*,*,#4537,.T.);
#6312=ORIENTED_EDGE('',*,*,#4061,.F.);
#6313=ORIENTED_EDGE('',*,*,#4495,.F.);
#6314=ORIENTED_EDGE('',*,*,#4506,.F.);
#6315=ORIENTED_EDGE('',*,*,#4513,.T.);
#6316=ORIENTED_EDGE('',*,*,#4049,.F.);
#6317=ORIENTED_EDGE('',*,*,#4538,.F.);
#6318=ORIENTED_EDGE('',*,*,#4508,.F.);
#6319=ORIENTED_EDGE('',*,*,#4538,.T.);
#6320=ORIENTED_EDGE('',*,*,#4048,.F.);
#6321=ORIENTED_EDGE('',*,*,#4539,.F.);
#6322=ORIENTED_EDGE('',*,*,#4510,.F.);
#6323=ORIENTED_EDGE('',*,*,#4539,.T.);
#6324=ORIENTED_EDGE('',*,*,#4047,.F.);
#6325=ORIENTED_EDGE('',*,*,#4540,.F.);
#6326=ORIENTED_EDGE('',*,*,#4511,.F.);
#6327=ORIENTED_EDGE('',*,*,#4540,.T.);
#6328=ORIENTED_EDGE('',*,*,#4046,.F.);
#6329=ORIENTED_EDGE('',*,*,#4516,.F.);
#6330=ORIENTED_EDGE('',*,*,#4464,.F.);
#6331=ORIENTED_EDGE('',*,*,#4471,.T.);
#6332=ORIENTED_EDGE('',*,*,#4041,.F.);
#6333=ORIENTED_EDGE('',*,*,#4541,.F.);
#6334=ORIENTED_EDGE('',*,*,#4466,.F.);
#6335=ORIENTED_EDGE('',*,*,#4541,.T.);
#6336=ORIENTED_EDGE('',*,*,#4040,.F.);
#6337=ORIENTED_EDGE('',*,*,#4542,.F.);
#6338=ORIENTED_EDGE('',*,*,#4468,.F.);
#6339=ORIENTED_EDGE('',*,*,#4542,.T.);
#6340=ORIENTED_EDGE('',*,*,#4039,.F.);
#6341=ORIENTED_EDGE('',*,*,#4543,.F.);
#6342=ORIENTED_EDGE('',*,*,#4469,.F.);
#6343=ORIENTED_EDGE('',*,*,#4543,.T.);
#6344=ORIENTED_EDGE('',*,*,#4038,.F.);
#6345=ORIENTED_EDGE('',*,*,#4474,.F.);
#6346=ORIENTED_EDGE('',*,*,#4528,.F.);
#6347=ORIENTED_EDGE('',*,*,#4544,.T.);
#6348=ORIENTED_EDGE('',*,*,#4034,.F.);
#6349=ORIENTED_EDGE('',*,*,#4545,.F.);
#6350=ORIENTED_EDGE('',*,*,#4529,.F.);
#6351=ORIENTED_EDGE('',*,*,#4545,.T.);
#6352=ORIENTED_EDGE('',*,*,#4033,.F.);
#6353=ORIENTED_EDGE('',*,*,#4534,.F.);
#6354=ORIENTED_EDGE('',*,*,#4526,.F.);
#6355=ORIENTED_EDGE('',*,*,#4546,.T.);
#6356=ORIENTED_EDGE('',*,*,#4035,.F.);
#6357=ORIENTED_EDGE('',*,*,#4544,.F.);
#6358=ORIENTED_EDGE('',*,*,#4524,.F.);
#6359=ORIENTED_EDGE('',*,*,#4531,.T.);
#6360=ORIENTED_EDGE('',*,*,#4036,.F.);
#6361=ORIENTED_EDGE('',*,*,#4546,.F.);
#6362=ORIENTED_EDGE('',*,*,#4448,.F.);
#6363=ORIENTED_EDGE('',*,*,#4547,.T.);
#6364=ORIENTED_EDGE('',*,*,#4026,.F.);
#6365=ORIENTED_EDGE('',*,*,#4453,.F.);
#6366=ORIENTED_EDGE('',*,*,#4447,.F.);
#6367=ORIENTED_EDGE('',*,*,#4548,.T.);
#6368=ORIENTED_EDGE('',*,*,#4027,.F.);
#6369=ORIENTED_EDGE('',*,*,#4547,.F.);
#6370=ORIENTED_EDGE('',*,*,#4445,.F.);
#6371=ORIENTED_EDGE('',*,*,#4549,.T.);
#6372=ORIENTED_EDGE('',*,*,#4028,.F.);
#6373=ORIENTED_EDGE('',*,*,#4548,.F.);
#6374=ORIENTED_EDGE('',*,*,#4443,.F.);
#6375=ORIENTED_EDGE('',*,*,#4450,.T.);
#6376=ORIENTED_EDGE('',*,*,#4029,.F.);
#6377=ORIENTED_EDGE('',*,*,#4549,.F.);
#6378=ORIENTED_EDGE('',*,*,#4200,.T.);
#6379=ORIENTED_EDGE('',*,*,#4176,.T.);
#6380=ORIENTED_EDGE('',*,*,#4291,.T.);
#6381=ORIENTED_EDGE('',*,*,#4178,.T.);
#6382=ORIENTED_EDGE('',*,*,#4418,.T.);
#6383=ORIENTED_EDGE('',*,*,#4280,.T.);
#6384=ORIENTED_EDGE('',*,*,#4426,.T.);
#6385=ORIENTED_EDGE('',*,*,#4550,.F.);
#6386=ORIENTED_EDGE('',*,*,#4420,.T.);
#6387=ORIENTED_EDGE('',*,*,#4551,.F.);
#6388=ORIENTED_EDGE('',*,*,#4552,.F.);
#6389=ORIENTED_EDGE('',*,*,#4285,.F.);
#6390=ORIENTED_EDGE('',*,*,#4553,.F.);
#6391=ORIENTED_EDGE('',*,*,#4066,.F.);
#6392=ORIENTED_EDGE('',*,*,#4554,.F.);
#6393=ORIENTED_EDGE('',*,*,#4555,.F.);
#6394=ORIENTED_EDGE('',*,*,#4556,.F.);
#6395=ORIENTED_EDGE('',*,*,#4557,.F.);
#6396=ORIENTED_EDGE('',*,*,#4558,.F.);
#6397=ORIENTED_EDGE('',*,*,#4559,.F.);
#6398=ORIENTED_EDGE('',*,*,#4560,.F.);
#6399=ORIENTED_EDGE('',*,*,#4561,.F.);
#6400=ORIENTED_EDGE('',*,*,#4562,.F.);
#6401=ORIENTED_EDGE('',*,*,#4563,.F.);
#6402=ORIENTED_EDGE('',*,*,#4564,.F.);
#6403=ORIENTED_EDGE('',*,*,#4565,.F.);
#6404=ORIENTED_EDGE('',*,*,#4566,.F.);
#6405=ORIENTED_EDGE('',*,*,#4567,.F.);
#6406=ORIENTED_EDGE('',*,*,#4568,.F.);
#6407=ORIENTED_EDGE('',*,*,#4569,.F.);
#6408=ORIENTED_EDGE('',*,*,#4062,.T.);
#6409=ORIENTED_EDGE('',*,*,#4570,.F.);
#6410=ORIENTED_EDGE('',*,*,#4571,.F.);
#6411=ORIENTED_EDGE('',*,*,#4572,.F.);
#6412=ORIENTED_EDGE('',*,*,#4573,.F.);
#6413=ORIENTED_EDGE('',*,*,#4574,.F.);
#6414=ORIENTED_EDGE('',*,*,#4575,.T.);
#6415=ORIENTED_EDGE('',*,*,#4576,.T.);
#6416=ORIENTED_EDGE('',*,*,#4575,.F.);
#6417=ORIENTED_EDGE('',*,*,#4576,.F.);
#6418=ORIENTED_EDGE('',*,*,#4577,.F.);
#6419=ORIENTED_EDGE('',*,*,#4424,.T.);
#6420=ORIENTED_EDGE('',*,*,#4429,.T.);
#6421=ORIENTED_EDGE('',*,*,#4574,.T.);
#6422=ORIENTED_EDGE('',*,*,#4228,.T.);
#6423=ORIENTED_EDGE('',*,*,#4278,.T.);
#6424=ORIENTED_EDGE('',*,*,#4578,.F.);
#6425=ORIENTED_EDGE('',*,*,#4579,.F.);
#6426=ORIENTED_EDGE('',*,*,#4580,.T.);
#6427=ORIENTED_EDGE('',*,*,#4551,.T.);
#6428=ORIENTED_EDGE('',*,*,#4419,.T.);
#6429=ORIENTED_EDGE('',*,*,#4550,.T.);
#6430=ORIENTED_EDGE('',*,*,#4425,.T.);
#6431=ORIENTED_EDGE('',*,*,#4577,.T.);
#6432=ORIENTED_EDGE('',*,*,#4428,.T.);
#6433=ORIENTED_EDGE('',*,*,#4581,.T.);
#6434=ORIENTED_EDGE('',*,*,#4582,.T.);
#6435=ORIENTED_EDGE('',*,*,#4583,.T.);
#6436=ORIENTED_EDGE('',*,*,#4584,.T.);
#6437=ORIENTED_EDGE('',*,*,#4585,.T.);
#6438=ORIENTED_EDGE('',*,*,#4586,.T.);
#6439=ORIENTED_EDGE('',*,*,#4587,.T.);
#6440=ORIENTED_EDGE('',*,*,#4588,.T.);
#6441=ORIENTED_EDGE('',*,*,#4589,.T.);
#6442=ORIENTED_EDGE('',*,*,#4211,.T.);
#6443=ORIENTED_EDGE('',*,*,#4590,.T.);
#6444=ORIENTED_EDGE('',*,*,#4591,.T.);
#6445=ORIENTED_EDGE('',*,*,#4166,.F.);
#6446=ORIENTED_EDGE('',*,*,#4592,.T.);
#6447=ORIENTED_EDGE('',*,*,#4573,.T.);
#6448=ORIENTED_EDGE('',*,*,#4593,.T.);
#6449=ORIENTED_EDGE('',*,*,#4594,.T.);
#6450=ORIENTED_EDGE('',*,*,#4595,.T.);
#6451=ORIENTED_EDGE('',*,*,#4593,.F.);
#6452=ORIENTED_EDGE('',*,*,#4596,.F.);
#6453=ORIENTED_EDGE('',*,*,#4597,.T.);
#6454=ORIENTED_EDGE('',*,*,#4594,.F.);
#6455=ORIENTED_EDGE('',*,*,#4595,.F.);
#6456=ORIENTED_EDGE('',*,*,#4597,.F.);
#6457=ORIENTED_EDGE('',*,*,#4598,.T.);
#6458=ORIENTED_EDGE('',*,*,#4599,.T.);
#6459=ORIENTED_EDGE('',*,*,#4137,.F.);
#6460=ORIENTED_EDGE('',*,*,#4600,.T.);
#6461=ORIENTED_EDGE('',*,*,#4138,.F.);
#6462=ORIENTED_EDGE('',*,*,#4599,.F.);
#6463=ORIENTED_EDGE('',*,*,#4601,.T.);
#6464=ORIENTED_EDGE('',*,*,#4602,.F.);
#6465=ORIENTED_EDGE('',*,*,#4603,.T.);
#6466=ORIENTED_EDGE('',*,*,#4600,.F.);
#6467=ORIENTED_EDGE('',*,*,#4140,.F.);
#6468=ORIENTED_EDGE('',*,*,#4604,.T.);
#6469=ORIENTED_EDGE('',*,*,#4605,.T.);
#6470=ORIENTED_EDGE('',*,*,#4604,.F.);
#6471=ORIENTED_EDGE('',*,*,#4139,.F.);
#6472=ORIENTED_EDGE('',*,*,#4602,.T.);
#6473=ORIENTED_EDGE('',*,*,#4553,.T.);
#6474=ORIENTED_EDGE('',*,*,#4606,.T.);
#6475=ORIENTED_EDGE('',*,*,#4607,.T.);
#6476=ORIENTED_EDGE('',*,*,#4067,.T.);
#6477=ORIENTED_EDGE('',*,*,#4606,.F.);
#6478=ORIENTED_EDGE('',*,*,#4555,.T.);
#6479=ORIENTED_EDGE('',*,*,#4608,.F.);
#6480=ORIENTED_EDGE('',*,*,#4609,.T.);
#6481=ORIENTED_EDGE('',*,*,#4610,.F.);
#6482=ORIENTED_EDGE('',*,*,#4571,.T.);
#6483=ORIENTED_EDGE('',*,*,#4611,.F.);
#6484=ORIENTED_EDGE('',*,*,#4612,.T.);
#6485=ORIENTED_EDGE('',*,*,#4241,.T.);
#6486=ORIENTED_EDGE('',*,*,#4613,.T.);
#6487=ORIENTED_EDGE('',*,*,#4614,.T.);
#6488=ORIENTED_EDGE('',*,*,#4131,.T.);
#6489=ORIENTED_EDGE('',*,*,#4615,.T.);
#6490=ORIENTED_EDGE('',*,*,#4611,.T.);
#6491=ORIENTED_EDGE('',*,*,#4570,.T.);
#6492=ORIENTED_EDGE('',*,*,#4069,.T.);
#6493=ORIENTED_EDGE('',*,*,#4616,.T.);
#6494=ORIENTED_EDGE('',*,*,#4564,.T.);
#6495=ORIENTED_EDGE('',*,*,#4617,.T.);
#6496=ORIENTED_EDGE('',*,*,#4255,.F.);
#6497=ORIENTED_EDGE('',*,*,#4616,.F.);
#6498=ORIENTED_EDGE('',*,*,#4254,.F.);
#6499=ORIENTED_EDGE('',*,*,#4618,.T.);
#6500=ORIENTED_EDGE('',*,*,#4565,.T.);
#6501=ORIENTED_EDGE('',*,*,#4619,.T.);
#6502=ORIENTED_EDGE('',*,*,#4566,.T.);
#6503=ORIENTED_EDGE('',*,*,#4618,.F.);
#6504=ORIENTED_EDGE('',*,*,#4259,.F.);
#6505=ORIENTED_EDGE('',*,*,#4620,.T.);
#6506=ORIENTED_EDGE('',*,*,#4567,.T.);
#6507=ORIENTED_EDGE('',*,*,#4619,.F.);
#6508=ORIENTED_EDGE('',*,*,#4258,.F.);
#6509=ORIENTED_EDGE('',*,*,#4620,.F.);
#6510=ORIENTED_EDGE('',*,*,#4257,.F.);
#6511=ORIENTED_EDGE('',*,*,#4621,.T.);
#6512=ORIENTED_EDGE('',*,*,#4568,.T.);
#6513=ORIENTED_EDGE('',*,*,#4617,.F.);
#6514=ORIENTED_EDGE('',*,*,#4569,.T.);
#6515=ORIENTED_EDGE('',*,*,#4621,.F.);
#6516=ORIENTED_EDGE('',*,*,#4256,.F.);
#6517=ORIENTED_EDGE('',*,*,#4622,.T.);
#6518=ORIENTED_EDGE('',*,*,#4264,.F.);
#6519=ORIENTED_EDGE('',*,*,#4623,.T.);
#6520=ORIENTED_EDGE('',*,*,#4556,.T.);
#6521=ORIENTED_EDGE('',*,*,#4623,.F.);
#6522=ORIENTED_EDGE('',*,*,#4263,.F.);
#6523=ORIENTED_EDGE('',*,*,#4624,.T.);
#6524=ORIENTED_EDGE('',*,*,#4557,.T.);
#6525=ORIENTED_EDGE('',*,*,#4624,.F.);
#6526=ORIENTED_EDGE('',*,*,#4262,.F.);
#6527=ORIENTED_EDGE('',*,*,#4625,.T.);
#6528=ORIENTED_EDGE('',*,*,#4558,.T.);
#6529=ORIENTED_EDGE('',*,*,#4625,.F.);
#6530=ORIENTED_EDGE('',*,*,#4261,.F.);
#6531=ORIENTED_EDGE('',*,*,#4626,.T.);
#6532=ORIENTED_EDGE('',*,*,#4559,.T.);
#6533=ORIENTED_EDGE('',*,*,#4626,.F.);
#6534=ORIENTED_EDGE('',*,*,#4260,.F.);
#6535=ORIENTED_EDGE('',*,*,#4627,.T.);
#6536=ORIENTED_EDGE('',*,*,#4560,.T.);
#6537=ORIENTED_EDGE('',*,*,#4627,.F.);
#6538=ORIENTED_EDGE('',*,*,#4267,.F.);
#6539=ORIENTED_EDGE('',*,*,#4628,.T.);
#6540=ORIENTED_EDGE('',*,*,#4561,.T.);
#6541=ORIENTED_EDGE('',*,*,#4628,.F.);
#6542=ORIENTED_EDGE('',*,*,#4266,.F.);
#6543=ORIENTED_EDGE('',*,*,#4629,.T.);
#6544=ORIENTED_EDGE('',*,*,#4562,.T.);
#6545=ORIENTED_EDGE('',*,*,#4629,.F.);
#6546=ORIENTED_EDGE('',*,*,#4265,.F.);
#6547=ORIENTED_EDGE('',*,*,#4622,.F.);
#6548=ORIENTED_EDGE('',*,*,#4563,.T.);
#6549=ORIENTED_EDGE('',*,*,#4135,.F.);
#6550=ORIENTED_EDGE('',*,*,#4630,.T.);
#6551=ORIENTED_EDGE('',*,*,#4631,.F.);
#6552=ORIENTED_EDGE('',*,*,#4632,.F.);
#6553=ORIENTED_EDGE('',*,*,#4136,.F.);
#6554=ORIENTED_EDGE('',*,*,#4632,.T.);
#6555=ORIENTED_EDGE('',*,*,#4633,.F.);
#6556=ORIENTED_EDGE('',*,*,#4634,.F.);
#6557=ORIENTED_EDGE('',*,*,#4133,.F.);
#6558=ORIENTED_EDGE('',*,*,#4634,.T.);
#6559=ORIENTED_EDGE('',*,*,#4635,.F.);
#6560=ORIENTED_EDGE('',*,*,#4636,.F.);
#6561=ORIENTED_EDGE('',*,*,#4134,.F.);
#6562=ORIENTED_EDGE('',*,*,#4636,.T.);
#6563=ORIENTED_EDGE('',*,*,#4637,.F.);
#6564=ORIENTED_EDGE('',*,*,#4630,.F.);
#6565=ORIENTED_EDGE('',*,*,#4249,.T.);
#6566=ORIENTED_EDGE('',*,*,#4638,.T.);
#6567=ORIENTED_EDGE('',*,*,#4639,.T.);
#6568=ORIENTED_EDGE('',*,*,#4640,.T.);
#6569=ORIENTED_EDGE('',*,*,#4245,.T.);
#6570=ORIENTED_EDGE('',*,*,#4641,.T.);
#6571=ORIENTED_EDGE('',*,*,#4642,.T.);
#6572=ORIENTED_EDGE('',*,*,#4643,.T.);
#6573=ORIENTED_EDGE('',*,*,#4644,.T.);
#6574=ORIENTED_EDGE('',*,*,#4645,.T.);
#6575=ORIENTED_EDGE('',*,*,#4646,.T.);
#6576=ORIENTED_EDGE('',*,*,#4647,.T.);
#6577=ORIENTED_EDGE('',*,*,#4648,.T.);
#6578=ORIENTED_EDGE('',*,*,#4649,.T.);
#6579=ORIENTED_EDGE('',*,*,#4650,.T.);
#6580=ORIENTED_EDGE('',*,*,#4651,.T.);
#6581=ORIENTED_EDGE('',*,*,#4652,.T.);
#6582=ORIENTED_EDGE('',*,*,#4653,.T.);
#6583=ORIENTED_EDGE('',*,*,#4654,.T.);
#6584=ORIENTED_EDGE('',*,*,#4655,.T.);
#6585=ORIENTED_EDGE('',*,*,#4253,.T.);
#6586=ORIENTED_EDGE('',*,*,#4656,.T.);
#6587=ORIENTED_EDGE('',*,*,#4657,.T.);
#6588=ORIENTED_EDGE('',*,*,#4658,.T.);
#6589=ORIENTED_EDGE('',*,*,#4659,.T.);
#6590=ORIENTED_EDGE('',*,*,#4660,.T.);
#6591=ORIENTED_EDGE('',*,*,#4661,.T.);
#6592=ORIENTED_EDGE('',*,*,#4251,.T.);
#6593=ORIENTED_EDGE('',*,*,#4660,.F.);
#6594=ORIENTED_EDGE('',*,*,#4662,.T.);
#6595=ORIENTED_EDGE('',*,*,#4657,.F.);
#6596=ORIENTED_EDGE('',*,*,#4663,.F.);
#6597=ORIENTED_EDGE('',*,*,#4659,.F.);
#6598=ORIENTED_EDGE('',*,*,#4250,.T.);
#6599=ORIENTED_EDGE('',*,*,#4658,.F.);
#6600=ORIENTED_EDGE('',*,*,#4662,.F.);
#6601=ORIENTED_EDGE('',*,*,#4664,.T.);
#6602=ORIENTED_EDGE('',*,*,#4665,.T.);
#6603=ORIENTED_EDGE('',*,*,#4666,.T.);
#6604=ORIENTED_EDGE('',*,*,#4247,.T.);
#6605=ORIENTED_EDGE('',*,*,#4665,.F.);
#6606=ORIENTED_EDGE('',*,*,#4667,.T.);
#6607=ORIENTED_EDGE('',*,*,#4639,.F.);
#6608=ORIENTED_EDGE('',*,*,#4668,.F.);
#6609=ORIENTED_EDGE('',*,*,#4664,.F.);
#6610=ORIENTED_EDGE('',*,*,#4246,.T.);
#6611=ORIENTED_EDGE('',*,*,#4640,.F.);
#6612=ORIENTED_EDGE('',*,*,#4667,.F.);
#6613=ORIENTED_EDGE('',*,*,#4669,.T.);
#6614=ORIENTED_EDGE('',*,*,#4670,.T.);
#6615=ORIENTED_EDGE('',*,*,#4671,.T.);
#6616=ORIENTED_EDGE('',*,*,#4243,.T.);
#6617=ORIENTED_EDGE('',*,*,#4670,.F.);
#6618=ORIENTED_EDGE('',*,*,#4672,.T.);
#6619=ORIENTED_EDGE('',*,*,#4642,.F.);
#6620=ORIENTED_EDGE('',*,*,#4673,.F.);
#6621=ORIENTED_EDGE('',*,*,#4669,.F.);
#6622=ORIENTED_EDGE('',*,*,#4242,.T.);
#6623=ORIENTED_EDGE('',*,*,#4643,.F.);
#6624=ORIENTED_EDGE('',*,*,#4672,.F.);
#6625=ORIENTED_EDGE('',*,*,#4674,.T.);
#6626=ORIENTED_EDGE('',*,*,#4675,.T.);
#6627=ORIENTED_EDGE('',*,*,#4676,.T.);
#6628=ORIENTED_EDGE('',*,*,#4677,.T.);
#6629=ORIENTED_EDGE('',*,*,#4675,.F.);
#6630=ORIENTED_EDGE('',*,*,#4678,.T.);
#6631=ORIENTED_EDGE('',*,*,#4654,.F.);
#6632=ORIENTED_EDGE('',*,*,#4679,.F.);
#6633=ORIENTED_EDGE('',*,*,#4674,.F.);
#6634=ORIENTED_EDGE('',*,*,#4680,.T.);
#6635=ORIENTED_EDGE('',*,*,#4655,.F.);
#6636=ORIENTED_EDGE('',*,*,#4678,.F.);
#6637=ORIENTED_EDGE('',*,*,#4681,.T.);
#6638=ORIENTED_EDGE('',*,*,#4682,.T.);
#6639=ORIENTED_EDGE('',*,*,#4683,.T.);
#6640=ORIENTED_EDGE('',*,*,#4684,.T.);
#6641=ORIENTED_EDGE('',*,*,#4682,.F.);
#6642=ORIENTED_EDGE('',*,*,#4685,.T.);
#6643=ORIENTED_EDGE('',*,*,#4650,.F.);
#6644=ORIENTED_EDGE('',*,*,#4686,.F.);
#6645=ORIENTED_EDGE('',*,*,#4681,.F.);
#6646=ORIENTED_EDGE('',*,*,#4687,.T.);
#6647=ORIENTED_EDGE('',*,*,#4651,.F.);
#6648=ORIENTED_EDGE('',*,*,#4685,.F.);
#6649=ORIENTED_EDGE('',*,*,#4688,.T.);
#6650=ORIENTED_EDGE('',*,*,#4689,.T.);
#6651=ORIENTED_EDGE('',*,*,#4690,.T.);
#6652=ORIENTED_EDGE('',*,*,#4691,.T.);
#6653=ORIENTED_EDGE('',*,*,#4690,.F.);
#6654=ORIENTED_EDGE('',*,*,#4692,.T.);
#6655=ORIENTED_EDGE('',*,*,#4645,.F.);
#6656=ORIENTED_EDGE('',*,*,#4693,.F.);
#6657=ORIENTED_EDGE('',*,*,#4689,.F.);
#6658=ORIENTED_EDGE('',*,*,#4694,.T.);
#6659=ORIENTED_EDGE('',*,*,#4646,.F.);
#6660=ORIENTED_EDGE('',*,*,#4692,.F.);
#6661=ORIENTED_EDGE('',*,*,#4683,.F.);
#6662=ORIENTED_EDGE('',*,*,#4686,.T.);
#6663=ORIENTED_EDGE('',*,*,#4649,.F.);
#6664=ORIENTED_EDGE('',*,*,#4695,.F.);
#6665=ORIENTED_EDGE('',*,*,#4676,.F.);
#6666=ORIENTED_EDGE('',*,*,#4679,.T.);
#6667=ORIENTED_EDGE('',*,*,#4653,.F.);
#6668=ORIENTED_EDGE('',*,*,#4696,.F.);
#6669=ORIENTED_EDGE('',*,*,#4661,.F.);
#6670=ORIENTED_EDGE('',*,*,#4663,.T.);
#6671=ORIENTED_EDGE('',*,*,#4656,.F.);
#6672=ORIENTED_EDGE('',*,*,#4252,.F.);
#6673=ORIENTED_EDGE('',*,*,#4666,.F.);
#6674=ORIENTED_EDGE('',*,*,#4668,.T.);
#6675=ORIENTED_EDGE('',*,*,#4638,.F.);
#6676=ORIENTED_EDGE('',*,*,#4248,.F.);
#6677=ORIENTED_EDGE('',*,*,#4671,.F.);
#6678=ORIENTED_EDGE('',*,*,#4673,.T.);
#6679=ORIENTED_EDGE('',*,*,#4641,.F.);
#6680=ORIENTED_EDGE('',*,*,#4244,.F.);
#6681=ORIENTED_EDGE('',*,*,#4688,.F.);
#6682=ORIENTED_EDGE('',*,*,#4697,.T.);
#6683=ORIENTED_EDGE('',*,*,#4647,.F.);
#6684=ORIENTED_EDGE('',*,*,#4694,.F.);
#6685=ORIENTED_EDGE('',*,*,#4113,.T.);
#6686=ORIENTED_EDGE('',*,*,#4132,.F.);
#6687=ORIENTED_EDGE('',*,*,#4614,.F.);
#6688=ORIENTED_EDGE('',*,*,#4698,.T.);
#6689=ORIENTED_EDGE('',*,*,#4272,.T.);
#6690=ORIENTED_EDGE('',*,*,#4431,.T.);
#6691=ORIENTED_EDGE('',*,*,#4432,.T.);
#6692=ORIENTED_EDGE('',*,*,#4282,.T.);
#6693=ORIENTED_EDGE('',*,*,#4146,.F.);
#6694=ORIENTED_EDGE('',*,*,#4199,.T.);
#6695=ORIENTED_EDGE('',*,*,#3925,.T.);
#6696=ORIENTED_EDGE('',*,*,#3889,.T.);
#6697=ORIENTED_EDGE('',*,*,#3894,.T.);
#6698=ORIENTED_EDGE('',*,*,#3927,.T.);
#6699=ORIENTED_EDGE('',*,*,#3930,.T.);
#6700=ORIENTED_EDGE('',*,*,#3882,.T.);
#6701=ORIENTED_EDGE('',*,*,#3887,.T.);
#6702=ORIENTED_EDGE('',*,*,#3932,.T.);
#6703=ORIENTED_EDGE('',*,*,#3950,.T.);
#6704=ORIENTED_EDGE('',*,*,#3896,.T.);
#6705=ORIENTED_EDGE('',*,*,#3901,.T.);
#6706=ORIENTED_EDGE('',*,*,#3952,.T.);
#6707=ORIENTED_EDGE('',*,*,#4596,.T.);
#6708=ORIENTED_EDGE('',*,*,#4652,.F.);
#6709=ORIENTED_EDGE('',*,*,#4680,.F.);
#6710=ORIENTED_EDGE('',*,*,#4677,.F.);
#6711=ORIENTED_EDGE('',*,*,#4696,.T.);
#6712=ORIENTED_EDGE('',*,*,#4648,.F.);
#6713=ORIENTED_EDGE('',*,*,#4687,.F.);
#6714=ORIENTED_EDGE('',*,*,#4684,.F.);
#6715=ORIENTED_EDGE('',*,*,#4695,.T.);
#6716=ORIENTED_EDGE('',*,*,#4644,.F.);
#6717=ORIENTED_EDGE('',*,*,#4697,.F.);
#6718=ORIENTED_EDGE('',*,*,#4691,.F.);
#6719=ORIENTED_EDGE('',*,*,#4693,.T.);
#6720=ORIENTED_EDGE('',*,*,#4607,.F.);
#6721=ORIENTED_EDGE('',*,*,#4612,.F.);
#6722=ORIENTED_EDGE('',*,*,#4615,.F.);
#6723=ORIENTED_EDGE('',*,*,#4068,.T.);
#6724=ORIENTED_EDGE('',*,*,#4273,.T.);
#6725=ORIENTED_EDGE('',*,*,#4698,.F.);
#6726=ORIENTED_EDGE('',*,*,#4613,.F.);
#6727=ORIENTED_EDGE('',*,*,#4240,.F.);
#6728=ORIENTED_EDGE('',*,*,#4167,.T.);
#6729=ORIENTED_EDGE('',*,*,#4591,.F.);
#6730=ORIENTED_EDGE('',*,*,#4699,.F.);
#6731=ORIENTED_EDGE('',*,*,#4700,.F.);
#6732=ORIENTED_EDGE('',*,*,#4700,.T.);
#6733=ORIENTED_EDGE('',*,*,#4701,.T.);
#6734=ORIENTED_EDGE('',*,*,#4702,.T.);
#6735=ORIENTED_EDGE('',*,*,#4703,.T.);
#6736=ORIENTED_EDGE('',*,*,#4704,.F.);
#6737=ORIENTED_EDGE('',*,*,#4592,.F.);
#6738=ORIENTED_EDGE('',*,*,#4165,.F.);
#6739=ORIENTED_EDGE('',*,*,#4705,.T.);
#6740=ORIENTED_EDGE('',*,*,#4706,.T.);
#6741=ORIENTED_EDGE('',*,*,#4702,.F.);
#6742=ORIENTED_EDGE('',*,*,#4707,.T.);
#6743=ORIENTED_EDGE('',*,*,#4708,.F.);
#6744=ORIENTED_EDGE('',*,*,#4709,.F.);
#6745=ORIENTED_EDGE('',*,*,#4705,.F.);
#6746=ORIENTED_EDGE('',*,*,#4710,.F.);
#6747=ORIENTED_EDGE('',*,*,#4710,.T.);
#6748=ORIENTED_EDGE('',*,*,#4707,.F.);
#6749=ORIENTED_EDGE('',*,*,#4701,.F.);
#6750=ORIENTED_EDGE('',*,*,#4699,.T.);
#6751=ORIENTED_EDGE('',*,*,#4590,.F.);
#6752=ORIENTED_EDGE('',*,*,#4711,.F.);
#6753=ORIENTED_EDGE('',*,*,#4712,.F.);
#6754=ORIENTED_EDGE('',*,*,#4713,.F.);
#6755=ORIENTED_EDGE('',*,*,#4708,.T.);
#6756=ORIENTED_EDGE('',*,*,#4713,.T.);
#6757=ORIENTED_EDGE('',*,*,#4714,.T.);
#6758=ORIENTED_EDGE('',*,*,#4715,.T.);
#6759=ORIENTED_EDGE('',*,*,#4712,.T.);
#6760=ORIENTED_EDGE('',*,*,#4716,.F.);
#6761=ORIENTED_EDGE('',*,*,#4717,.T.);
#6762=ORIENTED_EDGE('',*,*,#4714,.F.);
#6763=ORIENTED_EDGE('',*,*,#4709,.T.);
#6764=ORIENTED_EDGE('',*,*,#4715,.F.);
#6765=ORIENTED_EDGE('',*,*,#4717,.F.);
#6766=ORIENTED_EDGE('',*,*,#4718,.F.);
#6767=ORIENTED_EDGE('',*,*,#4703,.F.);
#6768=ORIENTED_EDGE('',*,*,#4706,.F.);
#6769=ORIENTED_EDGE('',*,*,#4719,.T.);
#6770=ORIENTED_EDGE('',*,*,#4063,.T.);
#6771=ORIENTED_EDGE('',*,*,#4572,.T.);
#6772=ORIENTED_EDGE('',*,*,#4610,.T.);
#6773=ORIENTED_EDGE('',*,*,#4719,.F.);
#6774=ORIENTED_EDGE('',*,*,#4609,.F.);
#6775=ORIENTED_EDGE('',*,*,#4720,.F.);
#6776=ORIENTED_EDGE('',*,*,#4064,.T.);
#6777=ORIENTED_EDGE('',*,*,#4635,.T.);
#6778=ORIENTED_EDGE('',*,*,#4633,.T.);
#6779=ORIENTED_EDGE('',*,*,#4631,.T.);
#6780=ORIENTED_EDGE('',*,*,#4637,.T.);
#6781=ORIENTED_EDGE('',*,*,#4598,.F.);
#6782=ORIENTED_EDGE('',*,*,#4603,.F.);
#6783=ORIENTED_EDGE('',*,*,#4605,.F.);
#6784=ORIENTED_EDGE('',*,*,#4601,.F.);
#6785=ORIENTED_EDGE('',*,*,#4065,.T.);
#6786=ORIENTED_EDGE('',*,*,#4720,.T.);
#6787=ORIENTED_EDGE('',*,*,#4608,.T.);
#6788=ORIENTED_EDGE('',*,*,#4554,.T.);
#6789=ORIENTED_EDGE('',*,*,#4070,.T.);
#6790=ORIENTED_EDGE('',*,*,#4721,.T.);
#6791=ORIENTED_EDGE('',*,*,#4722,.T.);
#6792=ORIENTED_EDGE('',*,*,#4723,.T.);
#6793=ORIENTED_EDGE('',*,*,#4724,.T.);
#6794=ORIENTED_EDGE('',*,*,#4721,.F.);
#6795=ORIENTED_EDGE('',*,*,#4073,.T.);
#6796=ORIENTED_EDGE('',*,*,#4725,.F.);
#6797=ORIENTED_EDGE('',*,*,#4071,.T.);
#6798=ORIENTED_EDGE('',*,*,#4723,.F.);
#6799=ORIENTED_EDGE('',*,*,#4726,.T.);
#6800=ORIENTED_EDGE('',*,*,#4727,.T.);
#6801=ORIENTED_EDGE('',*,*,#4072,.T.);
#6802=ORIENTED_EDGE('',*,*,#4727,.F.);
#6803=ORIENTED_EDGE('',*,*,#4728,.T.);
#6804=ORIENTED_EDGE('',*,*,#4725,.T.);
#6805=ORIENTED_EDGE('',*,*,#4726,.F.);
#6806=ORIENTED_EDGE('',*,*,#4729,.F.);
#6807=ORIENTED_EDGE('',*,*,#4589,.F.);
#6808=ORIENTED_EDGE('',*,*,#4730,.T.);
#6809=ORIENTED_EDGE('',*,*,#4722,.F.);
#6810=ORIENTED_EDGE('',*,*,#4731,.F.);
#6811=ORIENTED_EDGE('',*,*,#4586,.F.);
#6812=ORIENTED_EDGE('',*,*,#4729,.T.);
#6813=ORIENTED_EDGE('',*,*,#4728,.F.);
#6814=ORIENTED_EDGE('',*,*,#4730,.F.);
#6815=ORIENTED_EDGE('',*,*,#4588,.F.);
#6816=ORIENTED_EDGE('',*,*,#4732,.T.);
#6817=ORIENTED_EDGE('',*,*,#4724,.F.);
#6818=ORIENTED_EDGE('',*,*,#4732,.F.);
#6819=ORIENTED_EDGE('',*,*,#4587,.F.);
#6820=ORIENTED_EDGE('',*,*,#4731,.T.);
#6821=ORIENTED_EDGE('',*,*,#4187,.T.);
#6822=ORIENTED_EDGE('',*,*,#4212,.T.);
#6823=ORIENTED_EDGE('',*,*,#4704,.T.);
#6824=ORIENTED_EDGE('',*,*,#4718,.T.);
#6825=ORIENTED_EDGE('',*,*,#4716,.T.);
#6826=ORIENTED_EDGE('',*,*,#4711,.T.);
#6827=ORIENTED_EDGE('',*,*,#4210,.T.);
#6828=ORIENTED_EDGE('',*,*,#4733,.T.);
#6829=ORIENTED_EDGE('',*,*,#4219,.T.);
#6830=ORIENTED_EDGE('',*,*,#4220,.T.);
#6831=ORIENTED_EDGE('',*,*,#4733,.F.);
#6832=ORIENTED_EDGE('',*,*,#4209,.T.);
#6833=ORIENTED_EDGE('',*,*,#4143,.T.);
#6834=ORIENTED_EDGE('',*,*,#4221,.T.);
#6835=ORIENTED_EDGE('',*,*,#4141,.F.);
#6836=ORIENTED_EDGE('',*,*,#4208,.T.);
#6837=ORIENTED_EDGE('',*,*,#4218,.F.);
#6838=ORIENTED_EDGE('',*,*,#4734,.F.);
#6839=ORIENTED_EDGE('',*,*,#4286,.T.);
#6840=ORIENTED_EDGE('',*,*,#4552,.T.);
#6841=ORIENTED_EDGE('',*,*,#4580,.F.);
#6842=ORIENTED_EDGE('',*,*,#4735,.F.);
#6843=ORIENTED_EDGE('',*,*,#4578,.T.);
#6844=ORIENTED_EDGE('',*,*,#4277,.T.);
#6845=ORIENTED_EDGE('',*,*,#4288,.F.);
#6846=ORIENTED_EDGE('',*,*,#3953,.T.);
#6847=ORIENTED_EDGE('',*,*,#4202,.F.);
#6848=ORIENTED_EDGE('',*,*,#4205,.F.);
#6849=ORIENTED_EDGE('',*,*,#4289,.T.);
#6850=ORIENTED_EDGE('',*,*,#4180,.T.);
#6851=ORIENTED_EDGE('',*,*,#4290,.F.);
#6852=ORIENTED_EDGE('',*,*,#4174,.F.);
#6853=ORIENTED_EDGE('',*,*,#4201,.T.);
#6854=ORIENTED_EDGE('',*,*,#4229,.T.);
#6855=ORIENTED_EDGE('',*,*,#4581,.F.);
#6856=ORIENTED_EDGE('',*,*,#4427,.T.);
#6857=ORIENTED_EDGE('',*,*,#4279,.T.);
#6858=ORIENTED_EDGE('',*,*,#4734,.T.);
#6859=ORIENTED_EDGE('',*,*,#4579,.T.);
#6860=ORIENTED_EDGE('',*,*,#4735,.T.);
#6861=ORIENTED_EDGE('',*,*,#4287,.T.);
#6862=ORIENTED_EDGE('',*,*,#4736,.F.);
#6863=ORIENTED_EDGE('',*,*,#4737,.F.);
#6864=ORIENTED_EDGE('',*,*,#4582,.F.);
#6865=ORIENTED_EDGE('',*,*,#4738,.T.);
#6866=ORIENTED_EDGE('',*,*,#4739,.F.);
#6867=ORIENTED_EDGE('',*,*,#4740,.F.);
#6868=ORIENTED_EDGE('',*,*,#4583,.F.);
#6869=ORIENTED_EDGE('',*,*,#4737,.T.);
#6870=ORIENTED_EDGE('',*,*,#4741,.F.);
#6871=ORIENTED_EDGE('',*,*,#4742,.F.);
#6872=ORIENTED_EDGE('',*,*,#4161,.T.);
#6873=ORIENTED_EDGE('',*,*,#4743,.T.);
#6874=ORIENTED_EDGE('',*,*,#4744,.F.);
#6875=ORIENTED_EDGE('',*,*,#4745,.F.);
#6876=ORIENTED_EDGE('',*,*,#4162,.T.);
#6877=ORIENTED_EDGE('',*,*,#4742,.T.);
#6878=ORIENTED_EDGE('',*,*,#4746,.F.);
#6879=ORIENTED_EDGE('',*,*,#4738,.F.);
#6880=ORIENTED_EDGE('',*,*,#4585,.F.);
#6881=ORIENTED_EDGE('',*,*,#4747,.T.);
#6882=ORIENTED_EDGE('',*,*,#4748,.F.);
#6883=ORIENTED_EDGE('',*,*,#4747,.F.);
#6884=ORIENTED_EDGE('',*,*,#4584,.F.);
#6885=ORIENTED_EDGE('',*,*,#4740,.T.);
#6886=ORIENTED_EDGE('',*,*,#4749,.F.);
#6887=ORIENTED_EDGE('',*,*,#4750,.F.);
#6888=ORIENTED_EDGE('',*,*,#4163,.T.);
#6889=ORIENTED_EDGE('',*,*,#4745,.T.);
#6890=ORIENTED_EDGE('',*,*,#4751,.F.);
#6891=ORIENTED_EDGE('',*,*,#4743,.F.);
#6892=ORIENTED_EDGE('',*,*,#4164,.T.);
#6893=ORIENTED_EDGE('',*,*,#4750,.T.);
#6894=ORIENTED_EDGE('',*,*,#4744,.T.);
#6895=ORIENTED_EDGE('',*,*,#4741,.T.);
#6896=ORIENTED_EDGE('',*,*,#4751,.T.);
#6897=ORIENTED_EDGE('',*,*,#4749,.T.);
#6898=ORIENTED_EDGE('',*,*,#4739,.T.);
#6899=ORIENTED_EDGE('',*,*,#4736,.T.);
#6900=ORIENTED_EDGE('',*,*,#4746,.T.);
#6901=ORIENTED_EDGE('',*,*,#4748,.T.);
#6902=PLANE('',#7580);
#6903=PLANE('',#7581);
#6904=PLANE('',#7582);
#6905=PLANE('',#7583);
#6906=PLANE('',#7584);
#6907=PLANE('',#7585);
#6908=PLANE('',#7586);
#6909=PLANE('',#7587);
#6910=PLANE('',#7588);
#6911=PLANE('',#7589);
#6912=PLANE('',#7590);
#6913=PLANE('',#7591);
#6914=PLANE('',#7592);
#6915=PLANE('',#7593);
#6916=PLANE('',#7594);
#6917=PLANE('',#7595);
#6918=PLANE('',#7596);
#6919=PLANE('',#7597);
#6920=PLANE('',#7598);
#6921=PLANE('',#7599);
#6922=PLANE('',#7600);
#6923=PLANE('',#7601);
#6924=PLANE('',#7602);
#6925=PLANE('',#7603);
#6926=PLANE('',#7604);
#6927=PLANE('',#7605);
#6928=PLANE('',#7606);
#6929=PLANE('',#7607);
#6930=PLANE('',#7608);
#6931=PLANE('',#7609);
#6932=PLANE('',#7610);
#6933=PLANE('',#7611);
#6934=PLANE('',#7612);
#6935=PLANE('',#7613);
#6936=PLANE('',#7614);
#6937=PLANE('',#7615);
#6938=PLANE('',#7616);
#6939=PLANE('',#7617);
#6940=PLANE('',#7618);
#6941=PLANE('',#7619);
#6942=PLANE('',#7620);
#6943=PLANE('',#7621);
#6944=PLANE('',#7622);
#6945=PLANE('',#7623);
#6946=PLANE('',#7624);
#6947=PLANE('',#7625);
#6948=PLANE('',#7626);
#6949=PLANE('',#7627);
#6950=PLANE('',#7628);
#6951=PLANE('',#7629);
#6952=PLANE('',#7630);
#6953=PLANE('',#7632);
#6954=PLANE('',#7633);
#6955=PLANE('',#7634);
#6956=PLANE('',#7635);
#6957=PLANE('',#7636);
#6958=PLANE('',#7637);
#6959=PLANE('',#7638);
#6960=PLANE('',#7639);
#6961=PLANE('',#7640);
#6962=PLANE('',#7641);
#6963=PLANE('',#7652);
#6964=PLANE('',#7653);
#6965=PLANE('',#7654);
#6966=PLANE('',#7655);
#6967=PLANE('',#7656);
#6968=PLANE('',#7657);
#6969=PLANE('',#7658);
#6970=PLANE('',#7659);
#6971=PLANE('',#7660);
#6972=PLANE('',#7661);
#6973=PLANE('',#7662);
#6974=PLANE('',#7663);
#6975=PLANE('',#7664);
#6976=PLANE('',#7665);
#6977=PLANE('',#7666);
#6978=PLANE('',#7667);
#6979=PLANE('',#7668);
#6980=PLANE('',#7669);
#6981=PLANE('',#7670);
#6982=PLANE('',#7671);
#6983=PLANE('',#7672);
#6984=PLANE('',#7673);
#6985=PLANE('',#7674);
#6986=PLANE('',#7675);
#6987=PLANE('',#7676);
#6988=PLANE('',#7677);
#6989=PLANE('',#7678);
#6990=PLANE('',#7679);
#6991=PLANE('',#7680);
#6992=PLANE('',#7681);
#6993=PLANE('',#7682);
#6994=PLANE('',#7683);
#6995=PLANE('',#7686);
#6996=PLANE('',#7687);
#6997=PLANE('',#7688);
#6998=PLANE('',#7691);
#6999=PLANE('',#7692);
#7000=PLANE('',#7693);
#7001=PLANE('',#7694);
#7002=PLANE('',#7701);
#7003=PLANE('',#7704);
#7004=PLANE('',#7705);
#7005=PLANE('',#7708);
#7006=PLANE('',#7711);
#7007=PLANE('',#7714);
#7008=PLANE('',#7717);
#7009=PLANE('',#7720);
#7010=PLANE('',#7728);
#7011=PLANE('',#7749);
#7012=PLANE('',#7773);
#7013=PLANE('',#7774);
#7014=PLANE('',#7775);
#7015=PLANE('',#7776);
#7016=PLANE('',#7779);
#7017=PLANE('',#7780);
#7018=PLANE('',#7781);
#7019=PLANE('',#7782);
#7020=PLANE('',#7783);
#7021=PLANE('',#7784);
#7022=PLANE('',#7785);
#7023=PLANE('',#7786);
#7024=PLANE('',#7787);
#7025=PLANE('',#7788);
#7026=PLANE('',#7789);
#7027=PLANE('',#7790);
#7028=PLANE('',#7791);
#7029=PLANE('',#7792);
#7030=PLANE('',#7793);
#7031=PLANE('',#7794);
#7032=PLANE('',#7795);
#7033=PLANE('',#7796);
#7034=PLANE('',#7797);
#7035=PLANE('',#7802);
#7036=PLANE('',#7803);
#7037=PLANE('',#7804);
#7038=PLANE('',#7805);
#7039=PLANE('',#7806);
#7040=PLANE('',#7807);
#7041=PLANE('',#7808);
#7042=PLANE('',#7809);
#7043=PLANE('',#7810);
#7044=PLANE('',#7812);
#7045=PLANE('',#7816);
#7046=PLANE('',#7817);
#7047=PLANE('',#7822);
#7048=PLANE('',#7823);
#7049=PLANE('',#7828);
#7050=PLANE('',#7829);
#7051=PLANE('',#7831);
#7052=PLANE('',#7833);
#7053=PLANE('',#7835);
#7054=PLANE('',#7836);
#7055=PLANE('',#7837);
#7056=PLANE('',#7842);
#7057=PLANE('',#7843);
#7058=PLANE('',#7844);
#7059=PLANE('',#7845);
#7060=PLANE('',#7846);
#7061=PLANE('',#7847);
#7062=PLANE('',#7848);
#7063=PLANE('',#7849);
#7064=PLANE('',#7850);
#7065=PLANE('',#7851);
#7066=PLANE('',#7852);
#7067=PLANE('',#7853);
#7068=PLANE('',#7854);
#7069=PLANE('',#7855);
#7070=PLANE('',#7856);
#7071=PLANE('',#7857);
#7072=PLANE('',#7858);
#7073=PLANE('',#7859);
#7074=PLANE('',#7860);
#7075=PLANE('',#7861);
#7076=PLANE('',#7862);
#7077=PLANE('',#7863);
#7078=PLANE('',#7869);
#7079=PLANE('',#7870);
#7080=PLANE('',#7871);
#7081=PLANE('',#7892);
#7082=PLANE('',#7894);
#7083=PLANE('',#7916);
#7084=PLANE('',#7918);
#7085=PLANE('',#7941);
#7086=PLANE('',#7943);
#7087=PLANE('',#7964);
#7088=PLANE('',#7966);
#7089=PLANE('',#7985);
#7090=PLANE('',#7987);
#7091=PLANE('',#7988);
#7092=PLANE('',#7990);
#7093=PLANE('',#7993);
#7094=PLANE('',#7995);
#7095=PLANE('',#7997);
#7096=PLANE('',#7999);
#7097=PLANE('',#8000);
#7098=PLANE('',#8003);
#7099=PLANE('',#8004);
#7100=PLANE('',#8006);
#7101=PLANE('',#8008);
#7102=PLANE('',#8009);
#7103=PLANE('',#8010);
#7104=PLANE('',#8011);
#7105=PLANE('',#8016);
#7106=PLANE('',#8021);
#7107=PLANE('',#8022);
#7108=PLANE('',#8023);
#7109=PLANE('',#8024);
#7110=PLANE('',#8025);
#7111=PLANE('',#8042);
#7112=PLANE('',#8071);
#7113=PLANE('',#8072);
#7114=PLANE('',#8073);
#7115=PLANE('',#8074);
#7116=PLANE('',#8075);
#7117=PLANE('',#8076);
#7118=PLANE('',#8077);
#7119=PLANE('',#8078);
#7120=PLANE('',#8079);
#7121=PLANE('',#8080);
#7122=PLANE('',#8081);
#7123=PLANE('',#8082);
#7124=PLANE('',#8083);
#7125=PLANE('',#8084);
#7126=PLANE('',#8085);
#7127=PLANE('',#8086);
#7128=PLANE('',#8087);
#7129=PLANE('',#8088);
#7130=PLANE('',#8089);
#7131=PLANE('',#8090);
#7132=PLANE('',#8091);
#7133=PLANE('',#8092);
#7134=PLANE('',#8093);
#7135=PLANE('',#8094);
#7136=PLANE('',#8095);
#7137=PLANE('',#8096);
#7138=PLANE('',#8097);
#7139=PLANE('',#8098);
#7140=PLANE('',#8099);
#7141=PLANE('',#8100);
#7142=PLANE('',#8101);
#7143=PLANE('',#8102);
#7144=PLANE('',#8103);
#7145=PLANE('',#8104);
#7146=PLANE('',#8105);
#7147=PLANE('',#8106);
#7148=PLANE('',#8107);
#7149=PLANE('',#8108);
#7150=PLANE('',#8109);
#7151=PLANE('',#8110);
#7152=PLANE('',#8111);
#7153=PLANE('',#8112);
#7154=PLANE('',#8113);
#7155=PLANE('',#8114);
#7156=PLANE('',#8115);
#7157=PLANE('',#8117);
#7158=PLANE('',#8127);
#7159=PLANE('',#8128);
#7160=PLANE('',#8129);
#7161=PLANE('',#8130);
#7162=PLANE('',#8131);
#7163=PLANE('',#8132);
#7164=PLANE('',#8133);
#7165=PLANE('',#8134);
#7166=PLANE('',#8135);
#7167=PLANE('',#8136);
#7168=PLANE('',#8137);
#7169=PLANE('',#8138);
#7170=PLANE('',#8139);
#7171=PLANE('',#8140);
#7172=PLANE('',#8141);
#7173=PLANE('',#8142);
#7174=PLANE('',#8143);
#7175=PLANE('',#8144);
#7176=PLANE('',#8145);
#7177=PLANE('',#8146);
#7178=PLANE('',#8147);
#7179=PLANE('',#8148);
#7180=ADVANCED_FACE('',(#388),#6902,.F.);
#7181=ADVANCED_FACE('',(#389),#6903,.F.);
#7182=ADVANCED_FACE('',(#390),#6904,.F.);
#7183=ADVANCED_FACE('',(#391),#6905,.F.);
#7184=ADVANCED_FACE('',(#392),#6906,.F.);
#7185=ADVANCED_FACE('',(#393),#6907,.F.);
#7186=ADVANCED_FACE('',(#394),#6908,.F.);
#7187=ADVANCED_FACE('',(#395),#6909,.F.);
#7188=ADVANCED_FACE('',(#396),#6910,.F.);
#7189=ADVANCED_FACE('',(#397),#6911,.F.);
#7190=ADVANCED_FACE('',(#398),#6912,.F.);
#7191=ADVANCED_FACE('',(#399),#6913,.F.);
#7192=ADVANCED_FACE('',(#400),#6914,.F.);
#7193=ADVANCED_FACE('',(#401),#6915,.F.);
#7194=ADVANCED_FACE('',(#402),#6916,.F.);
#7195=ADVANCED_FACE('',(#403),#6917,.F.);
#7196=ADVANCED_FACE('',(#404),#6918,.F.);
#7197=ADVANCED_FACE('',(#405),#6919,.F.);
#7198=ADVANCED_FACE('',(#406),#6920,.F.);
#7199=ADVANCED_FACE('',(#407),#6921,.F.);
#7200=ADVANCED_FACE('',(#408),#6922,.F.);
#7201=ADVANCED_FACE('',(#409),#6923,.F.);
#7202=ADVANCED_FACE('',(#410),#6924,.F.);
#7203=ADVANCED_FACE('',(#411),#6925,.F.);
#7204=ADVANCED_FACE('',(#412),#6926,.F.);
#7205=ADVANCED_FACE('',(#413),#6927,.F.);
#7206=ADVANCED_FACE('',(#414),#6928,.F.);
#7207=ADVANCED_FACE('',(#415),#6929,.F.);
#7208=ADVANCED_FACE('',(#416),#6930,.F.);
#7209=ADVANCED_FACE('',(#417),#6931,.F.);
#7210=ADVANCED_FACE('',(#418),#6932,.F.);
#7211=ADVANCED_FACE('',(#419),#6933,.F.);
#7212=ADVANCED_FACE('',(#420),#6934,.F.);
#7213=ADVANCED_FACE('',(#421),#6935,.F.);
#7214=ADVANCED_FACE('',(#422),#6936,.F.);
#7215=ADVANCED_FACE('',(#423),#6937,.F.);
#7216=ADVANCED_FACE('',(#424),#6938,.F.);
#7217=ADVANCED_FACE('',(#425),#6939,.F.);
#7218=ADVANCED_FACE('',(#426),#6940,.F.);
#7219=ADVANCED_FACE('',(#427),#6941,.F.);
#7220=ADVANCED_FACE('',(#428),#6942,.F.);
#7221=ADVANCED_FACE('',(#429),#6943,.F.);
#7222=ADVANCED_FACE('',(#430),#6944,.F.);
#7223=ADVANCED_FACE('',(#431),#6945,.F.);
#7224=ADVANCED_FACE('',(#432),#6946,.F.);
#7225=ADVANCED_FACE('',(#433),#6947,.F.);
#7226=ADVANCED_FACE('',(#434),#6948,.F.);
#7227=ADVANCED_FACE('',(#435),#6949,.F.);
#7228=ADVANCED_FACE('',(#436),#6950,.F.);
#7229=ADVANCED_FACE('',(#437),#6951,.F.);
#7230=ADVANCED_FACE('',(#438),#6952,.F.);
#7231=ADVANCED_FACE('',(#439),#6953,.F.);
#7232=ADVANCED_FACE('',(#440),#6954,.F.);
#7233=ADVANCED_FACE('',(#441),#6955,.F.);
#7234=ADVANCED_FACE('',(#442),#6956,.F.);
#7235=ADVANCED_FACE('',(#443),#6957,.F.);
#7236=ADVANCED_FACE('',(#444),#6958,.F.);
#7237=ADVANCED_FACE('',(#445),#6959,.F.);
#7238=ADVANCED_FACE('',(#446),#6960,.F.);
#7239=ADVANCED_FACE('',(#447),#6961,.F.);
#7240=ADVANCED_FACE('',(#448,#143),#6962,.F.);
#7241=ADVANCED_FACE('',(#449),#6963,.T.);
#7242=ADVANCED_FACE('',(#450),#6964,.T.);
#7243=ADVANCED_FACE('',(#451),#6965,.T.);
#7244=ADVANCED_FACE('',(#452),#6966,.T.);
#7245=ADVANCED_FACE('',(#453),#6967,.T.);
#7246=ADVANCED_FACE('',(#454),#6968,.T.);
#7247=ADVANCED_FACE('',(#455),#6969,.T.);
#7248=ADVANCED_FACE('',(#456),#6970,.T.);
#7249=ADVANCED_FACE('',(#457),#6971,.T.);
#7250=ADVANCED_FACE('',(#458),#6972,.T.);
#7251=ADVANCED_FACE('',(#459),#6973,.T.);
#7252=ADVANCED_FACE('',(#460),#6974,.T.);
#7253=ADVANCED_FACE('',(#461),#6975,.T.);
#7254=ADVANCED_FACE('',(#462),#6976,.T.);
#7255=ADVANCED_FACE('',(#463),#6977,.T.);
#7256=ADVANCED_FACE('',(#464),#6978,.T.);
#7257=ADVANCED_FACE('',(#465),#6979,.T.);
#7258=ADVANCED_FACE('',(#466),#6980,.T.);
#7259=ADVANCED_FACE('',(#467),#6981,.T.);
#7260=ADVANCED_FACE('',(#468),#6982,.T.);
#7261=ADVANCED_FACE('',(#469),#6983,.T.);
#7262=ADVANCED_FACE('',(#470),#6984,.T.);
#7263=ADVANCED_FACE('',(#471),#6985,.T.);
#7264=ADVANCED_FACE('',(#472),#6986,.T.);
#7265=ADVANCED_FACE('',(#473),#6987,.T.);
#7266=ADVANCED_FACE('',(#474),#6988,.T.);
#7267=ADVANCED_FACE('',(#475),#6989,.T.);
#7268=ADVANCED_FACE('',(#476),#6990,.T.);
#7269=ADVANCED_FACE('',(#477),#6991,.T.);
#7270=ADVANCED_FACE('',(#478),#6992,.T.);
#7271=ADVANCED_FACE('',(#479),#6993,.T.);
#7272=ADVANCED_FACE('',(#480),#6994,.T.);
#7273=ADVANCED_FACE('',(#481),#64,.F.);
#7274=ADVANCED_FACE('',(#482),#6995,.T.);
#7275=ADVANCED_FACE('',(#483),#6996,.T.);
#7276=ADVANCED_FACE('',(#484),#6997,.T.);
#7277=ADVANCED_FACE('',(#485),#65,.F.);
#7278=ADVANCED_FACE('',(#486),#6998,.T.);
#7279=ADVANCED_FACE('',(#487),#6999,.T.);
#7280=ADVANCED_FACE('',(#488),#7000,.T.);
#7281=ADVANCED_FACE('',(#489),#7001,.T.);
#7282=ADVANCED_FACE('',(#490),#66,.F.);
#7283=ADVANCED_FACE('',(#491),#67,.F.);
#7284=ADVANCED_FACE('',(#492),#68,.T.);
#7285=ADVANCED_FACE('',(#493),#7002,.T.);
#7286=ADVANCED_FACE('',(#494),#69,.T.);
#7287=ADVANCED_FACE('',(#495),#7003,.T.);
#7288=ADVANCED_FACE('',(#496),#7004,.T.);
#7289=ADVANCED_FACE('',(#497),#70,.F.);
#7290=ADVANCED_FACE('',(#498),#7005,.T.);
#7291=ADVANCED_FACE('',(#499),#71,.F.);
#7292=ADVANCED_FACE('',(#500),#7006,.T.);
#7293=ADVANCED_FACE('',(#501),#72,.F.);
#7294=ADVANCED_FACE('',(#502),#7007,.T.);
#7295=ADVANCED_FACE('',(#503),#73,.F.);
#7296=ADVANCED_FACE('',(#504),#7008,.T.);
#7297=ADVANCED_FACE('',(#505),#74,.T.);
#7298=ADVANCED_FACE('',(#506),#7009,.T.);
#7299=ADVANCED_FACE('',(#507),#75,.T.);
#7300=ADVANCED_FACE('',(#508),#27,.T.);
#7301=ADVANCED_FACE('',(#509,#144,#145,#146,#147,#148),#7010,.F.);
#7302=ADVANCED_FACE('',(#510,#149,#150,#151,#152,#153,#154),#7011,.T.);
#7303=ADVANCED_FACE('',(#511),#7012,.T.);
#7304=ADVANCED_FACE('',(#512),#7013,.T.);
#7305=ADVANCED_FACE('',(#513,#155,#156,#157),#7014,.F.);
#7306=ADVANCED_FACE('',(#514,#158,#159),#7015,.F.);
#7307=ADVANCED_FACE('',(#515),#7016,.T.);
#7308=ADVANCED_FACE('',(#516),#7017,.T.);
#7309=ADVANCED_FACE('',(#517),#7018,.T.);
#7310=ADVANCED_FACE('',(#518),#7019,.T.);
#7311=ADVANCED_FACE('',(#519),#7020,.T.);
#7312=ADVANCED_FACE('',(#520),#7021,.T.);
#7313=ADVANCED_FACE('',(#521),#7022,.T.);
#7314=ADVANCED_FACE('',(#522,#160,#161),#7023,.F.);
#7315=ADVANCED_FACE('',(#523),#7024,.T.);
#7316=ADVANCED_FACE('',(#524),#7025,.T.);
#7317=ADVANCED_FACE('',(#525),#7026,.T.);
#7318=ADVANCED_FACE('',(#526),#7027,.T.);
#7319=ADVANCED_FACE('',(#527),#7028,.T.);
#7320=ADVANCED_FACE('',(#528),#7029,.T.);
#7321=ADVANCED_FACE('',(#529),#7030,.T.);
#7322=ADVANCED_FACE('',(#530),#7031,.T.);
#7323=ADVANCED_FACE('',(#531),#7032,.T.);
#7324=ADVANCED_FACE('',(#532),#7033,.T.);
#7325=ADVANCED_FACE('',(#533,#162,#163,#164,#165,#166,#167,#168,#169),#7034,
 .F.);
#7326=ADVANCED_FACE('',(#534),#7035,.F.);
#7327=ADVANCED_FACE('',(#535),#7036,.T.);
#7328=ADVANCED_FACE('',(#536),#7037,.T.);
#7329=ADVANCED_FACE('',(#537,#170,#171),#7038,.T.);
#7330=ADVANCED_FACE('',(#538),#7039,.F.);
#7331=ADVANCED_FACE('',(#539,#172,#173,#174,#175,#176),#7040,.F.);
#7332=ADVANCED_FACE('',(#540),#7041,.T.);
#7333=ADVANCED_FACE('',(#541,#177,#178,#179,#180,#181),#7042,.T.);
#7334=ADVANCED_FACE('',(#542),#7043,.T.);
#7335=ADVANCED_FACE('',(#543,#182,#183,#184),#7044,.T.);
#7336=ADVANCED_FACE('',(#544),#76,.T.);
#7337=ADVANCED_FACE('',(#545),#7045,.T.);
#7338=ADVANCED_FACE('',(#546),#7046,.T.);
#7339=ADVANCED_FACE('',(#547),#77,.T.);
#7340=ADVANCED_FACE('',(#548),#7047,.T.);
#7341=ADVANCED_FACE('',(#549),#7048,.T.);
#7342=ADVANCED_FACE('',(#550),#78,.T.);
#7343=ADVANCED_FACE('',(#551),#7049,.T.);
#7344=ADVANCED_FACE('',(#552),#7050,.T.);
#7345=ADVANCED_FACE('',(#553),#7051,.T.);
#7346=ADVANCED_FACE('',(#554),#7052,.T.);
#7347=ADVANCED_FACE('',(#555),#7053,.T.);
#7348=ADVANCED_FACE('',(#556),#7054,.T.);
#7349=ADVANCED_FACE('',(#557),#7055,.T.);
#7350=ADVANCED_FACE('',(#558),#79,.F.);
#7351=ADVANCED_FACE('',(#559),#80,.F.);
#7352=ADVANCED_FACE('',(#560),#81,.F.);
#7353=ADVANCED_FACE('',(#561),#7056,.T.);
#7354=ADVANCED_FACE('',(#562),#7057,.T.);
#7355=ADVANCED_FACE('',(#563),#7058,.T.);
#7356=ADVANCED_FACE('',(#564),#7059,.T.);
#7357=ADVANCED_FACE('',(#565),#7060,.T.);
#7358=ADVANCED_FACE('',(#566),#7061,.T.);
#7359=ADVANCED_FACE('',(#567),#7062,.T.);
#7360=ADVANCED_FACE('',(#568),#7063,.T.);
#7361=ADVANCED_FACE('',(#569),#7064,.T.);
#7362=ADVANCED_FACE('',(#570),#7065,.T.);
#7363=ADVANCED_FACE('',(#571),#7066,.T.);
#7364=ADVANCED_FACE('',(#572),#7067,.T.);
#7365=ADVANCED_FACE('',(#573),#7068,.T.);
#7366=ADVANCED_FACE('',(#574),#7069,.F.);
#7367=ADVANCED_FACE('',(#575),#7070,.F.);
#7368=ADVANCED_FACE('',(#576),#7071,.T.);
#7369=ADVANCED_FACE('',(#577),#7072,.F.);
#7370=ADVANCED_FACE('',(#578),#7073,.F.);
#7371=ADVANCED_FACE('',(#579,#185,#186,#187,#188,#189),#7074,.F.);
#7372=ADVANCED_FACE('',(#580,#190,#191),#7075,.T.);
#7373=ADVANCED_FACE('',(#581),#7076,.T.);
#7374=ADVANCED_FACE('',(#582),#7077,.T.);
#7375=ADVANCED_FACE('',(#583),#82,.T.);
#7376=ADVANCED_FACE('',(#584,#192),#7078,.F.);
#7377=ADVANCED_FACE('',(#585),#7079,.T.);
#7378=ADVANCED_FACE('',(#586),#7080,.T.);
#7379=ADVANCED_FACE('',(#587),#28,.T.);
#7380=ADVANCED_FACE('',(#588),#83,.T.);
#7381=ADVANCED_FACE('',(#589),#29,.T.);
#7382=ADVANCED_FACE('',(#590),#84,.T.);
#7383=ADVANCED_FACE('',(#591),#30,.T.);
#7384=ADVANCED_FACE('',(#592),#85,.T.);
#7385=ADVANCED_FACE('',(#593),#31,.T.);
#7386=ADVANCED_FACE('',(#594),#86,.T.);
#7387=ADVANCED_FACE('',(#595),#7081,.F.);
#7388=ADVANCED_FACE('',(#596),#87,.F.);
#7389=ADVANCED_FACE('',(#597),#7082,.F.);
#7390=ADVANCED_FACE('',(#598),#88,.F.);
#7391=ADVANCED_FACE('',(#599),#32,.T.);
#7392=ADVANCED_FACE('',(#600),#89,.T.);
#7393=ADVANCED_FACE('',(#601),#33,.T.);
#7394=ADVANCED_FACE('',(#602),#90,.T.);
#7395=ADVANCED_FACE('',(#603),#34,.T.);
#7396=ADVANCED_FACE('',(#604),#91,.T.);
#7397=ADVANCED_FACE('',(#605),#35,.T.);
#7398=ADVANCED_FACE('',(#606),#92,.T.);
#7399=ADVANCED_FACE('',(#607),#7083,.F.);
#7400=ADVANCED_FACE('',(#608),#93,.F.);
#7401=ADVANCED_FACE('',(#609),#7084,.F.);
#7402=ADVANCED_FACE('',(#610),#94,.F.);
#7403=ADVANCED_FACE('',(#611),#95,.T.);
#7404=ADVANCED_FACE('',(#612),#36,.T.);
#7405=ADVANCED_FACE('',(#613),#96,.T.);
#7406=ADVANCED_FACE('',(#614),#37,.T.);
#7407=ADVANCED_FACE('',(#615),#97,.T.);
#7408=ADVANCED_FACE('',(#616),#38,.T.);
#7409=ADVANCED_FACE('',(#617),#98,.T.);
#7410=ADVANCED_FACE('',(#618),#39,.T.);
#7411=ADVANCED_FACE('',(#619),#99,.F.);
#7412=ADVANCED_FACE('',(#620),#7085,.F.);
#7413=ADVANCED_FACE('',(#621),#100,.F.);
#7414=ADVANCED_FACE('',(#622),#7086,.F.);
#7415=ADVANCED_FACE('',(#623),#40,.T.);
#7416=ADVANCED_FACE('',(#624),#101,.T.);
#7417=ADVANCED_FACE('',(#625),#41,.T.);
#7418=ADVANCED_FACE('',(#626),#102,.T.);
#7419=ADVANCED_FACE('',(#627),#42,.T.);
#7420=ADVANCED_FACE('',(#628),#103,.T.);
#7421=ADVANCED_FACE('',(#629),#43,.T.);
#7422=ADVANCED_FACE('',(#630),#104,.T.);
#7423=ADVANCED_FACE('',(#631),#7087,.F.);
#7424=ADVANCED_FACE('',(#632),#105,.F.);
#7425=ADVANCED_FACE('',(#633),#7088,.F.);
#7426=ADVANCED_FACE('',(#634),#106,.F.);
#7427=ADVANCED_FACE('',(#635),#107,.T.);
#7428=ADVANCED_FACE('',(#636),#108,.T.);
#7429=ADVANCED_FACE('',(#637),#44,.T.);
#7430=ADVANCED_FACE('',(#638),#109,.T.);
#7431=ADVANCED_FACE('',(#639),#45,.T.);
#7432=ADVANCED_FACE('',(#640),#110,.T.);
#7433=ADVANCED_FACE('',(#641),#46,.T.);
#7434=ADVANCED_FACE('',(#642),#111,.F.);
#7435=ADVANCED_FACE('',(#643),#7089,.F.);
#7436=ADVANCED_FACE('',(#644),#112,.F.);
#7437=ADVANCED_FACE('',(#645),#7090,.F.);
#7438=ADVANCED_FACE('',(#646),#7091,.F.);
#7439=ADVANCED_FACE('',(#647),#113,.F.);
#7440=ADVANCED_FACE('',(#648),#7092,.F.);
#7441=ADVANCED_FACE('',(#649),#114,.F.);
#7442=ADVANCED_FACE('',(#650),#115,.F.);
#7443=ADVANCED_FACE('',(#651),#7093,.F.);
#7444=ADVANCED_FACE('',(#652),#116,.F.);
#7445=ADVANCED_FACE('',(#653),#7094,.F.);
#7446=ADVANCED_FACE('',(#654),#117,.F.);
#7447=ADVANCED_FACE('',(#655),#7095,.F.);
#7448=ADVANCED_FACE('',(#656),#118,.F.);
#7449=ADVANCED_FACE('',(#657),#7096,.F.);
#7450=ADVANCED_FACE('',(#658),#7097,.F.);
#7451=ADVANCED_FACE('',(#659),#119,.F.);
#7452=ADVANCED_FACE('',(#660),#120,.F.);
#7453=ADVANCED_FACE('',(#661),#7098,.F.);
#7454=ADVANCED_FACE('',(#662),#7099,.F.);
#7455=ADVANCED_FACE('',(#663),#121,.F.);
#7456=ADVANCED_FACE('',(#664),#7100,.F.);
#7457=ADVANCED_FACE('',(#665),#122,.F.);
#7458=ADVANCED_FACE('',(#666),#7101,.T.);
#7459=ADVANCED_FACE('',(#667),#7102,.T.);
#7460=ADVANCED_FACE('',(#668),#7103,.T.);
#7461=ADVANCED_FACE('',(#669,#193,#194),#7104,.T.);
#7462=ADVANCED_FACE('',(#670,#195),#7105,.T.);
#7463=ADVANCED_FACE('',(#671),#123,.F.);
#7464=ADVANCED_FACE('',(#672),#7106,.T.);
#7465=ADVANCED_FACE('',(#673,#196),#7107,.T.);
#7466=ADVANCED_FACE('',(#674),#7108,.T.);
#7467=ADVANCED_FACE('',(#675,#197),#7109,.F.);
#7468=ADVANCED_FACE('',(#676),#7110,.T.);
#7469=ADVANCED_FACE('',(#677),#47,.T.);
#7470=ADVANCED_FACE('',(#678),#124,.F.);
#7471=ADVANCED_FACE('',(#679),#125,.T.);
#7472=ADVANCED_FACE('',(#680),#126,.T.);
#7473=ADVANCED_FACE('',(#681),#127,.T.);
#7474=ADVANCED_FACE('',(#682),#128,.T.);
#7475=ADVANCED_FACE('',(#683),#129,.T.);
#7476=ADVANCED_FACE('',(#684,#198),#7111,.T.);
#7477=ADVANCED_FACE('',(#685),#130,.T.);
#7478=ADVANCED_FACE('',(#686),#15,.F.);
#7479=ADVANCED_FACE('',(#687),#131,.T.);
#7480=ADVANCED_FACE('',(#688),#16,.F.);
#7481=ADVANCED_FACE('',(#689),#17,.F.);
#7482=ADVANCED_FACE('',(#690),#132,.T.);
#7483=ADVANCED_FACE('',(#691),#18,.F.);
#7484=ADVANCED_FACE('',(#692),#133,.T.);
#7485=ADVANCED_FACE('',(#693),#48,.T.);
#7486=ADVANCED_FACE('',(#694),#134,.T.);
#7487=ADVANCED_FACE('',(#695),#49,.T.);
#7488=ADVANCED_FACE('',(#696),#135,.T.);
#7489=ADVANCED_FACE('',(#697),#50,.T.);
#7490=ADVANCED_FACE('',(#698),#136,.T.);
#7491=ADVANCED_FACE('',(#699),#51,.T.);
#7492=ADVANCED_FACE('',(#700),#7112,.F.);
#7493=ADVANCED_FACE('',(#701),#7113,.F.);
#7494=ADVANCED_FACE('',(#702),#7114,.F.);
#7495=ADVANCED_FACE('',(#703),#7115,.F.);
#7496=ADVANCED_FACE('',(#704),#7116,.T.);
#7497=ADVANCED_FACE('',(#705),#7117,.T.);
#7498=ADVANCED_FACE('',(#706),#7118,.T.);
#7499=ADVANCED_FACE('',(#707),#7119,.T.);
#7500=ADVANCED_FACE('',(#708),#7120,.T.);
#7501=ADVANCED_FACE('',(#709),#7121,.T.);
#7502=ADVANCED_FACE('',(#710),#7122,.T.);
#7503=ADVANCED_FACE('',(#711),#7123,.T.);
#7504=ADVANCED_FACE('',(#712),#7124,.T.);
#7505=ADVANCED_FACE('',(#713),#7125,.T.);
#7506=ADVANCED_FACE('',(#714),#7126,.T.);
#7507=ADVANCED_FACE('',(#715),#7127,.T.);
#7508=ADVANCED_FACE('',(#716),#7128,.T.);
#7509=ADVANCED_FACE('',(#717),#7129,.T.);
#7510=ADVANCED_FACE('',(#718),#7130,.T.);
#7511=ADVANCED_FACE('',(#719),#7131,.T.);
#7512=ADVANCED_FACE('',(#720),#7132,.T.);
#7513=ADVANCED_FACE('',(#721),#7133,.T.);
#7514=ADVANCED_FACE('',(#722),#7134,.T.);
#7515=ADVANCED_FACE('',(#723),#7135,.T.);
#7516=ADVANCED_FACE('',(#724),#7136,.T.);
#7517=ADVANCED_FACE('',(#725),#7137,.T.);
#7518=ADVANCED_FACE('',(#726),#7138,.T.);
#7519=ADVANCED_FACE('',(#727),#7139,.T.);
#7520=ADVANCED_FACE('',(#728),#7140,.T.);
#7521=ADVANCED_FACE('',(#729),#7141,.T.);
#7522=ADVANCED_FACE('',(#730),#7142,.T.);
#7523=ADVANCED_FACE('',(#731),#7143,.T.);
#7524=ADVANCED_FACE('',(#732),#7144,.T.);
#7525=ADVANCED_FACE('',(#733),#7145,.T.);
#7526=ADVANCED_FACE('',(#734,#199,#200,#201,#202,#203,#204,#205),#7146,
 .F.);
#7527=ADVANCED_FACE('',(#735),#7147,.T.);
#7528=ADVANCED_FACE('',(#736),#7148,.F.);
#7529=ADVANCED_FACE('',(#737),#7149,.F.);
#7530=ADVANCED_FACE('',(#738),#7150,.T.);
#7531=ADVANCED_FACE('',(#739),#7151,.T.);
#7532=ADVANCED_FACE('',(#740),#7152,.F.);
#7533=ADVANCED_FACE('',(#741),#7153,.F.);
#7534=ADVANCED_FACE('',(#742),#7154,.T.);
#7535=ADVANCED_FACE('',(#743),#7155,.T.);
#7536=ADVANCED_FACE('',(#744),#7156,.T.);
#7537=ADVANCED_FACE('',(#745),#137,.T.);
#7538=ADVANCED_FACE('',(#746,#206,#207),#7157,.T.);
#7539=ADVANCED_FACE('',(#747),#138,.T.);
#7540=ADVANCED_FACE('',(#748),#139,.T.);
#7541=ADVANCED_FACE('',(#749),#140,.T.);
#7542=ADVANCED_FACE('',(#750),#141,.T.);
#7543=ADVANCED_FACE('',(#751),#142,.T.);
#7544=ADVANCED_FACE('',(#752),#7158,.F.);
#7545=ADVANCED_FACE('',(#753),#7159,.F.);
#7546=ADVANCED_FACE('',(#754),#7160,.F.);
#7547=ADVANCED_FACE('',(#755),#7161,.F.);
#7548=ADVANCED_FACE('',(#756),#7162,.T.);
#7549=ADVANCED_FACE('',(#757),#7163,.T.);
#7550=ADVANCED_FACE('',(#758),#7164,.T.);
#7551=ADVANCED_FACE('',(#759),#7165,.T.);
#7552=ADVANCED_FACE('',(#760),#7166,.T.);
#7553=ADVANCED_FACE('',(#761),#7167,.F.);
#7554=ADVANCED_FACE('',(#762),#7168,.F.);
#7555=ADVANCED_FACE('',(#763),#7169,.T.);
#7556=ADVANCED_FACE('',(#764),#7170,.F.);
#7557=ADVANCED_FACE('',(#765),#7171,.F.);
#7558=ADVANCED_FACE('',(#766),#7172,.F.);
#7559=ADVANCED_FACE('',(#767),#7173,.T.);
#7560=ADVANCED_FACE('',(#768),#7174,.T.);
#7561=ADVANCED_FACE('',(#769),#7175,.F.);
#7562=ADVANCED_FACE('',(#770),#7176,.F.);
#7563=ADVANCED_FACE('',(#771),#7177,.T.);
#7564=ADVANCED_FACE('',(#772),#7178,.T.);
#7565=ADVANCED_FACE('',(#773,#208),#7179,.F.);
#7566=CLOSED_SHELL('',(#7180,#7181,#7182,#7183,#7184,#7185,#7186,#7187,
#7188,#7189,#7190,#7191,#7192,#7193,#7194,#7195,#7196,#7197,#7198,#7199,
#7200,#7201,#7202,#7203,#7204,#7205,#7206,#7207,#7208,#7209,#7210,#7211,
#7212,#7213,#7214,#7215,#7216,#7217,#7218,#7219,#7220,#7221,#7222,#7223,
#7224,#7225,#7226,#7227,#7228,#7229,#7230,#7231,#7232,#7233,#7234,#7235,
#7236,#7237,#7238,#7239,#7240,#7241,#7242,#7243,#7244,#7245,#7246,#7247,
#7248,#7249,#7250,#7251,#7252,#7253,#7254,#7255,#7256,#7257,#7258,#7259,
#7260,#7261,#7262,#7263,#7264,#7265,#7266,#7267,#7268,#7269,#7270,#7271,
#7272,#7273,#7274,#7275,#7276,#7277,#7278,#7279,#7280,#7281,#7282,#7283,
#7284,#7285,#7286,#7287,#7288,#7289,#7290,#7291,#7292,#7293,#7294,#7295,
#7296,#7297,#7298,#7299,#7300,#7301,#7302,#7303,#7304,#7305,#7306,#7307,
#7308,#7309,#7310,#7311,#7312,#7313,#7314,#7315,#7316,#7317,#7318,#7319,
#7320,#7321,#7322,#7323,#7324,#7325,#7326,#7327,#7328,#7329,#7330,#7331,
#7332,#7333,#7334,#7335,#7336,#7337,#7338,#7339,#7340,#7341,#7342,#7343,
#7344,#7345,#7346,#7347,#7348,#7349,#7350,#7351,#7352,#7353,#7354,#7355,
#7356,#7357,#7358,#7359,#7360,#7361,#7362,#7363,#7364,#7365,#7366,#7367,
#7368,#7369,#7370,#7371,#7372,#7373,#7374,#7375,#7376,#7377,#7378,#7379,
#7380,#7381,#7382,#7383,#7384,#7385,#7386,#7387,#7388,#7389,#7390,#7391,
#7392,#7393,#7394,#7395,#7396,#7397,#7398,#7399,#7400,#7401,#7402,#7403,
#7404,#7405,#7406,#7407,#7408,#7409,#7410,#7411,#7412,#7413,#7414,#7415,
#7416,#7417,#7418,#7419,#7420,#7421,#7422,#7423,#7424,#7425,#7426,#7427,
#7428,#7429,#7430,#7431,#7432,#7433,#7434,#7435,#7436,#7437,#7438,#7439,
#7440,#7441,#7442,#7443,#7444,#7445,#7446,#7447,#7448,#7449,#7450,#7451,
#7452,#7453,#7454,#7455,#7456,#7457,#7458,#7459,#7460,#7461,#7462,#7463,
#7464,#7465,#7466,#7467,#7468,#7469,#7470,#7471,#7472,#7473,#7474,#7475,
#7476,#7477,#7478,#7479,#7480,#7481,#7482,#7483,#7484,#7485,#7486,#7487,
#7488,#7489,#7490,#7491,#7492,#7493,#7494,#7495,#7496,#7497,#7498,#7499,
#7500,#7501,#7502,#7503,#7504,#7505,#7506,#7507,#7508,#7509,#7510,#7511,
#7512,#7513,#7514,#7515,#7516,#7517,#7518,#7519,#7520,#7521,#7522,#7523,
#7524,#7525,#7526,#7527,#7528,#7529,#7530,#7531,#7532,#7533,#7534,#7535,
#7536,#7537,#7538,#7539,#7540,#7541,#7542,#7543,#7544,#7545,#7546,#7547,
#7548,#7549,#7550,#7551,#7552,#7553,#7554,#7555,#7556,#7557,#7558,#7559,
#7560,#7561,#7562,#7563,#7564,#7565));
#7567=DERIVED_UNIT_ELEMENT(#7569,1.);
#7568=DERIVED_UNIT_ELEMENT(#12521,-3.);
#7569=(
MASS_UNIT()
NAMED_UNIT(*)
SI_UNIT(.KILO.,.GRAM.)
);
#7570=DERIVED_UNIT((#7567,#7568));
#7571=MEASURE_REPRESENTATION_ITEM('density measure',
POSITIVE_RATIO_MEASURE(7850.),#7570);
#7572=PROPERTY_DEFINITION_REPRESENTATION(#7577,#7574);
#7573=PROPERTY_DEFINITION_REPRESENTATION(#7578,#7575);
#7574=REPRESENTATION('material name',(#7576),#12518);
#7575=REPRESENTATION('density',(#7571),#12518);
#7576=DESCRIPTIVE_REPRESENTATION_ITEM('\X2\042104420430043B044C\X0\',
'\X2\042104420430043B044C\X0\');
#7577=PROPERTY_DEFINITION('material property','material name',#12528);
#7578=PROPERTY_DEFINITION('material property','density of part',#12528);
#7579=AXIS2_PLACEMENT_3D('',#10165,#8149,#8150);
#7580=AXIS2_PLACEMENT_3D('',#10166,#8151,#8152);
#7581=AXIS2_PLACEMENT_3D('',#10175,#8157,#8158);
#7582=AXIS2_PLACEMENT_3D('',#10181,#8162,#8163);
#7583=AXIS2_PLACEMENT_3D('',#10187,#8167,#8168);
#7584=AXIS2_PLACEMENT_3D('',#10190,#8171,#8172);
#7585=AXIS2_PLACEMENT_3D('',#10199,#8177,#8178);
#7586=AXIS2_PLACEMENT_3D('',#10205,#8182,#8183);
#7587=AXIS2_PLACEMENT_3D('',#10211,#8187,#8188);
#7588=AXIS2_PLACEMENT_3D('',#10214,#8191,#8192);
#7589=AXIS2_PLACEMENT_3D('',#10223,#8197,#8198);
#7590=AXIS2_PLACEMENT_3D('',#10229,#8202,#8203);
#7591=AXIS2_PLACEMENT_3D('',#10235,#8207,#8208);
#7592=AXIS2_PLACEMENT_3D('',#10238,#8211,#8212);
#7593=AXIS2_PLACEMENT_3D('',#10247,#8217,#8218);
#7594=AXIS2_PLACEMENT_3D('',#10253,#8222,#8223);
#7595=AXIS2_PLACEMENT_3D('',#10259,#8227,#8228);
#7596=AXIS2_PLACEMENT_3D('',#10262,#8231,#8232);
#7597=AXIS2_PLACEMENT_3D('',#10271,#8237,#8238);
#7598=AXIS2_PLACEMENT_3D('',#10277,#8242,#8243);
#7599=AXIS2_PLACEMENT_3D('',#10283,#8247,#8248);
#7600=AXIS2_PLACEMENT_3D('',#10286,#8251,#8252);
#7601=AXIS2_PLACEMENT_3D('',#10295,#8257,#8258);
#7602=AXIS2_PLACEMENT_3D('',#10304,#8263,#8264);
#7603=AXIS2_PLACEMENT_3D('',#10310,#8268,#8269);
#7604=AXIS2_PLACEMENT_3D('',#10316,#8273,#8274);
#7605=AXIS2_PLACEMENT_3D('',#10322,#8278,#8279);
#7606=AXIS2_PLACEMENT_3D('',#10325,#8282,#8283);
#7607=AXIS2_PLACEMENT_3D('',#10329,#8286,#8287);
#7608=AXIS2_PLACEMENT_3D('',#10333,#8290,#8291);
#7609=AXIS2_PLACEMENT_3D('',#10342,#8296,#8297);
#7610=AXIS2_PLACEMENT_3D('',#10351,#8302,#8303);
#7611=AXIS2_PLACEMENT_3D('',#10360,#8308,#8309);
#7612=AXIS2_PLACEMENT_3D('',#10363,#8312,#8313);
#7613=AXIS2_PLACEMENT_3D('',#10369,#8317,#8318);
#7614=AXIS2_PLACEMENT_3D('',#10375,#8322,#8323);
#7615=AXIS2_PLACEMENT_3D('',#10378,#8326,#8327);
#7616=AXIS2_PLACEMENT_3D('',#10380,#8329,#8330);
#7617=AXIS2_PLACEMENT_3D('',#10389,#8335,#8336);
#7618=AXIS2_PLACEMENT_3D('',#10398,#8341,#8342);
#7619=AXIS2_PLACEMENT_3D('',#10404,#8346,#8347);
#7620=AXIS2_PLACEMENT_3D('',#10410,#8351,#8352);
#7621=AXIS2_PLACEMENT_3D('',#10416,#8356,#8357);
#7622=AXIS2_PLACEMENT_3D('',#10419,#8360,#8361);
#7623=AXIS2_PLACEMENT_3D('',#10423,#8364,#8365);
#7624=AXIS2_PLACEMENT_3D('',#10427,#8368,#8369);
#7625=AXIS2_PLACEMENT_3D('',#10436,#8374,#8375);
#7626=AXIS2_PLACEMENT_3D('',#10445,#8380,#8381);
#7627=AXIS2_PLACEMENT_3D('',#10451,#8385,#8386);
#7628=AXIS2_PLACEMENT_3D('',#10457,#8390,#8391);
#7629=AXIS2_PLACEMENT_3D('',#10463,#8395,#8396);
#7630=AXIS2_PLACEMENT_3D('',#10466,#8399,#8400);
#7631=AXIS2_PLACEMENT_3D('',#10469,#8401,#8402);
#7632=AXIS2_PLACEMENT_3D('',#10472,#8405,#8406);
#7633=AXIS2_PLACEMENT_3D('',#10476,#8409,#8410);
#7634=AXIS2_PLACEMENT_3D('',#10485,#8415,#8416);
#7635=AXIS2_PLACEMENT_3D('',#10494,#8421,#8422);
#7636=AXIS2_PLACEMENT_3D('',#10500,#8426,#8427);
#7637=AXIS2_PLACEMENT_3D('',#10506,#8431,#8432);
#7638=AXIS2_PLACEMENT_3D('',#10512,#8436,#8437);
#7639=AXIS2_PLACEMENT_3D('',#10515,#8440,#8441);
#7640=AXIS2_PLACEMENT_3D('',#10519,#8444,#8445);
#7641=AXIS2_PLACEMENT_3D('',#10523,#8448,#8449);
#7642=AXIS2_PLACEMENT_3D('',#10528,#8452,#8453);
#7643=AXIS2_PLACEMENT_3D('',#10532,#8455,#8456);
#7644=AXIS2_PLACEMENT_3D('',#10536,#8458,#8459);
#7645=AXIS2_PLACEMENT_3D('',#10539,#8461,#8462);
#7646=AXIS2_PLACEMENT_3D('',#10545,#8466,#8467);
#7647=AXIS2_PLACEMENT_3D('',#10549,#8469,#8470);
#7648=AXIS2_PLACEMENT_3D('',#10553,#8472,#8473);
#7649=AXIS2_PLACEMENT_3D('',#10557,#8475,#8476);
#7650=AXIS2_PLACEMENT_3D('',#10561,#8478,#8479);
#7651=AXIS2_PLACEMENT_3D('',#10569,#8483,#8484);
#7652=AXIS2_PLACEMENT_3D('',#10575,#8488,#8489);
#7653=AXIS2_PLACEMENT_3D('',#10584,#8494,#8495);
#7654=AXIS2_PLACEMENT_3D('',#10590,#8499,#8500);
#7655=AXIS2_PLACEMENT_3D('',#10599,#8505,#8506);
#7656=AXIS2_PLACEMENT_3D('',#10605,#8510,#8511);
#7657=AXIS2_PLACEMENT_3D('',#10614,#8516,#8517);
#7658=AXIS2_PLACEMENT_3D('',#10620,#8521,#8522);
#7659=AXIS2_PLACEMENT_3D('',#10629,#8527,#8528);
#7660=AXIS2_PLACEMENT_3D('',#10635,#8532,#8533);
#7661=AXIS2_PLACEMENT_3D('',#10644,#8538,#8539);
#7662=AXIS2_PLACEMENT_3D('',#10650,#8543,#8544);
#7663=AXIS2_PLACEMENT_3D('',#10659,#8549,#8550);
#7664=AXIS2_PLACEMENT_3D('',#10665,#8554,#8555);
#7665=AXIS2_PLACEMENT_3D('',#10669,#8558,#8559);
#7666=AXIS2_PLACEMENT_3D('',#10673,#8562,#8563);
#7667=AXIS2_PLACEMENT_3D('',#10675,#8565,#8566);
#7668=AXIS2_PLACEMENT_3D('',#10679,#8569,#8570);
#7669=AXIS2_PLACEMENT_3D('',#10683,#8573,#8574);
#7670=AXIS2_PLACEMENT_3D('',#10685,#8576,#8577);
#7671=AXIS2_PLACEMENT_3D('',#10689,#8580,#8581);
#7672=AXIS2_PLACEMENT_3D('',#10693,#8584,#8585);
#7673=AXIS2_PLACEMENT_3D('',#10695,#8587,#8588);
#7674=AXIS2_PLACEMENT_3D('',#10699,#8591,#8592);
#7675=AXIS2_PLACEMENT_3D('',#10703,#8595,#8596);
#7676=AXIS2_PLACEMENT_3D('',#10705,#8598,#8599);
#7677=AXIS2_PLACEMENT_3D('',#10709,#8602,#8603);
#7678=AXIS2_PLACEMENT_3D('',#10713,#8606,#8607);
#7679=AXIS2_PLACEMENT_3D('',#10715,#8609,#8610);
#7680=AXIS2_PLACEMENT_3D('',#10719,#8613,#8614);
#7681=AXIS2_PLACEMENT_3D('',#10723,#8617,#8618);
#7682=AXIS2_PLACEMENT_3D('',#10725,#8620,#8621);
#7683=AXIS2_PLACEMENT_3D('',#10734,#8626,#8627);
#7684=AXIS2_PLACEMENT_3D('',#10740,#8631,#8632);
#7685=AXIS2_PLACEMENT_3D('',#10743,#8633,#8634);
#7686=AXIS2_PLACEMENT_3D('',#10746,#8637,#8638);
#7687=AXIS2_PLACEMENT_3D('',#10750,#8641,#8642);
#7688=AXIS2_PLACEMENT_3D('',#10754,#8645,#8646);
#7689=AXIS2_PLACEMENT_3D('',#10758,#8649,#8650);
#7690=AXIS2_PLACEMENT_3D('',#10760,#8651,#8652);
#7691=AXIS2_PLACEMENT_3D('',#10762,#8654,#8655);
#7692=AXIS2_PLACEMENT_3D('',#10766,#8658,#8659);
#7693=AXIS2_PLACEMENT_3D('',#10770,#8662,#8663);
#7694=AXIS2_PLACEMENT_3D('',#10774,#8666,#8667);
#7695=AXIS2_PLACEMENT_3D('',#10793,#8672,#8673);
#7696=AXIS2_PLACEMENT_3D('',#10803,#8674,#8675);
#7697=AXIS2_PLACEMENT_3D('',#10804,#8676,#8677);
#7698=AXIS2_PLACEMENT_3D('',#10812,#8678,#8679);
#7699=AXIS2_PLACEMENT_3D('',#10813,#8680,#8681);
#7700=AXIS2_PLACEMENT_3D('',#10816,#8682,#8683);
#7701=AXIS2_PLACEMENT_3D('',#10819,#8686,#8687);
#7702=AXIS2_PLACEMENT_3D('',#10823,#8690,#8691);
#7703=AXIS2_PLACEMENT_3D('',#10825,#8692,#8693);
#7704=AXIS2_PLACEMENT_3D('',#10827,#8695,#8696);
#7705=AXIS2_PLACEMENT_3D('',#10831,#8699,#8700);
#7706=AXIS2_PLACEMENT_3D('',#10835,#8703,#8704);
#7707=AXIS2_PLACEMENT_3D('',#10837,#8705,#8706);
#7708=AXIS2_PLACEMENT_3D('',#10839,#8708,#8709);
#7709=AXIS2_PLACEMENT_3D('',#10843,#8712,#8713);
#7710=AXIS2_PLACEMENT_3D('',#10845,#8714,#8715);
#7711=AXIS2_PLACEMENT_3D('',#10847,#8717,#8718);
#7712=AXIS2_PLACEMENT_3D('',#10851,#8721,#8722);
#7713=AXIS2_PLACEMENT_3D('',#10853,#8723,#8724);
#7714=AXIS2_PLACEMENT_3D('',#10855,#8726,#8727);
#7715=AXIS2_PLACEMENT_3D('',#10859,#8730,#8731);
#7716=AXIS2_PLACEMENT_3D('',#10860,#8732,#8733);
#7717=AXIS2_PLACEMENT_3D('',#10861,#8734,#8735);
#7718=AXIS2_PLACEMENT_3D('',#10865,#8738,#8739);
#7719=AXIS2_PLACEMENT_3D('',#10867,#8740,#8741);
#7720=AXIS2_PLACEMENT_3D('',#10869,#8743,#8744);
#7721=AXIS2_PLACEMENT_3D('',#10873,#8747,#8748);
#7722=AXIS2_PLACEMENT_3D('',#10874,#8749,#8750);
#7723=AXIS2_PLACEMENT_3D('',#10875,#8751,#8752);
#7724=AXIS2_PLACEMENT_3D('',#10877,#8753,#8754);
#7725=AXIS2_PLACEMENT_3D('',#10879,#8755,#8756);
#7726=AXIS2_PLACEMENT_3D('',#10881,#8757,#8758);
#7727=AXIS2_PLACEMENT_3D('',#10882,#8759,#8760);
#7728=AXIS2_PLACEMENT_3D('',#10883,#8761,#8762);
#7729=AXIS2_PLACEMENT_3D('',#10888,#8764,#8765);
#7730=AXIS2_PLACEMENT_3D('',#10892,#8767,#8768);
#7731=AXIS2_PLACEMENT_3D('',#10896,#8770,#8771);
#7732=AXIS2_PLACEMENT_3D('',#10899,#8773,#8774);
#7733=AXIS2_PLACEMENT_3D('',#10904,#8776,#8777);
#7734=AXIS2_PLACEMENT_3D('',#10908,#8779,#8780);
#7735=AXIS2_PLACEMENT_3D('',#10912,#8782,#8783);
#7736=AXIS2_PLACEMENT_3D('',#10915,#8785,#8786);
#7737=AXIS2_PLACEMENT_3D('',#10920,#8788,#8789);
#7738=AXIS2_PLACEMENT_3D('',#10924,#8791,#8792);
#7739=AXIS2_PLACEMENT_3D('',#10928,#8794,#8795);
#7740=AXIS2_PLACEMENT_3D('',#10931,#8797,#8798);
#7741=AXIS2_PLACEMENT_3D('',#10936,#8800,#8801);
#7742=AXIS2_PLACEMENT_3D('',#10940,#8803,#8804);
#7743=AXIS2_PLACEMENT_3D('',#10944,#8806,#8807);
#7744=AXIS2_PLACEMENT_3D('',#10947,#8809,#8810);
#7745=AXIS2_PLACEMENT_3D('',#10952,#8812,#8813);
#7746=AXIS2_PLACEMENT_3D('',#10956,#8815,#8816);
#7747=AXIS2_PLACEMENT_3D('',#10960,#8818,#8819);
#7748=AXIS2_PLACEMENT_3D('',#10963,#8821,#8822);
#7749=AXIS2_PLACEMENT_3D('',#10964,#8823,#8824);
#7750=AXIS2_PLACEMENT_3D('',#10969,#8826,#8827);
#7751=AXIS2_PLACEMENT_3D('',#10973,#8829,#8830);
#7752=AXIS2_PLACEMENT_3D('',#10977,#8832,#8833);
#7753=AXIS2_PLACEMENT_3D('',#10980,#8835,#8836);
#7754=AXIS2_PLACEMENT_3D('',#10990,#8841,#8842);
#7755=AXIS2_PLACEMENT_3D('',#10994,#8844,#8845);
#7756=AXIS2_PLACEMENT_3D('',#10998,#8847,#8848);
#7757=AXIS2_PLACEMENT_3D('',#11002,#8850,#8851);
#7758=AXIS2_PLACEMENT_3D('',#11006,#8853,#8854);
#7759=AXIS2_PLACEMENT_3D('',#11010,#8856,#8857);
#7760=AXIS2_PLACEMENT_3D('',#11014,#8859,#8860);
#7761=AXIS2_PLACEMENT_3D('',#11018,#8862,#8863);
#7762=AXIS2_PLACEMENT_3D('',#11022,#8865,#8866);
#7763=AXIS2_PLACEMENT_3D('',#11026,#8868,#8869);
#7764=AXIS2_PLACEMENT_3D('',#11030,#8871,#8872);
#7765=AXIS2_PLACEMENT_3D('',#11036,#8875,#8876);
#7766=AXIS2_PLACEMENT_3D('',#11040,#8878,#8879);
#7767=AXIS2_PLACEMENT_3D('',#11044,#8881,#8882);
#7768=AXIS2_PLACEMENT_3D('',#11047,#8884,#8885);
#7769=AXIS2_PLACEMENT_3D('',#11050,#8886,#8887);
#7770=AXIS2_PLACEMENT_3D('',#11054,#8889,#8890);
#7771=AXIS2_PLACEMENT_3D('',#11058,#8892,#8893);
#7772=AXIS2_PLACEMENT_3D('',#11062,#8895,#8896);
#7773=AXIS2_PLACEMENT_3D('',#11064,#8898,#8899);
#7774=AXIS2_PLACEMENT_3D('',#11073,#8904,#8905);
#7775=AXIS2_PLACEMENT_3D('',#11087,#8913,#8914);
#7776=AXIS2_PLACEMENT_3D('',#11131,#8937,#8938);
#7777=AXIS2_PLACEMENT_3D('',#11143,#8944,#8945);
#7778=AXIS2_PLACEMENT_3D('',#11145,#8946,#8947);
#7779=AXIS2_PLACEMENT_3D('',#11176,#8964,#8965);
#7780=AXIS2_PLACEMENT_3D('',#11182,#8969,#8970);
#7781=AXIS2_PLACEMENT_3D('',#11186,#8973,#8974);
#7782=AXIS2_PLACEMENT_3D('',#11195,#8979,#8980);
#7783=AXIS2_PLACEMENT_3D('',#11204,#8985,#8986);
#7784=AXIS2_PLACEMENT_3D('',#11208,#8989,#8990);
#7785=AXIS2_PLACEMENT_3D('',#11214,#8994,#8995);
#7786=AXIS2_PLACEMENT_3D('',#11224,#9001,#9002);
#7787=AXIS2_PLACEMENT_3D('',#11243,#9016,#9017);
#7788=AXIS2_PLACEMENT_3D('',#11247,#9020,#9021);
#7789=AXIS2_PLACEMENT_3D('',#11260,#9029,#9030);
#7790=AXIS2_PLACEMENT_3D('',#11262,#9032,#9033);
#7791=AXIS2_PLACEMENT_3D('',#11267,#9037,#9038);
#7792=AXIS2_PLACEMENT_3D('',#11268,#9039,#9040);
#7793=AXIS2_PLACEMENT_3D('',#11272,#9043,#9044);
#7794=AXIS2_PLACEMENT_3D('',#11277,#9048,#9049);
#7795=AXIS2_PLACEMENT_3D('',#11295,#9059,#9060);
#7796=AXIS2_PLACEMENT_3D('',#11305,#9066,#9067);
#7797=AXIS2_PLACEMENT_3D('',#11309,#9070,#9071);
#7798=AXIS2_PLACEMENT_3D('',#11392,#9091,#9092);
#7799=AXIS2_PLACEMENT_3D('',#11396,#9094,#9095);
#7800=AXIS2_PLACEMENT_3D('',#11400,#9097,#9098);
#7801=AXIS2_PLACEMENT_3D('',#11403,#9100,#9101);
#7802=AXIS2_PLACEMENT_3D('',#11404,#9102,#9103);
#7803=AXIS2_PLACEMENT_3D('',#11416,#9110,#9111);
#7804=AXIS2_PLACEMENT_3D('',#11420,#9114,#9115);
#7805=AXIS2_PLACEMENT_3D('',#11426,#9119,#9120);
#7806=AXIS2_PLACEMENT_3D('',#11448,#9134,#9135);
#7807=AXIS2_PLACEMENT_3D('',#11457,#9140,#9141);
#7808=AXIS2_PLACEMENT_3D('',#11475,#9151,#9152);
#7809=AXIS2_PLACEMENT_3D('',#11481,#9156,#9157);
#7810=AXIS2_PLACEMENT_3D('',#11507,#9171,#9172);
#7811=AXIS2_PLACEMENT_3D('',#11511,#9174,#9175);
#7812=AXIS2_PLACEMENT_3D('',#11522,#9183,#9184);
#7813=AXIS2_PLACEMENT_3D('',#11524,#9186,#9187);
#7814=AXIS2_PLACEMENT_3D('',#11527,#9188,#9189);
#7815=AXIS2_PLACEMENT_3D('',#11531,#9191,#9192);
#7816=AXIS2_PLACEMENT_3D('',#11533,#9194,#9195);
#7817=AXIS2_PLACEMENT_3D('',#11539,#9199,#9200);
#7818=AXIS2_PLACEMENT_3D('',#11551,#9207,#9208);
#7819=AXIS2_PLACEMENT_3D('',#11552,#9209,#9210);
#7820=AXIS2_PLACEMENT_3D('',#11555,#9211,#9212);
#7821=AXIS2_PLACEMENT_3D('',#11559,#9214,#9215);
#7822=AXIS2_PLACEMENT_3D('',#11561,#9217,#9218);
#7823=AXIS2_PLACEMENT_3D('',#11564,#9221,#9222);
#7824=AXIS2_PLACEMENT_3D('',#11568,#9224,#9225);
#7825=AXIS2_PLACEMENT_3D('',#11579,#9232,#9233);
#7826=AXIS2_PLACEMENT_3D('',#11582,#9234,#9235);
#7827=AXIS2_PLACEMENT_3D('',#11586,#9237,#9238);
#7828=AXIS2_PLACEMENT_3D('',#11588,#9240,#9241);
#7829=AXIS2_PLACEMENT_3D('',#11591,#9244,#9245);
#7830=AXIS2_PLACEMENT_3D('',#11595,#9247,#9248);
#7831=AXIS2_PLACEMENT_3D('',#11605,#9254,#9255);
#7832=AXIS2_PLACEMENT_3D('',#11618,#9262,#9263);
#7833=AXIS2_PLACEMENT_3D('',#11620,#9265,#9266);
#7834=AXIS2_PLACEMENT_3D('',#11633,#9273,#9274);
#7835=AXIS2_PLACEMENT_3D('',#11635,#9276,#9277);
#7836=AXIS2_PLACEMENT_3D('',#11637,#9279,#9280);
#7837=AXIS2_PLACEMENT_3D('',#11639,#9282,#9283);
#7838=AXIS2_PLACEMENT_3D('',#11641,#9284,#9285);
#7839=AXIS2_PLACEMENT_3D('',#11653,#9293,#9294);
#7840=AXIS2_PLACEMENT_3D('',#11655,#9296,#9297);
#7841=AXIS2_PLACEMENT_3D('',#11657,#9299,#9300);
#7842=AXIS2_PLACEMENT_3D('',#11659,#9302,#9303);
#7843=AXIS2_PLACEMENT_3D('',#11661,#9305,#9306);
#7844=AXIS2_PLACEMENT_3D('',#11663,#9308,#9309);
#7845=AXIS2_PLACEMENT_3D('',#11665,#9311,#9312);
#7846=AXIS2_PLACEMENT_3D('',#11666,#9313,#9314);
#7847=AXIS2_PLACEMENT_3D('',#11669,#9317,#9318);
#7848=AXIS2_PLACEMENT_3D('',#11670,#9319,#9320);
#7849=AXIS2_PLACEMENT_3D('',#11673,#9323,#9324);
#7850=AXIS2_PLACEMENT_3D('',#11674,#9325,#9326);
#7851=AXIS2_PLACEMENT_3D('',#11677,#9329,#9330);
#7852=AXIS2_PLACEMENT_3D('',#11678,#9331,#9332);
#7853=AXIS2_PLACEMENT_3D('',#11680,#9334,#9335);
#7854=AXIS2_PLACEMENT_3D('',#11682,#9337,#9338);
#7855=AXIS2_PLACEMENT_3D('',#11684,#9340,#9341);
#7856=AXIS2_PLACEMENT_3D('',#11685,#9342,#9343);
#7857=AXIS2_PLACEMENT_3D('',#11686,#9344,#9345);
#7858=AXIS2_PLACEMENT_3D('',#11687,#9346,#9347);
#7859=AXIS2_PLACEMENT_3D('',#11688,#9348,#9349);
#7860=AXIS2_PLACEMENT_3D('',#11692,#9352,#9353);
#7861=AXIS2_PLACEMENT_3D('',#11694,#9355,#9356);
#7862=AXIS2_PLACEMENT_3D('',#11697,#9359,#9360);
#7863=AXIS2_PLACEMENT_3D('',#11698,#9361,#9362);
#7864=AXIS2_PLACEMENT_3D('',#11707,#9368,#9369);
#7865=AXIS2_PLACEMENT_3D('',#11711,#9371,#9372);
#7866=AXIS2_PLACEMENT_3D('',#11714,#9374,#9375);
#7867=AXIS2_PLACEMENT_3D('',#11716,#9376,#9377);
#7868=AXIS2_PLACEMENT_3D('',#11719,#9379,#9380);
#7869=AXIS2_PLACEMENT_3D('',#11720,#9381,#9382);
#7870=AXIS2_PLACEMENT_3D('',#11721,#9383,#9384);
#7871=AXIS2_PLACEMENT_3D('',#11725,#9387,#9388);
#7872=AXIS2_PLACEMENT_3D('',#11727,#9390,#9391);
#7873=AXIS2_PLACEMENT_3D('',#11729,#9392,#9393);
#7874=AXIS2_PLACEMENT_3D('',#11731,#9394,#9395);
#7875=AXIS2_PLACEMENT_3D('',#11732,#9396,#9397);
#7876=AXIS2_PLACEMENT_3D('',#11733,#9398,#9399);
#7877=AXIS2_PLACEMENT_3D('',#11735,#9400,#9401);
#7878=AXIS2_PLACEMENT_3D('',#11737,#9403,#9404);
#7879=AXIS2_PLACEMENT_3D('',#11739,#9405,#9406);
#7880=AXIS2_PLACEMENT_3D('',#11740,#9407,#9408);
#7881=AXIS2_PLACEMENT_3D('',#11741,#9409,#9410);
#7882=AXIS2_PLACEMENT_3D('',#11743,#9411,#9412);
#7883=AXIS2_PLACEMENT_3D('',#11745,#9414,#9415);
#7884=AXIS2_PLACEMENT_3D('',#11747,#9416,#9417);
#7885=AXIS2_PLACEMENT_3D('',#11748,#9418,#9419);
#7886=AXIS2_PLACEMENT_3D('',#11749,#9420,#9421);
#7887=AXIS2_PLACEMENT_3D('',#11751,#9422,#9423);
#7888=AXIS2_PLACEMENT_3D('',#11753,#9425,#9426);
#7889=AXIS2_PLACEMENT_3D('',#11755,#9427,#9428);
#7890=AXIS2_PLACEMENT_3D('',#11756,#9429,#9430);
#7891=AXIS2_PLACEMENT_3D('',#11757,#9431,#9432);
#7892=AXIS2_PLACEMENT_3D('',#11759,#9434,#9435);
#7893=AXIS2_PLACEMENT_3D('',#11762,#9438,#9439);
#7894=AXIS2_PLACEMENT_3D('',#11764,#9441,#9442);
#7895=AXIS2_PLACEMENT_3D('',#11766,#9444,#9445);
#7896=AXIS2_PLACEMENT_3D('',#11768,#9447,#9448);
#7897=AXIS2_PLACEMENT_3D('',#11770,#9449,#9450);
#7898=AXIS2_PLACEMENT_3D('',#11772,#9451,#9452);
#7899=AXIS2_PLACEMENT_3D('',#11773,#9453,#9454);
#7900=AXIS2_PLACEMENT_3D('',#11774,#9455,#9456);
#7901=AXIS2_PLACEMENT_3D('',#11776,#9457,#9458);
#7902=AXIS2_PLACEMENT_3D('',#11778,#9460,#9461);
#7903=AXIS2_PLACEMENT_3D('',#11780,#9462,#9463);
#7904=AXIS2_PLACEMENT_3D('',#11781,#9464,#9465);
#7905=AXIS2_PLACEMENT_3D('',#11782,#9466,#9467);
#7906=AXIS2_PLACEMENT_3D('',#11784,#9468,#9469);
#7907=AXIS2_PLACEMENT_3D('',#11786,#9471,#9472);
#7908=AXIS2_PLACEMENT_3D('',#11788,#9473,#9474);
#7909=AXIS2_PLACEMENT_3D('',#11789,#9475,#9476);
#7910=AXIS2_PLACEMENT_3D('',#11790,#9477,#9478);
#7911=AXIS2_PLACEMENT_3D('',#11792,#9479,#9480);
#7912=AXIS2_PLACEMENT_3D('',#11794,#9482,#9483);
#7913=AXIS2_PLACEMENT_3D('',#11796,#9484,#9485);
#7914=AXIS2_PLACEMENT_3D('',#11797,#9486,#9487);
#7915=AXIS2_PLACEMENT_3D('',#11798,#9488,#9489);
#7916=AXIS2_PLACEMENT_3D('',#11800,#9491,#9492);
#7917=AXIS2_PLACEMENT_3D('',#11803,#9495,#9496);
#7918=AXIS2_PLACEMENT_3D('',#11805,#9498,#9499);
#7919=AXIS2_PLACEMENT_3D('',#11807,#9501,#9502);
#7920=AXIS2_PLACEMENT_3D('',#11809,#9504,#9505);
#7921=AXIS2_PLACEMENT_3D('',#11811,#9506,#9507);
#7922=AXIS2_PLACEMENT_3D('',#11814,#9509,#9510);
#7923=AXIS2_PLACEMENT_3D('',#11815,#9511,#9512);
#7924=AXIS2_PLACEMENT_3D('',#11817,#9513,#9514);
#7925=AXIS2_PLACEMENT_3D('',#11818,#9515,#9516);
#7926=AXIS2_PLACEMENT_3D('',#11819,#9517,#9518);
#7927=AXIS2_PLACEMENT_3D('',#11821,#9519,#9520);
#7928=AXIS2_PLACEMENT_3D('',#11823,#9522,#9523);
#7929=AXIS2_PLACEMENT_3D('',#11825,#9524,#9525);
#7930=AXIS2_PLACEMENT_3D('',#11826,#9526,#9527);
#7931=AXIS2_PLACEMENT_3D('',#11827,#9528,#9529);
#7932=AXIS2_PLACEMENT_3D('',#11829,#9530,#9531);
#7933=AXIS2_PLACEMENT_3D('',#11831,#9533,#9534);
#7934=AXIS2_PLACEMENT_3D('',#11833,#9535,#9536);
#7935=AXIS2_PLACEMENT_3D('',#11834,#9537,#9538);
#7936=AXIS2_PLACEMENT_3D('',#11835,#9539,#9540);
#7937=AXIS2_PLACEMENT_3D('',#11837,#9541,#9542);
#7938=AXIS2_PLACEMENT_3D('',#11839,#9544,#9545);
#7939=AXIS2_PLACEMENT_3D('',#11840,#9546,#9547);
#7940=AXIS2_PLACEMENT_3D('',#11841,#9548,#9549);
#7941=AXIS2_PLACEMENT_3D('',#11844,#9552,#9553);
#7942=AXIS2_PLACEMENT_3D('',#11846,#9555,#9556);
#7943=AXIS2_PLACEMENT_3D('',#11848,#9558,#9559);
#7944=AXIS2_PLACEMENT_3D('',#11850,#9561,#9562);
#7945=AXIS2_PLACEMENT_3D('',#11852,#9563,#9564);
#7946=AXIS2_PLACEMENT_3D('',#11854,#9565,#9566);
#7947=AXIS2_PLACEMENT_3D('',#11855,#9567,#9568);
#7948=AXIS2_PLACEMENT_3D('',#11856,#9569,#9570);
#7949=AXIS2_PLACEMENT_3D('',#11858,#9571,#9572);
#7950=AXIS2_PLACEMENT_3D('',#11860,#9574,#9575);
#7951=AXIS2_PLACEMENT_3D('',#11862,#9576,#9577);
#7952=AXIS2_PLACEMENT_3D('',#11863,#9578,#9579);
#7953=AXIS2_PLACEMENT_3D('',#11864,#9580,#9581);
#7954=AXIS2_PLACEMENT_3D('',#11866,#9582,#9583);
#7955=AXIS2_PLACEMENT_3D('',#11868,#9585,#9586);
#7956=AXIS2_PLACEMENT_3D('',#11870,#9587,#9588);
#7957=AXIS2_PLACEMENT_3D('',#11871,#9589,#9590);
#7958=AXIS2_PLACEMENT_3D('',#11872,#9591,#9592);
#7959=AXIS2_PLACEMENT_3D('',#11874,#9593,#9594);
#7960=AXIS2_PLACEMENT_3D('',#11876,#9596,#9597);
#7961=AXIS2_PLACEMENT_3D('',#11878,#9598,#9599);
#7962=AXIS2_PLACEMENT_3D('',#11879,#9600,#9601);
#7963=AXIS2_PLACEMENT_3D('',#11880,#9602,#9603);
#7964=AXIS2_PLACEMENT_3D('',#11882,#9605,#9606);
#7965=AXIS2_PLACEMENT_3D('',#11885,#9609,#9610);
#7966=AXIS2_PLACEMENT_3D('',#11887,#9612,#9613);
#7967=AXIS2_PLACEMENT_3D('',#11889,#9615,#9616);
#7968=AXIS2_PLACEMENT_3D('',#11891,#9618,#9619);
#7969=AXIS2_PLACEMENT_3D('',#11893,#9620,#9621);
#7970=AXIS2_PLACEMENT_3D('',#11895,#9623,#9624);
#7971=AXIS2_PLACEMENT_3D('',#11898,#9626,#9627);
#7972=AXIS2_PLACEMENT_3D('',#11899,#9628,#9629);
#7973=AXIS2_PLACEMENT_3D('',#11901,#9630,#9631);
#7974=AXIS2_PLACEMENT_3D('',#11902,#9632,#9633);
#7975=AXIS2_PLACEMENT_3D('',#11903,#9634,#9635);
#7976=AXIS2_PLACEMENT_3D('',#11905,#9636,#9637);
#7977=AXIS2_PLACEMENT_3D('',#11907,#9639,#9640);
#7978=AXIS2_PLACEMENT_3D('',#11909,#9641,#9642);
#7979=AXIS2_PLACEMENT_3D('',#11910,#9643,#9644);
#7980=AXIS2_PLACEMENT_3D('',#11911,#9645,#9646);
#7981=AXIS2_PLACEMENT_3D('',#11913,#9647,#9648);
#7982=AXIS2_PLACEMENT_3D('',#11915,#9650,#9651);
#7983=AXIS2_PLACEMENT_3D('',#11916,#9652,#9653);
#7984=AXIS2_PLACEMENT_3D('',#11917,#9654,#9655);
#7985=AXIS2_PLACEMENT_3D('',#11920,#9658,#9659);
#7986=AXIS2_PLACEMENT_3D('',#11922,#9661,#9662);
#7987=AXIS2_PLACEMENT_3D('',#11924,#9664,#9665);
#7988=AXIS2_PLACEMENT_3D('',#11926,#9667,#9668);
#7989=AXIS2_PLACEMENT_3D('',#11928,#9670,#9671);
#7990=AXIS2_PLACEMENT_3D('',#11930,#9673,#9674);
#7991=AXIS2_PLACEMENT_3D('',#11932,#9676,#9677);
#7992=AXIS2_PLACEMENT_3D('',#11933,#9678,#9679);
#7993=AXIS2_PLACEMENT_3D('',#11935,#9681,#9682);
#7994=AXIS2_PLACEMENT_3D('',#11937,#9684,#9685);
#7995=AXIS2_PLACEMENT_3D('',#11939,#9687,#9688);
#7996=AXIS2_PLACEMENT_3D('',#11940,#9689,#9690);
#7997=AXIS2_PLACEMENT_3D('',#11942,#9692,#9693);
#7998=AXIS2_PLACEMENT_3D('',#11944,#9695,#9696);
#7999=AXIS2_PLACEMENT_3D('',#11946,#9698,#9699);
#8000=AXIS2_PLACEMENT_3D('',#11947,#9700,#9701);
#8001=AXIS2_PLACEMENT_3D('',#11950,#9704,#9705);
#8002=AXIS2_PLACEMENT_3D('',#11951,#9706,#9707);
#8003=AXIS2_PLACEMENT_3D('',#11953,#9709,#9710);
#8004=AXIS2_PLACEMENT_3D('',#11954,#9711,#9712);
#8005=AXIS2_PLACEMENT_3D('',#11956,#9714,#9715);
#8006=AXIS2_PLACEMENT_3D('',#11958,#9717,#9718);
#8007=AXIS2_PLACEMENT_3D('',#11960,#9720,#9721);
#8008=AXIS2_PLACEMENT_3D('',#11961,#9722,#9723);
#8009=AXIS2_PLACEMENT_3D('',#11962,#9724,#9725);
#8010=AXIS2_PLACEMENT_3D('',#11964,#9727,#9728);
#8011=AXIS2_PLACEMENT_3D('',#11968,#9731,#9732);
#8012=AXIS2_PLACEMENT_3D('',#11978,#9737,#9738);
#8013=AXIS2_PLACEMENT_3D('',#11982,#9740,#9741);
#8014=AXIS2_PLACEMENT_3D('',#11986,#9743,#9744);
#8015=AXIS2_PLACEMENT_3D('',#11989,#9746,#9747);
#8016=AXIS2_PLACEMENT_3D('',#12022,#9750,#9751);
#8017=AXIS2_PLACEMENT_3D('',#12029,#9755,#9756);
#8018=AXIS2_PLACEMENT_3D('',#12030,#9757,#9758);
#8019=AXIS2_PLACEMENT_3D('',#12032,#9759,#9760);
#8020=AXIS2_PLACEMENT_3D('',#12035,#9762,#9763);
#8021=AXIS2_PLACEMENT_3D('',#12036,#9764,#9765);
#8022=AXIS2_PLACEMENT_3D('',#12037,#9766,#9767);
#8023=AXIS2_PLACEMENT_3D('',#12039,#9769,#9770);
#8024=AXIS2_PLACEMENT_3D('',#12046,#9775,#9776);
#8025=AXIS2_PLACEMENT_3D('',#12063,#9785,#9786);
#8026=AXIS2_PLACEMENT_3D('',#12068,#9790,#9791);
#8027=AXIS2_PLACEMENT_3D('',#12070,#9792,#9793);
#8028=AXIS2_PLACEMENT_3D('',#12072,#9794,#9795);
#8029=AXIS2_PLACEMENT_3D('',#12073,#9796,#9797);
#8030=AXIS2_PLACEMENT_3D('',#12074,#9798,#9799);
#8031=AXIS2_PLACEMENT_3D('',#12076,#9800,#9801);
#8032=AXIS2_PLACEMENT_3D('',#12078,#9803,#9804);
#8033=AXIS2_PLACEMENT_3D('',#12082,#9806,#9807);
#8034=AXIS2_PLACEMENT_3D('',#12083,#9808,#9809);
#8035=AXIS2_PLACEMENT_3D('',#12084,#9810,#9811);
#8036=AXIS2_PLACEMENT_3D('',#12087,#9813,#9814);
#8037=AXIS2_PLACEMENT_3D('',#12088,#9815,#9816);
#8038=AXIS2_PLACEMENT_3D('',#12091,#9818,#9819);
#8039=AXIS2_PLACEMENT_3D('',#12092,#9820,#9821);
#8040=AXIS2_PLACEMENT_3D('',#12094,#9823,#9824);
#8041=AXIS2_PLACEMENT_3D('',#12096,#9825,#9826);
#8042=AXIS2_PLACEMENT_3D('',#12098,#9828,#9829);
#8043=AXIS2_PLACEMENT_3D('',#12100,#9830,#9831);
#8044=AXIS2_PLACEMENT_3D('',#12103,#9833,#9834);
#8045=AXIS2_PLACEMENT_3D('',#12105,#9835,#9836);
#8046=AXIS2_PLACEMENT_3D('',#12110,#9840,#9841);
#8047=AXIS2_PLACEMENT_3D('',#12142,#9843,#9844);
#8048=AXIS2_PLACEMENT_3D('',#12143,#9845,#9846);
#8049=AXIS2_PLACEMENT_3D('',#12144,#9847,#9848);
#8050=AXIS2_PLACEMENT_3D('',#12145,#9849,#9850);
#8051=AXIS2_PLACEMENT_3D('',#12176,#9851,#9852);
#8052=AXIS2_PLACEMENT_3D('',#12207,#9853,#9854);
#8053=AXIS2_PLACEMENT_3D('',#12208,#9855,#9856);
#8054=AXIS2_PLACEMENT_3D('',#12209,#9857,#9858);
#8055=AXIS2_PLACEMENT_3D('',#12240,#9859,#9860);
#8056=AXIS2_PLACEMENT_3D('',#12241,#9861,#9862);
#8057=AXIS2_PLACEMENT_3D('',#12242,#9863,#9864);
#8058=AXIS2_PLACEMENT_3D('',#12243,#9865,#9866);
#8059=AXIS2_PLACEMENT_3D('',#12244,#9867,#9868);
#8060=AXIS2_PLACEMENT_3D('',#12245,#9869,#9870);
#8061=AXIS2_PLACEMENT_3D('',#12246,#9871,#9872);
#8062=AXIS2_PLACEMENT_3D('',#12247,#9873,#9874);
#8063=AXIS2_PLACEMENT_3D('',#12248,#9875,#9876);
#8064=AXIS2_PLACEMENT_3D('',#12249,#9877,#9878);
#8065=AXIS2_PLACEMENT_3D('',#12250,#9879,#9880);
#8066=AXIS2_PLACEMENT_3D('',#12251,#9881,#9882);
#8067=AXIS2_PLACEMENT_3D('',#12252,#9883,#9884);
#8068=AXIS2_PLACEMENT_3D('',#12253,#9885,#9886);
#8069=AXIS2_PLACEMENT_3D('',#12254,#9887,#9888);
#8070=AXIS2_PLACEMENT_3D('',#12255,#9889,#9890);
#8071=AXIS2_PLACEMENT_3D('',#12256,#9891,#9892);
#8072=AXIS2_PLACEMENT_3D('',#12262,#9896,#9897);
#8073=AXIS2_PLACEMENT_3D('',#12266,#9900,#9901);
#8074=AXIS2_PLACEMENT_3D('',#12270,#9904,#9905);
#8075=AXIS2_PLACEMENT_3D('',#12272,#9907,#9908);
#8076=AXIS2_PLACEMENT_3D('',#12278,#9912,#9913);
#8077=AXIS2_PLACEMENT_3D('',#12284,#9917,#9918);
#8078=AXIS2_PLACEMENT_3D('',#12293,#9923,#9924);
#8079=AXIS2_PLACEMENT_3D('',#12302,#9929,#9930);
#8080=AXIS2_PLACEMENT_3D('',#12311,#9935,#9936);
#8081=AXIS2_PLACEMENT_3D('',#12317,#9940,#9941);
#8082=AXIS2_PLACEMENT_3D('',#12323,#9945,#9946);
#8083=AXIS2_PLACEMENT_3D('',#12326,#9949,#9950);
#8084=AXIS2_PLACEMENT_3D('',#12327,#9951,#9952);
#8085=AXIS2_PLACEMENT_3D('',#12333,#9956,#9957);
#8086=AXIS2_PLACEMENT_3D('',#12336,#9960,#9961);
#8087=AXIS2_PLACEMENT_3D('',#12337,#9962,#9963);
#8088=AXIS2_PLACEMENT_3D('',#12343,#9967,#9968);
#8089=AXIS2_PLACEMENT_3D('',#12346,#9971,#9972);
#8090=AXIS2_PLACEMENT_3D('',#12347,#9973,#9974);
#8091=AXIS2_PLACEMENT_3D('',#12356,#9979,#9980);
#8092=AXIS2_PLACEMENT_3D('',#12359,#9983,#9984);
#8093=AXIS2_PLACEMENT_3D('',#12361,#9986,#9987);
#8094=AXIS2_PLACEMENT_3D('',#12370,#9992,#9993);
#8095=AXIS2_PLACEMENT_3D('',#12373,#9996,#9997);
#8096=AXIS2_PLACEMENT_3D('',#12375,#9999,#10000);
#8097=AXIS2_PLACEMENT_3D('',#12384,#10005,#10006);
#8098=AXIS2_PLACEMENT_3D('',#12387,#10009,#10010);
#8099=AXIS2_PLACEMENT_3D('',#12389,#10012,#10013);
#8100=AXIS2_PLACEMENT_3D('',#12391,#10015,#10016);
#8101=AXIS2_PLACEMENT_3D('',#12393,#10018,#10019);
#8102=AXIS2_PLACEMENT_3D('',#12394,#10020,#10021);
#8103=AXIS2_PLACEMENT_3D('',#12395,#10022,#10023);
#8104=AXIS2_PLACEMENT_3D('',#12396,#10024,#10025);
#8105=AXIS2_PLACEMENT_3D('',#12398,#10027,#10028);
#8106=AXIS2_PLACEMENT_3D('',#12400,#10030,#10031);
#8107=AXIS2_PLACEMENT_3D('',#12401,#10032,#10033);
#8108=AXIS2_PLACEMENT_3D('',#12402,#10034,#10035);
#8109=AXIS2_PLACEMENT_3D('',#12406,#10038,#10039);
#8110=AXIS2_PLACEMENT_3D('',#12414,#10044,#10045);
#8111=AXIS2_PLACEMENT_3D('',#12420,#10049,#10050);
#8112=AXIS2_PLACEMENT_3D('',#12426,#10054,#10055);
#8113=AXIS2_PLACEMENT_3D('',#12432,#10059,#10060);
#8114=AXIS2_PLACEMENT_3D('',#12436,#10063,#10064);
#8115=AXIS2_PLACEMENT_3D('',#12440,#10067,#10068);
#8116=AXIS2_PLACEMENT_3D('',#12442,#10070,#10071);
#8117=AXIS2_PLACEMENT_3D('',#12444,#10073,#10074);
#8118=AXIS2_PLACEMENT_3D('',#12446,#10076,#10077);
#8119=AXIS2_PLACEMENT_3D('',#12447,#10078,#10079);
#8120=AXIS2_PLACEMENT_3D('',#12449,#10080,#10081);
#8121=AXIS2_PLACEMENT_3D('',#12452,#10083,#10084);
#8122=AXIS2_PLACEMENT_3D('',#12453,#10085,#10086);
#8123=AXIS2_PLACEMENT_3D('',#12456,#10088,#10089);
#8124=AXIS2_PLACEMENT_3D('',#12457,#10090,#10091);
#8125=AXIS2_PLACEMENT_3D('',#12460,#10093,#10094);
#8126=AXIS2_PLACEMENT_3D('',#12461,#10095,#10096);
#8127=AXIS2_PLACEMENT_3D('',#12463,#10098,#10099);
#8128=AXIS2_PLACEMENT_3D('',#12466,#10102,#10103);
#8129=AXIS2_PLACEMENT_3D('',#12468,#10105,#10106);
#8130=AXIS2_PLACEMENT_3D('',#12470,#10108,#10109);
#8131=AXIS2_PLACEMENT_3D('',#12471,#10110,#10111);
#8132=AXIS2_PLACEMENT_3D('',#12473,#10113,#10114);
#8133=AXIS2_PLACEMENT_3D('',#12474,#10115,#10116);
#8134=AXIS2_PLACEMENT_3D('',#12475,#10117,#10118);
#8135=AXIS2_PLACEMENT_3D('',#12477,#10120,#10121);
#8136=AXIS2_PLACEMENT_3D('',#12479,#10123,#10124);
#8137=AXIS2_PLACEMENT_3D('',#12480,#10125,#10126);
#8138=AXIS2_PLACEMENT_3D('',#12481,#10127,#10128);
#8139=AXIS2_PLACEMENT_3D('',#12482,#10129,#10130);
#8140=AXIS2_PLACEMENT_3D('',#12483,#10131,#10132);
#8141=AXIS2_PLACEMENT_3D('',#12489,#10136,#10137);
#8142=AXIS2_PLACEMENT_3D('',#12493,#10140,#10141);
#8143=AXIS2_PLACEMENT_3D('',#12499,#10145,#10146);
#8144=AXIS2_PLACEMENT_3D('',#12503,#10149,#10150);
#8145=AXIS2_PLACEMENT_3D('',#12507,#10153,#10154);
#8146=AXIS2_PLACEMENT_3D('',#12509,#10156,#10157);
#8147=AXIS2_PLACEMENT_3D('',#12513,#10160,#10161);
#8148=AXIS2_PLACEMENT_3D('',#12515,#10163,#10164);
#8149=DIRECTION('axis',(0.,0.,1.));
#8150=DIRECTION('refdir',(1.,0.,0.));
#8151=DIRECTION('center_axis',(1.,3.79188953143523E-13,-2.03540887848338E-15));
#8152=DIRECTION('ref_axis',(-3.79188953143523E-13,1.,-1.02278791016965E-14));
#8153=DIRECTION('',(3.79188953143523E-13,-1.,-2.45160620380685E-14));
#8154=DIRECTION('',(2.03540887847945E-15,1.03620815631681E-14,1.));
#8155=DIRECTION('',(-3.79188953143523E-13,1.,2.45160620380685E-14));
#8156=DIRECTION('',(2.03540887847945E-15,1.03620815631681E-14,1.));
#8157=DIRECTION('center_axis',(3.22924256872928E-13,-1.,1.03620815631675E-14));
#8158=DIRECTION('ref_axis',(1.,3.22924256872928E-13,-1.99995879988498E-15));
#8159=DIRECTION('',(-1.,-3.22924256872929E-13,-1.8237289708487E-14));
#8160=DIRECTION('',(1.,3.22924256872929E-13,1.8237289708487E-14));
#8161=DIRECTION('',(2.03540887847945E-15,1.03620815631681E-14,1.));
#8162=DIRECTION('center_axis',(-1.,-3.79188953143523E-13,2.03540887848338E-15));
#8163=DIRECTION('ref_axis',(3.79188953143523E-13,-1.,1.02278791016965E-14));
#8164=DIRECTION('',(-3.79188953143523E-13,1.,2.45160620380685E-14));
#8165=DIRECTION('',(3.79188953143523E-13,-1.,-2.45160620380685E-14));
#8166=DIRECTION('',(2.03540887847945E-15,1.03620815631681E-14,1.));
#8167=DIRECTION('center_axis',(-3.22924256872928E-13,1.,-1.03620815631675E-14));
#8168=DIRECTION('ref_axis',(-1.,-3.22924256872928E-13,1.99995879988498E-15));
#8169=DIRECTION('',(1.,3.22924256872929E-13,1.8237289708487E-14));
#8170=DIRECTION('',(-1.,-3.22924256872929E-13,-1.8237289708487E-14));
#8171=DIRECTION('center_axis',(1.98080572385995E-14,1.,-1.03620815631682E-14));
#8172=DIRECTION('ref_axis',(-1.,1.98080572385996E-14,1.99995879988148E-15));
#8173=DIRECTION('',(1.,-1.98080572385993E-14,1.82372897084786E-14));
#8174=DIRECTION('',(2.22044604925031E-15,1.03620815631681E-14,1.));
#8175=DIRECTION('',(-1.,1.98080572385993E-14,-1.82372897084786E-14));
#8176=DIRECTION('',(2.22044604925031E-15,1.03620815631681E-14,1.));
#8177=DIRECTION('center_axis',(1.,3.75818686434674E-14,-2.2204460492507E-15));
#8178=DIRECTION('ref_axis',(-3.75818686434675E-14,1.,-1.02278791016972E-14));
#8179=DIRECTION('',(3.75818686434674E-14,-1.,-2.45160620380747E-14));
#8180=DIRECTION('',(-3.75818686434674E-14,1.,2.45160620380747E-14));
#8181=DIRECTION('',(2.22044604925031E-15,1.03620815631681E-14,1.));
#8182=DIRECTION('center_axis',(-1.98080572385995E-14,-1.,1.03620815631682E-14));
#8183=DIRECTION('ref_axis',(1.,-1.98080572385996E-14,-1.99995879988148E-15));
#8184=DIRECTION('',(-1.,1.98080572385993E-14,-1.82372897084786E-14));
#8185=DIRECTION('',(1.,-1.98080572385993E-14,1.82372897084786E-14));
#8186=DIRECTION('',(2.22044604925031E-15,1.03620815631681E-14,1.));
#8187=DIRECTION('center_axis',(-1.,-3.75818686434674E-14,2.2204460492507E-15));
#8188=DIRECTION('ref_axis',(3.75818686434675E-14,-1.,1.02278791016972E-14));
#8189=DIRECTION('',(-3.75818686434674E-14,1.,2.45160620380747E-14));
#8190=DIRECTION('',(3.75818686434674E-14,-1.,-2.45160620380747E-14));
#8191=DIRECTION('center_axis',(-1.,-6.49104354034717E-14,1.48029736616755E-15));
#8192=DIRECTION('ref_axis',(6.49104354034717E-14,-1.,1.02278791016972E-14));
#8193=DIRECTION('',(-6.49104354034717E-14,1.,2.45160620380742E-14));
#8194=DIRECTION('',(1.48029736616688E-15,1.03620815631681E-14,1.));
#8195=DIRECTION('',(6.49104354034717E-14,-1.,-2.45160620380742E-14));
#8196=DIRECTION('',(1.48029736616688E-15,1.03620815631681E-14,1.));
#8197=DIRECTION('center_axis',(9.65745591544556E-15,1.,-1.03620815631681E-14));
#8198=DIRECTION('ref_axis',(-1.,9.65745591544558E-15,1.99995879988158E-15));
#8199=DIRECTION('',(1.,-9.65745591544537E-15,1.82372897084788E-14));
#8200=DIRECTION('',(-1.,9.65745591544537E-15,-1.82372897084788E-14));
#8201=DIRECTION('',(1.48029736616688E-15,1.03620815631681E-14,1.));
#8202=DIRECTION('center_axis',(1.,6.49104354034717E-14,-1.48029736616755E-15));
#8203=DIRECTION('ref_axis',(-6.49104354034717E-14,1.,-1.02278791016972E-14));
#8204=DIRECTION('',(6.49104354034717E-14,-1.,-2.45160620380742E-14));
#8205=DIRECTION('',(-6.49104354034717E-14,1.,2.45160620380742E-14));
#8206=DIRECTION('',(1.48029736616688E-15,1.03620815631681E-14,1.));
#8207=DIRECTION('center_axis',(-9.65745591544556E-15,-1.,1.03620815631681E-14));
#8208=DIRECTION('ref_axis',(1.,-9.65745591544558E-15,-1.99995879988158E-15));
#8209=DIRECTION('',(-1.,9.65745591544537E-15,-1.82372897084788E-14));
#8210=DIRECTION('',(1.,-9.65745591544537E-15,1.82372897084788E-14));
#8211=DIRECTION('center_axis',(-1.,-4.2018180328353E-13,1.48029736617123E-15));
#8212=DIRECTION('ref_axis',(4.2018180328353E-13,-1.,1.02278791016965E-14));
#8213=DIRECTION('',(-4.20181803283529E-13,1.,2.45160620380678E-14));
#8214=DIRECTION('',(1.48029736616688E-15,1.03620815631681E-14,1.));
#8215=DIRECTION('',(4.20181803283529E-13,-1.,-2.45160620380678E-14));
#8216=DIRECTION('',(1.48029736616688E-15,1.03620815631681E-14,1.));
#8217=DIRECTION('center_axis',(-3.85619204145873E-13,1.,-1.03620815631676E-14));
#8218=DIRECTION('ref_axis',(-1.,-3.85619204145873E-13,1.99995879988562E-15));
#8219=DIRECTION('',(1.,3.85619204145874E-13,1.82372897084885E-14));
#8220=DIRECTION('',(-1.,-3.85619204145874E-13,-1.82372897084885E-14));
#8221=DIRECTION('',(1.48029736616688E-15,1.03620815631681E-14,1.));
#8222=DIRECTION('center_axis',(1.,4.06517519903532E-13,-1.48029736617109E-15));
#8223=DIRECTION('ref_axis',(-4.06517519903532E-13,1.,-1.02278791016965E-14));
#8224=DIRECTION('',(4.06517519903532E-13,-1.,-2.4516062038068E-14));
#8225=DIRECTION('',(-4.06517519903532E-13,1.,2.4516062038068E-14));
#8226=DIRECTION('',(1.48029736616688E-15,1.03620815631681E-14,1.));
#8227=DIRECTION('center_axis',(3.96068362024702E-13,-1.,1.03620815631675E-14));
#8228=DIRECTION('ref_axis',(1.,3.96068362024702E-13,-1.99995879988573E-15));
#8229=DIRECTION('',(-1.,-3.96068362024702E-13,-1.82372897084888E-14));
#8230=DIRECTION('',(1.,3.96068362024702E-13,1.82372897084888E-14));
#8231=DIRECTION('center_axis',(1.,3.75818686434671E-14,-1.48029736616727E-15));
#8232=DIRECTION('ref_axis',(-3.75818686434671E-14,1.,-1.02278791016972E-14));
#8233=DIRECTION('',(3.75818686434671E-14,-1.,-2.45160620380747E-14));
#8234=DIRECTION('',(1.48029736616688E-15,1.03620815631681E-14,1.));
#8235=DIRECTION('',(-3.75818686434671E-14,1.,2.45160620380747E-14));
#8236=DIRECTION('',(1.48029736616688E-15,1.03620815631681E-14,1.));
#8237=DIRECTION('center_axis',(1.9898678386994E-14,-1.,1.03620815631681E-14));
#8238=DIRECTION('ref_axis',(1.,1.9898678386994E-14,-1.99995879988188E-15));
#8239=DIRECTION('',(-1.,-1.98986783869942E-14,-1.82372897084795E-14));
#8240=DIRECTION('',(1.,1.98986783869942E-14,1.82372897084795E-14));
#8241=DIRECTION('',(1.48029736616688E-15,1.03620815631681E-14,1.));
#8242=DIRECTION('center_axis',(-1.,-3.75818686434676E-14,1.48029736616727E-15));
#8243=DIRECTION('ref_axis',(3.75818686434677E-14,-1.,1.02278791016972E-14));
#8244=DIRECTION('',(-3.75818686434676E-14,1.,2.45160620380747E-14));
#8245=DIRECTION('',(3.75818686434676E-14,-1.,-2.45160620380747E-14));
#8246=DIRECTION('',(1.48029736616688E-15,1.03620815631681E-14,1.));
#8247=DIRECTION('center_axis',(1.14487952494817E-14,1.,-1.03620815631682E-14));
#8248=DIRECTION('ref_axis',(-1.,1.14487952494817E-14,1.99995879988156E-15));
#8249=DIRECTION('',(1.,-1.14487952494815E-14,1.82372897084788E-14));
#8250=DIRECTION('',(-1.,1.14487952494815E-14,-1.82372897084788E-14));
#8251=DIRECTION('center_axis',(-1.94289029309402E-15,-9.9920072216264E-15,
-1.));
#8252=DIRECTION('ref_axis',(-1.,0.,1.94289029309402E-15));
#8253=DIRECTION('',(-1.,1.00891517362796E-14,1.94289029309392E-15));
#8254=DIRECTION('',(3.75818686434675E-14,-1.,1.02278791016972E-14));
#8255=DIRECTION('',(1.,1.98986783869943E-14,-1.99995879988188E-15));
#8256=DIRECTION('',(-5.12461520234697E-14,1.,-1.02278791016971E-14));
#8257=DIRECTION('center_axis',(1.9898678386994E-14,-1.,9.99200722162636E-15));
#8258=DIRECTION('ref_axis',(-1.,-1.9898678386994E-14,1.99995879988188E-15));
#8259=DIRECTION('',(1.,1.98986783869942E-14,1.82372897084795E-14));
#8260=DIRECTION('',(-1.94289029309402E-15,-9.9920072216264E-15,-1.));
#8261=DIRECTION('',(-1.,-1.98986783869942E-14,-1.82372897084795E-14));
#8262=DIRECTION('',(-1.94289029309402E-15,-9.9920072216264E-15,-1.));
#8263=DIRECTION('center_axis',(-1.,-5.12461520234697E-14,1.94289029309453E-15));
#8264=DIRECTION('ref_axis',(-5.12461520234697E-14,1.,-1.02278791016971E-14));
#8265=DIRECTION('',(5.12461520234696E-14,-1.,-2.45160620380745E-14));
#8266=DIRECTION('',(-1.94289029309402E-15,-9.9920072216264E-15,-1.));
#8267=DIRECTION('',(-5.12461520234696E-14,1.,2.45160620380745E-14));
#8268=DIRECTION('center_axis',(-1.,-5.12461520234697E-14,1.94289029309453E-15));
#8269=DIRECTION('ref_axis',(-5.12461520234697E-14,1.,-1.02278791016971E-14));
#8270=DIRECTION('',(1.94289029309541E-15,-1.7119229218748E-14,1.));
#8271=DIRECTION('',(-1.94289029309402E-15,-9.9920072216264E-15,-1.));
#8272=DIRECTION('',(-5.12461520234696E-14,1.,1.71905500587107E-14));
#8273=DIRECTION('center_axis',(1.,3.75818686434675E-14,-1.9428902930944E-15));
#8274=DIRECTION('ref_axis',(3.75818686434675E-14,-1.,1.02278791016972E-14));
#8275=DIRECTION('',(-3.75818686434674E-14,1.,2.45160620380747E-14));
#8276=DIRECTION('',(3.75818686434674E-14,-1.,-2.45160620380747E-14));
#8277=DIRECTION('',(-1.94289029309402E-15,-9.9920072216264E-15,-1.));
#8278=DIRECTION('center_axis',(-1.98986783869943E-14,1.,-9.99200722162636E-15));
#8279=DIRECTION('ref_axis',(1.,1.98986783869943E-14,-1.99995879988188E-15));
#8280=DIRECTION('',(-1.,-1.98986783869945E-14,-1.82372897084795E-14));
#8281=DIRECTION('',(1.,1.98986783869945E-14,1.82372897084795E-14));
#8282=DIRECTION('center_axis',(-1.98986783869943E-14,1.,-9.99200722162636E-15));
#8283=DIRECTION('ref_axis',(1.,1.98986783869943E-14,-1.99995879988188E-15));
#8284=DIRECTION('',(1.,1.98986783869945E-14,1.7126193351423E-14));
#8285=DIRECTION('',(-1.94289029309402E-15,-9.9920072216264E-15,-1.));
#8286=DIRECTION('center_axis',(1.,3.75818686434675E-14,-1.9428902930944E-15));
#8287=DIRECTION('ref_axis',(3.75818686434675E-14,-1.,1.02278791016972E-14));
#8288=DIRECTION('',(-1.94289029309504E-15,1.7119229218748E-14,-1.));
#8289=DIRECTION('',(3.75818686434674E-14,-1.,-1.7190550058711E-14));
#8290=DIRECTION('center_axis',(-1.,-3.79188953143523E-13,1.94289029309781E-15));
#8291=DIRECTION('ref_axis',(-3.79188953143523E-13,1.,-1.02278791016965E-14));
#8292=DIRECTION('',(1.9428902931043E-15,-1.7119229218748E-14,1.));
#8293=DIRECTION('',(-3.79188953143523E-13,1.,-1.02278791016965E-14));
#8294=DIRECTION('',(-1.94289029309402E-15,-9.9920072216264E-15,-1.));
#8295=DIRECTION('',(-3.79188953143523E-13,1.,1.71905500587051E-14));
#8296=DIRECTION('center_axis',(1.,3.79188953143518E-13,-1.94289029309781E-15));
#8297=DIRECTION('ref_axis',(3.79188953143518E-13,-1.,1.02278791016965E-14));
#8298=DIRECTION('',(-1.9428902931043E-15,1.7119229218748E-14,-1.));
#8299=DIRECTION('',(3.79188953143518E-13,-1.,-1.71905500587051E-14));
#8300=DIRECTION('',(-1.94289029309402E-15,-9.9920072216264E-15,-1.));
#8301=DIRECTION('',(3.79188953143518E-13,-1.,1.02278791016965E-14));
#8302=DIRECTION('center_axis',(1.,3.79188953143518E-13,-1.94289029309781E-15));
#8303=DIRECTION('ref_axis',(3.79188953143518E-13,-1.,1.02278791016965E-14));
#8304=DIRECTION('',(-3.79188953143518E-13,1.,2.45160620380685E-14));
#8305=DIRECTION('',(-1.94289029309402E-15,-9.9920072216264E-15,-1.));
#8306=DIRECTION('',(3.79188953143518E-13,-1.,-2.45160620380685E-14));
#8307=DIRECTION('',(-1.94289029309402E-15,-9.9920072216264E-15,-1.));
#8308=DIRECTION('center_axis',(-3.22924256872928E-13,1.,-9.99200722162577E-15));
#8309=DIRECTION('ref_axis',(1.,3.22924256872928E-13,-1.99995879988498E-15));
#8310=DIRECTION('',(1.,3.22924256872928E-13,1.71261933514282E-14));
#8311=DIRECTION('',(1.,3.22924256872928E-13,-1.99995879988498E-15));
#8312=DIRECTION('center_axis',(-3.22924256872928E-13,1.,-9.99200722162577E-15));
#8313=DIRECTION('ref_axis',(1.,3.22924256872928E-13,-1.99995879988498E-15));
#8314=DIRECTION('',(-1.,-3.22924256872929E-13,-1.8237289708487E-14));
#8315=DIRECTION('',(1.,3.22924256872929E-13,1.8237289708487E-14));
#8316=DIRECTION('',(-1.94289029309402E-15,-9.9920072216264E-15,-1.));
#8317=DIRECTION('center_axis',(-1.,-3.79188953143523E-13,1.94289029309781E-15));
#8318=DIRECTION('ref_axis',(-3.79188953143523E-13,1.,-1.02278791016965E-14));
#8319=DIRECTION('',(3.79188953143523E-13,-1.,-2.45160620380685E-14));
#8320=DIRECTION('',(-3.79188953143523E-13,1.,2.45160620380685E-14));
#8321=DIRECTION('',(-1.94289029309402E-15,-9.9920072216264E-15,-1.));
#8322=DIRECTION('center_axis',(3.12475098994103E-13,-1.,9.99200722162579E-15));
#8323=DIRECTION('ref_axis',(-1.,-3.12475098994103E-13,1.99995879988487E-15));
#8324=DIRECTION('',(1.,3.12475098994103E-13,1.82372897084867E-14));
#8325=DIRECTION('',(-1.,-3.12475098994103E-13,-1.82372897084867E-14));
#8326=DIRECTION('center_axis',(-1.94289029309402E-15,-9.9920072216264E-15,
-1.));
#8327=DIRECTION('ref_axis',(-1.,0.,1.94289029309402E-15));
#8328=DIRECTION('',(-1.,1.00891517362796E-14,1.94289029309392E-15));
#8329=DIRECTION('center_axis',(-2.22044604925031E-15,-9.9920072216264E-15,
-1.));
#8330=DIRECTION('ref_axis',(-1.,0.,2.22044604925031E-15));
#8331=DIRECTION('',(-1.,1.00891517362796E-14,2.22044604925021E-15));
#8332=DIRECTION('',(2.39175852634653E-14,-1.,1.02278791016972E-14));
#8333=DIRECTION('',(1.,-2.18979531283084E-14,-1.99995879988146E-15));
#8334=DIRECTION('',(-2.39175852634653E-14,1.,-1.02278791016972E-14));
#8335=DIRECTION('center_axis',(-2.18979531283084E-14,-1.,9.99200722162645E-15));
#8336=DIRECTION('ref_axis',(-1.,2.18979531283084E-14,1.99995879988145E-15));
#8337=DIRECTION('',(1.,-2.18979531283082E-14,1.82372897084785E-14));
#8338=DIRECTION('',(-2.22044604925031E-15,-9.9920072216264E-15,-1.));
#8339=DIRECTION('',(-1.,2.18979531283082E-14,-1.82372897084785E-14));
#8340=DIRECTION('',(-2.22044604925031E-15,-9.9920072216264E-15,-1.));
#8341=DIRECTION('center_axis',(-1.,-2.39175852634652E-14,2.22044604925055E-15));
#8342=DIRECTION('ref_axis',(-2.39175852634653E-14,1.,-1.02278791016972E-14));
#8343=DIRECTION('',(2.39175852634652E-14,-1.,-2.4516062038075E-14));
#8344=DIRECTION('',(-2.22044604925031E-15,-9.9920072216264E-15,-1.));
#8345=DIRECTION('',(-2.39175852634652E-14,1.,2.4516062038075E-14));
#8346=DIRECTION('center_axis',(-1.,-2.39175852634652E-14,2.22044604925055E-15));
#8347=DIRECTION('ref_axis',(-2.39175852634653E-14,1.,-1.02278791016972E-14));
#8348=DIRECTION('',(2.22044604925096E-15,-1.7119229218748E-14,1.));
#8349=DIRECTION('',(-2.22044604925031E-15,-9.9920072216264E-15,-1.));
#8350=DIRECTION('',(-2.39175852634652E-14,1.,1.71905500587112E-14));
#8351=DIRECTION('center_axis',(1.,2.39175852634652E-14,-2.22044604925055E-15));
#8352=DIRECTION('ref_axis',(2.39175852634653E-14,-1.,1.02278791016972E-14));
#8353=DIRECTION('',(-2.39175852634652E-14,1.,2.4516062038075E-14));
#8354=DIRECTION('',(2.39175852634652E-14,-1.,-2.4516062038075E-14));
#8355=DIRECTION('',(-2.22044604925031E-15,-9.9920072216264E-15,-1.));
#8356=DIRECTION('center_axis',(2.18979531283084E-14,1.,-9.99200722162645E-15));
#8357=DIRECTION('ref_axis',(1.,-2.18979531283084E-14,-1.99995879988146E-15));
#8358=DIRECTION('',(-1.,2.18979531283082E-14,-1.82372897084785E-14));
#8359=DIRECTION('',(1.,-2.18979531283082E-14,1.82372897084785E-14));
#8360=DIRECTION('center_axis',(2.18979531283084E-14,1.,-9.99200722162645E-15));
#8361=DIRECTION('ref_axis',(1.,-2.18979531283084E-14,-1.99995879988146E-15));
#8362=DIRECTION('',(1.,-2.18979531283083E-14,1.71261933514223E-14));
#8363=DIRECTION('',(-2.22044604925031E-15,-9.9920072216264E-15,-1.));
#8364=DIRECTION('center_axis',(1.,2.39175852634652E-14,-2.22044604925055E-15));
#8365=DIRECTION('ref_axis',(2.39175852634653E-14,-1.,1.02278791016972E-14));
#8366=DIRECTION('',(-2.22044604925096E-15,1.7119229218748E-14,-1.));
#8367=DIRECTION('',(2.39175852634652E-14,-1.,-1.71905500587112E-14));
#8368=DIRECTION('center_axis',(-2.22044604925031E-15,-9.9920072216264E-15,
-1.));
#8369=DIRECTION('ref_axis',(-1.,0.,2.22044604925031E-15));
#8370=DIRECTION('',(-1.,1.00891517362796E-14,2.22044604925021E-15));
#8371=DIRECTION('',(4.06517519903522E-13,-1.,1.02278791016964E-14));
#8372=DIRECTION('',(1.,3.85619204145873E-13,-1.99995879988562E-15));
#8373=DIRECTION('',(-4.33846086663532E-13,1.,-1.02278791016964E-14));
#8374=DIRECTION('center_axis',(3.75170046267055E-13,-1.,9.99200722162557E-15));
#8375=DIRECTION('ref_axis',(-1.,-3.75170046267055E-13,1.99995879988551E-15));
#8376=DIRECTION('',(1.,3.75170046267055E-13,1.82372897084883E-14));
#8377=DIRECTION('',(-2.22044604925031E-15,-9.9920072216264E-15,-1.));
#8378=DIRECTION('',(-1.,-3.75170046267055E-13,-1.82372897084883E-14));
#8379=DIRECTION('',(-2.22044604925031E-15,-9.9920072216264E-15,-1.));
#8380=DIRECTION('center_axis',(-1.,-4.33846086663532E-13,2.22044604925465E-15));
#8381=DIRECTION('ref_axis',(-4.33846086663532E-13,1.,-1.02278791016964E-14));
#8382=DIRECTION('',(4.33846086663532E-13,-1.,-2.45160620380675E-14));
#8383=DIRECTION('',(-2.22044604925031E-15,-9.9920072216264E-15,-1.));
#8384=DIRECTION('',(-4.33846086663532E-13,1.,2.45160620380675E-14));
#8385=DIRECTION('center_axis',(-1.,-4.33846086663532E-13,2.22044604925465E-15));
#8386=DIRECTION('ref_axis',(-4.33846086663532E-13,1.,-1.02278791016964E-14));
#8387=DIRECTION('',(2.22044604926207E-15,-1.7119229218748E-14,1.));
#8388=DIRECTION('',(-2.22044604925031E-15,-9.9920072216264E-15,-1.));
#8389=DIRECTION('',(-4.33846086663532E-13,1.,1.71905500587042E-14));
#8390=DIRECTION('center_axis',(1.,4.06517519903522E-13,-2.22044604925437E-15));
#8391=DIRECTION('ref_axis',(4.06517519903522E-13,-1.,1.02278791016964E-14));
#8392=DIRECTION('',(-4.06517519903522E-13,1.,2.4516062038068E-14));
#8393=DIRECTION('',(4.06517519903522E-13,-1.,-2.4516062038068E-14));
#8394=DIRECTION('',(-2.22044604925031E-15,-9.9920072216264E-15,-1.));
#8395=DIRECTION('center_axis',(-3.85619204145873E-13,1.,-9.99200722162554E-15));
#8396=DIRECTION('ref_axis',(1.,3.85619204145873E-13,-1.99995879988562E-15));
#8397=DIRECTION('',(-1.,-3.85619204145874E-13,-1.82372897084885E-14));
#8398=DIRECTION('',(1.,3.85619204145874E-13,1.82372897084885E-14));
#8399=DIRECTION('center_axis',(-3.85619204145873E-13,1.,-9.99200722162554E-15));
#8400=DIRECTION('ref_axis',(1.,3.85619204145873E-13,-1.99995879988562E-15));
#8401=DIRECTION('center_axis',(-3.85619204145873E-13,1.,-9.99200722162554E-15));
#8402=DIRECTION('ref_axis',(-4.72847982045536E-16,-1.71905500587118E-14,
1.));
#8403=DIRECTION('',(1.,3.85619204145874E-13,1.71261933514293E-14));
#8404=DIRECTION('',(-2.22044604925031E-15,-9.9920072216264E-15,-1.));
#8405=DIRECTION('center_axis',(1.,4.06517519903522E-13,-2.22044604925437E-15));
#8406=DIRECTION('ref_axis',(4.06517519903522E-13,-1.,1.02278791016964E-14));
#8407=DIRECTION('',(-2.22044604926133E-15,1.7119229218748E-14,-1.));
#8408=DIRECTION('',(-1.09750918031068E-14,-1.,-1.71905500587118E-14));
#8409=DIRECTION('center_axis',(-2.22044604925031E-15,-9.9920072216264E-15,
-1.));
#8410=DIRECTION('ref_axis',(-1.,0.,2.22044604925031E-15));
#8411=DIRECTION('',(-1.,1.00891517362796E-14,2.22044604925021E-15));
#8412=DIRECTION('',(5.12461520234697E-14,-1.,1.02278791016972E-14));
#8413=DIRECTION('',(1.,-1.14487952494817E-14,-1.99995879988156E-15));
#8414=DIRECTION('',(-6.49104354034719E-14,1.,-1.02278791016971E-14));
#8415=DIRECTION('center_axis',(-1.14487952494823E-14,-1.,9.99200722162642E-15));
#8416=DIRECTION('ref_axis',(-1.,1.14487952494823E-14,1.99995879988156E-15));
#8417=DIRECTION('',(1.,-1.14487952494821E-14,1.82372897084788E-14));
#8418=DIRECTION('',(-2.22044604925031E-15,-9.9920072216264E-15,-1.));
#8419=DIRECTION('',(-1.,1.14487952494821E-14,-1.82372897084788E-14));
#8420=DIRECTION('',(-2.22044604925031E-15,-9.9920072216264E-15,-1.));
#8421=DIRECTION('center_axis',(-1.,-6.49104354034719E-14,2.22044604925096E-15));
#8422=DIRECTION('ref_axis',(-6.49104354034719E-14,1.,-1.02278791016971E-14));
#8423=DIRECTION('',(6.49104354034718E-14,-1.,-2.45160620380742E-14));
#8424=DIRECTION('',(-2.22044604925031E-15,-9.9920072216264E-15,-1.));
#8425=DIRECTION('',(-6.49104354034718E-14,1.,2.45160620380742E-14));
#8426=DIRECTION('center_axis',(-1.,-6.49104354034719E-14,2.22044604925096E-15));
#8427=DIRECTION('ref_axis',(-6.49104354034719E-14,1.,-1.02278791016971E-14));
#8428=DIRECTION('',(2.22044604925207E-15,-1.7119229218748E-14,1.));
#8429=DIRECTION('',(-2.22044604925031E-15,-9.9920072216264E-15,-1.));
#8430=DIRECTION('',(-6.49104354034718E-14,1.,1.71905500587105E-14));
#8431=DIRECTION('center_axis',(1.,5.12461520234697E-14,-2.22044604925082E-15));
#8432=DIRECTION('ref_axis',(5.12461520234697E-14,-1.,1.02278791016972E-14));
#8433=DIRECTION('',(-5.12461520234696E-14,1.,2.45160620380745E-14));
#8434=DIRECTION('',(5.12461520234696E-14,-1.,-2.45160620380745E-14));
#8435=DIRECTION('',(-2.22044604925031E-15,-9.9920072216264E-15,-1.));
#8436=DIRECTION('center_axis',(1.14487952494817E-14,1.,-9.99200722162642E-15));
#8437=DIRECTION('ref_axis',(1.,-1.14487952494817E-14,-1.99995879988156E-15));
#8438=DIRECTION('',(-1.,1.14487952494815E-14,-1.82372897084788E-14));
#8439=DIRECTION('',(1.,-1.14487952494815E-14,1.82372897084788E-14));
#8440=DIRECTION('center_axis',(1.14487952494817E-14,1.,-9.99200722162642E-15));
#8441=DIRECTION('ref_axis',(1.,-1.14487952494817E-14,-1.99995879988156E-15));
#8442=DIRECTION('',(1.,-1.14487952494815E-14,1.71261933514225E-14));
#8443=DIRECTION('',(-2.22044604925031E-15,-9.9920072216264E-15,-1.));
#8444=DIRECTION('center_axis',(1.,5.12461520234697E-14,-2.22044604925082E-15));
#8445=DIRECTION('ref_axis',(5.12461520234697E-14,-1.,1.02278791016972E-14));
#8446=DIRECTION('',(-2.2204460492517E-15,1.7119229218748E-14,-1.));
#8447=DIRECTION('',(5.12461520234696E-14,-1.,-1.71905500587107E-14));
#8448=DIRECTION('center_axis',(1.00891517362796E-14,1.,1.7119229218748E-14));
#8449=DIRECTION('ref_axis',(1.,-1.00891517362799E-14,1.71261933514225E-14));
#8450=DIRECTION('',(-1.,1.00891517362799E-14,-1.71261933514225E-14));
#8451=DIRECTION('',(-1.,1.00891517362799E-14,-1.71261933514225E-14));
#8452=DIRECTION('center_axis',(-1.00891517362796E-14,-1.,-1.7119229218748E-14));
#8453=DIRECTION('ref_axis',(-1.,1.00891517362799E-14,-1.71261933514225E-14));
#8454=DIRECTION('',(1.71261933514227E-14,1.71192292187478E-14,-1.));
#8455=DIRECTION('center_axis',(-1.00891517362796E-14,-1.,-1.7119229218748E-14));
#8456=DIRECTION('ref_axis',(1.71261933514227E-14,1.71192292187478E-14,-1.));
#8457=DIRECTION('',(1.,-1.00891517362799E-14,1.71261933514225E-14));
#8458=DIRECTION('center_axis',(-1.00891517362796E-14,-1.,-1.7119229218748E-14));
#8459=DIRECTION('ref_axis',(1.,-1.00891517362796E-14,4.72847982045366E-16));
#8460=DIRECTION('',(-1.71261933514227E-14,-1.71192292187478E-14,1.));
#8461=DIRECTION('center_axis',(-1.00891517362796E-14,-1.,-1.7119229218748E-14));
#8462=DIRECTION('ref_axis',(-4.72847982045536E-16,-1.7119229218748E-14,
1.));
#8463=DIRECTION('',(-1.,1.00891517362799E-14,-1.71261933514225E-14));
#8464=DIRECTION('',(-1.,1.00891517362799E-14,-1.71261933514225E-14));
#8465=DIRECTION('',(-1.,1.00891517362799E-14,-1.71261933514225E-14));
#8466=DIRECTION('center_axis',(1.00891517362796E-14,1.,1.7119229218748E-14));
#8467=DIRECTION('ref_axis',(1.71261933514227E-14,1.71192292187478E-14,-1.));
#8468=DIRECTION('',(-1.71261933514227E-14,-1.71192292187478E-14,1.));
#8469=DIRECTION('center_axis',(1.00891517362796E-14,1.,1.7119229218748E-14));
#8470=DIRECTION('ref_axis',(-1.,1.00891517362799E-14,-1.71261933514225E-14));
#8471=DIRECTION('',(1.,-1.00891517362799E-14,1.71261933514225E-14));
#8472=DIRECTION('center_axis',(1.00891517362796E-14,1.,1.7119229218748E-14));
#8473=DIRECTION('ref_axis',(-9.77494811420715E-16,-1.7119229218748E-14,
1.));
#8474=DIRECTION('',(1.71261933514227E-14,1.71192292187478E-14,-1.));
#8475=DIRECTION('center_axis',(1.00891517362796E-14,1.,1.7119229218748E-14));
#8476=DIRECTION('ref_axis',(1.,-1.00891517362796E-14,9.77494811420545E-16));
#8477=DIRECTION('',(-1.,1.00891517362799E-14,-1.71261933514225E-14));
#8478=DIRECTION('center_axis',(1.89709359332812E-14,1.,1.71192292187478E-14));
#8479=DIRECTION('ref_axis',(1.,-1.89709359332808E-14,-1.84009434365837E-14));
#8480=DIRECTION('',(-1.,1.00891517362793E-14,1.76625760828059E-14));
#8481=DIRECTION('',(-1.71261933514227E-14,-1.71192292187478E-14,1.));
#8482=DIRECTION('',(-1.,1.00891517362799E-14,-1.71261933514225E-14));
#8483=DIRECTION('center_axis',(1.00891517362796E-14,1.,1.7119229218748E-14));
#8484=DIRECTION('ref_axis',(1.,-1.00891517362792E-14,-2.72827276335835E-14));
#8485=DIRECTION('',(-1.,1.00891517362793E-14,1.97089742848182E-14));
#8486=DIRECTION('',(-1.71261933514235E-14,-9.34554320268323E-14,1.));
#8487=DIRECTION('',(-1.,1.00891517362799E-14,-1.71261933514225E-14));
#8488=DIRECTION('center_axis',(-0.707106781186544,0.707106781186551,-2.17639562200954E-31));
#8489=DIRECTION('ref_axis',(-3.07788820573533E-31,0.,1.));
#8490=DIRECTION('',(0.707106781186551,0.707106781186544,1.40860953544596E-31));
#8491=DIRECTION('',(-4.93038065763146E-32,0.,1.));
#8492=DIRECTION('',(-0.707106781186551,-0.707106781186544,-1.40860953544596E-31));
#8493=DIRECTION('',(-3.07788820573533E-31,0.,1.));
#8494=DIRECTION('center_axis',(-1.99207470911573E-31,0.,1.));
#8495=DIRECTION('ref_axis',(1.,2.41270604569122E-46,1.99207470911573E-31));
#8496=DIRECTION('',(0.,1.,0.));
#8497=DIRECTION('',(1.,2.41270604569122E-46,1.99207470911573E-31));
#8498=DIRECTION('',(-3.0922162915692E-56,-1.,-6.15992586955063E-87));
#8499=DIRECTION('center_axis',(-0.707106781186544,0.707106781186551,-7.85046229341891E-16));
#8500=DIRECTION('ref_axis',(-1.11022302462517E-15,0.,1.));
#8501=DIRECTION('',(0.707106781186551,0.707106781186544,-7.85046229341883E-16));
#8502=DIRECTION('',(-4.93038065763146E-32,1.11022302462516E-15,1.));
#8503=DIRECTION('',(-0.707106781186551,-0.707106781186544,7.85046229341883E-16));
#8504=DIRECTION('',(-3.07788820573533E-31,1.11022302462516E-15,1.));
#8505=DIRECTION('center_axis',(-2.49009295736161E-31,1.11022302462516E-15,
1.));
#8506=DIRECTION('ref_axis',(1.,3.01588203756693E-46,2.49009295736161E-31));
#8507=DIRECTION('',(0.,1.,-1.11022302462516E-15));
#8508=DIRECTION('',(1.,3.01588203756693E-46,2.49009295736161E-31));
#8509=DIRECTION('',(-5.47382212936118E-47,-1.,1.11022302462516E-15));
#8510=DIRECTION('center_axis',(-0.707106781186548,0.707106781186548,-7.85046229341887E-16));
#8511=DIRECTION('ref_axis',(-1.11022302462516E-15,0.,1.));
#8512=DIRECTION('',(0.707106781186548,0.707106781186548,-7.85046229341887E-16));
#8513=DIRECTION('',(-4.93038065763146E-32,1.11022302462516E-15,1.));
#8514=DIRECTION('',(-0.707106781186548,-0.707106781186548,7.85046229341887E-16));
#8515=DIRECTION('',(-3.07788820573533E-31,1.11022302462516E-15,1.));
#8516=DIRECTION('center_axis',(-2.49009295736161E-31,1.11022302462516E-15,
1.));
#8517=DIRECTION('ref_axis',(1.,3.01588203756693E-46,2.49009295736161E-31));
#8518=DIRECTION('',(0.,1.,-1.11022302462516E-15));
#8519=DIRECTION('',(1.,3.01588203756693E-46,2.49009295736161E-31));
#8520=DIRECTION('',(-5.47382212936118E-47,-1.,1.11022302462516E-15));
#8521=DIRECTION('center_axis',(0.707106781186544,0.707106781186551,-7.8504622934189E-16));
#8522=DIRECTION('ref_axis',(-1.11022302462517E-15,0.,-1.));
#8523=DIRECTION('',(-0.707106781186551,0.707106781186544,-7.85046229341884E-16));
#8524=DIRECTION('',(4.93038065763146E-32,-1.11022302462516E-15,-1.));
#8525=DIRECTION('',(0.707106781186551,-0.707106781186544,7.85046229341884E-16));
#8526=DIRECTION('',(3.07788820573533E-31,-1.11022302462516E-15,-1.));
#8527=DIRECTION('center_axis',(2.49009295736161E-31,-1.11022302462516E-15,
-1.));
#8528=DIRECTION('ref_axis',(-1.,-3.01588203756693E-46,-2.49009295736161E-31));
#8529=DIRECTION('',(0.,1.,-1.11022302462516E-15));
#8530=DIRECTION('',(-1.,-3.01588203756693E-46,-2.49009295736161E-31));
#8531=DIRECTION('',(-5.47382212936118E-47,-1.,1.11022302462516E-15));
#8532=DIRECTION('center_axis',(0.707106781186548,0.707106781186548,-7.85046229341887E-16));
#8533=DIRECTION('ref_axis',(-1.11022302462516E-15,0.,-1.));
#8534=DIRECTION('',(-0.707106781186548,0.707106781186548,-7.85046229341887E-16));
#8535=DIRECTION('',(4.93038065763146E-32,-1.11022302462516E-15,-1.));
#8536=DIRECTION('',(0.707106781186548,-0.707106781186548,7.85046229341887E-16));
#8537=DIRECTION('',(3.07788820573533E-31,-1.11022302462516E-15,-1.));
#8538=DIRECTION('center_axis',(2.49009295736161E-31,-1.11022302462516E-15,
-1.));
#8539=DIRECTION('ref_axis',(-1.,-3.01588203756693E-46,-2.49009295736161E-31));
#8540=DIRECTION('',(0.,1.,-1.11022302462516E-15));
#8541=DIRECTION('',(-1.,-3.01588203756693E-46,-2.49009295736161E-31));
#8542=DIRECTION('',(-5.47382212936118E-47,-1.,1.11022302462516E-15));
#8543=DIRECTION('center_axis',(0.707106781186551,0.707106781186544,2.17639562200956E-31));
#8544=DIRECTION('ref_axis',(3.07788820573533E-31,0.,-1.));
#8545=DIRECTION('',(-0.707106781186544,0.707106781186551,-1.40860953544594E-31));
#8546=DIRECTION('',(4.93038065763146E-32,0.,-1.));
#8547=DIRECTION('',(0.707106781186544,-0.707106781186551,1.40860953544594E-31));
#8548=DIRECTION('',(3.07788820573533E-31,0.,-1.));
#8549=DIRECTION('center_axis',(1.99207470911573E-31,0.,-1.));
#8550=DIRECTION('ref_axis',(-1.,-2.41270604569122E-46,-1.99207470911573E-31));
#8551=DIRECTION('',(0.,1.,0.));
#8552=DIRECTION('',(-1.,-2.41270604569122E-46,-1.99207470911573E-31));
#8553=DIRECTION('',(-3.0922162915692E-56,-1.,-6.15992586955063E-87));
#8554=DIRECTION('center_axis',(-1.,-3.41714235322957E-46,-3.07788820573533E-31));
#8555=DIRECTION('ref_axis',(-3.07788820573533E-31,1.21115239050017E-15,
1.));
#8556=DIRECTION('',(0.,1.,-1.11022302462516E-15));
#8557=DIRECTION('',(-3.07788820573533E-31,1.21115239050017E-15,1.));
#8558=DIRECTION('center_axis',(2.49009295736161E-31,-1.11022302462516E-15,
-1.));
#8559=DIRECTION('ref_axis',(-1.,-3.01588203756693E-46,-2.49009295736161E-31));
#8560=DIRECTION('',(5.47382212936118E-47,1.,-1.11022302462516E-15));
#8561=DIRECTION('',(-1.,-3.01588203756693E-46,-2.49009295736161E-31));
#8562=DIRECTION('center_axis',(-3.09224740664559E-56,-1.,1.21115239050017E-15));
#8563=DIRECTION('ref_axis',(0.,-1.21115239050017E-15,-1.));
#8564=DIRECTION('',(4.93038065763146E-32,-1.21115239050017E-15,-1.));
#8565=DIRECTION('center_axis',(-1.,0.,-3.07788820573533E-31));
#8566=DIRECTION('ref_axis',(-3.07788820573533E-31,1.21115239050017E-15,
1.));
#8567=DIRECTION('',(0.,1.,0.));
#8568=DIRECTION('',(-3.07788820573533E-31,1.21115239050017E-15,1.));
#8569=DIRECTION('center_axis',(1.99207470911573E-31,0.,-1.));
#8570=DIRECTION('ref_axis',(-1.,-2.41270604569122E-46,-1.99207470911573E-31));
#8571=DIRECTION('',(3.0922162915692E-56,1.,6.15992586955063E-87));
#8572=DIRECTION('',(-1.,-2.41270604569122E-46,-1.99207470911573E-31));
#8573=DIRECTION('center_axis',(-3.09224740664559E-56,-1.,1.21115239050017E-15));
#8574=DIRECTION('ref_axis',(0.,-1.21115239050017E-15,-1.));
#8575=DIRECTION('',(4.93038065763146E-32,-1.21115239050017E-15,-1.));
#8576=DIRECTION('center_axis',(1.,3.41714235322957E-46,3.07788820573533E-31));
#8577=DIRECTION('ref_axis',(3.07788820573533E-31,-1.21115239050017E-15,
-1.));
#8578=DIRECTION('',(0.,1.,-1.11022302462516E-15));
#8579=DIRECTION('',(3.07788820573533E-31,-1.21115239050017E-15,-1.));
#8580=DIRECTION('center_axis',(-2.49009295736161E-31,1.11022302462516E-15,
1.));
#8581=DIRECTION('ref_axis',(1.,3.01588203756693E-46,2.49009295736161E-31));
#8582=DIRECTION('',(5.47382212936118E-47,1.,-1.11022302462516E-15));
#8583=DIRECTION('',(1.,3.01588203756693E-46,2.49009295736161E-31));
#8584=DIRECTION('center_axis',(-3.09224740664559E-56,-1.,1.21115239050017E-15));
#8585=DIRECTION('ref_axis',(0.,-1.21115239050017E-15,-1.));
#8586=DIRECTION('',(-4.93038065763146E-32,1.21115239050017E-15,1.));
#8587=DIRECTION('center_axis',(1.,0.,3.07788820573533E-31));
#8588=DIRECTION('ref_axis',(3.07788820573533E-31,-1.21115239050017E-15,
-1.));
#8589=DIRECTION('',(0.,1.,0.));
#8590=DIRECTION('',(3.07788820573533E-31,-1.21115239050017E-15,-1.));
#8591=DIRECTION('center_axis',(-1.99207470911573E-31,0.,1.));
#8592=DIRECTION('ref_axis',(1.,2.41270604569122E-46,1.99207470911573E-31));
#8593=DIRECTION('',(3.0922162915692E-56,1.,6.15992586955063E-87));
#8594=DIRECTION('',(1.,2.41270604569122E-46,1.99207470911573E-31));
#8595=DIRECTION('center_axis',(-3.09224740664559E-56,-1.,1.21115239050017E-15));
#8596=DIRECTION('ref_axis',(0.,-1.21115239050017E-15,-1.));
#8597=DIRECTION('',(-4.93038065763146E-32,1.21115239050017E-15,1.));
#8598=DIRECTION('center_axis',(1.,3.41714235322957E-46,3.07788820573533E-31));
#8599=DIRECTION('ref_axis',(3.07788820573533E-31,-1.21115239050017E-15,
-1.));
#8600=DIRECTION('',(0.,1.,-1.11022302462516E-15));
#8601=DIRECTION('',(3.07788820573533E-31,-1.21115239050017E-15,-1.));
#8602=DIRECTION('center_axis',(-2.49009295736161E-31,1.11022302462516E-15,
1.));
#8603=DIRECTION('ref_axis',(1.,3.01588203756693E-46,2.49009295736161E-31));
#8604=DIRECTION('',(5.47382212936118E-47,1.,-1.11022302462516E-15));
#8605=DIRECTION('',(1.,3.01588203756693E-46,2.49009295736161E-31));
#8606=DIRECTION('center_axis',(-3.09224740664559E-56,-1.,1.21115239050017E-15));
#8607=DIRECTION('ref_axis',(0.,-1.21115239050017E-15,-1.));
#8608=DIRECTION('',(-4.93038065763146E-32,1.21115239050017E-15,1.));
#8609=DIRECTION('center_axis',(-1.,-3.41714235322957E-46,-3.07788820573533E-31));
#8610=DIRECTION('ref_axis',(-3.07788820573533E-31,1.21115239050017E-15,
1.));
#8611=DIRECTION('',(0.,1.,-1.11022302462516E-15));
#8612=DIRECTION('',(-3.07788820573533E-31,1.21115239050017E-15,1.));
#8613=DIRECTION('center_axis',(2.49009295736161E-31,-1.11022302462516E-15,
-1.));
#8614=DIRECTION('ref_axis',(-1.,-3.01588203756693E-46,-2.49009295736161E-31));
#8615=DIRECTION('',(5.47382212936118E-47,1.,-1.11022302462516E-15));
#8616=DIRECTION('',(-1.,-3.01588203756693E-46,-2.49009295736161E-31));
#8617=DIRECTION('center_axis',(-3.09224740664559E-56,-1.,1.21115239050017E-15));
#8618=DIRECTION('ref_axis',(0.,-1.21115239050017E-15,-1.));
#8619=DIRECTION('',(4.93038065763146E-32,-1.21115239050017E-15,-1.));
#8620=DIRECTION('center_axis',(-1.0493822870512E-14,-1.,-7.50873159947501E-15));
#8621=DIRECTION('ref_axis',(0.,7.50873159947501E-15,-1.));
#8622=DIRECTION('',(-8.54198529602934E-29,7.50873159947501E-15,-1.));
#8623=DIRECTION('',(1.,-1.04938228705119E-14,-2.88057865848813E-15));
#8624=DIRECTION('',(8.54198529602934E-29,-7.50873159947501E-15,1.));
#8625=DIRECTION('',(-1.,1.0493822870512E-14,-8.17350308473835E-30));
#8626=DIRECTION('center_axis',(-1.,-1.40831673313977E-14,-2.03268706016669E-29));
#8627=DIRECTION('ref_axis',(6.75462150095492E-30,9.63721354815778E-16,-1.));
#8628=DIRECTION('',(-1.40831673313977E-14,1.,2.25540482402349E-16));
#8629=DIRECTION('',(6.78011409328914E-30,9.61911208579897E-16,-1.));
#8630=DIRECTION('',(1.40831673313977E-14,-1.,-2.25540482402349E-16));
#8631=DIRECTION('center_axis',(-1.09750918031068E-14,-1.,-1.71905500587118E-14));
#8632=DIRECTION('ref_axis',(1.,-1.09750918031065E-14,-1.84009434365836E-14));
#8633=DIRECTION('center_axis',(-9.48930417548479E-47,-1.,1.02324702730433E-16));
#8634=DIRECTION('ref_axis',(1.,-1.09750918031065E-14,-1.84009434365836E-14));
#8635=DIRECTION('',(-1.09750918031068E-14,-1.,-1.71905500587118E-14));
#8636=DIRECTION('',(-1.09750918031068E-14,-1.,-1.71905500587118E-14));
#8637=DIRECTION('center_axis',(1.76625760828057E-14,-1.7190550058712E-14,
1.));
#8638=DIRECTION('ref_axis',(-1.,1.00891517362793E-14,1.76625760828059E-14));
#8639=DIRECTION('',(1.,-1.80731784712675E-30,-1.76625760828057E-14));
#8640=DIRECTION('',(-1.09750918031068E-14,-1.,-1.71905500587118E-14));
#8641=DIRECTION('center_axis',(1.,-1.09750918031071E-14,1.71261933514225E-14));
#8642=DIRECTION('ref_axis',(-1.71261933514227E-14,-1.71192292187478E-14,
1.));
#8643=DIRECTION('',(1.71261933514225E-14,-1.02324702730433E-16,-1.));
#8644=DIRECTION('',(-1.09750918031068E-14,-1.,-1.71905500587118E-14));
#8645=DIRECTION('center_axis',(-1.71261933514227E-14,-1.71905500587116E-14,
1.));
#8646=DIRECTION('ref_axis',(-1.,1.00891517362799E-14,-1.71261933514225E-14));
#8647=DIRECTION('',(1.,1.75243264358825E-30,1.71261933514227E-14));
#8648=DIRECTION('',(-1.09750918031068E-14,-1.,-1.71905500587118E-14));
#8649=DIRECTION('center_axis',(-1.09750918031068E-14,-1.,-1.71905500587118E-14));
#8650=DIRECTION('ref_axis',(1.,-1.09750918031064E-14,-2.72827276335835E-14));
#8651=DIRECTION('center_axis',(-9.48930417548479E-47,-1.,1.02324702730433E-16));
#8652=DIRECTION('ref_axis',(1.,-1.09750918031064E-14,-2.72827276335835E-14));
#8653=DIRECTION('',(-1.09750918031068E-14,-1.,-1.71905500587118E-14));
#8654=DIRECTION('center_axis',(1.9708974284818E-14,-1.7190550058712E-14,
1.));
#8655=DIRECTION('ref_axis',(-1.,1.00891517362793E-14,1.97089742848182E-14));
#8656=DIRECTION('',(1.,-2.01671493481576E-30,-1.9708974284818E-14));
#8657=DIRECTION('',(-1.09750918031068E-14,-1.,-1.71905500587118E-14));
#8658=DIRECTION('center_axis',(1.,-1.09750918031071E-14,1.71261933514224E-14));
#8659=DIRECTION('ref_axis',(-1.71261933514235E-14,-9.34554320268323E-14,
1.));
#8660=DIRECTION('',(1.71261933514224E-14,-1.02324702730433E-16,-1.));
#8661=DIRECTION('',(-1.09750918031068E-14,-1.,-1.71905500587118E-14));
#8662=DIRECTION('center_axis',(-1.71261933514227E-14,-1.71905500587116E-14,
1.));
#8663=DIRECTION('ref_axis',(-1.,1.00891517362799E-14,-1.71261933514225E-14));
#8664=DIRECTION('',(1.,1.75243264358825E-30,1.71261933514227E-14));
#8665=DIRECTION('',(-1.09750918031068E-14,-1.,-1.71905500587118E-14));
#8666=DIRECTION('center_axis',(-1.,1.09750918031071E-14,-1.71261933514225E-14));
#8667=DIRECTION('ref_axis',(1.71261933514227E-14,1.71192292187478E-14,-1.));
#8668=DIRECTION('',(3.07446376050077E-14,2.88472942030512E-15,-1.));
#8669=DIRECTION('',(-1.09750918031068E-14,-1.,-1.71905500587118E-14));
#8670=DIRECTION('',(-1.71261933514227E-14,-1.71192292187478E-14,1.));
#8671=DIRECTION('',(-1.09750918031068E-14,-1.,-1.71905500587118E-14));
#8672=DIRECTION('center_axis',(-1.09750918031068E-14,-1.,-1.71905500587118E-14));
#8673=DIRECTION('ref_axis',(1.,-1.09750918031069E-14,9.7749481142053E-16));
#8674=DIRECTION('center_axis',(-1.00891517362796E-14,-1.,-1.7119229218748E-14));
#8675=DIRECTION('ref_axis',(1.,-1.00891517362796E-14,9.77494811420545E-16));
#8676=DIRECTION('center_axis',(-1.09750918031068E-14,-1.,-1.71905500587118E-14));
#8677=DIRECTION('ref_axis',(-9.77494811420719E-16,-1.71905500587118E-14,
1.));
#8678=DIRECTION('center_axis',(-1.00891517362796E-14,-1.,-1.7119229218748E-14));
#8679=DIRECTION('ref_axis',(-9.77494811420715E-16,-1.7119229218748E-14,
1.));
#8680=DIRECTION('center_axis',(-1.09750918031068E-14,-1.,-1.71905500587118E-14));
#8681=DIRECTION('ref_axis',(1.71261933514227E-14,1.71905500587116E-14,-1.));
#8682=DIRECTION('center_axis',(9.48930417548479E-47,1.,-1.02324702730433E-16));
#8683=DIRECTION('ref_axis',(1.71261933514227E-14,1.71905500587116E-14,-1.));
#8684=DIRECTION('',(-1.09750918031068E-14,-1.,-1.71905500587118E-14));
#8685=DIRECTION('',(-1.09750918031068E-14,-1.,-1.71905500587118E-14));
#8686=DIRECTION('center_axis',(1.71261933514227E-14,1.71905500587116E-14,
-1.));
#8687=DIRECTION('ref_axis',(1.,-1.00891517362799E-14,1.71261933514225E-14));
#8688=DIRECTION('',(-1.,-1.75243264358825E-30,-1.71261933514227E-14));
#8689=DIRECTION('',(-1.09750918031068E-14,-1.,-1.71905500587118E-14));
#8690=DIRECTION('center_axis',(-1.09750918031068E-14,-1.,-1.71905500587118E-14));
#8691=DIRECTION('ref_axis',(1.,-1.09750918031068E-14,4.72847982045351E-16));
#8692=DIRECTION('center_axis',(9.48930417548479E-47,1.,-1.02324702730433E-16));
#8693=DIRECTION('ref_axis',(1.,-1.09750918031068E-14,4.72847982045351E-16));
#8694=DIRECTION('',(-1.09750918031068E-14,-1.,-1.71905500587118E-14));
#8695=DIRECTION('center_axis',(1.,-1.09750918031071E-14,1.71261933514225E-14));
#8696=DIRECTION('ref_axis',(-1.71261933514227E-14,-1.71192292187478E-14,
1.));
#8697=DIRECTION('',(1.71261933514225E-14,-1.02324702730433E-16,-1.));
#8698=DIRECTION('',(-1.09750918031068E-14,-1.,-1.71905500587118E-14));
#8699=DIRECTION('center_axis',(-1.71261933514227E-14,-1.71905500587116E-14,
1.));
#8700=DIRECTION('ref_axis',(-1.,1.00891517362799E-14,-1.71261933514225E-14));
#8701=DIRECTION('',(1.,1.75243264358825E-30,1.71261933514227E-14));
#8702=DIRECTION('',(-1.09750918031068E-14,-1.,-1.71905500587118E-14));
#8703=DIRECTION('center_axis',(-1.09750918031068E-14,-1.,-1.71905500587118E-14));
#8704=DIRECTION('ref_axis',(1.,-1.09750918031069E-14,9.7749481142053E-16));
#8705=DIRECTION('center_axis',(-9.48930417548479E-47,-1.,1.02324702730433E-16));
#8706=DIRECTION('ref_axis',(1.,-1.09750918031069E-14,9.7749481142053E-16));
#8707=DIRECTION('',(-1.09750918031068E-14,-1.,-1.71905500587118E-14));
#8708=DIRECTION('center_axis',(-1.,1.09750918031071E-14,-1.71261933514225E-14));
#8709=DIRECTION('ref_axis',(1.71261933514227E-14,1.71192292187478E-14,-1.));
#8710=DIRECTION('',(-1.71261933514225E-14,1.02324702730433E-16,1.));
#8711=DIRECTION('',(-1.09750918031068E-14,-1.,-1.71905500587118E-14));
#8712=DIRECTION('center_axis',(-1.09750918031068E-14,-1.,-1.71905500587118E-14));
#8713=DIRECTION('ref_axis',(-9.77494811420719E-16,-1.71905500587118E-14,
1.));
#8714=DIRECTION('center_axis',(-9.48930417548479E-47,-1.,1.02324702730433E-16));
#8715=DIRECTION('ref_axis',(-9.77494811420719E-16,-1.71905500587118E-14,
1.));
#8716=DIRECTION('',(-1.09750918031068E-14,-1.,-1.71905500587118E-14));
#8717=DIRECTION('center_axis',(1.71261933514227E-14,1.71905500587116E-14,
-1.));
#8718=DIRECTION('ref_axis',(1.,-1.00891517362799E-14,1.71261933514225E-14));
#8719=DIRECTION('',(-1.,-1.75243264358825E-30,-1.71261933514227E-14));
#8720=DIRECTION('',(-1.09750918031068E-14,-1.,-1.71905500587118E-14));
#8721=DIRECTION('center_axis',(-1.09750918031068E-14,-1.,-1.71905500587118E-14));
#8722=DIRECTION('ref_axis',(-1.,1.09750918031071E-14,-1.71261933514225E-14));
#8723=DIRECTION('center_axis',(-9.48930417548479E-47,-1.,1.02324702730433E-16));
#8724=DIRECTION('ref_axis',(-1.,1.09750918031071E-14,-1.71261933514225E-14));
#8725=DIRECTION('',(-1.09750918031068E-14,-1.,-1.71905500587118E-14));
#8726=DIRECTION('center_axis',(1.,-1.09750918031071E-14,1.71261933514225E-14));
#8727=DIRECTION('ref_axis',(-1.71261933514227E-14,-1.71192292187478E-14,
1.));
#8728=DIRECTION('',(1.71261933514225E-14,-1.02324702730433E-16,-1.));
#8729=DIRECTION('',(-1.09750918031068E-14,-1.,-1.71905500587118E-14));
#8730=DIRECTION('center_axis',(-1.09750918031068E-14,-1.,-1.71905500587118E-14));
#8731=DIRECTION('ref_axis',(1.71261933514227E-14,1.71905500587116E-14,-1.));
#8732=DIRECTION('center_axis',(-9.48930417548479E-47,-1.,1.02324702730433E-16));
#8733=DIRECTION('ref_axis',(1.71261933514227E-14,1.71905500587116E-14,-1.));
#8734=DIRECTION('center_axis',(-1.,1.09750918031071E-14,-1.71261933514225E-14));
#8735=DIRECTION('ref_axis',(1.71261933514227E-14,1.71192292187478E-14,-1.));
#8736=DIRECTION('',(-1.71261933514225E-14,1.02324702730433E-16,1.));
#8737=DIRECTION('',(-1.09750918031068E-14,-1.,-1.71905500587118E-14));
#8738=DIRECTION('center_axis',(-1.09750918031068E-14,-1.,-1.71905500587118E-14));
#8739=DIRECTION('ref_axis',(-1.,1.09750918031071E-14,-1.71261933514225E-14));
#8740=DIRECTION('center_axis',(9.48930417548479E-47,1.,-1.02324702730433E-16));
#8741=DIRECTION('ref_axis',(-1.,1.09750918031071E-14,-1.71261933514225E-14));
#8742=DIRECTION('',(-1.09750918031068E-14,-1.,-1.71905500587118E-14));
#8743=DIRECTION('center_axis',(-1.71261933514227E-14,-1.71905500587116E-14,
1.));
#8744=DIRECTION('ref_axis',(-1.,1.00891517362799E-14,-1.71261933514225E-14));
#8745=DIRECTION('',(-1.09750918031068E-14,-1.,-1.71905500587118E-14));
#8746=DIRECTION('',(1.,1.75243264358825E-30,1.71261933514227E-14));
#8747=DIRECTION('center_axis',(-1.09750918031068E-14,-1.,-1.71905500587118E-14));
#8748=DIRECTION('ref_axis',(-4.72847982045536E-16,-1.71905500587118E-14,
1.));
#8749=DIRECTION('center_axis',(9.48930417548479E-47,1.,-1.02324702730433E-16));
#8750=DIRECTION('ref_axis',(-4.72847982045536E-16,-1.71905500587118E-14,
1.));
#8751=DIRECTION('center_axis',(-3.68489960766981E-14,-1.,-2.88472942030626E-15));
#8752=DIRECTION('ref_axis',(2.22044604925032E-14,3.33066907387548E-15,-1.));
#8753=DIRECTION('center_axis',(3.68489960766981E-14,1.,2.88472942030626E-15));
#8754=DIRECTION('ref_axis',(0.707106781186584,-2.40163632707643E-14,-0.707106781186511));
#8755=DIRECTION('center_axis',(-1.,3.15303338993529E-14,-5.81530920699354E-15));
#8756=DIRECTION('ref_axis',(-5.8153092069943E-15,-2.410695436226E-14,1.));
#8757=DIRECTION('center_axis',(-3.68489960766981E-14,-1.,-2.88472942030626E-15));
#8758=DIRECTION('ref_axis',(0.707106781186584,-2.40263096039397E-14,-0.707106781186511));
#8759=DIRECTION('center_axis',(2.35788776009964E-14,3.01271689438191E-15,
-1.));
#8760=DIRECTION('ref_axis',(-1.,3.6803893266323E-14,-2.35788776009963E-14));
#8761=DIRECTION('center_axis',(9.48930417548479E-47,1.,-1.02324702730433E-16));
#8762=DIRECTION('ref_axis',(-1.,9.48930417548492E-47,-1.40129846432482E-45));
#8763=DIRECTION('',(-2.64745490487557E-14,-3.0127168943818E-15,1.));
#8764=DIRECTION('center_axis',(3.59712259978535E-14,1.,3.01271689438276E-15));
#8765=DIRECTION('ref_axis',(-1.,5.71888215795786E-14,-1.48029736616693E-14));
#8766=DIRECTION('',(1.,-3.59712259978536E-14,1.86358864847806E-14));
#8767=DIRECTION('center_axis',(3.59712259978535E-14,1.,3.01271689438276E-15));
#8768=DIRECTION('ref_axis',(-2.22044604925059E-14,-2.37368800207182E-14,
1.));
#8769=DIRECTION('',(2.73285667600059E-14,3.01271689438177E-15,-1.));
#8770=DIRECTION('center_axis',(3.59712259978535E-14,1.,3.01271689438276E-15));
#8771=DIRECTION('ref_axis',(1.,-5.71888215795788E-14,2.22044604925039E-14));
#8772=DIRECTION('',(-1.,3.59712259978536E-14,-1.98254111540218E-14));
#8773=DIRECTION('center_axis',(3.59712259978535E-14,1.,3.01271689438276E-15));
#8774=DIRECTION('ref_axis',(2.22044604925058E-14,2.37368800207182E-14,-1.));
#8775=DIRECTION('',(3.07446376050077E-14,3.01271689438165E-15,-1.));
#8776=DIRECTION('center_axis',(3.59712259978535E-14,1.,3.01271689438276E-15));
#8777=DIRECTION('ref_axis',(1.,-5.71888215795788E-14,2.22044604925036E-14));
#8778=DIRECTION('',(-1.,3.59712259978535E-14,-2.3790493384832E-15));
#8779=DIRECTION('center_axis',(3.59712259978535E-14,1.,3.01271689438276E-15));
#8780=DIRECTION('ref_axis',(1.48029736616715E-14,2.37368800207187E-14,-1.));
#8781=DIRECTION('',(-2.90366021825073E-14,-3.01271689438171E-15,1.));
#8782=DIRECTION('center_axis',(3.59712259978535E-14,1.,3.01271689438276E-15));
#8783=DIRECTION('ref_axis',(-1.,5.71888215795786E-14,-1.48029736616691E-14));
#8784=DIRECTION('',(1.,-3.59712259978535E-14,1.58603289232237E-15));
#8785=DIRECTION('center_axis',(3.59712259978535E-14,1.,3.01271689438276E-15));
#8786=DIRECTION('ref_axis',(-1.48029736616716E-14,-2.37368800207187E-14,
1.));
#8787=DIRECTION('',(2.81825844712567E-14,3.01271689438174E-15,-1.));
#8788=DIRECTION('center_axis',(3.59712259978535E-14,1.,3.01271689438276E-15));
#8789=DIRECTION('ref_axis',(1.,-5.71888215795791E-14,3.70074341541722E-14));
#8790=DIRECTION('',(-1.,3.59712259978536E-14,-2.53765262771469E-14));
#8791=DIRECTION('center_axis',(3.59712259978535E-14,1.,3.01271689438276E-15));
#8792=DIRECTION('ref_axis',(-1.85037170770717E-15,2.37368800207196E-14,
-1.));
#8793=DIRECTION('',(-2.90366021825068E-14,-3.01271689438171E-15,1.));
#8794=DIRECTION('center_axis',(3.59712259978535E-14,1.,3.01271689438276E-15));
#8795=DIRECTION('ref_axis',(-1.,5.7188821579579E-14,-3.33066907387549E-14));
#8796=DIRECTION('',(1.,-3.59712259978536E-14,2.63525465185757E-14));
#8797=DIRECTION('center_axis',(3.59712259978535E-14,1.,3.01271689438276E-15));
#8798=DIRECTION('ref_axis',(-1.665334536938E-14,-2.37368800207186E-14,1.));
#8799=DIRECTION('',(3.50147261612593E-14,3.0127168943815E-15,-1.));
#8800=DIRECTION('center_axis',(3.59712259978535E-14,1.,3.01271689438276E-15));
#8801=DIRECTION('ref_axis',(1.,-5.71888215795791E-14,3.70074341541736E-14));
#8802=DIRECTION('',(-1.,3.59712259978536E-14,-1.4640303621432E-14));
#8803=DIRECTION('center_axis',(3.59712259978535E-14,1.,3.01271689438276E-15));
#8804=DIRECTION('ref_axis',(2.59052039079243E-14,2.3736880020718E-14,-1.));
#8805=DIRECTION('',(-3.73632748671972E-14,-3.01271689438141E-15,1.));
#8806=DIRECTION('center_axis',(3.59712259978535E-14,1.,3.01271689438276E-15));
#8807=DIRECTION('ref_axis',(-1.,5.71888215795788E-14,-2.22044604925042E-14));
#8808=DIRECTION('',(1.,-3.59712259978536E-14,1.56163238628608E-14));
#8809=DIRECTION('center_axis',(3.59712259978535E-14,1.,3.01271689438276E-15));
#8810=DIRECTION('ref_axis',(-1.85037170770891E-14,-2.37368800207184E-14,
1.));
#8811=DIRECTION('',(2.7328566760007E-14,3.01271689438177E-15,-1.));
#8812=DIRECTION('center_axis',(3.59712259978535E-14,1.,3.01271689438276E-15));
#8813=DIRECTION('ref_axis',(1.,-5.71888215795784E-14,7.40148683083479E-15));
#8814=DIRECTION('',(-1.,3.59712259978535E-14,5.55111512312526E-15));
#8815=DIRECTION('center_axis',(3.59712259978535E-14,1.,3.01271689438276E-15));
#8816=DIRECTION('ref_axis',(1.20274161001087E-14,2.37368800207188E-14,-1.));
#8817=DIRECTION('',(-3.20256641718832E-14,-3.0127168943816E-15,1.));
#8818=DIRECTION('center_axis',(3.59712259978535E-14,1.,3.01271689438276E-15));
#8819=DIRECTION('ref_axis',(-1.,5.71888215795783E-14,-3.70074341541749E-15));
#8820=DIRECTION('',(1.,-3.59712259978535E-14,-3.17206578464271E-15));
#8821=DIRECTION('center_axis',(3.59712259978535E-14,1.,3.01271689438276E-15));
#8822=DIRECTION('ref_axis',(-2.3129646346361E-14,-2.37368800207182E-14,
1.));
#8823=DIRECTION('center_axis',(3.09209183126364E-56,1.,0.));
#8824=DIRECTION('ref_axis',(-1.40129846432482E-45,0.,1.));
#8825=DIRECTION('',(-4.93038065763146E-32,0.,1.));
#8826=DIRECTION('center_axis',(-3.09209183126364E-56,-1.,0.));
#8827=DIRECTION('ref_axis',(0.707106781186547,0.,-0.707106781186547));
#8828=DIRECTION('',(1.,-3.09209183126364E-56,1.40129846432482E-45));
#8829=DIRECTION('center_axis',(-3.09209183126364E-56,-1.,0.));
#8830=DIRECTION('ref_axis',(-0.707106781186547,0.,-0.707106781186547));
#8831=DIRECTION('',(-4.93038065763146E-32,0.,1.));
#8832=DIRECTION('center_axis',(-3.09209183126364E-56,-1.,0.));
#8833=DIRECTION('ref_axis',(-0.707106781186547,0.,0.707106781186547));
#8834=DIRECTION('',(-1.,3.0922162915692E-56,-4.93038065763146E-32));
#8835=DIRECTION('center_axis',(-3.09209183126364E-56,-1.,0.));
#8836=DIRECTION('ref_axis',(0.707106781186547,0.,0.707106781186547));
#8837=DIRECTION('',(-1.90323947078607E-14,0.,1.));
#8838=DIRECTION('',(-1.,0.,-1.73848876724248E-15));
#8839=DIRECTION('',(1.87151881293963E-14,0.,-1.));
#8840=DIRECTION('',(1.,0.,1.73848876724248E-15));
#8841=DIRECTION('center_axis',(3.68489960766981E-14,1.,2.88472942030626E-15));
#8842=DIRECTION('ref_axis',(0.70710678118654,-2.80959867407363E-14,0.707106781186555));
#8843=DIRECTION('',(1.,-3.68489960766981E-14,1.58603289232235E-15));
#8844=DIRECTION('center_axis',(3.68489960766981E-14,1.,2.88472942030626E-15));
#8845=DIRECTION('ref_axis',(-0.707106781186544,2.40163632707627E-14,0.707106781186551));
#8846=DIRECTION('',(-2.90366021825073E-14,-2.88472942030518E-15,1.));
#8847=DIRECTION('center_axis',(3.68489960766981E-14,1.,2.88472942030626E-15));
#8848=DIRECTION('ref_axis',(-0.707106781186537,2.80959867407362E-14,-0.707106781186558));
#8849=DIRECTION('',(-1.,3.68489960766981E-14,-2.37904933848318E-15));
#8850=DIRECTION('center_axis',(3.68489960766981E-14,1.,2.88472942030626E-15));
#8851=DIRECTION('ref_axis',(0.70710678118654,-2.80959867407363E-14,0.707106781186555));
#8852=DIRECTION('',(1.,-3.68489960766982E-14,2.63525465185757E-14));
#8853=DIRECTION('center_axis',(3.68489960766981E-14,1.,2.88472942030626E-15));
#8854=DIRECTION('ref_axis',(-0.707106781186548,2.40163632707628E-14,0.707106781186547));
#8855=DIRECTION('',(-2.90366021825068E-14,-2.88472942030518E-15,1.));
#8856=DIRECTION('center_axis',(3.68489960766981E-14,1.,2.88472942030626E-15));
#8857=DIRECTION('ref_axis',(-0.707106781186529,2.8095986740736E-14,-0.707106781186566));
#8858=DIRECTION('',(-1.,3.68489960766982E-14,-2.53765262771469E-14));
#8859=DIRECTION('center_axis',(3.68489960766981E-14,1.,2.88472942030626E-15));
#8860=DIRECTION('ref_axis',(0.707106781186595,-2.40163632707647E-14,-0.7071067811865));
#8861=DIRECTION('',(2.81825844712567E-14,2.88472942030522E-15,-1.));
#8862=DIRECTION('center_axis',(3.68489960766981E-14,1.,2.88472942030626E-15));
#8863=DIRECTION('ref_axis',(0.707106781186532,-2.80959867407361E-14,0.707106781186563));
#8864=DIRECTION('',(1.,-3.68489960766981E-14,1.56163238628608E-14));
#8865=DIRECTION('center_axis',(3.68489960766981E-14,1.,2.88472942030626E-15));
#8866=DIRECTION('ref_axis',(-0.70710678118654,2.40163632707625E-14,0.707106781186555));
#8867=DIRECTION('',(-3.73632748671972E-14,-2.88472942030488E-15,1.));
#8868=DIRECTION('center_axis',(3.68489960766981E-14,1.,2.88472942030626E-15));
#8869=DIRECTION('ref_axis',(-0.707106781186529,2.8095986740736E-14,-0.707106781186565));
#8870=DIRECTION('',(-1.,3.68489960766981E-14,-1.4640303621432E-14));
#8871=DIRECTION('center_axis',(3.68489960766981E-14,1.,2.88472942030626E-15));
#8872=DIRECTION('ref_axis',(0.707106781186592,-2.40163632707646E-14,-0.707106781186503));
#8873=DIRECTION('',(3.50147261612593E-14,2.88472942030496E-15,-1.));
#8874=DIRECTION('',(1.,-3.68489960766981E-14,-3.17206578464273E-15));
#8875=DIRECTION('center_axis',(3.68489960766981E-14,1.,2.88472942030626E-15));
#8876=DIRECTION('ref_axis',(-0.707106781186529,2.40163632707621E-14,0.707106781186566));
#8877=DIRECTION('',(-3.20256641718832E-14,-2.88472942030508E-15,1.));
#8878=DIRECTION('center_axis',(3.68489960766981E-14,1.,2.88472942030626E-15));
#8879=DIRECTION('ref_axis',(-0.707106781186537,2.80959867407362E-14,-0.707106781186558));
#8880=DIRECTION('',(-1.,3.68489960766981E-14,5.55111512312528E-15));
#8881=DIRECTION('center_axis',(3.68489960766981E-14,1.,2.88472942030626E-15));
#8882=DIRECTION('ref_axis',(0.70710678118657,-2.40163632707637E-14,-0.707106781186525));
#8883=DIRECTION('',(2.7328566760007E-14,2.88472942030525E-15,-1.));
#8884=DIRECTION('center_axis',(3.68489960766981E-14,1.,2.88472942030626E-15));
#8885=DIRECTION('ref_axis',(0.707106781186536,-2.80959867407362E-14,0.707106781186559));
#8886=DIRECTION('center_axis',(3.68489960766981E-14,1.,2.88472942030626E-15));
#8887=DIRECTION('ref_axis',(0.70710678118654,-2.80959867407363E-14,0.707106781186555));
#8888=DIRECTION('',(1.,-3.68489960766981E-14,1.86358864847805E-14));
#8889=DIRECTION('center_axis',(3.68489960766981E-14,1.,2.88472942030626E-15));
#8890=DIRECTION('ref_axis',(-0.707106781186544,2.40163632707627E-14,0.707106781186551));
#8891=DIRECTION('',(-2.64745490487557E-14,-2.88472942030528E-15,1.));
#8892=DIRECTION('center_axis',(3.68489960766981E-14,1.,2.88472942030626E-15));
#8893=DIRECTION('ref_axis',(-0.707106781186522,2.80959867407357E-14,-0.707106781186573));
#8894=DIRECTION('',(-1.,3.68489960766981E-14,-1.98254111540218E-14));
#8895=DIRECTION('center_axis',(3.68489960766981E-14,1.,2.88472942030626E-15));
#8896=DIRECTION('ref_axis',(0.707106781186584,-2.40163632707643E-14,-0.707106781186511));
#8897=DIRECTION('',(2.73285667600059E-14,2.88472942030525E-15,-1.));
#8898=DIRECTION('center_axis',(-5.24958163359007E-14,-1.,-2.53063020747439E-16));
#8899=DIRECTION('ref_axis',(0.,2.53063020747439E-16,-1.));
#8900=DIRECTION('',(-1.,5.24958163359007E-14,-4.93038065763146E-32));
#8901=DIRECTION('',(4.93038065763146E-32,2.53063020747439E-16,-1.));
#8902=DIRECTION('',(1.,-5.24958163359007E-14,3.99944822268548E-32));
#8903=DIRECTION('',(0.,0.,-1.));
#8904=DIRECTION('center_axis',(-1.,5.27764728821497E-14,2.61488140587219E-32));
#8905=DIRECTION('ref_axis',(-2.61488140587219E-32,0.,-1.));
#8906=DIRECTION('',(5.27764728821497E-14,1.,2.60208101076162E-45));
#8907=DIRECTION('',(-5.27764728821497E-14,-1.,-2.25540482402349E-16));
#8908=DIRECTION('',(-5.33874606687963E-29,-1.01207236038922E-15,1.));
#8909=DIRECTION('',(-5.27764728821497E-14,-1.,-9.10654347480052E-16));
#8910=DIRECTION('',(5.0740132000594E-29,9.61911208579897E-16,-1.));
#8911=DIRECTION('',(-5.27764728821497E-14,-1.,-2.25540482402349E-16));
#8912=DIRECTION('',(5.42648571288546E-30,1.02324702730433E-16,1.));
#8913=DIRECTION('center_axis',(4.93038065763146E-32,0.,-1.));
#8914=DIRECTION('ref_axis',(-1.,-2.0665506949776E-29,-4.93038065763146E-32));
#8915=DIRECTION('',(1.,-8.98480444034495E-47,4.93038065763146E-32));
#8916=DIRECTION('',(-5.27764728821497E-14,-1.,-2.60208101076162E-45));
#8917=DIRECTION('',(-1.,5.24958163359007E-14,-4.93038065763146E-32));
#8918=DIRECTION('',(5.27764728821497E-14,1.,2.60208101076162E-45));
#8919=DIRECTION('',(1.,-8.98480444034495E-47,4.93038065763146E-32));
#8920=DIRECTION('',(-5.27764728821497E-14,-1.,-2.60208101076162E-45));
#8921=DIRECTION('',(-1.,5.24958163359007E-14,-4.93038065763146E-32));
#8922=DIRECTION('',(3.09209183126364E-56,1.,0.));
#8923=DIRECTION('',(-1.,-2.74381206015808E-46,-2.2654556784008E-31));
#8924=DIRECTION('',(3.09209183126364E-56,1.,0.));
#8925=DIRECTION('',(1.,2.11844386417051E-14,4.9303806576316E-32));
#8926=DIRECTION('',(2.11844386417051E-14,-1.,0.));
#8927=DIRECTION('',(-1.,-2.11844386417051E-14,-4.9303806576316E-32));
#8928=DIRECTION('',(-2.11844386417051E-14,1.,0.));
#8929=DIRECTION('',(1.02482125350017E-14,1.,0.));
#8930=DIRECTION('',(1.,1.0327656043025E-15,4.93038065763146E-32));
#8931=DIRECTION('',(-1.02482125350017E-14,-1.,0.));
#8932=DIRECTION('',(-1.,-1.0327656043025E-15,-4.93038065763146E-32));
#8933=DIRECTION('',(-6.53240321233385E-45,-1.,9.67101296706313E-16));
#8934=DIRECTION('',(-1.,1.64335160522565E-14,-2.26474961845362E-29));
#8935=DIRECTION('',(-6.53240321233385E-45,-1.,9.67101296706313E-16));
#8936=DIRECTION('',(1.,0.,6.75462150095492E-30));
#8937=DIRECTION('center_axis',(9.48930417548479E-47,1.,-1.02324702730433E-16));
#8938=DIRECTION('ref_axis',(-1.,9.48930417548492E-47,-1.40129846432482E-45));
#8939=DIRECTION('',(1.,1.12071687744558E-45,1.1879926222731E-29));
#8940=DIRECTION('',(-4.93038065763146E-32,1.02324702730433E-16,1.));
#8941=DIRECTION('',(-1.,-2.47668539059445E-44,-2.42969158808072E-28));
#8942=DIRECTION('',(-3.88119565368738E-28,-3.01271689438276E-15,1.));
#8943=DIRECTION('',(-1.,-1.86612524802891E-30,-1.82372897084791E-14));
#8944=DIRECTION('center_axis',(9.48930417548479E-47,1.,-1.02324702730433E-16));
#8945=DIRECTION('ref_axis',(-1.,7.63020886652786E-14,-2.23108925689502E-14));
#8946=DIRECTION('center_axis',(9.48930417548479E-47,1.,-1.02324702730433E-16));
#8947=DIRECTION('ref_axis',(-1.,7.63020886652786E-14,-2.23108925689502E-14));
#8948=DIRECTION('',(-1.,-1.86612524802891E-30,-1.82372897084791E-14));
#8949=DIRECTION('',(-5.42648571288546E-30,-1.02324702730433E-16,-1.));
#8950=DIRECTION('',(-1.,-1.12071687744558E-45,-1.1879926222731E-29));
#8951=DIRECTION('',(4.93038065763146E-32,-1.02324702730433E-16,-1.));
#8952=DIRECTION('',(1.,1.12071687744558E-45,1.1879926222731E-29));
#8953=DIRECTION('',(-5.42648571288546E-30,-1.02324702730433E-16,-1.));
#8954=DIRECTION('',(5.42648571288546E-30,1.02324702730433E-16,1.));
#8955=DIRECTION('',(1.,1.12071687744558E-45,1.1879926222731E-29));
#8956=DIRECTION('',(-5.42648571288546E-30,-1.02324702730433E-16,-1.));
#8957=DIRECTION('',(2.89846439713428E-29,-1.97917365709552E-15,1.));
#8958=DIRECTION('',(1.,1.4545175781737E-14,-1.97215226305287E-31));
#8959=DIRECTION('',(-2.89846439713428E-29,1.97917365709552E-15,-1.));
#8960=DIRECTION('',(-1.,-1.4545175781737E-14,1.97215226305287E-31));
#8961=DIRECTION('',(-0.969904678393303,2.49145238577257E-17,0.243484937585025));
#8962=DIRECTION('',(1.,-9.48930417548492E-47,1.40129846432482E-45));
#8963=DIRECTION('',(-1.40129846432482E-45,1.02324702730433E-16,1.));
#8964=DIRECTION('center_axis',(-2.05275933834452E-29,9.10654347480052E-16,
-1.));
#8965=DIRECTION('ref_axis',(1.,1.45291614320891E-14,-7.29654936007375E-30));
#8966=DIRECTION('',(-1.,1.64335160522565E-14,3.54928462208157E-29));
#8967=DIRECTION('',(5.27764728821497E-14,1.,9.10654347480052E-16));
#8968=DIRECTION('',(1.,1.45265743878298E-14,-7.29890526317558E-30));
#8969=DIRECTION('center_axis',(-1.45265743878298E-14,1.,9.61911208579897E-16));
#8970=DIRECTION('ref_axis',(-6.75462150095492E-30,-9.61911208579897E-16,
1.));
#8971=DIRECTION('',(-5.0740132000594E-29,-9.61911208579897E-16,1.));
#8972=DIRECTION('',(1.,1.45291614320891E-14,-7.29654936007375E-30));
#8973=DIRECTION('center_axis',(-1.45265743878298E-14,1.,9.61911208579897E-16));
#8974=DIRECTION('ref_axis',(-6.75462150095492E-30,-9.61911208579897E-16,
1.));
#8975=DIRECTION('',(-1.,-1.45265743878298E-14,-1.51562568178158E-29));
#8976=DIRECTION('',(-6.75462150095492E-30,-9.63721354815778E-16,1.));
#8977=DIRECTION('',(1.,1.45265743878298E-14,2.46245489403161E-28));
#8978=DIRECTION('',(-6.78011409328914E-30,-9.61911208579897E-16,1.));
#8979=DIRECTION('center_axis',(-1.64335160522565E-14,-1.,-1.01207236038922E-15));
#8980=DIRECTION('ref_axis',(6.75462150095492E-30,1.01207236038922E-15,-1.));
#8981=DIRECTION('',(1.,-1.64335160522565E-14,8.17350308473835E-30));
#8982=DIRECTION('',(6.07368619882279E-30,1.01207236038922E-15,-1.));
#8983=DIRECTION('',(-1.,1.64335160522565E-14,8.62309145339775E-16));
#8984=DIRECTION('',(-6.07368619882279E-30,-1.01207236038922E-15,1.));
#8985=DIRECTION('center_axis',(-1.64335160522565E-14,-1.,-1.01207236038922E-15));
#8986=DIRECTION('ref_axis',(6.75462150095492E-30,1.01207236038922E-15,-1.));
#8987=DIRECTION('',(1.,-1.64335160522565E-14,-3.54928462208157E-29));
#8988=DIRECTION('',(5.33874606687963E-29,1.01207236038922E-15,-1.));
#8989=DIRECTION('center_axis',(-5.24958163359007E-14,-1.,-2.53063020747439E-16));
#8990=DIRECTION('ref_axis',(0.,2.53063020747439E-16,-1.));
#8991=DIRECTION('',(-4.93038065763146E-32,-2.53063020747439E-16,1.));
#8992=DIRECTION('',(1.33296248378934E-29,2.53063020747439E-16,-1.));
#8993=DIRECTION('',(-1.,5.32907051820077E-14,0.));
#8994=DIRECTION('center_axis',(1.,-5.27764728821497E-14,-2.61488140587219E-32));
#8995=DIRECTION('ref_axis',(2.61488140587219E-32,0.,1.));
#8996=DIRECTION('',(-5.0740132000594E-29,-9.61911208579897E-16,1.));
#8997=DIRECTION('',(5.27764728821497E-14,1.,9.10654347480052E-16));
#8998=DIRECTION('',(5.33874606687963E-29,1.01207236038922E-15,-1.));
#8999=DIRECTION('',(-5.27764728821497E-14,-1.,-2.25540482402349E-16));
#9000=DIRECTION('',(-5.27764728821497E-14,-1.,-2.25540482402349E-16));
#9001=DIRECTION('center_axis',(-2.05275933834452E-29,9.10654347480052E-16,
-1.));
#9002=DIRECTION('ref_axis',(1.,1.45291614320891E-14,-7.29654936007375E-30));
#9003=DIRECTION('',(-5.27764728821497E-14,-1.,-2.25540482402349E-16));
#9004=DIRECTION('',(-5.27764728821497E-14,-1.,-2.25540482402349E-16));
#9005=DIRECTION('',(1.,1.45291614320891E-14,-7.29654936007375E-30));
#9006=DIRECTION('',(-1.1120004288572E-47,1.,2.25540482402349E-16));
#9007=DIRECTION('',(1.,-1.64335160522565E-14,-3.54928462208157E-29));
#9008=DIRECTION('',(-5.27764728821497E-14,-1.,-2.25540482402349E-16));
#9009=DIRECTION('',(1.,-5.24958163359007E-14,3.99944822268548E-32));
#9010=DIRECTION('',(-5.27764728821497E-14,-1.,-2.25540482402349E-16));
#9011=DIRECTION('',(1.1120004288572E-47,-1.,-2.25540482402349E-16));
#9012=DIRECTION('',(-1.40831673313977E-14,1.,2.25540482402349E-16));
#9013=DIRECTION('',(1.40831673313977E-14,-1.,-9.10654347480052E-16));
#9014=DIRECTION('',(1.40831673313977E-14,-1.,-9.10654347480052E-16));
#9015=DIRECTION('',(-1.,-1.45265743878298E-14,-1.51562568178158E-29));
#9016=DIRECTION('center_axis',(-1.45265743878298E-14,1.,9.61911208579897E-16));
#9017=DIRECTION('ref_axis',(-6.75462150095492E-30,-9.61911208579897E-16,
1.));
#9018=DIRECTION('',(1.,1.45265743878298E-14,1.51562568178158E-29));
#9019=DIRECTION('',(6.75462150095492E-30,9.63721354815778E-16,-1.));
#9020=DIRECTION('center_axis',(-1.45265743878298E-14,1.,9.61911208579897E-16));
#9021=DIRECTION('ref_axis',(-6.75462150095492E-30,-9.61911208579897E-16,
1.));
#9022=DIRECTION('',(5.0740132000594E-29,9.61911208579897E-16,-1.));
#9023=DIRECTION('',(1.,1.45265743878298E-14,-7.29890526317558E-30));
#9024=DIRECTION('',(-6.75462150095492E-30,9.67101296706313E-16,1.));
#9025=DIRECTION('',(6.75462150095492E-30,-9.67101296706313E-16,-1.));
#9026=DIRECTION('',(1.,1.45265743878298E-14,-7.29890526317558E-30));
#9027=DIRECTION('',(1.,1.45265743878298E-14,-7.29890526317558E-30));
#9028=DIRECTION('',(1.,1.45265743878298E-14,-7.29890526317558E-30));
#9029=DIRECTION('center_axis',(1.,-5.27764728821497E-14,-2.61488140587219E-32));
#9030=DIRECTION('ref_axis',(2.61488140587219E-32,0.,1.));
#9031=DIRECTION('',(1.33296248378934E-29,2.53063020747439E-16,-1.));
#9032=DIRECTION('center_axis',(-1.,5.27764728821497E-14,2.61488140587219E-32));
#9033=DIRECTION('ref_axis',(-2.61488140587219E-32,0.,-1.));
#9034=DIRECTION('',(0.,0.,-1.));
#9035=DIRECTION('',(-5.33874606687963E-29,-1.01207236038922E-15,1.));
#9036=DIRECTION('',(-5.27764728821497E-14,-1.,-9.10654347480052E-16));
#9037=DIRECTION('center_axis',(-5.24958163359007E-14,-1.,-2.53063020747439E-16));
#9038=DIRECTION('ref_axis',(0.,2.53063020747439E-16,-1.));
#9039=DIRECTION('center_axis',(-2.05275933834452E-29,9.10654347480052E-16,
-1.));
#9040=DIRECTION('ref_axis',(1.,1.45291614320891E-14,-7.29654936007375E-30));
#9041=DIRECTION('',(-1.,1.64335160522565E-14,3.54928462208157E-29));
#9042=DIRECTION('',(-6.15112543542683E-45,1.,9.10654347480052E-16));
#9043=DIRECTION('center_axis',(-1.64335160522565E-14,-1.,-1.01207236038922E-15));
#9044=DIRECTION('ref_axis',(6.75462150095492E-30,1.01207236038922E-15,-1.));
#9045=DIRECTION('',(-1.,1.64335160522565E-14,3.54928462208157E-29));
#9046=DIRECTION('',(-6.75462150095492E-30,-1.01207236038922E-15,1.));
#9047=DIRECTION('',(6.75462150095492E-30,1.01207236038922E-15,-1.));
#9048=DIRECTION('center_axis',(1.,-5.27764728821497E-14,-2.61488140587219E-32));
#9049=DIRECTION('ref_axis',(2.61488140587219E-32,0.,1.));
#9050=DIRECTION('',(5.27764728821497E-14,1.,2.45160620380764E-14));
#9051=DIRECTION('',(1.29384513451556E-27,2.4516062038076E-14,-1.));
#9052=DIRECTION('',(-5.27764728821497E-14,-1.,-2.25540482402349E-16));
#9053=DIRECTION('',(1.33296248378934E-29,2.53063020747439E-16,-1.));
#9054=DIRECTION('',(-5.27764728821497E-14,-1.,-2.25540482402349E-16));
#9055=DIRECTION('',(-1.02166207370984E-28,-1.93533316985781E-15,-1.));
#9056=DIRECTION('',(-5.27764728821497E-14,-1.,-6.5091480273735E-15));
#9057=DIRECTION('',(-5.0740132000594E-29,-9.61911208579897E-16,1.));
#9058=DIRECTION('',(-5.27764728821497E-14,-1.,-2.25540482402349E-16));
#9059=DIRECTION('center_axis',(-1.1879926222731E-29,-2.25540482402349E-16,
1.));
#9060=DIRECTION('ref_axis',(-1.,0.,-1.1879926222731E-29));
#9061=DIRECTION('',(-1.1120004288572E-47,1.,2.25540482402349E-16));
#9062=DIRECTION('',(-1.,5.32907051820075E-14,0.));
#9063=DIRECTION('',(1.,-3.01679977295499E-14,5.07582146169536E-30));
#9064=DIRECTION('',(-3.01679977295503E-14,-1.,-2.25540482402349E-16));
#9065=DIRECTION('',(1.,1.12071687744558E-45,1.1879926222731E-29));
#9066=DIRECTION('center_axis',(-5.24958163359007E-14,-1.,-2.53063020747439E-16));
#9067=DIRECTION('ref_axis',(0.,2.53063020747439E-16,-1.));
#9068=DIRECTION('',(-4.93038065763146E-32,-2.53063020747439E-16,1.));
#9069=DIRECTION('',(-1.,5.24958163359007E-14,-3.99944822268548E-32));
#9070=DIRECTION('center_axis',(-1.,3.0922162915692E-56,-4.93038065763146E-32));
#9071=DIRECTION('ref_axis',(-4.93038065763146E-32,-3.77837493165519E-24,
1.));
#9072=DIRECTION('',(1.1120004288572E-47,-1.,-2.25540482402349E-16));
#9073=DIRECTION('',(4.93038065763146E-32,-1.02324702730433E-16,-1.));
#9074=DIRECTION('',(-3.09218517649281E-56,-1.,1.11022302462516E-15));
#9075=DIRECTION('',(-1.40129846432482E-45,1.21115239050017E-15,1.));
#9076=DIRECTION('',(-3.09218517649281E-56,-1.,1.11022302462516E-15));
#9077=DIRECTION('',(-4.93038065763146E-32,-3.77837493165519E-24,1.));
#9078=DIRECTION('',(-3.09218517649281E-56,-1.,1.11022302462516E-15));
#9079=DIRECTION('',(1.40129846432482E-45,-1.11022302462516E-15,-1.));
#9080=DIRECTION('',(-3.09218517649281E-56,-1.,1.11022302462516E-15));
#9081=DIRECTION('',(-4.93038065763146E-32,-3.77837493165519E-24,1.));
#9082=DIRECTION('',(-3.09218517649281E-56,-1.,1.11022302462516E-15));
#9083=DIRECTION('',(1.40129846432482E-45,-1.11022302462516E-15,-1.));
#9084=DIRECTION('',(-3.09218517649281E-56,-1.,1.11022302462516E-15));
#9085=DIRECTION('',(-4.93038065763146E-32,-3.77837493165519E-24,1.));
#9086=DIRECTION('',(-3.09218517649281E-56,-1.,1.11022302462516E-15));
#9087=DIRECTION('',(1.40129846432482E-45,-1.11022302462516E-15,-1.));
#9088=DIRECTION('',(-4.93038065763146E-32,-4.719152299852E-15,1.));
#9089=DIRECTION('',(4.93038065763146E-32,4.719152299852E-15,-1.));
#9090=DIRECTION('',(8.88432955101127E-47,-1.,-1.80195611070145E-15));
#9091=DIRECTION('center_axis',(1.,-3.0922162915692E-56,4.93038065763146E-32));
#9092=DIRECTION('ref_axis',(-3.28479869645671E-15,0.707106781186541,0.707106781186554));
#9093=DIRECTION('',(-4.93038065763146E-32,-1.80195611070157E-15,1.));
#9094=DIRECTION('center_axis',(1.,-3.0922162915692E-56,4.93038065763146E-32));
#9095=DIRECTION('ref_axis',(-1.52257650269729E-14,0.707106781186544,-0.707106781186551));
#9096=DIRECTION('',(-8.88432955101127E-47,1.,1.80195611070145E-15));
#9097=DIRECTION('center_axis',(1.,-3.0922162915692E-56,4.93038065763146E-32));
#9098=DIRECTION('ref_axis',(3.28479869645671E-15,-0.707106781186541,-0.707106781186554));
#9099=DIRECTION('',(4.93038065763146E-32,1.80195611070157E-15,-1.));
#9100=DIRECTION('center_axis',(1.,-3.0922162915692E-56,4.93038065763146E-32));
#9101=DIRECTION('ref_axis',(1.52257650269729E-14,-0.707106781186544,0.707106781186551));
#9102=DIRECTION('center_axis',(9.48930417548479E-47,1.,-1.02324702730433E-16));
#9103=DIRECTION('ref_axis',(-1.,9.48930417548492E-47,-1.40129846432482E-45));
#9104=DIRECTION('',(-1.82372897084783E-14,1.02324702730433E-16,1.));
#9105=DIRECTION('',(1.,1.86612524802891E-30,1.82372897084791E-14));
#9106=DIRECTION('',(1.82372897084783E-14,-1.02324702730433E-16,-1.));
#9107=DIRECTION('',(1.,-3.59712259978535E-14,2.36658271566304E-28));
#9108=DIRECTION('',(4.93038065763146E-32,3.01271689438276E-15,-1.));
#9109=DIRECTION('',(1.,-3.59712259978535E-14,4.93038065763146E-32));
#9110=DIRECTION('center_axis',(-1.,3.01679977295503E-14,-1.82372897084783E-14));
#9111=DIRECTION('ref_axis',(1.82372897084783E-14,2.53063020746481E-16,-1.));
#9112=DIRECTION('',(-1.8237289708479E-14,-2.45160620380754E-14,1.));
#9113=DIRECTION('',(-3.01679977295499E-14,-1.,-2.4516062038076E-14));
#9114=DIRECTION('center_axis',(-1.22828664226469E-13,-1.,1.93533316985781E-15));
#9115=DIRECTION('ref_axis',(6.75462150095492E-30,-1.93533316985781E-15,
-1.));
#9116=DIRECTION('',(-1.,1.22828664226469E-13,2.88057865848883E-15));
#9117=DIRECTION('',(9.54860690525671E-30,-1.93533316985781E-15,-1.));
#9118=DIRECTION('',(1.,-1.22828664226469E-13,-7.94232665388338E-28));
#9119=DIRECTION('center_axis',(-2.09979753559168E-14,6.50914802737461E-15,
-1.));
#9120=DIRECTION('ref_axis',(1.,-4.23437978643418E-16,-2.09979753559168E-14));
#9121=DIRECTION('',(-1.,-1.45291614320891E-14,5.13397930462584E-17));
#9122=DIRECTION('',(-1.,-1.45291614320891E-14,5.13397930462584E-17));
#9123=DIRECTION('',(-5.27764728821497E-14,-1.,-2.25540482402675E-16));
#9124=DIRECTION('',(-1.1120004288588E-47,1.,2.25540482402675E-16));
#9125=DIRECTION('',(-1.,5.24958163359007E-14,-2.30347384324535E-28));
#9126=DIRECTION('',(-5.27764728821497E-14,-1.,-2.25540482402675E-16));
#9127=DIRECTION('',(-1.,1.22828664226469E-13,8.62309145340472E-16));
#9128=DIRECTION('',(4.42017113787351E-44,-1.,-6.54392128004303E-15));
#9129=DIRECTION('',(1.,-1.22828664226469E-13,-2.09979753559176E-14));
#9130=DIRECTION('',(4.42017113787351E-44,-1.,-6.54392128004303E-15));
#9131=DIRECTION('',(1.40831673313977E-14,-1.,-9.10654347480052E-16));
#9132=DIRECTION('',(1.40831673313977E-14,-1.,-9.10654347480052E-16));
#9133=DIRECTION('',(1.40831673313977E-14,-1.,-2.25540482402675E-16));
#9134=DIRECTION('center_axis',(-1.,3.01679977295503E-14,-1.82372897084783E-14));
#9135=DIRECTION('ref_axis',(1.82372897084783E-14,2.53063020746481E-16,-1.));
#9136=DIRECTION('',(1.82372897084783E-14,-1.02324702730433E-16,-1.));
#9137=DIRECTION('',(-3.01679977295499E-14,-1.,-2.4516062038076E-14));
#9138=DIRECTION('',(-1.82372897084783E-14,-2.53063020746481E-16,1.));
#9139=DIRECTION('',(-3.01679977295499E-14,-1.,-2.4516062038076E-14));
#9140=DIRECTION('center_axis',(-1.82372897084791E-14,-2.45160620380754E-14,
1.));
#9141=DIRECTION('ref_axis',(-1.,4.94118634897197E-14,-1.82372897084778E-14));
#9142=DIRECTION('',(-1.,-1.86612524802891E-30,-1.82372897084791E-14));
#9143=DIRECTION('',(-3.01679977295499E-14,-1.,-2.4516062038076E-14));
#9144=DIRECTION('',(1.,-4.94118634897197E-14,1.82372897084778E-14));
#9145=DIRECTION('',(-1.,5.0375797067937E-14,-1.82372897084778E-14));
#9146=DIRECTION('',(1.,-4.94118634897197E-14,1.82372897084778E-14));
#9147=DIRECTION('',(-1.,5.08715903683607E-14,-1.82372897084778E-14));
#9148=DIRECTION('',(1.,-4.94118634897197E-14,1.82372897084778E-14));
#9149=DIRECTION('',(-1.,5.19881583969018E-14,-1.82372897084778E-14));
#9150=DIRECTION('',(1.,-4.94118634897197E-14,1.82372897084778E-14));
#9151=DIRECTION('center_axis',(1.,-3.01679977295503E-14,1.82372897084783E-14));
#9152=DIRECTION('ref_axis',(-1.82372897084783E-14,-2.53063020746481E-16,
1.));
#9153=DIRECTION('',(-3.01679977295503E-14,-1.,-2.25540482402675E-16));
#9154=DIRECTION('',(3.01679977295499E-14,1.,2.4516062038076E-14));
#9155=DIRECTION('',(1.8237289708479E-14,2.45160620380754E-14,-1.));
#9156=DIRECTION('center_axis',(-1.82372897084791E-14,-2.45160620380754E-14,
1.));
#9157=DIRECTION('ref_axis',(-1.,4.94118634897197E-14,-1.82372897084778E-14));
#9158=DIRECTION('',(1.,-3.01679977295503E-14,1.82372897084783E-14));
#9159=DIRECTION('',(-5.05179387321863E-14,-1.,-2.53063020747403E-16));
#9160=DIRECTION('',(-1.,5.24958163359007E-14,-1.82372897084778E-14));
#9161=DIRECTION('',(-5.18790257666645E-14,-1.,-2.53063020747428E-16));
#9162=DIRECTION('',(1.,-3.01679977295503E-14,1.82372897084783E-14));
#9163=DIRECTION('',(-5.10709763534195E-14,-1.,-2.53063020747413E-16));
#9164=DIRECTION('',(-1.,5.24958163359007E-14,-1.82372897084778E-14));
#9165=DIRECTION('',(-5.24958163359007E-14,-1.,-2.53063020747439E-16));
#9166=DIRECTION('',(1.,-3.01679977295503E-14,1.82372897084783E-14));
#9167=DIRECTION('',(-5.08635872454571E-14,-1.,-2.53063020747409E-16));
#9168=DIRECTION('',(-1.,5.24958163359007E-14,-1.82372897084778E-14));
#9169=DIRECTION('',(-5.24958163359007E-14,-1.,-2.53063020747439E-16));
#9170=DIRECTION('',(1.,-3.01679977295503E-14,1.82372897084783E-14));
#9171=DIRECTION('center_axis',(-3.01679977295499E-14,-1.,-2.4516062038076E-14));
#9172=DIRECTION('ref_axis',(1.82372897084795E-14,2.45160620380754E-14,-1.));
#9173=DIRECTION('',(-1.,3.01679977295503E-14,-1.82372897084783E-14));
#9174=DIRECTION('center_axis',(-3.01679977295499E-14,-1.,-2.4516062038076E-14));
#9175=DIRECTION('ref_axis',(-1.,7.63020886652786E-14,-2.23108925689502E-14));
#9176=DIRECTION('',(-1.,3.01679977295503E-14,-1.82372897084783E-14));
#9177=DIRECTION('',(1.52421866765415E-27,2.4516062038076E-14,-1.));
#9178=DIRECTION('',(-1.,3.01679977295499E-14,-2.36165054047026E-28));
#9179=DIRECTION('',(1.56510003595849E-27,2.4516062038076E-14,-1.));
#9180=DIRECTION('',(1.82372897084783E-14,2.53063020746481E-16,-1.));
#9181=DIRECTION('',(-1.,4.94118634897197E-14,-1.82372897084778E-14));
#9182=DIRECTION('',(-1.52723471250788E-27,-2.4516062038076E-14,1.));
#9183=DIRECTION('center_axis',(1.82372897084791E-14,2.45160620380754E-14,
-1.));
#9184=DIRECTION('ref_axis',(1.,-4.94118634897197E-14,1.82372897084778E-14));
#9185=DIRECTION('',(7.63020886652787E-14,1.,-2.00609044425375E-15));
#9186=DIRECTION('center_axis',(1.,-5.24958163359007E-14,8.41029977834977E-14));
#9187=DIRECTION('ref_axis',(6.17653137863844E-14,-0.382683432365087,-0.923879532511288));
#9188=DIRECTION('center_axis',(-1.,5.05179387321863E-14,-2.966117003631E-28));
#9189=DIRECTION('ref_axis',(6.17653137863844E-14,-0.382683432365087,-0.923879532511288));
#9190=DIRECTION('',(-1.,5.24958163359007E-14,-8.41029977834977E-14));
#9191=DIRECTION('center_axis',(1.,-5.05179387321863E-14,2.87145369500448E-28));
#9192=DIRECTION('ref_axis',(6.17653137863844E-14,-0.382683432365087,-0.923879532511288));
#9193=DIRECTION('',(1.,-5.24958163359007E-14,8.41029977834977E-14));
#9194=DIRECTION('center_axis',(9.65899477658674E-14,0.707106781186547,-0.707106781186548));
#9195=DIRECTION('ref_axis',(-1.,4.94118634897197E-14,-8.71869506296787E-14));
#9196=DIRECTION('',(3.57215770490953E-14,0.707106781186548,0.707106781186547));
#9197=DIRECTION('',(-1.,1.14424481795813E-13,-2.21743323235855E-14));
#9198=DIRECTION('',(-3.57215770490952E-14,-0.707106781186548,-0.707106781186547));
#9199=DIRECTION('center_axis',(-1.,5.05179387321863E-14,-2.87145369500448E-28));
#9200=DIRECTION('ref_axis',(2.99767143983984E-28,2.53063020747384E-16,-1.));
#9201=DIRECTION('',(2.99767143983984E-28,2.53063020747439E-16,-1.));
#9202=DIRECTION('',(3.57215770490953E-14,0.707106781186548,0.707106781186547));
#9203=DIRECTION('',(4.6672489619326E-14,0.923879532511287,0.38268343236509));
#9204=DIRECTION('',(5.05179387321863E-14,1.,2.53063020747403E-16));
#9205=DIRECTION('',(1.15693548347591E-15,2.53063020747325E-16,-1.));
#9206=DIRECTION('',(5.05179387321863E-14,1.,2.53063020747397E-16));
#9207=DIRECTION('center_axis',(-1.,5.05179387321863E-14,-2.87145369500448E-28));
#9208=DIRECTION('ref_axis',(-5.49853080889719E-14,-0.38268343236509,0.923879532511287));
#9209=DIRECTION('center_axis',(1.,-5.24958163359007E-14,8.41029977834977E-14));
#9210=DIRECTION('ref_axis',(6.17653137863844E-14,-0.382683432365087,-0.923879532511288));
#9211=DIRECTION('center_axis',(-1.,5.10709763534196E-14,-3.06078031225753E-28));
#9212=DIRECTION('ref_axis',(6.17653137863844E-14,-0.382683432365087,-0.923879532511288));
#9213=DIRECTION('',(-1.,5.24958163359007E-14,-8.41029977834977E-14));
#9214=DIRECTION('center_axis',(1.,-5.10709763534196E-14,2.87145369500448E-28));
#9215=DIRECTION('ref_axis',(6.17653137863844E-14,-0.382683432365087,-0.923879532511288));
#9216=DIRECTION('',(1.,-5.24958163359007E-14,8.41029977834977E-14));
#9217=DIRECTION('center_axis',(-5.24958163359007E-14,-1.,-2.53063020747439E-16));
#9218=DIRECTION('ref_axis',(1.82372897084783E-14,2.53063020746481E-16,-1.));
#9219=DIRECTION('',(-3.18699805709289E-28,-2.53063020747439E-16,1.));
#9220=DIRECTION('',(2.99767143983984E-28,2.53063020747439E-16,-1.));
#9221=DIRECTION('center_axis',(1.,-5.10709763534196E-14,3.06078031225753E-28));
#9222=DIRECTION('ref_axis',(-9.62410304369634E-28,-1.28639358141183E-14,
1.));
#9223=DIRECTION('',(-3.61126337013206E-14,-0.707106781186548,-0.707106781186547));
#9224=DIRECTION('center_axis',(1.,-5.10709763534196E-14,3.06078031225753E-28));
#9225=DIRECTION('ref_axis',(-5.49853080889718E-14,-0.382683432365089,0.923879532511287));
#9226=DIRECTION('',(-5.10709763534195E-14,-1.,-2.53063020747407E-16));
#9227=DIRECTION('',(8.04638123325432E-28,2.17089524233036E-14,1.));
#9228=DIRECTION('',(-5.10709763534195E-14,-1.,-2.53063020747413E-16));
#9229=DIRECTION('',(-4.71834297582921E-14,-0.923879532511287,-0.382683432365089));
#9230=DIRECTION('',(-3.61126337013206E-14,-0.707106781186548,-0.707106781186547));
#9231=DIRECTION('',(1.55878914871672E-27,2.4516062038076E-14,-1.));
#9232=DIRECTION('center_axis',(1.,-5.24958163359007E-14,8.41029977834977E-14));
#9233=DIRECTION('ref_axis',(6.17653137863845E-14,-0.382683432365088,-0.923879532511288));
#9234=DIRECTION('center_axis',(-1.,5.08635872454571E-14,-3.18699805709289E-28));
#9235=DIRECTION('ref_axis',(6.17653137863845E-14,-0.382683432365088,-0.923879532511288));
#9236=DIRECTION('',(-1.,5.24958163359007E-14,-8.41029977834977E-14));
#9237=DIRECTION('center_axis',(1.,-5.08635872454571E-14,2.87145369500448E-28));
#9238=DIRECTION('ref_axis',(6.17653137863845E-14,-0.382683432365088,-0.923879532511288));
#9239=DIRECTION('',(1.,-5.24958163359007E-14,8.41029977834977E-14));
#9240=DIRECTION('center_axis',(-5.24958163359007E-14,-1.,-2.53063020747439E-16));
#9241=DIRECTION('ref_axis',(1.82372897084783E-14,2.53063020746481E-16,-1.));
#9242=DIRECTION('',(-3.31321580192825E-28,-2.53063020747439E-16,1.));
#9243=DIRECTION('',(2.99767143983984E-28,2.53063020747439E-16,-1.));
#9244=DIRECTION('center_axis',(1.,-5.08635872454571E-14,3.18699805709289E-28));
#9245=DIRECTION('ref_axis',(-1.14858147800179E-27,-1.63344889170884E-14,
1.));
#9246=DIRECTION('',(3.59659874567361E-14,0.707106781186548,0.707106781186547));
#9247=DIRECTION('center_axis',(1.,-5.08635872454571E-14,3.18699805709289E-28));
#9248=DIRECTION('ref_axis',(-6.45988820284863E-14,-0.38268343236509,0.923879532511287));
#9249=DIRECTION('',(-5.08635872454571E-14,-1.,-2.53063020747403E-16));
#9250=DIRECTION('',(7.85705461600128E-28,2.17089524233036E-14,1.));
#9251=DIRECTION('',(-5.08635872454571E-14,-1.,-2.53063020747409E-16));
#9252=DIRECTION('',(-4.69918272061798E-14,-0.923879532511286,-0.382683432365091));
#9253=DIRECTION('',(-3.5965987456736E-14,-0.707106781186547,-0.707106781186548));
#9254=DIRECTION('center_axis',(-1.,5.10709763534196E-14,-2.87145369500448E-28));
#9255=DIRECTION('ref_axis',(2.99767143983984E-28,2.53063020747383E-16,-1.));
#9256=DIRECTION('',(-1.53985648699142E-27,-2.4516062038076E-14,1.));
#9257=DIRECTION('',(3.61126337013206E-14,0.707106781186548,0.707106781186547));
#9258=DIRECTION('',(4.71834297582921E-14,0.923879532511287,0.382683432365089));
#9259=DIRECTION('',(5.10709763534195E-14,1.,2.53063020747413E-16));
#9260=DIRECTION('',(-5.51099939024336E-16,2.5306302074741E-16,-1.));
#9261=DIRECTION('',(5.10709763534195E-14,1.,2.53063020747407E-16));
#9262=DIRECTION('center_axis',(-1.,5.10709763534196E-14,-2.87145369500448E-28));
#9263=DIRECTION('ref_axis',(-5.49853080889718E-14,-0.382683432365089,0.923879532511287));
#9264=DIRECTION('',(3.61126337013206E-14,0.707106781186548,0.707106781186547));
#9265=DIRECTION('center_axis',(-1.,5.08635872454571E-14,-2.87145369500448E-28));
#9266=DIRECTION('ref_axis',(2.99767143983984E-28,2.53063020747384E-16,-1.));
#9267=DIRECTION('',(-1.53354559974965E-27,-2.4516062038076E-14,1.));
#9268=DIRECTION('',(3.5965987456736E-14,0.707106781186547,0.707106781186548));
#9269=DIRECTION('',(4.69918272061798E-14,0.923879532511286,0.382683432365091));
#9270=DIRECTION('',(5.08635872454571E-14,1.,2.53063020747409E-16));
#9271=DIRECTION('',(8.94133444132549E-17,2.53063020747378E-16,-1.));
#9272=DIRECTION('',(5.08635872454571E-14,1.,2.53063020747403E-16));
#9273=DIRECTION('center_axis',(-1.,5.08635872454571E-14,-2.87145369500448E-28));
#9274=DIRECTION('ref_axis',(-6.45988820284863E-14,-0.38268343236509,0.923879532511287));
#9275=DIRECTION('',(3.59659874567361E-14,0.707106781186548,0.707106781186547));
#9276=DIRECTION('center_axis',(9.65899477658674E-14,0.707106781186547,-0.707106781186548));
#9277=DIRECTION('ref_axis',(-1.,4.94118634897197E-14,-8.71869506296787E-14));
#9278=DIRECTION('',(-1.,1.14424481795813E-13,-2.21743323235855E-14));
#9279=DIRECTION('center_axis',(9.65899477658674E-14,0.707106781186547,-0.707106781186548));
#9280=DIRECTION('ref_axis',(-1.,4.94118634897197E-14,-8.71869506296787E-14));
#9281=DIRECTION('',(-1.,1.14424481795813E-13,-2.21743323235855E-14));
#9282=DIRECTION('center_axis',(1.,-5.05179387321863E-14,2.966117003631E-28));
#9283=DIRECTION('ref_axis',(-5.52202633654708E-28,-5.04795961433321E-15,
1.));
#9284=DIRECTION('center_axis',(1.,-5.05179387321863E-14,2.966117003631E-28));
#9285=DIRECTION('ref_axis',(-5.49853080889719E-14,-0.38268343236509,0.923879532511287));
#9286=DIRECTION('',(-5.05179387321863E-14,-1.,-2.53063020747397E-16));
#9287=DIRECTION('',(8.01482679704548E-28,2.17089524233036E-14,1.));
#9288=DIRECTION('',(-5.05179387321863E-14,-1.,-2.53063020747403E-16));
#9289=DIRECTION('',(-4.6672489619326E-14,-0.923879532511287,-0.38268343236509));
#9290=DIRECTION('',(-3.57215770490952E-14,-0.707106781186548,-0.707106781186547));
#9291=DIRECTION('',(1.53670104337053E-27,2.4516062038076E-14,-1.));
#9292=DIRECTION('',(-3.09233474846637E-28,-2.53063020747439E-16,1.));
#9293=DIRECTION('center_axis',(-1.,1.14424481795813E-13,-2.21743323235855E-14));
#9294=DIRECTION('ref_axis',(-6.45988820284863E-14,-0.38268343236509,0.923879532511287));
#9295=DIRECTION('',(1.,-1.14424481795813E-13,2.21743323235855E-14));
#9296=DIRECTION('center_axis',(-1.,1.14424481795813E-13,-2.21743323235855E-14));
#9297=DIRECTION('ref_axis',(-5.49853080889718E-14,-0.382683432365089,0.923879532511287));
#9298=DIRECTION('',(1.,-1.14424481795813E-13,2.21743323235855E-14));
#9299=DIRECTION('center_axis',(-1.,1.14424481795813E-13,-2.21743323235855E-14));
#9300=DIRECTION('ref_axis',(-5.49853080889719E-14,-0.38268343236509,0.923879532511287));
#9301=DIRECTION('',(1.,-1.14424481795813E-13,2.21743323235855E-14));
#9302=DIRECTION('center_axis',(2.21743323235855E-14,2.53063020746275E-16,
-1.));
#9303=DIRECTION('ref_axis',(1.,-5.26128872867207E-14,2.21743323235855E-14));
#9304=DIRECTION('',(1.,-1.22828664226468E-13,2.21743323235855E-14));
#9305=DIRECTION('center_axis',(2.21743323235855E-14,2.53063020746275E-16,
-1.));
#9306=DIRECTION('ref_axis',(1.,-5.26128872867207E-14,2.21743323235855E-14));
#9307=DIRECTION('',(1.,-1.22828664226468E-13,2.21743323235855E-14));
#9308=DIRECTION('center_axis',(2.21743323235855E-14,2.53063020746277E-16,
-1.));
#9309=DIRECTION('ref_axis',(1.,-5.26128872867207E-14,2.21743323235855E-14));
#9310=DIRECTION('',(1.,-1.22828664226468E-13,2.21743323235855E-14));
#9311=DIRECTION('center_axis',(-5.24958163359007E-14,-1.,-2.53063020747439E-16));
#9312=DIRECTION('ref_axis',(1.82372897084783E-14,2.53063020746481E-16,-1.));
#9313=DIRECTION('center_axis',(1.93605900889222E-14,0.382683432365091,-0.923879532511286));
#9314=DIRECTION('ref_axis',(-1.,4.94118634897197E-14,-4.88687705737684E-16));
#9315=DIRECTION('',(1.,-5.0375797067937E-14,8.94133444132423E-17));
#9316=DIRECTION('',(-1.,5.0375797067937E-14,-8.94133444132423E-17));
#9317=DIRECTION('center_axis',(3.56842924965789E-14,0.707106781186548,-0.707106781186547));
#9318=DIRECTION('ref_axis',(-1.,4.94118634897197E-14,-1.05334692263056E-15));
#9319=DIRECTION('center_axis',(1.89585648580022E-14,0.382683432365089,-0.923879532511287));
#9320=DIRECTION('ref_axis',(-1.,4.94118634897197E-14,-5.35387314692746E-17));
#9321=DIRECTION('',(1.,-5.08715903683606E-14,-5.51099939024349E-16));
#9322=DIRECTION('',(-1.,5.08715903683606E-14,5.51099939024349E-16));
#9323=DIRECTION('center_axis',(3.55819600152164E-14,0.707106781186547,-0.707106781186548));
#9324=DIRECTION('ref_axis',(-1.,4.94118634897197E-14,-9.08626939616592E-16));
#9325=DIRECTION('center_axis',(2.09638759112858E-14,0.38268343236509,-0.923879532511287));
#9326=DIRECTION('ref_axis',(-1.,4.94118634897197E-14,-2.22407177470345E-15));
#9327=DIRECTION('',(1.,-5.19881583969018E-14,1.15693548347589E-15));
#9328=DIRECTION('',(-1.,5.19881583969018E-14,-1.15693548347589E-15));
#9329=DIRECTION('center_axis',(3.75792562696107E-14,0.707106781186547,-0.707106781186548));
#9330=DIRECTION('ref_axis',(-1.,4.94118634897197E-14,-3.73323039065799E-15));
#9331=DIRECTION('center_axis',(8.94133444132549E-17,2.53063020747378E-16,
-1.));
#9332=DIRECTION('ref_axis',(-1.,4.94118634897197E-14,-8.94133444132423E-17));
#9333=DIRECTION('',(-1.,1.22828664226468E-13,-2.68212707775144E-28));
#9334=DIRECTION('center_axis',(-5.51099939024336E-16,2.5306302074741E-16,
-1.));
#9335=DIRECTION('ref_axis',(-1.,4.94118634897197E-14,5.51099939024349E-16));
#9336=DIRECTION('',(-1.,1.22828664226468E-13,-2.68212707775144E-28));
#9337=DIRECTION('center_axis',(1.15693548347591E-15,2.53063020747325E-16,
-1.));
#9338=DIRECTION('ref_axis',(-1.,4.94118634897197E-14,-1.15693548347589E-15));
#9339=DIRECTION('',(-1.,1.22828664226468E-13,-2.68212707775144E-28));
#9340=DIRECTION('center_axis',(1.22828664226468E-13,1.,-2.17089524233036E-14));
#9341=DIRECTION('ref_axis',(-1.82372897084772E-14,2.17089524233059E-14,
1.));
#9342=DIRECTION('center_axis',(1.22828664226468E-13,1.,-2.17089524233036E-14));
#9343=DIRECTION('ref_axis',(-1.82372897084772E-14,2.17089524233059E-14,
1.));
#9344=DIRECTION('center_axis',(-3.01679977295499E-14,-1.,-2.4516062038076E-14));
#9345=DIRECTION('ref_axis',(1.82372897084795E-14,2.45160620380754E-14,-1.));
#9346=DIRECTION('center_axis',(1.22828664226468E-13,1.,-2.17089524233036E-14));
#9347=DIRECTION('ref_axis',(-1.82372897084772E-14,2.17089524233059E-14,
1.));
#9348=DIRECTION('center_axis',(1.,-3.01679977295503E-14,1.82372897084783E-14));
#9349=DIRECTION('ref_axis',(-1.82372897084783E-14,-2.53063020746481E-16,
1.));
#9350=DIRECTION('',(-1.82372897084783E-14,1.02324702730433E-16,1.));
#9351=DIRECTION('',(-3.01679977295499E-14,-1.,-2.4516062038076E-14));
#9352=DIRECTION('center_axis',(1.82372897084791E-14,2.45160620380754E-14,
-1.));
#9353=DIRECTION('ref_axis',(1.,-4.94118634897197E-14,1.82372897084778E-14));
#9354=DIRECTION('',(1.,1.86612524802891E-30,1.82372897084791E-14));
#9355=DIRECTION('center_axis',(1.82372897084791E-14,2.45160620380754E-14,
-1.));
#9356=DIRECTION('ref_axis',(1.,-4.94118634897197E-14,1.82372897084778E-14));
#9357=DIRECTION('',(5.27764728821497E-14,1.,2.45160620380764E-14));
#9358=DIRECTION('',(-7.63020886652787E-14,-1.,2.00609044425375E-15));
#9359=DIRECTION('center_axis',(-3.01679977295499E-14,-1.,-2.4516062038076E-14));
#9360=DIRECTION('ref_axis',(1.82372897084795E-14,2.45160620380754E-14,-1.));
#9361=DIRECTION('center_axis',(-1.,5.27764728821497E-14,-2.30347384324535E-28));
#9362=DIRECTION('ref_axis',(2.30347384324535E-28,3.26193984308888E-28,-1.));
#9363=DIRECTION('',(2.81113665139188E-28,9.61911208579897E-16,-1.));
#9364=DIRECTION('',(5.27764728821497E-14,1.,6.5091480273735E-15));
#9365=DIRECTION('',(-1.2820732576761E-28,1.93533316985781E-15,1.));
#9366=DIRECTION('',(-2.42969158808072E-28,-2.53063020747765E-16,1.));
#9367=DIRECTION('',(-5.27764728821497E-14,-1.,-2.25540482402675E-16));
#9368=DIRECTION('center_axis',(7.63020886652787E-14,1.,-2.00609044425375E-15));
#9369=DIRECTION('ref_axis',(-1.,7.63020886652786E-14,-2.23108925689502E-14));
#9370=DIRECTION('',(-7.63020886652787E-14,-1.,2.00609044425375E-15));
#9371=DIRECTION('center_axis',(-7.63312470383536E-14,-1.,1.88877725752842E-15));
#9372=DIRECTION('ref_axis',(-1.,7.63312470383535E-14,-2.23108925689502E-14));
#9373=DIRECTION('',(-7.63020886652787E-14,-1.,2.00609044425375E-15));
#9374=DIRECTION('center_axis',(1.45265743878298E-14,-1.,-9.61911208579897E-16));
#9375=DIRECTION('ref_axis',(-1.,7.63020886652786E-14,-2.23108925689502E-14));
#9376=DIRECTION('center_axis',(1.45265743878298E-14,-1.,-9.61911208579897E-16));
#9377=DIRECTION('ref_axis',(-1.,7.63020886652786E-14,-2.23108925689502E-14));
#9378=DIRECTION('',(7.63020886652787E-14,1.,-2.00609044425375E-15));
#9379=DIRECTION('center_axis',(-7.63312470383536E-14,-1.,1.88877725752842E-15));
#9380=DIRECTION('ref_axis',(-1.,7.63312470383535E-14,-2.23108925689502E-14));
#9381=DIRECTION('center_axis',(9.48930417548479E-47,1.,-1.02324702730433E-16));
#9382=DIRECTION('ref_axis',(-1.,9.48930417548492E-47,-1.40129846432482E-45));
#9383=DIRECTION('center_axis',(-2.42969158808072E-28,-2.25540482402675E-16,
1.));
#9384=DIRECTION('ref_axis',(-1.,-2.68602722067077E-29,-2.42969158808072E-28));
#9385=DIRECTION('',(1.,-5.24958163359007E-14,2.30347384324535E-28));
#9386=DIRECTION('',(1.1120004288588E-47,-1.,-2.25540482402675E-16));
#9387=DIRECTION('center_axis',(-5.24958163359007E-14,-1.,-2.53063020747765E-16));
#9388=DIRECTION('ref_axis',(2.30347384324535E-28,2.53063020747765E-16,-1.));
#9389=DIRECTION('',(4.93038065763146E-32,2.53063020747765E-16,-1.));
#9390=DIRECTION('center_axis',(-3.68489960766981E-14,-1.,-2.88472942030626E-15));
#9391=DIRECTION('ref_axis',(2.4424906541754E-14,3.33066907387554E-15,-1.));
#9392=DIRECTION('center_axis',(-2.35788776009964E-14,-3.01271689438191E-15,
1.));
#9393=DIRECTION('ref_axis',(3.15303338993606E-14,1.,3.01271689438265E-15));
#9394=DIRECTION('center_axis',(-3.68489960766981E-14,-1.,-2.88472942030626E-15));
#9395=DIRECTION('ref_axis',(0.70710678118654,-2.80556382321018E-14,0.707106781186555));
#9396=DIRECTION('center_axis',(1.,-3.15303338993606E-14,2.35788776009963E-14));
#9397=DIRECTION('ref_axis',(2.35788776009964E-14,2.73516113822562E-15,-1.));
#9398=DIRECTION('center_axis',(-1.,3.68489960766981E-14,-1.86358864847805E-14));
#9399=DIRECTION('ref_axis',(5.15288368272106E-14,0.707106781186558,-0.707106781186537));
#9400=DIRECTION('center_axis',(1.,-3.1530333899353E-14,2.35788776009959E-14));
#9401=DIRECTION('ref_axis',(2.35788776009967E-14,2.43845101184162E-14,-1.));
#9402=DIRECTION('',(-1.,3.68489960766981E-14,-1.86358864847805E-14));
#9403=DIRECTION('center_axis',(-3.68489960766981E-14,-1.,-2.88472942030626E-15));
#9404=DIRECTION('ref_axis',(2.22044604925033E-14,3.3306690738755E-15,-1.));
#9405=DIRECTION('center_axis',(-1.46970934039951E-14,-3.01271689438227E-15,
1.));
#9406=DIRECTION('ref_axis',(1.,-3.68038932663225E-14,1.4697093403995E-14));
#9407=DIRECTION('center_axis',(-3.68489960766981E-14,-1.,-2.88472942030626E-15));
#9408=DIRECTION('ref_axis',(-0.707106781186544,2.40263096039395E-14,0.707106781186551));
#9409=DIRECTION('center_axis',(2.64745490487557E-14,2.88472942030528E-15,
-1.));
#9410=DIRECTION('ref_axis',(0.707106781186584,0.707106781186511,1.88030967902456E-14));
#9411=DIRECTION('center_axis',(-2.35788776009964E-14,-3.01271689438191E-15,
1.));
#9412=DIRECTION('ref_axis',(1.,-5.67879077095754E-14,2.35788776009962E-14));
#9413=DIRECTION('',(2.64745490487557E-14,2.88472942030528E-15,-1.));
#9414=DIRECTION('center_axis',(-3.68489960766981E-14,-1.,-2.88472942030626E-15));
#9415=DIRECTION('ref_axis',(2.22044604925036E-14,3.33066907387553E-15,-1.));
#9416=DIRECTION('center_axis',(-1.,4.04121180963747E-14,-2.35788776009963E-14));
#9417=DIRECTION('ref_axis',(-2.35788776009964E-14,-2.73516113822562E-15,
1.));
#9418=DIRECTION('center_axis',(-3.68489960766981E-14,-1.,-2.88472942030626E-15));
#9419=DIRECTION('ref_axis',(-0.707106781186522,2.80556382321023E-14,-0.707106781186573));
#9420=DIRECTION('center_axis',(1.,-3.68489960766981E-14,1.98254111540218E-14));
#9421=DIRECTION('ref_axis',(1.81832683383466E-14,0.707106781186539,0.707106781186556));
#9422=DIRECTION('center_axis',(-1.,3.1530333899353E-14,-2.3578877600996E-14));
#9423=DIRECTION('ref_axis',(-2.35788776009967E-14,-2.35518428499474E-14,
1.));
#9424=DIRECTION('',(1.,-3.68489960766981E-14,1.98254111540218E-14));
#9425=DIRECTION('center_axis',(-3.68489960766981E-14,-1.,-2.88472942030626E-15));
#9426=DIRECTION('ref_axis',(2.44249065417537E-14,3.3306690738755E-15,-1.));
#9427=DIRECTION('center_axis',(2.35788776009964E-14,3.01271689438191E-15,
-1.));
#9428=DIRECTION('ref_axis',(-1.,3.68038932663225E-14,-2.35788776009963E-14));
#9429=DIRECTION('center_axis',(-3.68489960766981E-14,-1.,-2.88472942030626E-15));
#9430=DIRECTION('ref_axis',(0.707106781186584,-2.40263096039401E-14,-0.707106781186511));
#9431=DIRECTION('center_axis',(-2.73285667600059E-14,-2.88472942030525E-15,
1.));
#9432=DIRECTION('ref_axis',(-0.707106781186515,0.70710678118658,-1.45424716986186E-14));
#9433=DIRECTION('',(-2.73285667600059E-14,-2.88472942030525E-15,1.));
#9434=DIRECTION('center_axis',(-1.,5.71888215795789E-14,-2.64745490487555E-14));
#9435=DIRECTION('ref_axis',(2.64745490487569E-14,2.41804463001581E-14,-1.));
#9436=DIRECTION('',(-5.71888215795782E-14,-1.,-2.37368800207195E-14));
#9437=DIRECTION('',(-5.71888215795782E-14,-1.,-2.37368800207195E-14));
#9438=DIRECTION('center_axis',(-5.71888215795782E-14,-1.,-2.37368800207195E-14));
#9439=DIRECTION('ref_axis',(-1.,5.71888215795786E-14,-1.48029736616693E-14));
#9440=DIRECTION('',(-5.71888215795782E-14,-1.,-2.37368800207195E-14));
#9441=DIRECTION('center_axis',(-1.86358864847814E-14,-2.37368800207184E-14,
1.));
#9442=DIRECTION('ref_axis',(-1.,5.68365694753434E-14,-1.86358864847801E-14));
#9443=DIRECTION('',(-5.71888215795782E-14,-1.,-2.37368800207195E-14));
#9444=DIRECTION('center_axis',(-5.71888215795782E-14,-1.,-2.37368800207195E-14));
#9445=DIRECTION('ref_axis',(-2.22044604925059E-14,-2.37368800207182E-14,
1.));
#9446=DIRECTION('',(-5.71888215795782E-14,-1.,-2.37368800207195E-14));
#9447=DIRECTION('center_axis',(-3.68489960766981E-14,-1.,-2.88472942030626E-15));
#9448=DIRECTION('ref_axis',(2.33146835171289E-14,3.33066907387556E-15,-1.));
#9449=DIRECTION('center_axis',(-5.81530920699385E-15,-3.01271689438247E-15,
1.));
#9450=DIRECTION('ref_axis',(3.15303338993556E-14,1.,3.01271689438265E-15));
#9451=DIRECTION('center_axis',(-3.68489960766981E-14,-1.,-2.88472942030626E-15));
#9452=DIRECTION('ref_axis',(0.70710678118654,-2.80556382321021E-14,0.707106781186555));
#9453=DIRECTION('center_axis',(1.,-3.15303338993557E-14,2.35788776009963E-14));
#9454=DIRECTION('ref_axis',(2.35788776009964E-14,2.73516113822562E-15,-1.));
#9455=DIRECTION('center_axis',(-1.,3.68489960766982E-14,-2.63525465185757E-14));
#9456=DIRECTION('ref_axis',(2.64073574882704E-14,0.707106781186558,-0.707106781186537));
#9457=DIRECTION('center_axis',(1.,-3.1530333899353E-14,2.3578877600996E-14));
#9458=DIRECTION('ref_axis',(2.35788776009967E-14,2.38293986061037E-14,-1.));
#9459=DIRECTION('',(-1.,3.68489960766982E-14,-2.63525465185757E-14));
#9460=DIRECTION('center_axis',(-3.68489960766981E-14,-1.,-2.88472942030626E-15));
#9461=DIRECTION('ref_axis',(2.44249065417535E-14,3.33066907387547E-15,-1.));
#9462=DIRECTION('center_axis',(-3.24606617979979E-14,-3.01271689438179E-15,
1.));
#9463=DIRECTION('ref_axis',(1.,-3.6803893266323E-14,3.24606617979978E-14));
#9464=DIRECTION('center_axis',(-3.68489960766981E-14,-1.,-2.88472942030626E-15));
#9465=DIRECTION('ref_axis',(-0.707106781186548,2.40263096039394E-14,0.707106781186547));
#9466=DIRECTION('center_axis',(2.90366021825068E-14,2.88472942030518E-15,
-1.));
#9467=DIRECTION('ref_axis',(0.707106781186578,0.707106781186517,3.13638364597159E-14));
#9468=DIRECTION('center_axis',(-3.24606617979977E-14,-3.01271689438163E-15,
1.));
#9469=DIRECTION('ref_axis',(1.,-5.7343019221888E-14,3.24606617979975E-14));
#9470=DIRECTION('',(2.90366021825068E-14,2.88472942030518E-15,-1.));
#9471=DIRECTION('center_axis',(-3.68489960766981E-14,-1.,-2.88472942030626E-15));
#9472=DIRECTION('ref_axis',(2.44249065417541E-14,3.33066907387556E-15,-1.));
#9473=DIRECTION('center_axis',(-1.,3.15303338993608E-14,1.19482591870088E-14));
#9474=DIRECTION('ref_axis',(1.19482591870087E-14,-2.73516113822611E-15,
1.));
#9475=DIRECTION('center_axis',(-3.68489960766981E-14,-1.,-2.88472942030626E-15));
#9476=DIRECTION('ref_axis',(-0.707106781186529,2.80556382321029E-14,-0.707106781186566));
#9477=DIRECTION('center_axis',(1.,-3.68489960766982E-14,2.53765262771469E-14));
#9478=DIRECTION('ref_axis',(-6.93821100059408E-15,0.707106781186539,0.707106781186556));
#9479=DIRECTION('center_axis',(-1.,3.1530333899353E-14,-2.3578877600996E-14));
#9480=DIRECTION('ref_axis',(-2.35788776009967E-14,-2.38293986061035E-14,
1.));
#9481=DIRECTION('',(1.,-3.68489960766982E-14,2.53765262771469E-14));
#9482=DIRECTION('center_axis',(-3.68489960766981E-14,-1.,-2.88472942030626E-15));
#9483=DIRECTION('ref_axis',(2.33146835171283E-14,3.33066907387547E-15,-1.));
#9484=DIRECTION('center_axis',(3.24606617979975E-14,3.01271689438163E-15,
-1.));
#9485=DIRECTION('ref_axis',(-1.,3.68038932663222E-14,-3.24606617979974E-14));
#9486=DIRECTION('center_axis',(-3.68489960766981E-14,-1.,-2.88472942030626E-15));
#9487=DIRECTION('ref_axis',(0.707106781186595,-2.40263096039398E-14,-0.7071067811865));
#9488=DIRECTION('center_axis',(-2.81825844712567E-14,-2.88472942030522E-15,
1.));
#9489=DIRECTION('ref_axis',(-0.707106781186515,0.70710678118658,-1.45424716986186E-14));
#9490=DIRECTION('',(-2.81825844712567E-14,-2.88472942030522E-15,1.));
#9491=DIRECTION('center_axis',(-1.,5.71888215795789E-14,-2.90366021825067E-14));
#9492=DIRECTION('ref_axis',(2.9036602182508E-14,2.33264285889077E-14,-1.));
#9493=DIRECTION('',(-5.71888215795782E-14,-1.,-2.37368800207195E-14));
#9494=DIRECTION('',(-5.71888215795782E-14,-1.,-2.37368800207195E-14));
#9495=DIRECTION('center_axis',(-5.71888215795782E-14,-1.,-2.37368800207195E-14));
#9496=DIRECTION('ref_axis',(-1.,5.7188821579579E-14,-3.33066907387549E-14));
#9497=DIRECTION('',(-5.71888215795782E-14,-1.,-2.37368800207195E-14));
#9498=DIRECTION('center_axis',(-2.63525465185766E-14,-2.3736880020718E-14,
1.));
#9499=DIRECTION('ref_axis',(-1.,5.68365694753435E-14,-2.63525465185752E-14));
#9500=DIRECTION('',(-5.71888215795782E-14,-1.,-2.37368800207195E-14));
#9501=DIRECTION('center_axis',(-5.71888215795782E-14,-1.,-2.37368800207195E-14));
#9502=DIRECTION('ref_axis',(-1.665334536938E-14,-2.37368800207186E-14,1.));
#9503=DIRECTION('',(-5.71888215795782E-14,-1.,-2.37368800207195E-14));
#9504=DIRECTION('center_axis',(-1.,3.68489960766981E-14,3.17206578464273E-15));
#9505=DIRECTION('ref_axis',(2.64073574882704E-14,0.707106781186558,-0.707106781186537));
#9506=DIRECTION('center_axis',(-1.,3.15303338993529E-14,1.19482591870092E-14));
#9507=DIRECTION('ref_axis',(3.15303338993529E-14,1.,3.01271689438265E-15));
#9508=DIRECTION('',(-1.,3.68489960766981E-14,3.17206578464273E-15));
#9509=DIRECTION('center_axis',(1.,-3.15303338993529E-14,-1.19482591870095E-14));
#9510=DIRECTION('ref_axis',(-1.19482591870087E-14,2.3551842849948E-14,-1.));
#9511=DIRECTION('center_axis',(-3.68489960766981E-14,-1.,-2.88472942030626E-15));
#9512=DIRECTION('ref_axis',(2.35922392732848E-14,3.3306690738755E-15,-1.));
#9513=DIRECTION('center_axis',(-5.81530920699385E-15,-3.01271689438247E-15,
1.));
#9514=DIRECTION('ref_axis',(1.,-3.68038932663225E-14,5.81530920699374E-15));
#9515=DIRECTION('center_axis',(-3.68489960766981E-14,-1.,-2.88472942030626E-15));
#9516=DIRECTION('ref_axis',(-0.707106781186529,2.40263096039394E-14,0.707106781186566));
#9517=DIRECTION('center_axis',(3.20256641718832E-14,2.88472942030507E-15,
-1.));
#9518=DIRECTION('ref_axis',(0.707106781186578,0.707106781186517,3.13638364597159E-14));
#9519=DIRECTION('center_axis',(-3.24606617979979E-14,-3.01271689438163E-15,
1.));
#9520=DIRECTION('ref_axis',(1.,-5.73430192218888E-14,3.24606617979977E-14));
#9521=DIRECTION('',(3.20256641718832E-14,2.88472942030508E-15,-1.));
#9522=DIRECTION('center_axis',(-3.68489960766981E-14,-1.,-2.88472942030626E-15));
#9523=DIRECTION('ref_axis',(2.35922392732856E-14,3.33066907387561E-15,-1.));
#9524=DIRECTION('center_axis',(-1.,3.15303338993559E-14,-5.81530920699376E-15));
#9525=DIRECTION('ref_axis',(-5.81530920699385E-15,-2.73516113822586E-15,
1.));
#9526=DIRECTION('center_axis',(-3.68489960766981E-14,-1.,-2.88472942030626E-15));
#9527=DIRECTION('ref_axis',(-0.707106781186537,2.80556382321035E-14,-0.707106781186558));
#9528=DIRECTION('center_axis',(1.,-3.68489960766981E-14,-5.55111512312528E-15));
#9529=DIRECTION('ref_axis',(4.33047476772873E-14,0.707106781186539,0.707106781186556));
#9530=DIRECTION('center_axis',(-1.,3.15303338993529E-14,1.19482591870089E-14));
#9531=DIRECTION('ref_axis',(1.19482591870081E-14,-2.35518428499477E-14,
1.));
#9532=DIRECTION('',(1.,-3.68489960766981E-14,-5.55111512312528E-15));
#9533=DIRECTION('center_axis',(-3.68489960766981E-14,-1.,-2.88472942030626E-15));
#9534=DIRECTION('ref_axis',(2.35922392732848E-14,3.3306690738755E-15,-1.));
#9535=DIRECTION('center_axis',(5.81530920699385E-15,3.01271689438215E-15,
-1.));
#9536=DIRECTION('ref_axis',(-1.,3.68038932663225E-14,-5.81530920699374E-15));
#9537=DIRECTION('center_axis',(-3.68489960766981E-14,-1.,-2.88472942030626E-15));
#9538=DIRECTION('ref_axis',(0.707106781186569,-2.40263096039398E-14,-0.707106781186526));
#9539=DIRECTION('center_axis',(-2.7328566760007E-14,-2.88472942030525E-15,
1.));
#9540=DIRECTION('ref_axis',(-0.707106781186515,0.70710678118658,-1.45424716986186E-14));
#9541=DIRECTION('center_axis',(2.35788776009964E-14,3.01271689438191E-15,
-1.));
#9542=DIRECTION('ref_axis',(-1.,5.7343019221888E-14,-2.35788776009962E-14));
#9543=DIRECTION('',(-2.7328566760007E-14,-2.88472942030525E-15,1.));
#9544=DIRECTION('center_axis',(-3.68489960766981E-14,-1.,-2.88472942030626E-15));
#9545=DIRECTION('ref_axis',(2.35922392732853E-14,3.33066907387558E-15,-1.));
#9546=DIRECTION('center_axis',(-3.68489960766981E-14,-1.,-2.88472942030626E-15));
#9547=DIRECTION('ref_axis',(0.707106781186536,-2.80556382321023E-14,0.707106781186559));
#9548=DIRECTION('center_axis',(-5.71888215795782E-14,-1.,-2.37368800207195E-14));
#9549=DIRECTION('ref_axis',(1.20274161001087E-14,2.37368800207188E-14,-1.));
#9550=DIRECTION('',(-5.71888215795782E-14,-1.,-2.37368800207195E-14));
#9551=DIRECTION('',(-5.71888215795782E-14,-1.,-2.37368800207195E-14));
#9552=DIRECTION('center_axis',(-1.,5.7188821579579E-14,-3.2025664171883E-14));
#9553=DIRECTION('ref_axis',(3.20256641718843E-14,2.37534374445327E-14,-1.));
#9554=DIRECTION('',(-5.71888215795782E-14,-1.,-2.37368800207195E-14));
#9555=DIRECTION('center_axis',(-5.71888215795782E-14,-1.,-2.37368800207195E-14));
#9556=DIRECTION('ref_axis',(-1.,5.71888215795783E-14,-3.70074341541749E-15));
#9557=DIRECTION('',(-5.71888215795782E-14,-1.,-2.37368800207195E-14));
#9558=DIRECTION('center_axis',(3.17206578464186E-15,-2.37368800207197E-14,
1.));
#9559=DIRECTION('ref_axis',(-1.,5.68365694753428E-14,3.1720657846432E-15));
#9560=DIRECTION('',(-5.71888215795782E-14,-1.,-2.37368800207195E-14));
#9561=DIRECTION('center_axis',(-3.68489960766981E-14,-1.,-2.88472942030626E-15));
#9562=DIRECTION('ref_axis',(2.44249065417542E-14,3.33066907387558E-15,-1.));
#9563=DIRECTION('center_axis',(-2.35788776009964E-14,-3.01271689438191E-15,
1.));
#9564=DIRECTION('ref_axis',(3.15303338993449E-14,1.,3.01271689438265E-15));
#9565=DIRECTION('center_axis',(-3.68489960766981E-14,-1.,-2.88472942030626E-15));
#9566=DIRECTION('ref_axis',(0.707106781186532,-2.80556382321022E-14,0.707106781186563));
#9567=DIRECTION('center_axis',(1.,-3.15303338993449E-14,2.35788776009963E-14));
#9568=DIRECTION('ref_axis',(2.35788776009964E-14,2.73516113822562E-15,-1.));
#9569=DIRECTION('center_axis',(-1.,3.68489960766981E-14,-1.56163238628608E-14));
#9570=DIRECTION('ref_axis',(5.15288368272106E-14,0.707106781186558,-0.707106781186537));
#9571=DIRECTION('center_axis',(1.,-3.1530333899353E-14,2.3578877600996E-14));
#9572=DIRECTION('ref_axis',(2.35788776009967E-14,2.38293986061039E-14,-1.));
#9573=DIRECTION('',(-1.,3.68489960766981E-14,-1.56163238628608E-14));
#9574=DIRECTION('center_axis',(-3.68489960766981E-14,-1.,-2.88472942030626E-15));
#9575=DIRECTION('ref_axis',(2.33146835171286E-14,3.33066907387552E-15,-1.));
#9576=DIRECTION('center_axis',(-2.35788776009964E-14,-3.01271689438191E-15,
1.));
#9577=DIRECTION('ref_axis',(1.,-3.68038932663221E-14,2.35788776009963E-14));
#9578=DIRECTION('center_axis',(-3.68489960766981E-14,-1.,-2.88472942030626E-15));
#9579=DIRECTION('ref_axis',(-0.70710678118654,2.40263096039398E-14,0.707106781186555));
#9580=DIRECTION('center_axis',(3.73632748671972E-14,2.88472942030488E-15,
-1.));
#9581=DIRECTION('ref_axis',(0.707106781186578,0.707106781186517,3.13638364597159E-14));
#9582=DIRECTION('center_axis',(-4.1342445994999E-14,-3.01271689438135E-15,
1.));
#9583=DIRECTION('ref_axis',(1.,-5.67879077095755E-14,4.13424459949988E-14));
#9584=DIRECTION('',(3.73632748671972E-14,2.88472942030488E-15,-1.));
#9585=DIRECTION('center_axis',(-3.68489960766981E-14,-1.,-2.88472942030626E-15));
#9586=DIRECTION('ref_axis',(2.33146835171291E-14,3.33066907387559E-15,-1.));
#9587=DIRECTION('center_axis',(-1.,3.15303338993502E-14,-2.35788776009963E-14));
#9588=DIRECTION('ref_axis',(-2.35788776009964E-14,-2.73516113822562E-15,
1.));
#9589=DIRECTION('center_axis',(-3.68489960766981E-14,-1.,-2.88472942030626E-15));
#9590=DIRECTION('ref_axis',(-0.707106781186529,2.80556382321033E-14,-0.707106781186566));
#9591=DIRECTION('center_axis',(1.,-3.68489960766981E-14,1.4640303621432E-14));
#9592=DIRECTION('ref_axis',(1.81832683383466E-14,0.707106781186539,0.707106781186556));
#9593=DIRECTION('center_axis',(-1.,3.15303338993529E-14,-5.81530920699338E-15));
#9594=DIRECTION('ref_axis',(-5.81530920699414E-15,-2.41069543622602E-14,
1.));
#9595=DIRECTION('',(1.,-3.68489960766981E-14,1.4640303621432E-14));
#9596=DIRECTION('center_axis',(-3.68489960766981E-14,-1.,-2.88472942030626E-15));
#9597=DIRECTION('ref_axis',(2.44249065417538E-14,3.33066907387552E-15,-1.));
#9598=DIRECTION('center_axis',(4.1342445994999E-14,3.01271689438135E-15,
-1.));
#9599=DIRECTION('ref_axis',(-1.,3.68038932663226E-14,-4.13424459949989E-14));
#9600=DIRECTION('center_axis',(-3.68489960766981E-14,-1.,-2.88472942030626E-15));
#9601=DIRECTION('ref_axis',(0.707106781186592,-2.40263096039404E-14,-0.707106781186503));
#9602=DIRECTION('center_axis',(-3.50147261612593E-14,-2.88472942030496E-15,
1.));
#9603=DIRECTION('ref_axis',(-0.707106781186515,0.70710678118658,-2.71032113680886E-14));
#9604=DIRECTION('',(-3.50147261612593E-14,-2.88472942030496E-15,1.));
#9605=DIRECTION('center_axis',(-1.,5.71888215795791E-14,-3.7363274867197E-14));
#9606=DIRECTION('ref_axis',(3.73632748671984E-14,2.41804463001575E-14,-1.));
#9607=DIRECTION('',(-5.71888215795782E-14,-1.,-2.37368800207195E-14));
#9608=DIRECTION('',(-5.71888215795782E-14,-1.,-2.37368800207195E-14));
#9609=DIRECTION('center_axis',(-5.71888215795782E-14,-1.,-2.37368800207195E-14));
#9610=DIRECTION('ref_axis',(-1.,5.71888215795788E-14,-2.22044604925042E-14));
#9611=DIRECTION('',(-5.71888215795782E-14,-1.,-2.37368800207195E-14));
#9612=DIRECTION('center_axis',(-1.56163238628616E-14,-2.37368800207186E-14,
1.));
#9613=DIRECTION('ref_axis',(-1.,5.68365694753433E-14,-1.56163238628603E-14));
#9614=DIRECTION('',(-5.71888215795782E-14,-1.,-2.37368800207195E-14));
#9615=DIRECTION('center_axis',(-5.71888215795782E-14,-1.,-2.37368800207195E-14));
#9616=DIRECTION('ref_axis',(-1.85037170770891E-14,-2.37368800207184E-14,
1.));
#9617=DIRECTION('',(-5.71888215795782E-14,-1.,-2.37368800207195E-14));
#9618=DIRECTION('center_axis',(1.,-3.68489960766981E-14,2.37904933848318E-15));
#9619=DIRECTION('ref_axis',(1.81832683383466E-14,0.707106781186539,0.707106781186556));
#9620=DIRECTION('center_axis',(1.,-3.15303338993529E-14,5.81530920699338E-15));
#9621=DIRECTION('ref_axis',(3.15303338993529E-14,1.,3.01271689438265E-15));
#9622=DIRECTION('',(1.,-3.68489960766981E-14,2.37904933848318E-15));
#9623=DIRECTION('center_axis',(-3.07446376050077E-14,-2.88472942030512E-15,
1.));
#9624=DIRECTION('ref_axis',(-0.707106781186515,0.70710678118658,-1.45424716986186E-14));
#9625=DIRECTION('',(-3.07446376050077E-14,-2.88472942030512E-15,1.));
#9626=DIRECTION('center_axis',(3.24606617979977E-14,3.01271689438163E-15,
-1.));
#9627=DIRECTION('ref_axis',(-1.,5.67879077095755E-14,-3.24606617979975E-14));
#9628=DIRECTION('center_axis',(-3.68489960766981E-14,-1.,-2.88472942030626E-15));
#9629=DIRECTION('ref_axis',(2.22044604925039E-14,3.33066907387558E-15,-1.));
#9630=DIRECTION('center_axis',(-3.68489960766981E-14,-1.,-2.88472942030626E-15));
#9631=DIRECTION('ref_axis',(0.70710678118654,-2.80556382321025E-14,0.707106781186555));
#9632=DIRECTION('center_axis',(1.,-3.15303338993392E-14,2.35788776009963E-14));
#9633=DIRECTION('ref_axis',(2.35788776009964E-14,2.73516113822562E-15,-1.));
#9634=DIRECTION('center_axis',(-1.,3.68489960766981E-14,-1.58603289232235E-15));
#9635=DIRECTION('ref_axis',(2.64073574882704E-14,0.707106781186558,-0.707106781186537));
#9636=DIRECTION('center_axis',(1.,-3.15303338993529E-14,5.81530920699323E-15));
#9637=DIRECTION('ref_axis',(5.81530920699398E-15,2.38293986061041E-14,-1.));
#9638=DIRECTION('',(-1.,3.68489960766981E-14,-1.58603289232235E-15));
#9639=DIRECTION('center_axis',(-3.68489960766981E-14,-1.,-2.88472942030626E-15));
#9640=DIRECTION('ref_axis',(2.44249065417535E-14,3.33066907387548E-15,-1.));
#9641=DIRECTION('center_axis',(-5.81530920699385E-15,-3.01271689438247E-15,
1.));
#9642=DIRECTION('ref_axis',(1.,-3.68038932663225E-14,5.81530920699374E-15));
#9643=DIRECTION('center_axis',(-3.68489960766981E-14,-1.,-2.88472942030626E-15));
#9644=DIRECTION('ref_axis',(-0.707106781186544,2.40263096039393E-14,0.707106781186551));
#9645=DIRECTION('center_axis',(2.90366021825073E-14,2.88472942030518E-15,
-1.));
#9646=DIRECTION('ref_axis',(0.707106781186577,0.707106781186518,3.13638364597159E-14));
#9647=DIRECTION('center_axis',(-3.24606617979977E-14,-3.01271689438163E-15,
1.));
#9648=DIRECTION('ref_axis',(1.,-5.67879077095755E-14,3.24606617979975E-14));
#9649=DIRECTION('',(2.90366021825073E-14,2.88472942030518E-15,-1.));
#9650=DIRECTION('center_axis',(-3.68489960766981E-14,-1.,-2.88472942030626E-15));
#9651=DIRECTION('ref_axis',(2.44249065417542E-14,3.33066907387557E-15,-1.));
#9652=DIRECTION('center_axis',(-3.68489960766981E-14,-1.,-2.88472942030626E-15));
#9653=DIRECTION('ref_axis',(-0.707106781186537,2.80556382321032E-14,-0.707106781186558));
#9654=DIRECTION('center_axis',(-5.71888215795782E-14,-1.,-2.37368800207195E-14));
#9655=DIRECTION('ref_axis',(-1.48029736616716E-14,-2.37368800207187E-14,
1.));
#9656=DIRECTION('',(-5.71888215795782E-14,-1.,-2.37368800207195E-14));
#9657=DIRECTION('',(-5.71888215795782E-14,-1.,-2.37368800207195E-14));
#9658=DIRECTION('center_axis',(1.,-5.7188821579579E-14,3.07446376050076E-14));
#9659=DIRECTION('ref_axis',(-3.07446376050089E-14,-2.37534374445327E-14,
1.));
#9660=DIRECTION('',(-5.71888215795782E-14,-1.,-2.37368800207195E-14));
#9661=DIRECTION('center_axis',(-5.71888215795782E-14,-1.,-2.37368800207195E-14));
#9662=DIRECTION('ref_axis',(1.,-5.71888215795788E-14,2.22044604925036E-14));
#9663=DIRECTION('',(-5.71888215795782E-14,-1.,-2.37368800207195E-14));
#9664=DIRECTION('center_axis',(2.37904933848405E-15,2.37368800207194E-14,
-1.));
#9665=DIRECTION('ref_axis',(1.,-5.70348235868831E-14,2.3790493384827E-15));
#9666=DIRECTION('',(-5.71888215795782E-14,-1.,-2.37368800207195E-14));
#9667=DIRECTION('center_axis',(-5.55111512312441E-15,2.37368800207198E-14,
-1.));
#9668=DIRECTION('ref_axis',(1.,-5.7034823586883E-14,-5.55111512312576E-15));
#9669=DIRECTION('',(-5.71888215795782E-14,-1.,-2.37368800207195E-14));
#9670=DIRECTION('center_axis',(-5.71888215795782E-14,-1.,-2.37368800207195E-14));
#9671=DIRECTION('ref_axis',(1.,-5.71888215795784E-14,7.40148683083479E-15));
#9672=DIRECTION('',(-5.71888215795782E-14,-1.,-2.37368800207195E-14));
#9673=DIRECTION('center_axis',(1.,-5.71888215795789E-14,2.73285667600068E-14));
#9674=DIRECTION('ref_axis',(-2.73285667600082E-14,-2.37534374445329E-14,
1.));
#9675=DIRECTION('',(-5.71888215795782E-14,-1.,-2.37368800207195E-14));
#9676=DIRECTION('center_axis',(-5.71888215795782E-14,-1.,-2.37368800207195E-14));
#9677=DIRECTION('ref_axis',(-2.3129646346361E-14,-2.37368800207182E-14,
1.));
#9678=DIRECTION('center_axis',(-5.71888215795782E-14,-1.,-2.37368800207195E-14));
#9679=DIRECTION('ref_axis',(2.59052039079243E-14,2.3736880020718E-14,-1.));
#9680=DIRECTION('',(-5.71888215795782E-14,-1.,-2.37368800207195E-14));
#9681=DIRECTION('center_axis',(1.46403036214329E-14,2.37368800207187E-14,
-1.));
#9682=DIRECTION('ref_axis',(1.,-5.68365694753433E-14,1.46403036214315E-14));
#9683=DIRECTION('',(-5.71888215795782E-14,-1.,-2.37368800207195E-14));
#9684=DIRECTION('center_axis',(-5.71888215795782E-14,-1.,-2.37368800207195E-14));
#9685=DIRECTION('ref_axis',(1.,-5.71888215795791E-14,3.70074341541736E-14));
#9686=DIRECTION('',(-5.71888215795782E-14,-1.,-2.37368800207195E-14));
#9687=DIRECTION('center_axis',(1.,-5.71888215795791E-14,3.50147261612591E-14));
#9688=DIRECTION('ref_axis',(-3.50147261612605E-14,-2.37534374445325E-14,
1.));
#9689=DIRECTION('center_axis',(-5.71888215795782E-14,-1.,-2.37368800207195E-14));
#9690=DIRECTION('ref_axis',(-1.85037170770717E-15,2.37368800207196E-14,
-1.));
#9691=DIRECTION('',(-5.71888215795782E-14,-1.,-2.37368800207195E-14));
#9692=DIRECTION('center_axis',(2.53765262771478E-14,2.37368800207181E-14,
-1.));
#9693=DIRECTION('ref_axis',(1.,-5.65925644149863E-14,2.53765262771465E-14));
#9694=DIRECTION('',(-5.71888215795782E-14,-1.,-2.37368800207195E-14));
#9695=DIRECTION('center_axis',(-5.71888215795782E-14,-1.,-2.37368800207195E-14));
#9696=DIRECTION('ref_axis',(1.,-5.71888215795791E-14,3.70074341541722E-14));
#9697=DIRECTION('',(-5.71888215795782E-14,-1.,-2.37368800207195E-14));
#9698=DIRECTION('center_axis',(1.,-5.71888215795789E-14,2.81825844712566E-14));
#9699=DIRECTION('ref_axis',(-2.81825844712579E-14,-2.37534374445329E-14,
1.));
#9700=DIRECTION('center_axis',(-1.,5.71888215795789E-14,-2.90366021825071E-14));
#9701=DIRECTION('ref_axis',(2.90366021825085E-14,2.41804463001579E-14,-1.));
#9702=DIRECTION('',(-5.71888215795782E-14,-1.,-2.37368800207195E-14));
#9703=DIRECTION('',(-5.71888215795782E-14,-1.,-2.37368800207195E-14));
#9704=DIRECTION('center_axis',(-5.71888215795782E-14,-1.,-2.37368800207195E-14));
#9705=DIRECTION('ref_axis',(1.48029736616715E-14,2.37368800207187E-14,-1.));
#9706=DIRECTION('center_axis',(-5.71888215795782E-14,-1.,-2.37368800207195E-14));
#9707=DIRECTION('ref_axis',(-1.,5.71888215795786E-14,-1.48029736616691E-14));
#9708=DIRECTION('',(-5.71888215795782E-14,-1.,-2.37368800207195E-14));
#9709=DIRECTION('center_axis',(-1.58603289232322E-15,-2.37368800207194E-14,
1.));
#9710=DIRECTION('ref_axis',(-1.,5.68365694753429E-14,-1.58603289232187E-15));
#9711=DIRECTION('center_axis',(1.,-5.71888215795789E-14,2.73285667600058E-14));
#9712=DIRECTION('ref_axis',(-2.73285667600071E-14,-2.37534374445329E-14,
1.));
#9713=DIRECTION('',(-5.71888215795782E-14,-1.,-2.37368800207195E-14));
#9714=DIRECTION('center_axis',(-5.71888215795782E-14,-1.,-2.37368800207195E-14));
#9715=DIRECTION('ref_axis',(1.,-5.71888215795788E-14,2.22044604925039E-14));
#9716=DIRECTION('',(-5.71888215795782E-14,-1.,-2.37368800207195E-14));
#9717=DIRECTION('center_axis',(1.98254111540227E-14,2.37368800207184E-14,
-1.));
#9718=DIRECTION('ref_axis',(1.,-5.70348235868836E-14,1.98254111540213E-14));
#9719=DIRECTION('',(-5.71888215795782E-14,-1.,-2.37368800207195E-14));
#9720=DIRECTION('center_axis',(-5.71888215795782E-14,-1.,-2.37368800207195E-14));
#9721=DIRECTION('ref_axis',(2.22044604925058E-14,2.37368800207182E-14,-1.));
#9722=DIRECTION('center_axis',(1.,1.40831673313977E-14,2.03268706016669E-29));
#9723=DIRECTION('ref_axis',(-6.75462150095492E-30,-9.63721354815778E-16,
1.));
#9724=DIRECTION('center_axis',(-1.45265743878298E-14,1.,9.61911208579897E-16));
#9725=DIRECTION('ref_axis',(-6.75462150095492E-30,-9.61911208579897E-16,
1.));
#9726=DIRECTION('',(-1.,-1.45265743878298E-14,5.13397930462584E-17));
#9727=DIRECTION('center_axis',(-1.22828664226469E-13,-1.,1.93533316985781E-15));
#9728=DIRECTION('ref_axis',(6.75462150095492E-30,-1.93533316985781E-15,
-1.));
#9729=DIRECTION('',(1.,-1.22828664226469E-13,-7.94231560877673E-28));
#9730=DIRECTION('',(-9.54860690525671E-30,1.93533316985781E-15,1.));
#9731=DIRECTION('center_axis',(-1.,3.0922162915692E-56,-4.93038065763146E-32));
#9732=DIRECTION('ref_axis',(-4.93038065763146E-32,0.,1.));
#9733=DIRECTION('',(-3.09209183126364E-56,-1.,0.));
#9734=DIRECTION('',(3.09209183126364E-56,1.,0.));
#9735=DIRECTION('',(1.40129846432482E-45,-1.34085233190701E-15,-1.));
#9736=DIRECTION('',(8.88432955101127E-47,-1.,-1.80195611070145E-15));
#9737=DIRECTION('center_axis',(-1.,3.0922162915692E-56,-4.93038065763146E-32));
#9738=DIRECTION('ref_axis',(3.48630559684223E-32,0.707106781186545,-0.70710678118655));
#9739=DIRECTION('',(4.93038065763146E-32,1.80195611070157E-15,-1.));
#9740=DIRECTION('center_axis',(-1.,3.0922162915692E-56,-4.93038065763146E-32));
#9741=DIRECTION('ref_axis',(-3.48630559684223E-32,0.707106781186535,0.70710678118656));
#9742=DIRECTION('',(-8.88432955101127E-47,1.,1.80195611070145E-15));
#9743=DIRECTION('center_axis',(-1.,3.0922162915692E-56,-4.93038065763146E-32));
#9744=DIRECTION('ref_axis',(-3.48630559684223E-32,-0.707106781186551,0.707106781186544));
#9745=DIRECTION('',(-4.93038065763146E-32,-1.80195611070157E-15,1.));
#9746=DIRECTION('center_axis',(-1.,3.0922162915692E-56,-4.93038065763146E-32));
#9747=DIRECTION('ref_axis',(3.48630559684213E-32,-0.707106781186561,-0.707106781186534));
#9748=DIRECTION('',(4.93038065763146E-32,4.719152299852E-15,-1.));
#9749=DIRECTION('',(-4.93038065763146E-32,-4.719152299852E-15,1.));
#9750=DIRECTION('center_axis',(1.,-3.0922162915692E-56,4.93038065763146E-32));
#9751=DIRECTION('ref_axis',(4.93038065763146E-32,0.,-1.));
#9752=DIRECTION('',(3.09209183126364E-56,1.,0.));
#9753=DIRECTION('',(-1.40129846432482E-45,1.34085233190701E-15,1.));
#9754=DIRECTION('',(-3.09209183126364E-56,-1.,0.));
#9755=DIRECTION('center_axis',(1.,-3.0922162915692E-56,4.93038065763146E-32));
#9756=DIRECTION('ref_axis',(4.93038065763154E-32,3.5527136788005E-15,-1.));
#9757=DIRECTION('center_axis',(5.43801482825502E-14,1.,-2.1375093155627E-14));
#9758=DIRECTION('ref_axis',(1.,-5.43801482825502E-14,-3.79821917328636E-29));
#9759=DIRECTION('center_axis',(7.63312470383536E-14,1.,-1.88877725752842E-15));
#9760=DIRECTION('ref_axis',(1.,-5.43801482825502E-14,-3.79821917328636E-29));
#9761=DIRECTION('',(5.43801482825502E-14,1.,-2.1375093155627E-14));
#9762=DIRECTION('center_axis',(3.59712259978537E-14,1.,3.01271689438277E-15));
#9763=DIRECTION('ref_axis',(1.,-5.43801482825502E-14,-3.79821917328636E-29));
#9764=DIRECTION('center_axis',(-3.59712259978537E-14,-1.,-3.01271689438277E-15));
#9765=DIRECTION('ref_axis',(2.23108925689504E-14,3.01271689438196E-15,-1.));
#9766=DIRECTION('center_axis',(-7.63312470383536E-14,-1.,1.88877725752842E-15));
#9767=DIRECTION('ref_axis',(-1.,7.63312470383535E-14,-2.23108925689502E-14));
#9768=DIRECTION('',(-1.,7.63312470383536E-14,2.10252405567441E-14));
#9769=DIRECTION('center_axis',(2.10252405567436E-14,-6.50914802737461E-15,
1.));
#9770=DIRECTION('ref_axis',(-1.,3.72098185597168E-16,2.10252405567436E-14));
#9771=DIRECTION('',(4.42017113787351E-44,-1.,-6.54392128004303E-15));
#9772=DIRECTION('',(-1.,1.22828664226469E-13,2.10252405567444E-14));
#9773=DIRECTION('',(4.42017113787351E-44,-1.,-6.54392128004303E-15));
#9774=DIRECTION('',(-1.,-1.45265743878298E-14,5.13397930462584E-17));
#9775=DIRECTION('center_axis',(9.48930417548479E-47,1.,-1.02324702730433E-16));
#9776=DIRECTION('ref_axis',(-1.,9.48930417548492E-47,-1.40129846432482E-45));
#9777=DIRECTION('',(-2.89846439713428E-29,1.97917365709552E-15,-1.));
#9778=DIRECTION('',(1.,1.4545175781737E-14,-1.97215226305285E-31));
#9779=DIRECTION('',(2.89846439713423E-29,-1.97917365709548E-15,1.));
#9780=DIRECTION('',(-1.,-1.4545175781737E-14,1.97215226305253E-31));
#9781=DIRECTION('',(-1.90323947078607E-14,1.02324702730433E-16,1.));
#9782=DIRECTION('',(1.,1.77890346308284E-31,1.73848876724248E-15));
#9783=DIRECTION('',(1.87151881293963E-14,-1.02324702730433E-16,-1.));
#9784=DIRECTION('',(-1.,-1.77890346308284E-31,-1.73848876724248E-15));
#9785=DIRECTION('center_axis',(-1.40129846432482E-45,0.,1.));
#9786=DIRECTION('ref_axis',(-1.,-2.63842229054578E-13,0.));
#9787=DIRECTION('',(-0.90630778703665,0.422618261740699,0.));
#9788=DIRECTION('',(3.09209183126364E-56,1.,0.));
#9789=DIRECTION('',(-3.09209183126364E-56,-1.,0.));
#9790=DIRECTION('center_axis',(-1.,3.0922162915692E-56,-4.93038065763146E-32));
#9791=DIRECTION('ref_axis',(0.,0.,1.));
#9792=DIRECTION('center_axis',(-3.0922162915692E-56,-1.,0.));
#9793=DIRECTION('ref_axis',(0.,0.,-1.));
#9794=DIRECTION('center_axis',(-1.,3.0922162915692E-56,-4.93038065763146E-32));
#9795=DIRECTION('ref_axis',(1.40129846432482E-45,3.5527136788005E-15,-1.));
#9796=DIRECTION('center_axis',(-1.,3.0922162915692E-56,-4.93038065763146E-32));
#9797=DIRECTION('ref_axis',(1.40129846432482E-45,3.5527136788005E-15,-1.));
#9798=DIRECTION('center_axis',(1.,1.49880108324396E-14,1.40129846432482E-45));
#9799=DIRECTION('ref_axis',(1.40129846432482E-45,-1.12412678993994E-29,
-1.));
#9800=DIRECTION('center_axis',(1.,-3.0922162915692E-56,4.93038065763146E-32));
#9801=DIRECTION('ref_axis',(1.40129846432482E-45,-1.12412678993994E-29,
-1.));
#9802=DIRECTION('',(1.,1.49880108324396E-14,1.40129846432482E-45));
#9803=DIRECTION('center_axis',(1.02482125350017E-14,1.,0.));
#9804=DIRECTION('ref_axis',(-0.707106781186548,9.42055475210264E-15,-0.707106781186548));
#9805=DIRECTION('',(-1.02482125350017E-14,-1.,0.));
#9806=DIRECTION('center_axis',(0.707106781186552,0.707106781186543,0.));
#9807=DIRECTION('ref_axis',(0.707106781186543,-0.707106781186552,0.));
#9808=DIRECTION('center_axis',(0.707106781186543,-0.707106781186552,0.));
#9809=DIRECTION('ref_axis',(-0.707106781186552,-0.707106781186543,0.));
#9810=DIRECTION('center_axis',(1.,1.0327656043025E-15,4.93038065763146E-32));
#9811=DIRECTION('ref_axis',(-1.57009245868377E-15,0.707106781186548,-0.707106781186548));
#9812=DIRECTION('',(-1.,-1.0327656043025E-15,-4.93038065763146E-32));
#9813=DIRECTION('center_axis',(-0.707106781186545,0.70710678118655,0.));
#9814=DIRECTION('ref_axis',(0.70710678118655,0.707106781186545,0.));
#9815=DIRECTION('center_axis',(-1.,-1.0327656043025E-15,-4.93038065763146E-32));
#9816=DIRECTION('ref_axis',(1.57009245868378E-15,-0.707106781186546,-0.707106781186549));
#9817=DIRECTION('',(1.,1.0327656043025E-15,4.93038065763146E-32));
#9818=DIRECTION('center_axis',(0.707106781186549,0.707106781186546,1.57009245868378E-15));
#9819=DIRECTION('ref_axis',(0.707106781186546,-0.707106781186549,-1.57009245868379E-15));
#9820=DIRECTION('center_axis',(-1.02482125350017E-14,-1.,0.));
#9821=DIRECTION('ref_axis',(0.707106781186548,-6.2803698347351E-15,-0.707106781186548));
#9822=DIRECTION('',(1.02482125350017E-14,1.,0.));
#9823=DIRECTION('center_axis',(-3.09209183126364E-56,-1.,0.));
#9824=DIRECTION('ref_axis',(-0.707106781186547,0.,0.707106781186547));
#9825=DIRECTION('center_axis',(3.09224740664559E-56,1.,-1.21115239050017E-15));
#9826=DIRECTION('ref_axis',(-0.707106781186547,0.,0.707106781186547));
#9827=DIRECTION('',(3.09209183126364E-56,1.,0.));
#9828=DIRECTION('center_axis',(-3.09224740664559E-56,-1.,1.21115239050017E-15));
#9829=DIRECTION('ref_axis',(1.40129846432482E-45,-1.21115239050017E-15,
-1.));
#9830=DIRECTION('center_axis',(3.09224740664559E-56,1.,-1.21115239050017E-15));
#9831=DIRECTION('ref_axis',(-0.707106781186547,0.,-0.707106781186547));
#9832=DIRECTION('',(1.,1.87049598066287E-16,1.40129846432482E-45));
#9833=DIRECTION('center_axis',(3.09224740664559E-56,1.,-1.21115239050017E-15));
#9834=DIRECTION('ref_axis',(0.707106781186547,0.,-0.707106781186547));
#9835=DIRECTION('center_axis',(3.09224740664559E-56,1.,-1.21115239050017E-15));
#9836=DIRECTION('ref_axis',(0.707106781186547,0.,0.707106781186547));
#9837=DIRECTION('',(-1.,-1.87049598066287E-16,-1.40129846432482E-45));
#9838=DIRECTION('',(1.,2.74381206015808E-46,2.2654556784008E-31));
#9839=DIRECTION('',(1.40129846432482E-45,-1.21115239050017E-15,-1.));
#9840=DIRECTION('center_axis',(3.09209183126364E-56,1.,0.));
#9841=DIRECTION('ref_axis',(0.707106781186547,0.,0.707106781186547));
#9842=DIRECTION('',(-3.09209183126364E-56,-1.,0.));
#9843=DIRECTION('center_axis',(1.40129846432482E-45,-6.66133814775095E-15,
-1.));
#9844=DIRECTION('ref_axis',(-3.09283859309699E-56,-1.,6.66133814775095E-15));
#9845=DIRECTION('center_axis',(3.09159399004142E-56,1.,4.44089209850063E-15));
#9846=DIRECTION('ref_axis',(-1.,3.09213850387823E-56,-1.75162308040602E-45));
#9847=DIRECTION('center_axis',(-4.93038065763146E-32,-4.719152299852E-15,
1.));
#9848=DIRECTION('ref_axis',(-0.707106781186548,-0.707106781186548,-3.336446474703E-15));
#9849=DIRECTION('center_axis',(1.40129846432482E-45,6.66133814775093E-15,
-1.));
#9850=DIRECTION('ref_axis',(-3.09159399004141E-56,-1.,-6.66133814775093E-15));
#9851=DIRECTION('center_axis',(3.08860694270804E-56,1.,1.33226762955019E-14));
#9852=DIRECTION('ref_axis',(-4.44089209850062E-15,1.33226762955019E-14,
-1.));
#9853=DIRECTION('center_axis',(-1.40129846432482E-45,2.22044604925031E-15,
1.));
#9854=DIRECTION('ref_axis',(3.09252744233309E-56,1.,-2.22044604925031E-15));
#9855=DIRECTION('center_axis',(4.93038065763146E-32,4.719152299852E-15,
-1.));
#9856=DIRECTION('ref_axis',(-0.707106781186551,0.707106781186544,3.53270803203849E-15));
#9857=DIRECTION('center_axis',(-1.40129846432482E-45,-5.55111512312578E-15,
1.));
#9858=DIRECTION('ref_axis',(3.09159399004141E-56,1.,5.55111512312578E-15));
#9859=DIRECTION('center_axis',(-8.88432955101127E-47,1.,1.80195611070145E-15));
#9860=DIRECTION('ref_axis',(-0.707106781186546,0.,0.707106781186549));
#9861=DIRECTION('center_axis',(3.09209183126364E-56,1.,0.));
#9862=DIRECTION('ref_axis',(-1.,3.09213850387821E-56,-8.75811540203006E-46));
#9863=DIRECTION('center_axis',(-3.09209183126364E-56,-1.,0.));
#9864=DIRECTION('ref_axis',(-4.44089209850062E-15,0.,1.));
#9865=DIRECTION('center_axis',(1.,-3.0922162915692E-56,4.93038065763146E-32));
#9866=DIRECTION('ref_axis',(0.,0.,-1.));
#9867=DIRECTION('center_axis',(1.40129846432482E-45,0.,-1.));
#9868=DIRECTION('ref_axis',(-1.24344978758017E-13,-1.,0.));
#9869=DIRECTION('center_axis',(-4.93038065763146E-32,-1.80195611070157E-15,
1.));
#9870=DIRECTION('ref_axis',(-0.707106781186548,-0.707106781186548,-1.57009245868378E-15));
#9871=DIRECTION('center_axis',(1.40129846432482E-45,1.94289029309402E-15,
-1.));
#9872=DIRECTION('ref_axis',(-4.44089209850062E-15,-1.,-1.94289029309402E-15));
#9873=DIRECTION('center_axis',(1.,-3.0922162915692E-56,4.93038065763146E-32));
#9874=DIRECTION('ref_axis',(0.,0.,-1.));
#9875=DIRECTION('center_axis',(3.09159399004142E-56,1.,8.88178419700127E-15));
#9876=DIRECTION('ref_axis',(-1.50990331349022E-13,8.88178419700127E-15,
-1.));
#9877=DIRECTION('center_axis',(8.88432955101127E-47,-1.,-1.80195611070145E-15));
#9878=DIRECTION('ref_axis',(-0.707106781186553,0.,-0.707106781186542));
#9879=DIRECTION('center_axis',(3.09209183126364E-56,1.,0.));
#9880=DIRECTION('ref_axis',(-4.44089209850063E-15,0.,-1.));
#9881=DIRECTION('center_axis',(1.,-3.0922162915692E-56,4.93038065763146E-32));
#9882=DIRECTION('ref_axis',(0.,0.,-1.));
#9883=DIRECTION('center_axis',(-1.40129846432482E-45,0.,1.));
#9884=DIRECTION('ref_axis',(-1.5099033134902E-13,1.,0.));
#9885=DIRECTION('center_axis',(4.93038065763146E-32,1.80195611070157E-15,
-1.));
#9886=DIRECTION('ref_axis',(-0.707106781186554,0.707106781186541,1.57009245868377E-15));
#9887=DIRECTION('center_axis',(-1.40129846432482E-45,-2.2204460492503E-15,
1.));
#9888=DIRECTION('ref_axis',(-4.4408920985006E-15,1.,2.2204460492503E-15));
#9889=DIRECTION('center_axis',(1.,-3.0922162915692E-56,4.93038065763146E-32));
#9890=DIRECTION('ref_axis',(0.,0.,-1.));
#9891=DIRECTION('center_axis',(2.11844386417051E-14,-1.,1.10104762772742E-15));
#9892=DIRECTION('ref_axis',(-1.,-2.11844386417051E-14,2.41656175851176E-29));
#9893=DIRECTION('',(1.40129846432482E-45,-1.10104762772742E-15,-1.));
#9894=DIRECTION('',(1.,2.11844386417051E-14,4.9303806576316E-32));
#9895=DIRECTION('',(1.40129846432482E-45,-1.10104762772742E-15,-1.));
#9896=DIRECTION('center_axis',(-1.,-2.11844386417051E-14,2.33250759111865E-29));
#9897=DIRECTION('ref_axis',(-2.11844386417051E-14,1.,-9.67101296706313E-16));
#9898=DIRECTION('',(2.11844386417051E-14,-1.,0.));
#9899=DIRECTION('',(1.40129846432482E-45,-1.10104762772742E-15,-1.));
#9900=DIRECTION('center_axis',(-2.11844386417051E-14,1.,-1.10104762772742E-15));
#9901=DIRECTION('ref_axis',(1.,2.11844386417051E-14,-2.41656175851176E-29));
#9902=DIRECTION('',(-1.,-2.11844386417051E-14,-4.9303806576316E-32));
#9903=DIRECTION('',(1.40129846432482E-45,-1.10104762772742E-15,-1.));
#9904=DIRECTION('center_axis',(1.,2.11844386417051E-14,-2.33250759111865E-29));
#9905=DIRECTION('ref_axis',(2.11844386417051E-14,-1.,9.67101296706313E-16));
#9906=DIRECTION('',(-2.11844386417051E-14,1.,0.));
#9907=DIRECTION('center_axis',(-3.09218517649281E-56,-1.,1.11022302462516E-15));
#9908=DIRECTION('ref_axis',(1.40129846432482E-45,-1.11022302462516E-15,
-1.));
#9909=DIRECTION('',(1.,2.22044604925146E-16,1.71613219801828E-37));
#9910=DIRECTION('',(-3.07788820573533E-31,1.38615684476581E-15,1.));
#9911=DIRECTION('',(-1.,-2.22044604925146E-16,-1.71613219801828E-37));
#9912=DIRECTION('center_axis',(-3.09218517649281E-56,-1.,1.11022302462516E-15));
#9913=DIRECTION('ref_axis',(1.40129846432482E-45,-1.11022302462516E-15,
-1.));
#9914=DIRECTION('',(1.,2.22044604925146E-16,1.71613219801828E-37));
#9915=DIRECTION('',(-3.07788820573533E-31,1.38615684476581E-15,1.));
#9916=DIRECTION('',(-1.,-2.22044604925146E-16,-1.71613219801828E-37));
#9917=DIRECTION('center_axis',(-3.09218517649281E-56,-1.,1.11022302462516E-15));
#9918=DIRECTION('ref_axis',(1.40129846432482E-45,-1.11022302462516E-15,
-1.));
#9919=DIRECTION('',(-1.40129846432482E-45,1.11022302462516E-15,1.));
#9920=DIRECTION('',(-1.,-2.22044604925146E-16,-1.71613219801828E-37));
#9921=DIRECTION('',(3.07788820573533E-31,-1.38615684476581E-15,-1.));
#9922=DIRECTION('',(1.,2.22044604925146E-16,1.71613219801828E-37));
#9923=DIRECTION('center_axis',(-3.09218517649281E-56,-1.,1.11022302462516E-15));
#9924=DIRECTION('ref_axis',(1.40129846432482E-45,-1.11022302462516E-15,
-1.));
#9925=DIRECTION('',(-1.40129846432482E-45,1.11022302462516E-15,1.));
#9926=DIRECTION('',(-1.,-2.22044604925146E-16,-1.71613219801828E-37));
#9927=DIRECTION('',(3.07788820573533E-31,-1.38615684476581E-15,-1.));
#9928=DIRECTION('',(1.,2.22044604925146E-16,1.71613219801828E-37));
#9929=DIRECTION('center_axis',(-3.09218517649281E-56,-1.,1.11022302462516E-15));
#9930=DIRECTION('ref_axis',(1.40129846432482E-45,-1.11022302462516E-15,
-1.));
#9931=DIRECTION('',(-1.40129846432482E-45,1.11022302462516E-15,1.));
#9932=DIRECTION('',(-1.,-2.22044604925146E-16,-1.71613219801828E-37));
#9933=DIRECTION('',(3.07788820573533E-31,-1.38615684476581E-15,-1.));
#9934=DIRECTION('',(1.,2.22044604925146E-16,1.71613219801828E-37));
#9935=DIRECTION('center_axis',(-3.09218517649281E-56,-1.,1.11022302462516E-15));
#9936=DIRECTION('ref_axis',(1.40129846432482E-45,-1.11022302462516E-15,
-1.));
#9937=DIRECTION('',(1.,2.22044604925146E-16,1.71613219801828E-37));
#9938=DIRECTION('',(-3.07788820573533E-31,1.38615684476581E-15,1.));
#9939=DIRECTION('',(-1.,-2.22044604925146E-16,-1.71613219801828E-37));
#9940=DIRECTION('center_axis',(0.707106781186548,0.707106781186548,-9.80160904722055E-16));
#9941=DIRECTION('ref_axis',(-1.38615684476581E-15,0.,-1.));
#9942=DIRECTION('',(0.707106781186548,-0.707106781186548,7.85046229341887E-16));
#9943=DIRECTION('',(3.07788820573533E-31,-1.38615684476581E-15,-1.));
#9944=DIRECTION('',(-0.707106781186548,0.707106781186548,-7.85046229341887E-16));
#9945=DIRECTION('center_axis',(1.,3.41714235292034E-46,3.07788820573533E-31));
#9946=DIRECTION('ref_axis',(-3.07788820573533E-31,1.38615684476581E-15,
1.));
#9947=DIRECTION('',(-3.09218517649281E-56,-1.,1.11022302462516E-15));
#9948=DIRECTION('',(-3.09218517649281E-56,-1.,1.11022302462516E-15));
#9949=DIRECTION('center_axis',(-2.46519204494914E-31,1.11022302462516E-15,
1.));
#9950=DIRECTION('ref_axis',(-1.,-2.22044604925146E-16,-1.71613219801828E-37));
#9951=DIRECTION('center_axis',(0.707106781186548,0.707106781186548,-9.80160904722055E-16));
#9952=DIRECTION('ref_axis',(-1.38615684476581E-15,0.,-1.));
#9953=DIRECTION('',(0.707106781186548,-0.707106781186548,7.85046229341887E-16));
#9954=DIRECTION('',(3.07788820573533E-31,-1.38615684476581E-15,-1.));
#9955=DIRECTION('',(-0.707106781186548,0.707106781186548,-7.85046229341887E-16));
#9956=DIRECTION('center_axis',(1.,3.41714235292034E-46,3.07788820573533E-31));
#9957=DIRECTION('ref_axis',(-3.07788820573533E-31,1.38615684476581E-15,
1.));
#9958=DIRECTION('',(-3.09218517649281E-56,-1.,1.11022302462516E-15));
#9959=DIRECTION('',(-3.09218517649281E-56,-1.,1.11022302462516E-15));
#9960=DIRECTION('center_axis',(-2.46519204494914E-31,1.11022302462516E-15,
1.));
#9961=DIRECTION('ref_axis',(-1.,-2.22044604925146E-16,-1.71613219801828E-37));
#9962=DIRECTION('center_axis',(0.707106781186548,0.707106781186548,-9.80160904722055E-16));
#9963=DIRECTION('ref_axis',(-1.38615684476581E-15,0.,-1.));
#9964=DIRECTION('',(0.707106781186548,-0.707106781186548,7.85046229341887E-16));
#9965=DIRECTION('',(3.07788820573533E-31,-1.38615684476581E-15,-1.));
#9966=DIRECTION('',(-0.707106781186548,0.707106781186548,-7.85046229341887E-16));
#9967=DIRECTION('center_axis',(1.,3.41714235292034E-46,3.07788820573533E-31));
#9968=DIRECTION('ref_axis',(-3.07788820573533E-31,1.38615684476581E-15,
1.));
#9969=DIRECTION('',(-3.09218517649281E-56,-1.,1.11022302462516E-15));
#9970=DIRECTION('',(-3.09218517649281E-56,-1.,1.11022302462516E-15));
#9971=DIRECTION('center_axis',(-2.46519204494914E-31,1.11022302462516E-15,
1.));
#9972=DIRECTION('ref_axis',(-1.,-2.22044604925146E-16,-1.71613219801828E-37));
#9973=DIRECTION('center_axis',(-0.707106781186548,0.707106781186548,-9.80160904722056E-16));
#9974=DIRECTION('ref_axis',(-1.38615684476581E-15,0.,1.));
#9975=DIRECTION('',(-0.707106781186548,-0.707106781186548,7.85046229341887E-16));
#9976=DIRECTION('',(-3.07788820573533E-31,1.38615684476581E-15,1.));
#9977=DIRECTION('',(0.707106781186548,0.707106781186548,-7.85046229341887E-16));
#9978=DIRECTION('',(4.93038065763146E-32,3.77837493165519E-24,-1.));
#9979=DIRECTION('center_axis',(-1.,-3.41714235292034E-46,-3.07788820573533E-31));
#9980=DIRECTION('ref_axis',(3.07788820573533E-31,-1.38615684476581E-15,
-1.));
#9981=DIRECTION('',(-3.09218517649281E-56,-1.,1.11022302462516E-15));
#9982=DIRECTION('',(-3.09218517649281E-56,-1.,1.11022302462516E-15));
#9983=DIRECTION('center_axis',(2.46519204494914E-31,-1.11022302462516E-15,
-1.));
#9984=DIRECTION('ref_axis',(1.,2.22044604925146E-16,1.71613219801828E-37));
#9985=DIRECTION('',(-3.09218517649281E-56,-1.,1.11022302462516E-15));
#9986=DIRECTION('center_axis',(-0.707106781186548,0.707106781186548,-9.80160904722056E-16));
#9987=DIRECTION('ref_axis',(-1.38615684476581E-15,0.,1.));
#9988=DIRECTION('',(-0.707106781186548,-0.707106781186548,7.85046229341887E-16));
#9989=DIRECTION('',(-3.07788820573533E-31,1.38615684476581E-15,1.));
#9990=DIRECTION('',(0.707106781186548,0.707106781186548,-7.85046229341887E-16));
#9991=DIRECTION('',(4.93038065763146E-32,3.77837493165519E-24,-1.));
#9992=DIRECTION('center_axis',(-1.,-3.41714235292034E-46,-3.07788820573533E-31));
#9993=DIRECTION('ref_axis',(3.07788820573533E-31,-1.38615684476581E-15,
-1.));
#9994=DIRECTION('',(-3.09218517649281E-56,-1.,1.11022302462516E-15));
#9995=DIRECTION('',(-3.09218517649281E-56,-1.,1.11022302462516E-15));
#9996=DIRECTION('center_axis',(2.46519204494914E-31,-1.11022302462516E-15,
-1.));
#9997=DIRECTION('ref_axis',(1.,2.22044604925146E-16,1.71613219801828E-37));
#9998=DIRECTION('',(-3.09218517649281E-56,-1.,1.11022302462516E-15));
#9999=DIRECTION('center_axis',(-0.707106781186551,0.707106781186544,-9.80160904722052E-16));
#10000=DIRECTION('ref_axis',(-1.3861568447658E-15,0.,1.));
#10001=DIRECTION('',(-0.707106781186544,-0.707106781186551,7.8504622934189E-16));
#10002=DIRECTION('',(-3.07788820573533E-31,1.38615684476581E-15,1.));
#10003=DIRECTION('',(0.707106781186544,0.707106781186551,-7.8504622934189E-16));
#10004=DIRECTION('',(4.93038065763146E-32,3.77837493165519E-24,-1.));
#10005=DIRECTION('center_axis',(-2.46519204494914E-31,1.11022302462516E-15,
1.));
#10006=DIRECTION('ref_axis',(-1.,-2.22044604925146E-16,-1.71613219801828E-37));
#10007=DIRECTION('',(-3.09218517649281E-56,-1.,1.11022302462516E-15));
#10008=DIRECTION('',(-3.09218517649281E-56,-1.,1.11022302462516E-15));
#10009=DIRECTION('center_axis',(-1.,-3.41714235292034E-46,-3.07788820573533E-31));
#10010=DIRECTION('ref_axis',(3.07788820573533E-31,-1.38615684476581E-15,
-1.));
#10011=DIRECTION('',(-3.09218517649281E-56,-1.,1.11022302462516E-15));
#10012=DIRECTION('center_axis',(-2.46519204494914E-31,1.11022302462516E-15,
1.));
#10013=DIRECTION('ref_axis',(-1.,-2.22044604925146E-16,-1.71613219801828E-37));
#10014=DIRECTION('',(-3.09218517649281E-56,-1.,1.11022302462516E-15));
#10015=DIRECTION('center_axis',(-2.46519204494914E-31,1.11022302462516E-15,
1.));
#10016=DIRECTION('ref_axis',(-1.,-2.22044604925146E-16,-1.71613219801828E-37));
#10017=DIRECTION('',(-3.09218517649281E-56,-1.,1.11022302462516E-15));
#10018=DIRECTION('center_axis',(2.46519204494914E-31,-1.11022302462516E-15,
-1.));
#10019=DIRECTION('ref_axis',(1.,2.22044604925146E-16,1.71613219801828E-37));
#10020=DIRECTION('center_axis',(2.46519204494914E-31,-1.11022302462516E-15,
-1.));
#10021=DIRECTION('ref_axis',(1.,2.22044604925146E-16,1.71613219801828E-37));
#10022=DIRECTION('center_axis',(2.46519204494914E-31,-1.11022302462516E-15,
-1.));
#10023=DIRECTION('ref_axis',(1.,2.22044604925146E-16,1.71613219801828E-37));
#10024=DIRECTION('center_axis',(2.46519204494914E-31,-1.11022302462516E-15,
-1.));
#10025=DIRECTION('ref_axis',(1.,2.22044604925146E-16,1.71613219801828E-37));
#10026=DIRECTION('',(-3.09218517649281E-56,-1.,1.11022302462516E-15));
#10027=DIRECTION('center_axis',(1.,-3.0922162915692E-56,4.93038065763146E-32));
#10028=DIRECTION('ref_axis',(4.93038065763146E-32,3.77837493165519E-24,
-1.));
#10029=DIRECTION('',(3.09209183126364E-56,1.,0.));
#10030=DIRECTION('center_axis',(-4.93038065763146E-32,0.,1.));
#10031=DIRECTION('ref_axis',(1.,2.0665506949776E-29,4.93038065763146E-32));
#10032=DIRECTION('center_axis',(-4.93038065763146E-32,0.,1.));
#10033=DIRECTION('ref_axis',(1.,2.0665506949776E-29,4.93038065763146E-32));
#10034=DIRECTION('center_axis',(-1.,3.09209183126364E-56,-1.40129846432482E-45));
#10035=DIRECTION('ref_axis',(-1.40129846432482E-45,0.,1.));
#10036=DIRECTION('',(-1.40129846432482E-45,0.,1.));
#10037=DIRECTION('',(-3.09209183126364E-56,-1.,0.));
#10038=DIRECTION('center_axis',(-0.243484937585025,0.,-0.969904678393303));
#10039=DIRECTION('ref_axis',(0.969904678393303,9.13874882792793E-15,-0.243484937585025));
#10040=DIRECTION('',(0.883723333951481,-0.412086958311842,-0.221849966912266));
#10041=DIRECTION('',(-3.09209183126364E-56,-1.,0.));
#10042=DIRECTION('',(-0.969904678393303,1.54570451271672E-14,0.243484937585025));
#10043=DIRECTION('',(3.62752587811176E-15,-1.,-9.10654347480052E-16));
#10044=DIRECTION('center_axis',(1.40129846432482E-45,0.,-1.));
#10045=DIRECTION('ref_axis',(1.,5.16203627107693E-15,1.40129846432482E-45));
#10046=DIRECTION('',(-3.09209183126364E-56,-1.,0.));
#10047=DIRECTION('',(-1.,1.64335160522565E-14,0.));
#10048=DIRECTION('',(0.90630778703665,-0.422618261740699,0.));
#10049=DIRECTION('center_axis',(-1.,3.09209183126364E-56,-1.40129846432482E-45));
#10050=DIRECTION('ref_axis',(-1.40129846432482E-45,0.,1.));
#10051=DIRECTION('',(3.09209183126364E-56,1.,0.));
#10052=DIRECTION('',(-1.40129846432482E-45,-1.97917365709553E-15,1.));
#10053=DIRECTION('',(1.40129846432482E-45,0.,-1.));
#10054=DIRECTION('center_axis',(-0.422618261740699,-0.90630778703665,0.));
#10055=DIRECTION('ref_axis',(0.90630778703665,-0.422618261740699,0.));
#10056=DIRECTION('',(-0.90630778703665,0.422618261740699,3.84859157378649E-16));
#10057=DIRECTION('',(-0.886014870105232,0.413155519169276,0.210428531650001));
#10058=DIRECTION('',(-0.90630778703665,0.422618261740699,0.));
#10059=DIRECTION('center_axis',(-1.40129846432482E-45,0.,1.));
#10060=DIRECTION('ref_axis',(-1.,3.09209183126364E-56,-1.40129846432482E-45));
#10061=DIRECTION('',(-3.09209183126364E-56,-1.,0.));
#10062=DIRECTION('',(1.,-1.64335160522565E-14,0.));
#10063=DIRECTION('center_axis',(0.231072430795905,0.,0.972936550719558));
#10064=DIRECTION('ref_axis',(-0.972936550719558,1.88501820217519E-14,0.231072430795905));
#10065=DIRECTION('',(-3.83433409465269E-15,1.,9.10654347480052E-16));
#10066=DIRECTION('',(0.972936550719558,-1.55314359561646E-14,-0.231072430795905));
#10067=DIRECTION('center_axis',(-1.64335160522565E-14,-1.,-1.97917365709553E-15));
#10068=DIRECTION('ref_axis',(1.40129846432482E-45,1.97917365709553E-15,
-1.));
#10069=DIRECTION('',(1.,-1.64335160522565E-14,-3.54928462208157E-29));
#10070=DIRECTION('center_axis',(-3.09209183126364E-56,-1.,0.));
#10071=DIRECTION('ref_axis',(0.707106781186547,0.,-0.707106781186547));
#10072=DIRECTION('',(3.09209183126364E-56,1.,0.));
#10073=DIRECTION('center_axis',(4.93038065763146E-32,0.,-1.));
#10074=DIRECTION('ref_axis',(-1.,3.0922162915692E-56,-4.93038065763146E-32));
#10075=DIRECTION('',(-3.09209183126364E-56,-1.,0.));
#10076=DIRECTION('center_axis',(3.09209183126364E-56,1.,0.));
#10077=DIRECTION('ref_axis',(-0.707106781186547,0.,-0.707106781186547));
#10078=DIRECTION('center_axis',(1.90323947078607E-14,0.,-1.));
#10079=DIRECTION('ref_axis',(0.707106781186544,0.707106781186551,1.3345785898812E-14));
#10080=DIRECTION('center_axis',(-0.707106781186539,-7.85046229341897E-16,
-0.707106781186556));
#10081=DIRECTION('ref_axis',(-0.707106781186556,-7.85046229341886E-16,0.707106781186539));
#10082=DIRECTION('',(1.90323947078607E-14,0.,-1.));
#10083=DIRECTION('center_axis',(-0.707106781186553,-3.92523114670945E-15,
0.707106781186542));
#10084=DIRECTION('ref_axis',(0.707106781186542,3.92523114670954E-15,0.707106781186553));
#10085=DIRECTION('center_axis',(-1.,0.,-1.73848876724248E-15));
#10086=DIRECTION('ref_axis',(8.75811540203011E-46,0.707106781186546,-0.707106781186549));
#10087=DIRECTION('',(-1.,0.,-1.73848876724248E-15));
#10088=DIRECTION('center_axis',(0.707106781186554,2.35513868802569E-15,
-0.707106781186541));
#10089=DIRECTION('ref_axis',(-0.707106781186541,-2.35513868802573E-15,-0.707106781186554));
#10090=DIRECTION('center_axis',(1.,0.,1.73848876724248E-15));
#10091=DIRECTION('ref_axis',(-3.14018491736754E-15,0.707106781186549,0.707106781186546));
#10092=DIRECTION('',(1.,0.,1.73848876724248E-15));
#10093=DIRECTION('center_axis',(-0.70710678118654,-7.85046229341895E-16,
-0.707106781186555));
#10094=DIRECTION('ref_axis',(-0.707106781186555,7.85046229341882E-16,0.70710678118654));
#10095=DIRECTION('center_axis',(-1.87151881293963E-14,0.,1.));
#10096=DIRECTION('ref_axis',(-0.707106781186551,0.707106781186544,-1.33457858988121E-14));
#10097=DIRECTION('',(-1.87151881293963E-14,0.,1.));
#10098=DIRECTION('center_axis',(1.73848876724248E-15,1.98254111540209E-15,
-1.));
#10099=DIRECTION('ref_axis',(-1.,-1.4545175781737E-14,-1.73848876724251E-15));
#10100=DIRECTION('',(-1.45386348462818E-14,1.,1.98254111540207E-15));
#10101=DIRECTION('',(-1.45386348462818E-14,1.,1.98254111540207E-15));
#10102=DIRECTION('center_axis',(-1.,-1.45386348462818E-14,-1.90323947078607E-14));
#10103=DIRECTION('ref_axis',(-1.90323947078607E-14,-1.97917365709569E-15,
1.));
#10104=DIRECTION('',(-1.45386348462818E-14,1.,1.98254111540207E-15));
#10105=DIRECTION('center_axis',(1.,1.45386348462818E-14,1.87151881293963E-14));
#10106=DIRECTION('ref_axis',(1.87151881293963E-14,1.97917365709569E-15,
-1.));
#10107=DIRECTION('',(-1.45386348462818E-14,1.,1.98254111540207E-15));
#10108=DIRECTION('center_axis',(-1.73848876724248E-15,-1.98254111540209E-15,
1.));
#10109=DIRECTION('ref_axis',(1.,1.4545175781737E-14,1.73848876724251E-15));
#10110=DIRECTION('center_axis',(-2.05275933834452E-29,9.10654347480052E-16,
-1.));
#10111=DIRECTION('ref_axis',(1.,1.45291614320891E-14,-7.29654936007375E-30));
#10112=DIRECTION('',(6.15112543542683E-45,-1.,-9.10654347480052E-16));
#10113=DIRECTION('center_axis',(-1.,0.,-6.75462150095492E-30));
#10114=DIRECTION('ref_axis',(6.75462150095492E-30,-9.67101296706313E-16,
-1.));
#10115=DIRECTION('center_axis',(1.,0.,6.75462150095492E-30));
#10116=DIRECTION('ref_axis',(-6.75462150095492E-30,9.67101296706313E-16,
1.));
#10117=DIRECTION('center_axis',(-1.,1.82836205433401E-44,-9.54860690525671E-30));
#10118=DIRECTION('ref_axis',(9.54860690525671E-30,6.54163030276842E-15,
-1.));
#10119=DIRECTION('',(-9.54860690525671E-30,1.93533316985781E-15,1.));
#10120=DIRECTION('center_axis',(1.,-1.82836205433401E-44,9.54860690525671E-30));
#10121=DIRECTION('ref_axis',(-9.54860690525671E-30,-6.54163030276842E-15,
1.));
#10122=DIRECTION('',(9.54860690525671E-30,-1.93533316985781E-15,-1.));
#10123=DIRECTION('center_axis',(-1.,-1.40831673313977E-14,-2.03268706016669E-29));
#10124=DIRECTION('ref_axis',(6.75462150095492E-30,9.63721354815778E-16,
-1.));
#10125=DIRECTION('center_axis',(1.,1.40831673313977E-14,2.03268706016669E-29));
#10126=DIRECTION('ref_axis',(-6.75462150095492E-30,-9.63721354815778E-16,
1.));
#10127=DIRECTION('center_axis',(-1.45265743878298E-14,1.,9.61911208579897E-16));
#10128=DIRECTION('ref_axis',(-6.75462150095492E-30,-9.61911208579897E-16,
1.));
#10129=DIRECTION('center_axis',(1.22828664226469E-13,1.,-1.93533316985781E-15));
#10130=DIRECTION('ref_axis',(-6.75462150095492E-30,1.93533316985781E-15,
1.));
#10131=DIRECTION('center_axis',(-1.,-1.4418480839289E-14,4.4796651888547E-31));
#10132=DIRECTION('ref_axis',(-2.89846439713428E-29,1.97917365709552E-15,
-1.));
#10133=DIRECTION('',(2.89846439713431E-29,-1.97917365709553E-15,1.));
#10134=DIRECTION('',(1.4418480839289E-14,-1.,-2.16277212589336E-15));
#10135=DIRECTION('',(1.4418480839289E-14,-1.,-2.16277212589336E-15));
#10136=DIRECTION('center_axis',(-3.16551159732651E-29,2.16277212589336E-15,
-1.));
#10137=DIRECTION('ref_axis',(1.,1.4545175781737E-14,-1.97215226305285E-31));
#10138=DIRECTION('',(-1.,1.64335160522565E-14,6.71970664215065E-29));
#10139=DIRECTION('',(1.4418480839289E-14,-1.,-2.16277212589336E-15));
#10140=DIRECTION('center_axis',(1.,1.4418480839289E-14,-4.47966518885464E-31));
#10141=DIRECTION('ref_axis',(2.89846439713423E-29,-1.97917365709548E-15,
1.));
#10142=DIRECTION('',(2.8984643971343E-29,-1.97917365709553E-15,1.));
#10143=DIRECTION('',(1.4418480839289E-14,-1.,-2.16277212589336E-15));
#10144=DIRECTION('',(-1.4418480839289E-14,1.,2.16277212589336E-15));
#10145=DIRECTION('center_axis',(-3.16551159732651E-29,2.16277212589336E-15,
-1.));
#10146=DIRECTION('ref_axis',(1.,1.4545175781737E-14,-1.97215226305285E-31));
#10147=DIRECTION('',(1.,-1.64335160522565E-14,-6.71970664215065E-29));
#10148=DIRECTION('',(-1.4418480839289E-14,1.,2.16277212589336E-15));
#10149=DIRECTION('center_axis',(3.16551159732651E-29,-2.16277212589336E-15,
1.));
#10150=DIRECTION('ref_axis',(-1.,-1.4545175781737E-14,1.97215226305253E-31));
#10151=DIRECTION('',(1.,-1.64335160522565E-14,-6.71970664215065E-29));
#10152=DIRECTION('',(1.4418480839289E-14,-1.,-2.16277212589336E-15));
#10153=DIRECTION('center_axis',(1.,1.4418480839289E-14,-4.47966518885464E-31));
#10154=DIRECTION('ref_axis',(2.89846439713423E-29,-1.97917365709548E-15,
1.));
#10155=DIRECTION('',(-2.8984643971343E-29,1.97917365709553E-15,-1.));
#10156=DIRECTION('center_axis',(-1.,-1.4418480839289E-14,4.4796651888547E-31));
#10157=DIRECTION('ref_axis',(-2.89846439713428E-29,1.97917365709552E-15,
-1.));
#10158=DIRECTION('',(-2.89846439713431E-29,1.97917365709553E-15,-1.));
#10159=DIRECTION('',(-1.4418480839289E-14,1.,2.16277212589336E-15));
#10160=DIRECTION('center_axis',(3.16551159732651E-29,-2.16277212589336E-15,
1.));
#10161=DIRECTION('ref_axis',(-1.,-1.4545175781737E-14,1.97215226305253E-31));
#10162=DIRECTION('',(-1.,1.64335160522565E-14,6.71970664215065E-29));
#10163=DIRECTION('center_axis',(1.64335160522565E-14,1.,1.97917365709553E-15));
#10164=DIRECTION('ref_axis',(0.,-1.97917365709553E-15,1.));
#10165=CARTESIAN_POINT('',(0.,0.,0.));
#10166=CARTESIAN_POINT('Origin',(-4.95467368275499,-24.8696100156926,25.286152007886));
#10167=CARTESIAN_POINT('',(-4.95467368275548,-23.5696100156926,26.2861520078883));
#10168=CARTESIAN_POINT('',(-4.95467368275498,-24.8696100156926,26.2861520078883));
#10169=CARTESIAN_POINT('',(-4.95467368275579,-22.7696100156924,26.2861520078884));
#10170=CARTESIAN_POINT('',(-4.95467368275548,-23.5696100156926,25.286152007886));
#10171=CARTESIAN_POINT('',(-4.95467368275548,-23.5696100156926,25.286152007886));
#10172=CARTESIAN_POINT('',(-4.95467368275499,-24.8696100156926,25.286152007886));
#10173=CARTESIAN_POINT('',(-4.95467368275579,-22.7696100156924,25.2861520078883));
#10174=CARTESIAN_POINT('',(-4.95467368275499,-24.8696100156926,25.286152007886));
#10175=CARTESIAN_POINT('Origin',(-6.65467368275493,-24.8696100156931,25.286152007886));
#10176=CARTESIAN_POINT('',(-6.65467368275493,-24.8696100156931,26.2861520078883));
#10177=CARTESIAN_POINT('',(-23.2796736827541,-24.8696100156985,26.286152007888));
#10178=CARTESIAN_POINT('',(-6.65467368275493,-24.8696100156931,25.286152007886));
#10179=CARTESIAN_POINT('',(-23.2796736827541,-24.8696100156985,25.286152007888));
#10180=CARTESIAN_POINT('',(-6.65467368275493,-24.8696100156931,25.286152007886));
#10181=CARTESIAN_POINT('Origin',(-6.65467368275543,-23.5696100156931,25.286152007886));
#10182=CARTESIAN_POINT('',(-6.65467368275543,-23.5696100156932,26.2861520078883));
#10183=CARTESIAN_POINT('',(-6.65467368275597,-22.119610015693,26.2861520078883));
#10184=CARTESIAN_POINT('',(-6.65467368275543,-23.5696100156932,25.286152007886));
#10185=CARTESIAN_POINT('',(-6.65467368275597,-22.119610015693,25.2861520078883));
#10186=CARTESIAN_POINT('',(-6.65467368275543,-23.5696100156932,25.286152007886));
#10187=CARTESIAN_POINT('Origin',(-4.95467368275548,-23.5696100156926,25.286152007886));
#10188=CARTESIAN_POINT('',(-22.4296736827546,-23.5696100156982,26.286152007888));
#10189=CARTESIAN_POINT('',(-22.4296736827546,-23.5696100156983,25.286152007888));
#10190=CARTESIAN_POINT('Origin',(11.1649214149511,-23.5696100156868,25.286152007886));
#10191=CARTESIAN_POINT('',(9.41491983095773,-23.5696100156868,26.2861520078886));
#10192=CARTESIAN_POINT('',(11.1649214149511,-23.5696100156868,26.2861520078886));
#10193=CARTESIAN_POINT('',(-14.3698761339018,-23.5696100156863,26.2861520078882));
#10194=CARTESIAN_POINT('',(9.41491983095773,-23.5696100156868,25.286152007886));
#10195=CARTESIAN_POINT('',(9.41491983095773,-23.5696100156868,25.286152007886));
#10196=CARTESIAN_POINT('',(11.1649214149511,-23.5696100156868,25.286152007886));
#10197=CARTESIAN_POINT('',(-14.3698761339018,-23.5696100156863,25.2861520078882));
#10198=CARTESIAN_POINT('',(11.1649214149511,-23.5696100156868,25.286152007886));
#10199=CARTESIAN_POINT('Origin',(11.1649214149511,-24.8696100156868,25.286152007886));
#10200=CARTESIAN_POINT('',(11.1649214149512,-24.8696100156868,26.2861520078886));
#10201=CARTESIAN_POINT('',(11.1649214149511,-22.7696100156952,26.2861520078886));
#10202=CARTESIAN_POINT('',(11.1649214149512,-24.8696100156868,25.286152007886));
#10203=CARTESIAN_POINT('',(11.1649214149511,-22.7696100156951,25.2861520078886));
#10204=CARTESIAN_POINT('',(11.1649214149512,-24.8696100156868,25.286152007886));
#10205=CARTESIAN_POINT('Origin',(9.41491983095778,-24.8696100156868,25.286152007886));
#10206=CARTESIAN_POINT('',(9.41491983095778,-24.8696100156867,26.2861520078886));
#10207=CARTESIAN_POINT('',(-15.2448769258985,-24.8696100156863,26.2861520078881));
#10208=CARTESIAN_POINT('',(9.41491983095778,-24.8696100156867,25.286152007886));
#10209=CARTESIAN_POINT('',(-15.2448769258984,-24.8696100156863,25.2861520078881));
#10210=CARTESIAN_POINT('',(9.41491983095778,-24.8696100156867,25.286152007886));
#10211=CARTESIAN_POINT('Origin',(9.41491983095773,-23.5696100156868,25.286152007886));
#10212=CARTESIAN_POINT('',(9.41491983095768,-22.1196100156952,26.2861520078886));
#10213=CARTESIAN_POINT('',(9.41491983095768,-22.1196100156952,25.2861520078886));
#10214=CARTESIAN_POINT('Origin',(-20.3850801690431,-23.569610015695,25.286152007886));
#10215=CARTESIAN_POINT('',(-20.385080169043,-24.869610015695,26.286152007888));
#10216=CARTESIAN_POINT('',(-20.3850801690431,-23.569610015695,26.286152007888));
#10217=CARTESIAN_POINT('',(-20.3850801690432,-22.1196100156996,26.2861520078881));
#10218=CARTESIAN_POINT('',(-20.385080169043,-24.869610015695,25.2861520078861));
#10219=CARTESIAN_POINT('',(-20.385080169043,-24.869610015695,25.2861520078861));
#10220=CARTESIAN_POINT('',(-20.3850801690431,-23.569610015695,25.286152007886));
#10221=CARTESIAN_POINT('',(-20.3850801690432,-22.1196100156996,25.2861520078881));
#10222=CARTESIAN_POINT('',(-20.3850801690431,-23.569610015695,25.286152007886));
#10223=CARTESIAN_POINT('Origin',(-18.6350785850497,-23.569610015695,25.286152007886));
#10224=CARTESIAN_POINT('',(-18.6350785850497,-23.569610015695,26.2861520078881));
#10225=CARTESIAN_POINT('',(-29.2698761339022,-23.5696100156949,26.2861520078879));
#10226=CARTESIAN_POINT('',(-18.6350785850497,-23.569610015695,25.286152007886));
#10227=CARTESIAN_POINT('',(-29.2698761339022,-23.5696100156949,25.2861520078879));
#10228=CARTESIAN_POINT('',(-18.6350785850497,-23.569610015695,25.286152007886));
#10229=CARTESIAN_POINT('Origin',(-18.6350785850496,-24.869610015695,25.2861520078861));
#10230=CARTESIAN_POINT('',(-18.6350785850496,-24.869610015695,26.286152007888));
#10231=CARTESIAN_POINT('',(-18.6350785850498,-22.7696100156995,26.2861520078881));
#10232=CARTESIAN_POINT('',(-18.6350785850496,-24.869610015695,25.2861520078861));
#10233=CARTESIAN_POINT('',(-18.6350785850498,-22.7696100156995,25.2861520078881));
#10234=CARTESIAN_POINT('',(-18.6350785850496,-24.869610015695,25.2861520078861));
#10235=CARTESIAN_POINT('Origin',(-20.385080169043,-24.869610015695,25.2861520078861));
#10236=CARTESIAN_POINT('',(-30.1448769258989,-24.8696100156949,26.2861520078878));
#10237=CARTESIAN_POINT('',(-30.1448769258988,-24.8696100156949,25.2861520078878));
#10238=CARTESIAN_POINT('Origin',(23.1453263172453,-23.5696100156865,25.286152007886));
#10239=CARTESIAN_POINT('',(23.1453263172459,-24.8696100156864,26.2861520078888));
#10240=CARTESIAN_POINT('',(23.1453263172453,-23.5696100156865,26.2861520078888));
#10241=CARTESIAN_POINT('',(23.1453263172447,-22.1196100156827,26.2861520078889));
#10242=CARTESIAN_POINT('',(23.1453263172459,-24.8696100156864,25.286152007886));
#10243=CARTESIAN_POINT('',(23.1453263172459,-24.8696100156864,25.286152007886));
#10244=CARTESIAN_POINT('',(23.1453263172453,-23.5696100156865,25.2861520078859));
#10245=CARTESIAN_POINT('',(23.1453263172447,-22.1196100156827,25.2861520078889));
#10246=CARTESIAN_POINT('',(23.1453263172453,-23.5696100156865,25.2861520078859));
#10247=CARTESIAN_POINT('Origin',(24.8453263172453,-23.5696100156858,25.2861520078859));
#10248=CARTESIAN_POINT('',(24.8453263172453,-23.5696100156858,26.2861520078889));
#10249=CARTESIAN_POINT('',(-7.52967368275411,-23.5696100156983,26.2861520078883));
#10250=CARTESIAN_POINT('',(24.8453263172453,-23.5696100156858,25.2861520078859));
#10251=CARTESIAN_POINT('',(-7.52967368275409,-23.5696100156983,25.2861520078883));
#10252=CARTESIAN_POINT('',(24.8453263172453,-23.5696100156858,25.2861520078859));
#10253=CARTESIAN_POINT('Origin',(24.8453263172458,-24.8696100156858,25.286152007886));
#10254=CARTESIAN_POINT('',(24.8453263172458,-24.8696100156858,26.2861520078888));
#10255=CARTESIAN_POINT('',(24.845326317245,-22.7696100156825,26.2861520078889));
#10256=CARTESIAN_POINT('',(24.8453263172458,-24.8696100156858,25.286152007886));
#10257=CARTESIAN_POINT('',(24.845326317245,-22.7696100156824,25.2861520078889));
#10258=CARTESIAN_POINT('',(24.8453263172458,-24.8696100156858,25.286152007886));
#10259=CARTESIAN_POINT('Origin',(23.1453263172459,-24.8696100156865,25.286152007886));
#10260=CARTESIAN_POINT('',(-8.37967368275355,-24.8696100156989,26.2861520078882));
#10261=CARTESIAN_POINT('',(-8.37967368275353,-24.8696100156989,25.2861520078882));
#10262=CARTESIAN_POINT('Origin',(-34.4546736827548,-24.8696100156981,25.2861520078861));
#10263=CARTESIAN_POINT('',(-34.4546736827549,-23.5696100156981,26.2861520078878));
#10264=CARTESIAN_POINT('',(-34.4546736827548,-24.869610015698,26.2861520078878));
#10265=CARTESIAN_POINT('',(-34.4546736827549,-22.7696100157017,26.2861520078878));
#10266=CARTESIAN_POINT('',(-34.4546736827549,-23.5696100156981,25.2861520078861));
#10267=CARTESIAN_POINT('',(-34.4546736827549,-23.5696100156981,25.2861520078861));
#10268=CARTESIAN_POINT('',(-34.4546736827548,-24.8696100156981,25.2861520078861));
#10269=CARTESIAN_POINT('',(-34.4546736827549,-22.7696100157016,25.2861520078878));
#10270=CARTESIAN_POINT('',(-34.4546736827548,-24.8696100156981,25.2861520078861));
#10271=CARTESIAN_POINT('Origin',(-36.1546736827548,-24.8696100156981,25.2861520078861));
#10272=CARTESIAN_POINT('',(-36.1546736827548,-24.8696100156981,26.2861520078877));
#10273=CARTESIAN_POINT('',(-38.0296736827547,-24.8696100156981,26.2861520078877));
#10274=CARTESIAN_POINT('',(-36.1546736827548,-24.8696100156981,25.2861520078861));
#10275=CARTESIAN_POINT('',(-38.0296736827546,-24.8696100156981,25.2861520078877));
#10276=CARTESIAN_POINT('',(-36.1546736827548,-24.8696100156981,25.2861520078861));
#10277=CARTESIAN_POINT('Origin',(-36.1546736827548,-23.5696100156981,25.2861520078861));
#10278=CARTESIAN_POINT('',(-36.1546736827548,-23.5696100156981,26.2861520078878));
#10279=CARTESIAN_POINT('',(-36.1546736827549,-22.1196100157017,26.2861520078878));
#10280=CARTESIAN_POINT('',(-36.1546736827548,-23.5696100156981,25.2861520078861));
#10281=CARTESIAN_POINT('',(-36.1546736827549,-22.1196100157017,25.2861520078878));
#10282=CARTESIAN_POINT('',(-36.1546736827548,-23.5696100156981,25.2861520078861));
#10283=CARTESIAN_POINT('Origin',(-34.4546736827549,-23.5696100156981,25.2861520078861));
#10284=CARTESIAN_POINT('',(-37.1796736827548,-23.5696100156981,26.2861520078877));
#10285=CARTESIAN_POINT('',(-37.1796736827547,-23.5696100156981,25.2861520078877));
#10286=CARTESIAN_POINT('Origin',(-9.73507880297876,-24.2196100156943,40.2861522612056));
#10287=CARTESIAN_POINT('',(-8.88507880297879,-23.7696100157057,40.2861522612056));
#10288=CARTESIAN_POINT('',(-10.5850788029788,-23.7696100157057,40.2861522612056));
#10289=CARTESIAN_POINT('',(-4.81987624286652,-23.7696100157057,40.2861522612056));
#10290=CARTESIAN_POINT('',(-8.8850788029788,-23.5696100156944,40.2861522612056));
#10291=CARTESIAN_POINT('',(-8.88507880297875,-24.8696100156943,40.2861522612056));
#10292=CARTESIAN_POINT('',(-10.5850788029788,-23.5696100156944,40.2861522612056));
#10293=CARTESIAN_POINT('',(-8.8850788029788,-23.5696100156944,40.2861522612056));
#10294=CARTESIAN_POINT('',(-10.5850788029788,-23.5696100156944,40.2861522612056));
#10295=CARTESIAN_POINT('Origin',(-8.88507880297874,-24.8696100156943,44.2861522612056));
#10296=CARTESIAN_POINT('',(-10.5850788029787,-24.8696100156943,43.2861522612079));
#10297=CARTESIAN_POINT('',(-8.88507880297874,-24.8696100156943,43.286152261208));
#10298=CARTESIAN_POINT('',(15.6051237571332,-24.8696100156938,43.2861522612084));
#10299=CARTESIAN_POINT('',(-10.5850788029787,-24.8696100156943,44.2861522612056));
#10300=CARTESIAN_POINT('',(-10.5850788029787,-24.8696100156943,44.2861522612056));
#10301=CARTESIAN_POINT('',(-8.88507880297874,-24.8696100156943,44.2861522612056));
#10302=CARTESIAN_POINT('',(15.6051237571332,-24.8696100156938,44.2861522612084));
#10303=CARTESIAN_POINT('',(-8.88507880297874,-24.8696100156943,44.2861522612056));
#10304=CARTESIAN_POINT('Origin',(-10.5850788029787,-24.8696100156943,44.2861522612056));
#10305=CARTESIAN_POINT('',(-10.5850788029788,-23.5696100156943,43.286152261208));
#10306=CARTESIAN_POINT('',(-10.5850788029788,-22.7696100157031,43.286152261208));
#10307=CARTESIAN_POINT('',(-10.5850788029788,-23.5696100156943,44.2861522612056));
#10308=CARTESIAN_POINT('',(-10.5850788029788,-23.5696100156943,44.2861522612056));
#10309=CARTESIAN_POINT('',(-10.5850788029788,-22.7696100157032,44.286152261208));
#10310=CARTESIAN_POINT('Origin',(-10.5850788029787,-24.8696100156943,44.2861522612056));
#10311=CARTESIAN_POINT('',(-10.5850788029788,-23.7696100157057,40.6861521345479));
#10312=CARTESIAN_POINT('',(-10.5850788029788,-23.7696100157057,39.5361521978772));
#10313=CARTESIAN_POINT('',(-10.5850788029788,-23.5696100156944,40.6861521345479));
#10314=CARTESIAN_POINT('',(-10.5850788029788,-23.5696100156943,44.2861522612056));
#10315=CARTESIAN_POINT('',(-10.5850788029788,-22.7696100157014,40.6861521345479));
#10316=CARTESIAN_POINT('Origin',(-8.88507880297879,-23.5696100156943,44.2861522612056));
#10317=CARTESIAN_POINT('',(-8.8850788029788,-23.5696100156943,43.286152261208));
#10318=CARTESIAN_POINT('',(-8.88507880297885,-22.1196100157028,43.286152261208));
#10319=CARTESIAN_POINT('',(-8.8850788029788,-23.5696100156943,44.2861522612056));
#10320=CARTESIAN_POINT('',(-8.88507880297885,-22.1196100157028,44.286152261208));
#10321=CARTESIAN_POINT('',(-8.8850788029788,-23.5696100156943,44.2861522612056));
#10322=CARTESIAN_POINT('Origin',(-10.5850788029788,-23.5696100156944,44.2861522612056));
#10323=CARTESIAN_POINT('',(14.7551237571332,-23.5696100156939,43.2861522612084));
#10324=CARTESIAN_POINT('',(14.7551237571332,-23.5696100156938,44.2861522612084));
#10325=CARTESIAN_POINT('Origin',(-10.5850788029788,-23.5696100156944,44.2861522612056));
#10326=CARTESIAN_POINT('',(-8.8850788029788,-23.5696100156944,40.6861521345479));
#10327=CARTESIAN_POINT('',(12.4051237571332,-23.5696100156939,40.6861521345483));
#10328=CARTESIAN_POINT('',(-8.8850788029788,-23.5696100156943,44.2861522612056));
#10329=CARTESIAN_POINT('Origin',(-8.88507880297879,-23.5696100156943,44.2861522612056));
#10330=CARTESIAN_POINT('',(-8.8850788029788,-23.7696100157057,40.6861521345479));
#10331=CARTESIAN_POINT('',(-8.88507880297879,-23.7696100157057,39.5361521978772));
#10332=CARTESIAN_POINT('',(-8.88507880297885,-22.119610015701,40.686152134548));
#10333=CARTESIAN_POINT('Origin',(5.14532631724522,-24.8696100156886,44.2861522612055));
#10334=CARTESIAN_POINT('',(5.14532631724479,-23.7696100157058,40.2861522612055));
#10335=CARTESIAN_POINT('',(5.14532631724479,-23.7696100157058,40.6861521345482));
#10336=CARTESIAN_POINT('',(5.14532631724479,-23.7696100157058,39.5361521978772));
#10337=CARTESIAN_POINT('',(5.14532631724472,-23.5696100156887,40.2861522612055));
#10338=CARTESIAN_POINT('',(5.14532631724472,-23.5696100156887,40.2861522612055));
#10339=CARTESIAN_POINT('',(5.14532631724472,-23.5696100156887,40.6861521345482));
#10340=CARTESIAN_POINT('',(5.14532631724473,-23.5696100156887,44.2861522612055));
#10341=CARTESIAN_POINT('',(5.14532631724442,-22.7696100157031,40.6861521345482));
#10342=CARTESIAN_POINT('Origin',(6.84532631724468,-23.5696100156881,44.2861522612055));
#10343=CARTESIAN_POINT('',(6.84532631724474,-23.7696100157059,40.6861521345482));
#10344=CARTESIAN_POINT('',(6.84532631724475,-23.7696100157059,40.2861522612055));
#10345=CARTESIAN_POINT('',(6.84532631724474,-23.7696100157058,39.5361521978772));
#10346=CARTESIAN_POINT('',(6.84532631724467,-23.5696100156882,40.6861521345482));
#10347=CARTESIAN_POINT('',(6.84532631724412,-22.1196100157025,40.6861521345482));
#10348=CARTESIAN_POINT('',(6.84532631724467,-23.5696100156882,40.2861522612055));
#10349=CARTESIAN_POINT('',(6.84532631724467,-23.5696100156881,44.2861522612055));
#10350=CARTESIAN_POINT('',(6.84532631724516,-24.8696100156881,40.2861522612055));
#10351=CARTESIAN_POINT('Origin',(6.84532631724468,-23.5696100156881,44.2861522612055));
#10352=CARTESIAN_POINT('',(6.84532631724517,-24.8696100156881,43.2861522612083));
#10353=CARTESIAN_POINT('',(6.84532631724467,-23.5696100156881,43.2861522612083));
#10354=CARTESIAN_POINT('',(6.84532631724412,-22.1196100157051,43.2861522612083));
#10355=CARTESIAN_POINT('',(6.84532631724517,-24.8696100156881,44.2861522612055));
#10356=CARTESIAN_POINT('',(6.84532631724517,-24.8696100156881,44.2861522612055));
#10357=CARTESIAN_POINT('',(6.84532631724467,-23.5696100156881,44.2861522612055));
#10358=CARTESIAN_POINT('',(6.84532631724412,-22.1196100157051,44.2861522612083));
#10359=CARTESIAN_POINT('',(6.84532631724467,-23.5696100156881,44.2861522612055));
#10360=CARTESIAN_POINT('Origin',(5.14532631724473,-23.5696100156887,44.2861522612055));
#10361=CARTESIAN_POINT('',(20.2703263172454,-23.5696100156838,40.6861521345484));
#10362=CARTESIAN_POINT('',(6.84532631724467,-23.5696100156882,40.2861522612055));
#10363=CARTESIAN_POINT('Origin',(5.14532631724473,-23.5696100156887,44.2861522612055));
#10364=CARTESIAN_POINT('',(5.14532631724473,-23.5696100156887,43.2861522612083));
#10365=CARTESIAN_POINT('',(22.6203263172454,-23.569610015683,43.2861522612086));
#10366=CARTESIAN_POINT('',(5.14532631724473,-23.5696100156887,44.2861522612055));
#10367=CARTESIAN_POINT('',(22.6203263172454,-23.569610015683,44.2861522612086));
#10368=CARTESIAN_POINT('',(5.14532631724473,-23.5696100156887,44.2861522612055));
#10369=CARTESIAN_POINT('Origin',(5.14532631724522,-24.8696100156886,44.2861522612055));
#10370=CARTESIAN_POINT('',(5.14532631724522,-24.8696100156887,43.2861522612082));
#10371=CARTESIAN_POINT('',(5.14532631724442,-22.7696100157056,43.2861522612083));
#10372=CARTESIAN_POINT('',(5.14532631724522,-24.8696100156887,44.2861522612056));
#10373=CARTESIAN_POINT('',(5.14532631724443,-22.7696100157057,44.2861522612083));
#10374=CARTESIAN_POINT('',(5.14532631724522,-24.8696100156887,44.2861522612056));
#10375=CARTESIAN_POINT('Origin',(6.84532631724517,-24.8696100156881,44.2861522612056));
#10376=CARTESIAN_POINT('',(23.4703263172458,-24.8696100156829,43.2861522612086));
#10377=CARTESIAN_POINT('',(23.4703263172458,-24.8696100156829,44.2861522612086));
#10378=CARTESIAN_POINT('Origin',(5.99532631724494,-24.2196100156884,40.2861522612055));
#10379=CARTESIAN_POINT('',(3.04532631724534,-23.7696100157058,40.2861522612055));
#10380=CARTESIAN_POINT('Origin',(20.0649211970214,-24.2196100156863,40.2861522612055));
#10381=CARTESIAN_POINT('',(20.9149211970214,-23.769610015706,40.2861522612055));
#10382=CARTESIAN_POINT('',(19.2149211970215,-23.769610015706,40.2861522612055));
#10383=CARTESIAN_POINT('',(10.0801237571336,-23.7696100157059,40.2861522612055));
#10384=CARTESIAN_POINT('',(20.9149211970214,-23.5696100156864,40.2861522612055));
#10385=CARTESIAN_POINT('',(20.9149211970214,-24.8696100156863,40.2861522612055));
#10386=CARTESIAN_POINT('',(19.2149211970214,-23.5696100156863,40.2861522612055));
#10387=CARTESIAN_POINT('',(20.9149211970214,-23.5696100156864,40.2861522612055));
#10388=CARTESIAN_POINT('',(19.2149211970214,-23.5696100156863,40.2861522612055));
#10389=CARTESIAN_POINT('Origin',(20.9149211970214,-24.8696100156863,44.2861522612055));
#10390=CARTESIAN_POINT('',(19.2149211970215,-24.8696100156863,43.2861522612085));
#10391=CARTESIAN_POINT('',(20.9149211970214,-24.8696100156863,43.2861522612085));
#10392=CARTESIAN_POINT('',(30.5051237571332,-24.8696100156865,43.2861522612087));
#10393=CARTESIAN_POINT('',(19.2149211970215,-24.8696100156863,44.2861522612055));
#10394=CARTESIAN_POINT('',(19.2149211970215,-24.8696100156863,44.2861522612055));
#10395=CARTESIAN_POINT('',(20.9149211970214,-24.8696100156863,44.2861522612055));
#10396=CARTESIAN_POINT('',(30.5051237571332,-24.8696100156865,44.2861522612087));
#10397=CARTESIAN_POINT('',(20.9149211970214,-24.8696100156863,44.2861522612055));
#10398=CARTESIAN_POINT('Origin',(19.2149211970215,-24.8696100156862,44.2861522612055));
#10399=CARTESIAN_POINT('',(19.2149211970215,-23.5696100156863,43.2861522612085));
#10400=CARTESIAN_POINT('',(19.2149211970214,-22.7696100156981,43.2861522612085));
#10401=CARTESIAN_POINT('',(19.2149211970215,-23.5696100156863,44.2861522612055));
#10402=CARTESIAN_POINT('',(19.2149211970215,-23.5696100156863,44.2861522612055));
#10403=CARTESIAN_POINT('',(19.2149211970214,-22.7696100156981,44.2861522612085));
#10404=CARTESIAN_POINT('Origin',(19.2149211970215,-24.8696100156862,44.2861522612055));
#10405=CARTESIAN_POINT('',(19.2149211970215,-23.769610015706,40.6861521345484));
#10406=CARTESIAN_POINT('',(19.2149211970215,-23.769610015706,39.5361521978771));
#10407=CARTESIAN_POINT('',(19.2149211970214,-23.5696100156863,40.6861521345484));
#10408=CARTESIAN_POINT('',(19.2149211970215,-23.5696100156863,44.2861522612055));
#10409=CARTESIAN_POINT('',(19.2149211970214,-22.7696100156964,40.6861521345484));
#10410=CARTESIAN_POINT('Origin',(20.9149211970214,-23.5696100156863,44.2861522612055));
#10411=CARTESIAN_POINT('',(20.9149211970214,-23.5696100156863,43.2861522612085));
#10412=CARTESIAN_POINT('',(20.9149211970213,-22.1196100156981,43.2861522612086));
#10413=CARTESIAN_POINT('',(20.9149211970214,-23.5696100156863,44.2861522612055));
#10414=CARTESIAN_POINT('',(20.9149211970214,-22.1196100156981,44.2861522612086));
#10415=CARTESIAN_POINT('',(20.9149211970214,-23.5696100156863,44.2861522612055));
#10416=CARTESIAN_POINT('Origin',(19.2149211970215,-23.5696100156863,44.2861522612055));
#10417=CARTESIAN_POINT('',(29.6551237571332,-23.5696100156865,43.2861522612087));
#10418=CARTESIAN_POINT('',(29.6551237571332,-23.5696100156865,44.2861522612087));
#10419=CARTESIAN_POINT('Origin',(19.2149211970215,-23.5696100156863,44.2861522612055));
#10420=CARTESIAN_POINT('',(20.9149211970214,-23.5696100156864,40.6861521345485));
#10421=CARTESIAN_POINT('',(27.3051237571333,-23.5696100156865,40.6861521345486));
#10422=CARTESIAN_POINT('',(20.9149211970214,-23.5696100156863,44.2861522612055));
#10423=CARTESIAN_POINT('Origin',(20.9149211970214,-23.5696100156863,44.2861522612055));
#10424=CARTESIAN_POINT('',(20.9149211970214,-23.769610015706,40.6861521345485));
#10425=CARTESIAN_POINT('',(20.9149211970214,-23.769610015706,39.5361521978771));
#10426=CARTESIAN_POINT('',(20.9149211970213,-22.1196100156964,40.6861521345485));
#10427=CARTESIAN_POINT('Origin',(35.7953263172459,-24.219610015681,40.2861522612055));
#10428=CARTESIAN_POINT('',(36.6453263172457,-23.7696100157061,40.2861522612055));
#10429=CARTESIAN_POINT('',(34.9453263172458,-23.7696100157061,40.2861522612055));
#10430=CARTESIAN_POINT('',(17.9453263172458,-23.769610015706,40.2861522612055));
#10431=CARTESIAN_POINT('',(36.6453263172457,-23.5696100156807,40.2861522612055));
#10432=CARTESIAN_POINT('',(36.6453263172462,-24.8696100156807,40.2861522612055));
#10433=CARTESIAN_POINT('',(34.9453263172457,-23.5696100156814,40.2861522612055));
#10434=CARTESIAN_POINT('',(36.6453263172457,-23.5696100156807,40.2861522612055));
#10435=CARTESIAN_POINT('',(34.9453263172457,-23.5696100156814,40.2861522612055));
#10436=CARTESIAN_POINT('Origin',(36.6453263172462,-24.8696100156806,44.2861522612055));
#10437=CARTESIAN_POINT('',(34.9453263172463,-24.8696100156813,43.2861522612088));
#10438=CARTESIAN_POINT('',(36.6453263172462,-24.8696100156807,43.2861522612088));
#10439=CARTESIAN_POINT('',(38.3703263172464,-24.86961001568,43.2861522612088));
#10440=CARTESIAN_POINT('',(34.9453263172463,-24.8696100156813,44.2861522612055));
#10441=CARTESIAN_POINT('',(34.9453263172463,-24.8696100156813,44.2861522612055));
#10442=CARTESIAN_POINT('',(36.6453263172462,-24.8696100156806,44.2861522612055));
#10443=CARTESIAN_POINT('',(38.3703263172464,-24.86961001568,44.2861522612088));
#10444=CARTESIAN_POINT('',(36.6453263172462,-24.8696100156806,44.2861522612055));
#10445=CARTESIAN_POINT('Origin',(34.9453263172463,-24.8696100156813,44.2861522612055));
#10446=CARTESIAN_POINT('',(34.9453263172457,-23.5696100156813,43.2861522612088));
#10447=CARTESIAN_POINT('',(34.9453263172453,-22.7696100156965,43.2861522612088));
#10448=CARTESIAN_POINT('',(34.9453263172457,-23.5696100156813,44.2861522612055));
#10449=CARTESIAN_POINT('',(34.9453263172457,-23.5696100156813,44.2861522612055));
#10450=CARTESIAN_POINT('',(34.9453263172453,-22.7696100156965,44.2861522612088));
#10451=CARTESIAN_POINT('Origin',(34.9453263172463,-24.8696100156813,44.2861522612055));
#10452=CARTESIAN_POINT('',(34.9453263172458,-23.7696100157061,40.6861521345487));
#10453=CARTESIAN_POINT('',(34.9453263172458,-23.7696100157061,39.5361521978771));
#10454=CARTESIAN_POINT('',(34.9453263172457,-23.5696100156813,40.6861521345487));
#10455=CARTESIAN_POINT('',(34.9453263172457,-23.5696100156813,44.2861522612055));
#10456=CARTESIAN_POINT('',(34.9453263172453,-22.7696100156938,40.6861521345487));
#10457=CARTESIAN_POINT('Origin',(36.6453263172457,-23.5696100156807,44.2861522612055));
#10458=CARTESIAN_POINT('',(36.6453263172457,-23.5696100156807,43.2861522612088));
#10459=CARTESIAN_POINT('',(36.6453263172451,-22.1196100156957,43.2861522612089));
#10460=CARTESIAN_POINT('',(36.6453263172457,-23.5696100156807,44.2861522612055));
#10461=CARTESIAN_POINT('',(36.6453263172451,-22.1196100156957,44.2861522612089));
#10462=CARTESIAN_POINT('',(36.6453263172457,-23.5696100156807,44.2861522612055));
#10463=CARTESIAN_POINT('Origin',(34.9453263172457,-23.5696100156813,44.2861522612055));
#10464=CARTESIAN_POINT('',(37.520326317246,-23.5696100156803,43.2861522612088));
#10465=CARTESIAN_POINT('',(37.5203263172459,-23.5696100156803,44.2861522612089));
#10466=CARTESIAN_POINT('Origin',(34.9453263172457,-23.5696100156813,44.2861522612055));
#10467=CARTESIAN_POINT('',(35.3953263172451,-23.5696100156812,40.6861521345487));
#10468=CARTESIAN_POINT('',(36.6453263172457,-23.5696100156807,40.4319117988795));
#10469=CARTESIAN_POINT('Origin',(35.3953263172451,-23.5696100156812,37.4861521345487));
#10470=CARTESIAN_POINT('',(35.170326317246,-23.5696100156813,40.6861521345487));
#10471=CARTESIAN_POINT('',(36.6453263172457,-23.5696100156807,44.2861522612055));
#10472=CARTESIAN_POINT('Origin',(36.6453263172457,-23.5696100156807,44.2861522612055));
#10473=CARTESIAN_POINT('',(36.6453263172457,-23.7696100157062,40.4319117988795));
#10474=CARTESIAN_POINT('',(36.6453263172457,-23.7696100157061,39.5361521978771));
#10475=CARTESIAN_POINT('',(36.6453263172445,-20.6696100157062,40.4319117988801));
#10476=CARTESIAN_POINT('Origin',(-23.5046736827548,-24.2196100156975,40.2861522612056));
#10477=CARTESIAN_POINT('',(-22.6546736827548,-23.7696100157055,40.2861522612056));
#10478=CARTESIAN_POINT('',(-24.3546736827548,-23.7696100157055,40.2861522612056));
#10479=CARTESIAN_POINT('',(-11.7046736827545,-23.7696100157057,40.2861522612056));
#10480=CARTESIAN_POINT('',(-22.6546736827548,-23.5696100156975,40.2861522612056));
#10481=CARTESIAN_POINT('',(-22.6546736827547,-24.8696100156975,40.2861522612056));
#10482=CARTESIAN_POINT('',(-24.3546736827548,-23.5696100156975,40.2861522612056));
#10483=CARTESIAN_POINT('',(-22.6546736827548,-23.5696100156975,40.2861522612056));
#10484=CARTESIAN_POINT('',(-24.3546736827548,-23.5696100156975,40.2861522612056));
#10485=CARTESIAN_POINT('Origin',(-22.6546736827547,-24.8696100156975,44.2861522612056));
#10486=CARTESIAN_POINT('',(-24.3546736827547,-24.8696100156975,43.2861522612077));
#10487=CARTESIAN_POINT('',(-22.6546736827547,-24.8696100156975,43.2861522612077));
#10488=CARTESIAN_POINT('',(8.72032631724515,-24.8696100156978,43.2861522612083));
#10489=CARTESIAN_POINT('',(-24.3546736827547,-24.8696100156975,44.2861522612056));
#10490=CARTESIAN_POINT('',(-24.3546736827547,-24.8696100156975,44.2861522612056));
#10491=CARTESIAN_POINT('',(-22.6546736827547,-24.8696100156975,44.2861522612056));
#10492=CARTESIAN_POINT('',(8.72032631724514,-24.8696100156978,44.2861522612083));
#10493=CARTESIAN_POINT('',(-22.6546736827547,-24.8696100156975,44.2861522612056));
#10494=CARTESIAN_POINT('Origin',(-24.3546736827547,-24.8696100156974,44.2861522612056));
#10495=CARTESIAN_POINT('',(-24.3546736827548,-23.5696100156975,43.2861522612077));
#10496=CARTESIAN_POINT('',(-24.3546736827548,-22.7696100157055,43.2861522612077));
#10497=CARTESIAN_POINT('',(-24.3546736827548,-23.5696100156975,44.2861522612056));
#10498=CARTESIAN_POINT('',(-24.3546736827548,-23.5696100156975,44.2861522612056));
#10499=CARTESIAN_POINT('',(-24.3546736827548,-22.7696100157055,44.2861522612077));
#10500=CARTESIAN_POINT('Origin',(-24.3546736827547,-24.8696100156974,44.2861522612056));
#10501=CARTESIAN_POINT('',(-24.3546736827548,-23.7696100157055,40.6861521345477));
#10502=CARTESIAN_POINT('',(-24.3546736827548,-23.7696100157055,39.5361521978772));
#10503=CARTESIAN_POINT('',(-24.3546736827548,-23.5696100156975,40.6861521345477));
#10504=CARTESIAN_POINT('',(-24.3546736827548,-23.5696100156975,44.2861522612056));
#10505=CARTESIAN_POINT('',(-24.3546736827548,-22.7696100157037,40.6861521345477));
#10506=CARTESIAN_POINT('Origin',(-22.6546736827548,-23.5696100156975,44.2861522612056));
#10507=CARTESIAN_POINT('',(-22.6546736827548,-23.5696100156975,43.2861522612077));
#10508=CARTESIAN_POINT('',(-22.6546736827549,-22.119610015705,43.2861522612078));
#10509=CARTESIAN_POINT('',(-22.6546736827548,-23.5696100156975,44.2861522612056));
#10510=CARTESIAN_POINT('',(-22.6546736827549,-22.1196100157051,44.2861522612078));
#10511=CARTESIAN_POINT('',(-22.6546736827548,-23.5696100156975,44.2861522612056));
#10512=CARTESIAN_POINT('Origin',(-24.3546736827548,-23.5696100156975,44.2861522612056));
#10513=CARTESIAN_POINT('',(7.87032631724515,-23.5696100156978,43.2861522612083));
#10514=CARTESIAN_POINT('',(7.87032631724513,-23.5696100156978,44.2861522612083));
#10515=CARTESIAN_POINT('Origin',(-24.3546736827548,-23.5696100156975,44.2861522612056));
#10516=CARTESIAN_POINT('',(-22.6546736827548,-23.5696100156975,40.6861521345477));
#10517=CARTESIAN_POINT('',(5.52032631724518,-23.5696100156978,40.6861521345482));
#10518=CARTESIAN_POINT('',(-22.6546736827548,-23.5696100156975,44.2861522612056));
#10519=CARTESIAN_POINT('Origin',(-22.6546736827548,-23.5696100156975,44.2861522612056));
#10520=CARTESIAN_POINT('',(-22.6546736827548,-23.7696100157056,40.6861521345477));
#10521=CARTESIAN_POINT('',(-22.6546736827548,-23.7696100157055,39.5361521978772));
#10522=CARTESIAN_POINT('',(-22.6546736827549,-22.1196100157033,40.6861521345477));
#10523=CARTESIAN_POINT('Origin',(0.0953263172457142,-23.7696100157057,34.7861521345488));
#10524=CARTESIAN_POINT('',(35.3953263172451,-23.7696100157061,40.6861521345487));
#10525=CARTESIAN_POINT('',(-35.2046736827539,-23.7696100157054,40.6861521345475));
#10526=CARTESIAN_POINT('',(35.3953263172451,-23.7696100157061,40.6861521345487));
#10527=CARTESIAN_POINT('',(-38.4046736827538,-23.7696100157053,37.4861521345474));
#10528=CARTESIAN_POINT('Origin',(-35.2046736827538,-23.7696100157054,37.4861521345475));
#10529=CARTESIAN_POINT('',(-38.4046736827537,-23.7696100157053,32.0861521345488));
#10530=CARTESIAN_POINT('',(-38.4046736827538,-23.7696100157053,37.4861521345474));
#10531=CARTESIAN_POINT('',(-35.2046736827537,-23.7696100157052,28.8861521345489));
#10532=CARTESIAN_POINT('Origin',(-35.2046736827538,-23.7696100157053,32.0861521345488));
#10533=CARTESIAN_POINT('',(35.3953263172452,-23.7696100157059,28.8861521345501));
#10534=CARTESIAN_POINT('',(-35.2046736827537,-23.7696100157052,28.8861521345489));
#10535=CARTESIAN_POINT('',(38.5953263172452,-23.769610015706,32.0861521345501));
#10536=CARTESIAN_POINT('Origin',(35.3953263172452,-23.769610015706,32.0861521345501));
#10537=CARTESIAN_POINT('',(38.5953263172451,-23.7696100157061,37.4861521345488));
#10538=CARTESIAN_POINT('',(38.5953263172452,-23.769610015706,32.0861521345501));
#10539=CARTESIAN_POINT('Origin',(35.3953263172451,-23.7696100157061,37.4861521345487));
#10540=CARTESIAN_POINT('',(35.3953263172451,-23.7696100157061,40.6861521345487));
#10541=CARTESIAN_POINT('',(35.3953263172451,-23.7696100157061,40.6861521345487));
#10542=CARTESIAN_POINT('',(35.3953263172451,-23.7696100157061,40.6861521345487));
#10543=CARTESIAN_POINT('',(-35.2046736827537,-23.7696100157052,29.8861521345489));
#10544=CARTESIAN_POINT('',(-37.4046736827537,-23.7696100157053,32.0861521345488));
#10545=CARTESIAN_POINT('Origin',(-35.2046736827538,-23.7696100157053,32.0861521345488));
#10546=CARTESIAN_POINT('',(-37.4046736827538,-23.7696100157054,37.4861521345475));
#10547=CARTESIAN_POINT('',(-37.4046736827538,-23.7696100157054,37.4861521345475));
#10548=CARTESIAN_POINT('',(-35.2046736827539,-23.7696100157054,39.6861521345475));
#10549=CARTESIAN_POINT('Origin',(-35.2046736827538,-23.7696100157054,37.4861521345475));
#10550=CARTESIAN_POINT('',(35.3953263172451,-23.7696100157061,39.6861521345487));
#10551=CARTESIAN_POINT('',(35.3953263172451,-23.7696100157061,39.6861521345487));
#10552=CARTESIAN_POINT('',(37.5953263172451,-23.7696100157061,37.4861521345487));
#10553=CARTESIAN_POINT('Origin',(35.3953263172451,-23.7696100157061,37.4861521345487));
#10554=CARTESIAN_POINT('',(37.5953263172452,-23.769610015706,32.0861521345501));
#10555=CARTESIAN_POINT('',(37.5953263172452,-23.769610015706,32.0861521345501));
#10556=CARTESIAN_POINT('',(35.3953263172452,-23.769610015706,29.8861521345501));
#10557=CARTESIAN_POINT('Origin',(35.3953263172452,-23.769610015706,32.0861521345501));
#10558=CARTESIAN_POINT('',(19.7859238872636,-23.7696100157058,29.8861521345498));
#10559=CARTESIAN_POINT('',(-35.2046736827537,-23.7696100157052,29.8861521345489));
#10560=CARTESIAN_POINT('',(19.425732803535,-23.7696100157058,29.853450379149));
#10561=CARTESIAN_POINT('Origin',(19.4257328035351,-23.7696100157058,31.8534503791488));
#10562=CARTESIAN_POINT('',(10.7453262352899,-23.7696100157057,29.8534503791492));
#10563=CARTESIAN_POINT('',(19.425732803535,-23.7696100157058,29.853450379149));
#10564=CARTESIAN_POINT('',(10.7453262352899,-23.7696100157057,29.8861521345497));
#10565=CARTESIAN_POINT('',(10.7453262352899,-23.7696100157057,29.8534503791492));
#10566=CARTESIAN_POINT('',(-10.0140761127438,-23.7696100157055,29.8861521345493));
#10567=CARTESIAN_POINT('',(-35.2046736827537,-23.7696100157052,29.8861521345489));
#10568=CARTESIAN_POINT('',(-10.374267196464,-23.7696100157055,29.85345037915));
#10569=CARTESIAN_POINT('Origin',(-10.3742671964639,-23.7696100157055,31.8534503791499));
#10570=CARTESIAN_POINT('',(-19.0546737647094,-23.7696100157054,29.8534503791502));
#10571=CARTESIAN_POINT('',(-10.374267196464,-23.7696100157055,29.85345037915));
#10572=CARTESIAN_POINT('',(-19.0546737647094,-23.7696100157054,29.8861521345491));
#10573=CARTESIAN_POINT('',(-19.0546737647094,-23.7696100157054,29.8534503791502));
#10574=CARTESIAN_POINT('',(-35.2046736827537,-23.7696100157052,29.8861521345489));
#10575=CARTESIAN_POINT('Origin',(45.212482502781,-50.0696100156976,17.5611521345518));
#10576=CARTESIAN_POINT('',(44.712482502781,-50.5696100156976,36.2861521345518));
#10577=CARTESIAN_POINT('',(45.712482502781,-49.5696100156976,36.2861521345518));
#10578=CARTESIAN_POINT('',(44.712482502781,-50.5696100156976,36.2861521345518));
#10579=CARTESIAN_POINT('',(45.712482502781,-49.5696100156976,25.3861521345518));
#10580=CARTESIAN_POINT('',(45.712482502781,-49.5696100156976,29.1550552578848));
#10581=CARTESIAN_POINT('',(44.712482502781,-50.5696100156976,25.3861521345518));
#10582=CARTESIAN_POINT('',(44.962482502781,-50.3196100156976,25.3861521345518));
#10583=CARTESIAN_POINT('',(44.712482502781,-50.5696100156976,17.5611521345518));
#10584=CARTESIAN_POINT('Origin',(44.712482502781,-51.5696100156976,36.2861521345518));
#10585=CARTESIAN_POINT('',(44.712482502781,-51.5696100156976,36.2861521345518));
#10586=CARTESIAN_POINT('',(44.712482502781,-51.5696100156976,36.2861521345518));
#10587=CARTESIAN_POINT('',(45.712482502781,-51.5696100156976,36.2861521345518));
#10588=CARTESIAN_POINT('',(22.9706934563974,-51.5696100156976,36.2861521345518));
#10589=CARTESIAN_POINT('',(45.712482502781,-46.0696100156986,36.2861521345518));
#10590=CARTESIAN_POINT('Origin',(45.212482502781,-50.0696100156976,-3.53884786544825));
#10591=CARTESIAN_POINT('',(44.712482502781,-50.5696100156976,-5.91384786544825));
#10592=CARTESIAN_POINT('',(45.712482502781,-49.5696100156976,-5.91384786544825));
#10593=CARTESIAN_POINT('',(44.712482502781,-50.5696100156976,-5.91384786544825));
#10594=CARTESIAN_POINT('',(45.712482502781,-49.5696100156977,-16.8138478654483));
#10595=CARTESIAN_POINT('',(45.712482502781,-49.5696100156976,29.1550552578848));
#10596=CARTESIAN_POINT('',(44.712482502781,-50.5696100156977,-16.8138478654483));
#10597=CARTESIAN_POINT('',(44.962482502781,-50.3196100156977,-16.8138478654483));
#10598=CARTESIAN_POINT('',(44.712482502781,-50.5696100156976,-3.53884786544825));
#10599=CARTESIAN_POINT('Origin',(44.712482502781,-51.5696100156976,-5.91384786544825));
#10600=CARTESIAN_POINT('',(44.712482502781,-51.5696100156976,-5.91384786544825));
#10601=CARTESIAN_POINT('',(44.712482502781,-51.5696100156976,-5.91384786544825));
#10602=CARTESIAN_POINT('',(45.712482502781,-51.5696100156976,-5.91384786544825));
#10603=CARTESIAN_POINT('',(22.9706934563974,-51.5696100156976,-5.91384786544825));
#10604=CARTESIAN_POINT('',(45.712482502781,-46.0696100156987,-5.91384786544825));
#10605=CARTESIAN_POINT('Origin',(45.212482502781,-50.0696100156976,7.01115213455175));
#10606=CARTESIAN_POINT('',(44.712482502781,-50.5696100156976,15.1861521345517));
#10607=CARTESIAN_POINT('',(45.712482502781,-49.5696100156976,15.1861521345517));
#10608=CARTESIAN_POINT('',(44.712482502781,-50.5696100156976,15.1861521345518));
#10609=CARTESIAN_POINT('',(45.712482502781,-49.5696100156976,4.28615213455175));
#10610=CARTESIAN_POINT('',(45.712482502781,-49.5696100156976,29.1550552578848));
#10611=CARTESIAN_POINT('',(44.712482502781,-50.5696100156976,4.28615213455175));
#10612=CARTESIAN_POINT('',(44.962482502781,-50.3196100156976,4.28615213455175));
#10613=CARTESIAN_POINT('',(44.712482502781,-50.5696100156976,7.01115213455175));
#10614=CARTESIAN_POINT('Origin',(44.712482502781,-51.5696100156976,15.1861521345518));
#10615=CARTESIAN_POINT('',(44.712482502781,-51.5696100156976,15.1861521345518));
#10616=CARTESIAN_POINT('',(44.712482502781,-51.5696100156976,15.1861521345518));
#10617=CARTESIAN_POINT('',(45.712482502781,-51.5696100156976,15.1861521345518));
#10618=CARTESIAN_POINT('',(22.9706934563974,-51.5696100156976,15.1861521345518));
#10619=CARTESIAN_POINT('',(45.712482502781,-46.0696100156986,15.1861521345517));
#10620=CARTESIAN_POINT('Origin',(-44.7546736827534,-50.0696100156976,1.91115213455175));
#10621=CARTESIAN_POINT('',(-44.2546736827534,-50.5696100156976,-16.8138478654483));
#10622=CARTESIAN_POINT('',(-45.2546736827534,-49.5696100156977,-16.8138478654483));
#10623=CARTESIAN_POINT('',(-44.2546736827534,-50.5696100156976,-16.8138478654483));
#10624=CARTESIAN_POINT('',(-45.2546736827534,-49.5696100156976,-5.91384786544825));
#10625=CARTESIAN_POINT('',(-45.2546736827534,-49.5696100156976,-8.58884786544828));
#10626=CARTESIAN_POINT('',(-44.2546736827534,-50.5696100156976,-5.91384786544825));
#10627=CARTESIAN_POINT('',(-44.5046736827534,-50.3196100156976,-5.91384786544825));
#10628=CARTESIAN_POINT('',(-44.2546736827534,-50.5696100156976,1.91115213455175));
#10629=CARTESIAN_POINT('Origin',(-44.2546736827534,-51.5696100156977,-16.8138478654483));
#10630=CARTESIAN_POINT('',(-44.2546736827534,-51.5696100156977,-16.8138478654482));
#10631=CARTESIAN_POINT('',(-44.2546736827534,-51.5696100156977,-16.8138478654482));
#10632=CARTESIAN_POINT('',(-45.2546736827534,-51.5696100156977,-16.8138478654482));
#10633=CARTESIAN_POINT('',(-22.5128846363698,-51.5696100156977,-16.8138478654483));
#10634=CARTESIAN_POINT('',(-45.2546736827534,-46.0696100156986,-16.8138478654483));
#10635=CARTESIAN_POINT('Origin',(-44.7546736827534,-50.0696100156976,12.4611521345518));
#10636=CARTESIAN_POINT('',(-44.2546736827534,-50.5696100156976,4.28615213455175));
#10637=CARTESIAN_POINT('',(-45.2546736827534,-49.5696100156976,4.28615213455175));
#10638=CARTESIAN_POINT('',(-44.2546736827534,-50.5696100156976,4.28615213455175));
#10639=CARTESIAN_POINT('',(-45.2546736827534,-49.5696100156976,15.1861521345517));
#10640=CARTESIAN_POINT('',(-45.2546736827534,-49.5696100156976,-8.58884786544828));
#10641=CARTESIAN_POINT('',(-44.2546736827534,-50.5696100156976,15.1861521345518));
#10642=CARTESIAN_POINT('',(-44.5046736827534,-50.3196100156976,15.1861521345518));
#10643=CARTESIAN_POINT('',(-44.2546736827534,-50.5696100156976,12.4611521345518));
#10644=CARTESIAN_POINT('Origin',(-44.2546736827534,-51.5696100156976,4.28615213455176));
#10645=CARTESIAN_POINT('',(-44.2546736827534,-51.5696100156976,4.28615213455175));
#10646=CARTESIAN_POINT('',(-44.2546736827534,-51.5696100156976,4.28615213455175));
#10647=CARTESIAN_POINT('',(-45.2546736827534,-51.5696100156976,4.28615213455175));
#10648=CARTESIAN_POINT('',(-22.5128846363698,-51.5696100156976,4.28615213455176));
#10649=CARTESIAN_POINT('',(-45.2546736827534,-46.0696100156986,4.28615213455175));
#10650=CARTESIAN_POINT('Origin',(-44.7546736827534,-50.0696100156976,23.0111521345518));
#10651=CARTESIAN_POINT('',(-44.2546736827534,-50.5696100156976,25.3861521345518));
#10652=CARTESIAN_POINT('',(-45.2546736827534,-49.5696100156976,25.3861521345518));
#10653=CARTESIAN_POINT('',(-44.2546736827534,-50.5696100156976,25.3861521345518));
#10654=CARTESIAN_POINT('',(-45.2546736827534,-49.5696100156976,36.2861521345518));
#10655=CARTESIAN_POINT('',(-45.2546736827534,-49.5696100156976,-8.58884786544828));
#10656=CARTESIAN_POINT('',(-44.2546736827534,-50.5696100156976,36.2861521345518));
#10657=CARTESIAN_POINT('',(-44.5046736827534,-50.3196100156976,36.2861521345518));
#10658=CARTESIAN_POINT('',(-44.2546736827534,-50.5696100156976,23.0111521345518));
#10659=CARTESIAN_POINT('Origin',(-44.2546736827534,-51.5696100156976,25.3861521345518));
#10660=CARTESIAN_POINT('',(-44.2546736827534,-51.5696100156976,25.3861521345518));
#10661=CARTESIAN_POINT('',(-44.2546736827534,-51.5696100156976,25.3861521345518));
#10662=CARTESIAN_POINT('',(-45.2546736827534,-51.5696100156976,25.3861521345518));
#10663=CARTESIAN_POINT('',(-22.5128846363698,-51.5696100156976,25.3861521345518));
#10664=CARTESIAN_POINT('',(-45.2546736827534,-46.0696100156986,25.3861521345518));
#10665=CARTESIAN_POINT('Origin',(44.712482502781,-51.5696100156977,-16.8138478654482));
#10666=CARTESIAN_POINT('',(44.712482502781,-51.5696100156977,-16.8138478654482));
#10667=CARTESIAN_POINT('',(44.712482502781,-51.5696100156977,-16.8138478654482));
#10668=CARTESIAN_POINT('',(44.712482502781,-51.5696100156976,1.91115213455175));
#10669=CARTESIAN_POINT('Origin',(45.712482502781,-51.5696100156977,-16.8138478654483));
#10670=CARTESIAN_POINT('',(45.712482502781,-51.5696100156977,-16.8138478654482));
#10671=CARTESIAN_POINT('',(45.712482502781,-46.0696100156987,-16.8138478654483));
#10672=CARTESIAN_POINT('',(22.4706934563974,-51.5696100156977,-16.8138478654483));
#10673=CARTESIAN_POINT('Origin',(0.228904410013815,-51.5696100156976,9.73615213455176));
#10674=CARTESIAN_POINT('',(45.712482502781,-51.5696100156976,29.1550552578848));
#10675=CARTESIAN_POINT('Origin',(44.712482502781,-51.5696100156976,25.3861521345518));
#10676=CARTESIAN_POINT('',(44.712482502781,-51.5696100156976,25.3861521345518));
#10677=CARTESIAN_POINT('',(44.712482502781,-51.5696100156976,25.3861521345518));
#10678=CARTESIAN_POINT('',(44.712482502781,-51.5696100156976,23.0111521345518));
#10679=CARTESIAN_POINT('Origin',(45.712482502781,-51.5696100156976,25.3861521345518));
#10680=CARTESIAN_POINT('',(45.712482502781,-51.5696100156976,25.3861521345518));
#10681=CARTESIAN_POINT('',(45.712482502781,-46.0696100156986,25.3861521345518));
#10682=CARTESIAN_POINT('',(22.4706934563974,-51.5696100156976,25.3861521345518));
#10683=CARTESIAN_POINT('Origin',(0.228904410013815,-51.5696100156976,9.73615213455176));
#10684=CARTESIAN_POINT('',(45.712482502781,-51.5696100156976,29.1550552578848));
#10685=CARTESIAN_POINT('Origin',(-44.2546736827534,-51.5696100156976,15.1861521345518));
#10686=CARTESIAN_POINT('',(-44.2546736827534,-51.5696100156976,15.1861521345518));
#10687=CARTESIAN_POINT('',(-44.2546736827534,-51.5696100156976,15.1861521345518));
#10688=CARTESIAN_POINT('',(-44.2546736827534,-51.5696100156976,7.01115213455176));
#10689=CARTESIAN_POINT('Origin',(-45.2546736827534,-51.5696100156976,15.1861521345518));
#10690=CARTESIAN_POINT('',(-45.2546736827534,-51.5696100156976,15.1861521345518));
#10691=CARTESIAN_POINT('',(-45.2546736827534,-46.0696100156986,15.1861521345517));
#10692=CARTESIAN_POINT('',(-22.0128846363698,-51.5696100156976,15.1861521345518));
#10693=CARTESIAN_POINT('Origin',(0.228904410013815,-51.5696100156976,9.73615213455176));
#10694=CARTESIAN_POINT('',(-45.2546736827534,-51.5696100156977,-8.58884786544827));
#10695=CARTESIAN_POINT('Origin',(-44.2546736827534,-51.5696100156976,36.2861521345518));
#10696=CARTESIAN_POINT('',(-44.2546736827534,-51.5696100156976,36.2861521345518));
#10697=CARTESIAN_POINT('',(-44.2546736827534,-51.5696100156976,36.2861521345518));
#10698=CARTESIAN_POINT('',(-44.2546736827534,-51.5696100156976,17.5611521345518));
#10699=CARTESIAN_POINT('Origin',(-45.2546736827534,-51.5696100156976,36.2861521345518));
#10700=CARTESIAN_POINT('',(-45.2546736827534,-51.5696100156976,36.2861521345518));
#10701=CARTESIAN_POINT('',(-45.2546736827534,-46.0696100156986,36.2861521345518));
#10702=CARTESIAN_POINT('',(-22.0128846363698,-51.5696100156976,36.2861521345518));
#10703=CARTESIAN_POINT('Origin',(0.228904410013815,-51.5696100156976,9.73615213455176));
#10704=CARTESIAN_POINT('',(-45.2546736827534,-51.5696100156977,-8.58884786544827));
#10705=CARTESIAN_POINT('Origin',(-44.2546736827534,-51.5696100156976,-5.91384786544825));
#10706=CARTESIAN_POINT('',(-44.2546736827534,-51.5696100156976,-5.91384786544825));
#10707=CARTESIAN_POINT('',(-44.2546736827534,-51.5696100156976,-5.91384786544825));
#10708=CARTESIAN_POINT('',(-44.2546736827534,-51.5696100156976,-3.53884786544825));
#10709=CARTESIAN_POINT('Origin',(-45.2546736827534,-51.5696100156976,-5.91384786544825));
#10710=CARTESIAN_POINT('',(-45.2546736827534,-51.5696100156976,-5.91384786544825));
#10711=CARTESIAN_POINT('',(-45.2546736827534,-46.0696100156986,-5.91384786544825));
#10712=CARTESIAN_POINT('',(-22.0128846363698,-51.5696100156976,-5.91384786544825));
#10713=CARTESIAN_POINT('Origin',(0.228904410013815,-51.5696100156976,9.73615213455176));
#10714=CARTESIAN_POINT('',(-45.2546736827534,-51.5696100156977,-8.58884786544827));
#10715=CARTESIAN_POINT('Origin',(44.712482502781,-51.5696100156976,4.28615213455175));
#10716=CARTESIAN_POINT('',(44.712482502781,-51.5696100156976,4.28615213455175));
#10717=CARTESIAN_POINT('',(44.712482502781,-51.5696100156976,4.28615213455175));
#10718=CARTESIAN_POINT('',(44.712482502781,-51.5696100156976,12.4611521345518));
#10719=CARTESIAN_POINT('Origin',(45.712482502781,-51.5696100156976,4.28615213455176));
#10720=CARTESIAN_POINT('',(45.712482502781,-51.5696100156976,4.28615213455175));
#10721=CARTESIAN_POINT('',(45.712482502781,-46.0696100156987,4.28615213455176));
#10722=CARTESIAN_POINT('',(22.4706934563974,-51.5696100156976,4.28615213455176));
#10723=CARTESIAN_POINT('Origin',(0.228904410013815,-51.5696100156976,9.73615213455176));
#10724=CARTESIAN_POINT('',(45.712482502781,-51.5696100156976,29.1550552578848));
#10725=CARTESIAN_POINT('Origin',(-43.6546736827533,-31.269610015706,-0.113847865449019));
#10726=CARTESIAN_POINT('',(-43.1546736827533,-31.2696100157061,20.58615213455));
#10727=CARTESIAN_POINT('',(-43.1546736827533,-31.2696100157058,-20.8138478654483));
#10728=CARTESIAN_POINT('',(-43.1546736827534,-31.2696100157061,10.2361521345504));
#10729=CARTESIAN_POINT('',(-44.1546736827522,-31.2696100157061,20.5861521345503));
#10730=CARTESIAN_POINT('',(-43.9046736827527,-31.2696100157061,20.5861521345503));
#10731=CARTESIAN_POINT('',(-44.1546736827533,-31.2696100157058,-20.8138478654484));
#10732=CARTESIAN_POINT('',(-44.1546736827534,-31.269610015706,10.2361521345504));
#10733=CARTESIAN_POINT('',(-43.4046736827533,-31.2696100157058,-20.8138478654484));
#10734=CARTESIAN_POINT('Origin',(-44.1546736827535,-22.9497244637473,20.58615213455));
#10735=CARTESIAN_POINT('',(-44.1546736827535,-22.9497244637473,20.5861521345505));
#10736=CARTESIAN_POINT('',(-44.1546736827535,-21.8096672397268,20.5861521345505));
#10737=CARTESIAN_POINT('',(-44.1546736827535,-22.9497244637473,-20.8138478654484));
#10738=CARTESIAN_POINT('',(-44.1546736827535,-22.9497244637473,10.2361521345504));
#10739=CARTESIAN_POINT('',(-44.1546736827535,-21.8096672397268,-20.8138478654484));
#10740=CARTESIAN_POINT('Origin',(19.4257328035351,-20.6696100157058,31.8534503791488));
#10741=CARTESIAN_POINT('',(19.425732803535,-22.6696100157062,29.853450379149));
#10742=CARTESIAN_POINT('',(19.7859238872636,-22.6696100157062,29.8861521345498));
#10743=CARTESIAN_POINT('Origin',(19.4257328035351,-22.669610015707,31.8534503791488));
#10744=CARTESIAN_POINT('',(19.4257328035351,-20.6696100157058,29.853450379149));
#10745=CARTESIAN_POINT('',(19.7859238872636,-20.6696100157058,29.8861521345499));
#10746=CARTESIAN_POINT('Origin',(19.4257328035351,-20.6696100157058,29.853450379149));
#10747=CARTESIAN_POINT('',(10.7453262352899,-22.6696100157062,29.8534503791492));
#10748=CARTESIAN_POINT('',(9.76052956039042,-22.6696100157062,29.8534503791492));
#10749=CARTESIAN_POINT('',(10.7453262352899,-20.6696100157057,29.8534503791492));
#10750=CARTESIAN_POINT('Origin',(10.7453262352899,-20.6696100157057,29.8534503791492));
#10751=CARTESIAN_POINT('',(10.7453262352899,-22.6696100157062,29.8861521345497));
#10752=CARTESIAN_POINT('',(10.7453262352901,-22.6696100157062,14.8698012568501));
#10753=CARTESIAN_POINT('',(10.7453262352899,-20.6696100157057,29.8861521345497));
#10754=CARTESIAN_POINT('Origin',(10.7453262352899,-20.6696100157057,29.8861521345497));
#10755=CARTESIAN_POINT('',(-10.0140761127438,-22.6696100157062,29.8861521345493));
#10756=CARTESIAN_POINT('',(5.42032627626731,-22.6696100157062,29.8861521345496));
#10757=CARTESIAN_POINT('',(-10.0140761127438,-20.6696100157055,29.8861521345494));
#10758=CARTESIAN_POINT('Origin',(-10.3742671964639,-20.6696100157055,31.8534503791499));
#10759=CARTESIAN_POINT('',(-10.374267196464,-22.6696100157062,29.85345037915));
#10760=CARTESIAN_POINT('Origin',(-10.3742671964639,-22.6696100157067,31.8534503791499));
#10761=CARTESIAN_POINT('',(-10.3742671964639,-20.6696100157055,29.85345037915));
#10762=CARTESIAN_POINT('Origin',(-10.3742671964639,-20.6696100157055,29.85345037915));
#10763=CARTESIAN_POINT('',(-19.0546737647094,-22.6696100157062,29.8534503791502));
#10764=CARTESIAN_POINT('',(-5.13947043960905,-22.6696100157062,29.8534503791499));
#10765=CARTESIAN_POINT('',(-19.0546737647094,-20.6696100157054,29.8534503791502));
#10766=CARTESIAN_POINT('Origin',(-19.0546737647094,-20.6696100157054,29.8534503791502));
#10767=CARTESIAN_POINT('',(-19.0546737647094,-22.6696100157062,29.8861521345492));
#10768=CARTESIAN_POINT('',(-19.0546737647091,-22.6696100157062,14.8698012568503));
#10769=CARTESIAN_POINT('',(-19.0546737647094,-20.6696100157054,29.8861521345492));
#10770=CARTESIAN_POINT('Origin',(-19.0546737647094,-20.6696100157054,29.8861521345492));
#10771=CARTESIAN_POINT('',(-35.2046736827537,-22.6696100157062,29.8861521345489));
#10772=CARTESIAN_POINT('',(-9.47967372373231,-22.6696100157062,29.8861521345493));
#10773=CARTESIAN_POINT('',(-35.2046736827537,-20.6696100157052,29.8861521345489));
#10774=CARTESIAN_POINT('Origin',(37.5953263172451,-20.6696100157061,37.4861521345488));
#10775=CARTESIAN_POINT('',(37.5953263172452,-20.6746225786018,32.1861521345374));
#10776=CARTESIAN_POINT('',(37.5953263172452,-20.6743862929624,32.0861521345502));
#10777=CARTESIAN_POINT('Ctrl Pts',(37.5953263172452,-20.6746225786018,32.1861521345374));
#10778=CARTESIAN_POINT('Ctrl Pts',(37.5953263172452,-20.6746225786018,32.1540379165359));
#10779=CARTESIAN_POINT('Ctrl Pts',(37.5953263172452,-20.6745465072578,32.1204915228137));
#10780=CARTESIAN_POINT('Ctrl Pts',(37.5953263172452,-20.6743862929624,32.0861521345502));
#10781=CARTESIAN_POINT('',(37.5953263172451,-20.6746225786012,37.3861521345369));
#10782=CARTESIAN_POINT('',(37.5953263172452,-20.6746225786011,33.4861521345432));
#10783=CARTESIAN_POINT('',(37.5953263172451,-20.6743862929624,37.4861521345488));
#10784=CARTESIAN_POINT('Ctrl Pts',(37.5953263172451,-20.6743862929624,37.4861521345488));
#10785=CARTESIAN_POINT('Ctrl Pts',(37.5953263172451,-20.6745465072579,37.4518127462766));
#10786=CARTESIAN_POINT('Ctrl Pts',(37.5953263172451,-20.6746225786019,37.4182663525461));
#10787=CARTESIAN_POINT('Ctrl Pts',(37.5953263172451,-20.6746225786019,37.3861521345369));
#10788=CARTESIAN_POINT('',(37.5953263172451,-20.6696100157061,37.4861521345488));
#10789=CARTESIAN_POINT('',(37.5953263172451,-20.6696100157061,37.4861521345488));
#10790=CARTESIAN_POINT('',(37.5953263172452,-20.669610015706,32.0861521345502));
#10791=CARTESIAN_POINT('',(37.5953263172452,-20.669610015706,32.0861521345502));
#10792=CARTESIAN_POINT('',(37.5953263172452,-20.669610015706,32.0861521345502));
#10793=CARTESIAN_POINT('Origin',(35.3953263172452,-20.669610015706,32.0861521345502));
#10794=CARTESIAN_POINT('',(37.000157497683,-20.6696100157076,30.5813209538875));
#10795=CARTESIAN_POINT('Ctrl Pts',(37.5953263172452,-20.6743862929624,32.0861521345502));
#10796=CARTESIAN_POINT('Ctrl Pts',(37.5953263172452,-20.6731239459907,31.8155881210752));
#10797=CARTESIAN_POINT('Ctrl Pts',(37.5454139004273,-20.671911281316,31.5473300854653));
#10798=CARTESIAN_POINT('Ctrl Pts',(37.3463362573349,-20.6701272228307,31.030875070224));
#10799=CARTESIAN_POINT('Ctrl Pts',(37.194596138126,-20.669611821004,30.7889711644853));
#10800=CARTESIAN_POINT('Ctrl Pts',(37.0008602851947,-20.669610017343,30.5820707066402));
#10801=CARTESIAN_POINT('Ctrl Pts',(37.0005089541244,-20.6696100157083,30.5816957655361));
#10802=CARTESIAN_POINT('Ctrl Pts',(37.000157497683,-20.6696100157083,30.5813209538875));
#10803=CARTESIAN_POINT('Origin',(35.3953263172452,-20.669610015706,32.0861521345502));
#10804=CARTESIAN_POINT('Origin',(35.3953263172451,-20.6696100157061,37.4861521345487));
#10805=CARTESIAN_POINT('',(37.0001574978754,-20.6696100157076,38.9909833150062));
#10806=CARTESIAN_POINT('Ctrl Pts',(37.0001574978754,-20.6696100157084,38.9909833150062));
#10807=CARTESIAN_POINT('Ctrl Pts',(37.1808928395876,-20.6696100157084,38.7982376332391));
#10808=CARTESIAN_POINT('Ctrl Pts',(37.3255825049307,-20.670056108519,38.5743363392191));
#10809=CARTESIAN_POINT('Ctrl Pts',(37.5381493132833,-20.671743649317,38.0624944029069));
#10810=CARTESIAN_POINT('Ctrl Pts',(37.5953263172451,-20.6730352002717,37.7757373825536));
#10811=CARTESIAN_POINT('Ctrl Pts',(37.5953263172452,-20.6743862929624,37.4861521345487));
#10812=CARTESIAN_POINT('Origin',(35.3953263172451,-20.6696100157061,37.4861521345487));
#10813=CARTESIAN_POINT('Origin',(-35.2046736827537,-20.6696100157053,32.0861521345489));
#10814=CARTESIAN_POINT('',(-35.2046736827537,-22.6696100157062,28.8861521345489));
#10815=CARTESIAN_POINT('',(-38.4046736827537,-22.6696100157062,32.0861521345488));
#10816=CARTESIAN_POINT('Origin',(-35.2046736827537,-22.6696100157064,32.0861521345489));
#10817=CARTESIAN_POINT('',(-35.2046736827537,-20.6696100157052,28.8861521345489));
#10818=CARTESIAN_POINT('',(-38.4046736827537,-20.6696100157053,32.0861521345489));
#10819=CARTESIAN_POINT('Origin',(-35.2046736827537,-20.6696100157052,28.8861521345489));
#10820=CARTESIAN_POINT('',(35.3953263172453,-22.6696100157062,28.8861521345501));
#10821=CARTESIAN_POINT('',(-17.5546736827545,-22.6696100157062,28.8861521345492));
#10822=CARTESIAN_POINT('',(35.3953263172453,-20.6696100157059,28.8861521345501));
#10823=CARTESIAN_POINT('Origin',(35.3953263172452,-20.669610015706,32.0861521345502));
#10824=CARTESIAN_POINT('',(38.5953263172452,-22.6696100157062,32.0861521345501));
#10825=CARTESIAN_POINT('Origin',(35.3953263172452,-22.6696100157072,32.0861521345501));
#10826=CARTESIAN_POINT('',(38.5953263172452,-20.669610015706,32.0861521345502));
#10827=CARTESIAN_POINT('Origin',(38.5953263172452,-20.669610015706,32.0861521345502));
#10828=CARTESIAN_POINT('',(38.5953263172451,-22.6696100157062,37.4861521345488));
#10829=CARTESIAN_POINT('',(38.5953263172455,-22.6696100157062,15.9861521345508));
#10830=CARTESIAN_POINT('',(38.5953263172451,-20.6696100157061,37.4861521345488));
#10831=CARTESIAN_POINT('Origin',(35.3953263172452,-20.669610015706,29.8861521345501));
#10832=CARTESIAN_POINT('',(35.3953263172452,-22.6696100157062,29.8861521345501));
#10833=CARTESIAN_POINT('',(17.745326317245,-22.6696100157062,29.8861521345498));
#10834=CARTESIAN_POINT('',(35.3953263172453,-20.669610015706,29.8861521345501));
#10835=CARTESIAN_POINT('Origin',(35.3953263172452,-20.669610015706,32.0861521345502));
#10836=CARTESIAN_POINT('',(37.5953263172452,-22.6696100157062,32.0861521345501));
#10837=CARTESIAN_POINT('Origin',(35.3953263172452,-22.6696100157072,32.0861521345501));
#10838=CARTESIAN_POINT('',(37.5953263172452,-20.669610015706,32.0861521345502));
#10839=CARTESIAN_POINT('Origin',(37.5953263172451,-20.6696100157061,37.4861521345488));
#10840=CARTESIAN_POINT('',(37.5953263172451,-22.6696100157062,37.4861521345488));
#10841=CARTESIAN_POINT('',(37.5953263172455,-22.6696100157062,18.6861521345501));
#10842=CARTESIAN_POINT('',(37.5953263172451,-20.6696100157061,37.4861521345488));
#10843=CARTESIAN_POINT('Origin',(35.3953263172451,-20.6696100157061,37.4861521345487));
#10844=CARTESIAN_POINT('',(35.3953263172451,-22.6696100157062,39.6861521345487));
#10845=CARTESIAN_POINT('Origin',(35.3953263172451,-22.6696100157073,37.4861521345487));
#10846=CARTESIAN_POINT('',(35.3953263172451,-20.6696100157061,39.6861521345488));
#10847=CARTESIAN_POINT('Origin',(-35.2046736827538,-20.6696100157054,39.6861521345475));
#10848=CARTESIAN_POINT('',(-35.2046736827539,-22.6696100157062,39.6861521345475));
#10849=CARTESIAN_POINT('',(-17.5546736827546,-22.6696100157062,39.6861521345478));
#10850=CARTESIAN_POINT('',(-35.2046736827538,-20.6696100157054,39.6861521345475));
#10851=CARTESIAN_POINT('Origin',(-35.2046736827538,-20.6696100157054,37.4861521345475));
#10852=CARTESIAN_POINT('',(-37.4046736827538,-22.6696100157062,37.4861521345475));
#10853=CARTESIAN_POINT('Origin',(-35.2046736827538,-22.6696100157065,37.4861521345475));
#10854=CARTESIAN_POINT('',(-37.4046736827538,-20.6696100157054,37.4861521345475));
#10855=CARTESIAN_POINT('Origin',(-37.4046736827537,-20.6696100157053,32.0861521345489));
#10856=CARTESIAN_POINT('',(-37.4046736827537,-22.6696100157062,32.0861521345488));
#10857=CARTESIAN_POINT('',(-37.4046736827534,-22.6696100157062,15.9861521345495));
#10858=CARTESIAN_POINT('',(-37.4046736827537,-20.6696100157053,32.0861521345489));
#10859=CARTESIAN_POINT('Origin',(-35.2046736827537,-20.6696100157053,32.0861521345489));
#10860=CARTESIAN_POINT('Origin',(-35.2046736827537,-22.6696100157064,32.0861521345489));
#10861=CARTESIAN_POINT('Origin',(-38.4046736827538,-20.6696100157053,37.4861521345475));
#10862=CARTESIAN_POINT('',(-38.4046736827538,-22.6696100157062,37.4861521345475));
#10863=CARTESIAN_POINT('',(-38.4046736827535,-22.6696100157062,18.6861521345488));
#10864=CARTESIAN_POINT('',(-38.4046736827538,-20.6696100157053,37.4861521345475));
#10865=CARTESIAN_POINT('Origin',(-35.2046736827538,-20.6696100157054,37.4861521345475));
#10866=CARTESIAN_POINT('',(-35.2046736827539,-22.6696100157062,40.6861521345475));
#10867=CARTESIAN_POINT('Origin',(-35.2046736827538,-22.6696100157065,37.4861521345475));
#10868=CARTESIAN_POINT('',(-35.2046736827539,-20.6696100157054,40.6861521345475));
#10869=CARTESIAN_POINT('Origin',(35.3953263172451,-20.6696100157061,40.6861521345488));
#10870=CARTESIAN_POINT('',(35.3953263172451,-22.6696100157062,40.6861521345487));
#10871=CARTESIAN_POINT('',(35.3953263172451,-20.6696100157061,40.6861521345488));
#10872=CARTESIAN_POINT('',(17.7453263172448,-22.6696100157062,40.6861521345484));
#10873=CARTESIAN_POINT('Origin',(35.3953263172451,-20.6696100157061,37.4861521345487));
#10874=CARTESIAN_POINT('Origin',(35.3953263172451,-22.6696100157073,37.4861521345487));
#10875=CARTESIAN_POINT('Origin',(35.4953263172465,-21.6696100157082,32.1861521345374));
#10876=CARTESIAN_POINT('',(35.4953263172466,-20.6696100157076,29.9861521345374));
#10877=CARTESIAN_POINT('Origin',(35.4953263172465,-20.6696100157076,32.1861521345374));
#10878=CARTESIAN_POINT('',(35.4953263172465,-21.6696100157076,30.9861521345374));
#10879=CARTESIAN_POINT('Origin',(35.4953263172465,-21.6696100157076,29.9861521345374));
#10880=CARTESIAN_POINT('',(36.6953263172465,-21.6696100157083,32.1861521345374));
#10881=CARTESIAN_POINT('Origin',(35.4953263172465,-21.6696100157082,32.1861521345374));
#10882=CARTESIAN_POINT('Origin',(37.6953263172465,-21.6696100157083,32.1861521345374));
#10883=CARTESIAN_POINT('Origin',(0.0953263172452434,-22.6696100157062,-0.113847865449213));
#10884=CARTESIAN_POINT('',(-36.2046736827523,-22.6696100157049,32.1861521345408));
#10885=CARTESIAN_POINT('',(-36.2046736827524,-22.6696100157049,37.3861521345405));
#10886=CARTESIAN_POINT('',(-36.2046736827524,-22.6696100157049,36.0861521345437));
#10887=CARTESIAN_POINT('',(-35.0046736827524,-22.669610015705,38.5861521345404));
#10888=CARTESIAN_POINT('Origin',(-35.0046736827524,-22.6696100157043,37.3861521345405));
#10889=CARTESIAN_POINT('',(-23.8046736827527,-22.6696100157054,38.5861521345407));
#10890=CARTESIAN_POINT('',(-11.8546736827536,-22.6696100157058,38.5861521345409));
#10891=CARTESIAN_POINT('',(-22.6046736827527,-22.6696100157054,37.3861521345408));
#10892=CARTESIAN_POINT('Origin',(-23.8046736827527,-22.6696100157049,37.3861521345407));
#10893=CARTESIAN_POINT('',(-22.6046736827526,-22.6696100157054,32.1861521345411));
#10894=CARTESIAN_POINT('',(-22.6046736827526,-22.6696100157054,33.4861521345442));
#10895=CARTESIAN_POINT('',(-23.8046736827525,-22.6696100157054,30.9861521345411));
#10896=CARTESIAN_POINT('Origin',(-23.8046736827526,-22.6696100157048,32.186152134541));
#10897=CARTESIAN_POINT('',(-35.0046736827523,-22.669610015705,30.9861521345409));
#10898=CARTESIAN_POINT('',(-17.4546736827533,-22.6696100157056,30.9861521345412));
#10899=CARTESIAN_POINT('Origin',(-35.0046736827523,-22.6696100157042,32.1861521345408));
#10900=CARTESIAN_POINT('',(36.6953263172463,-22.6696100157076,37.3861521345368));
#10901=CARTESIAN_POINT('',(36.6953263172465,-22.6696100157075,32.1861521345374));
#10902=CARTESIAN_POINT('',(36.6953263172464,-22.6696100157075,33.4861521345432));
#10903=CARTESIAN_POINT('',(35.4953263172465,-22.6696100157075,30.9861521345374));
#10904=CARTESIAN_POINT('Origin',(35.4953263172465,-22.6696100157082,32.1861521345373));
#10905=CARTESIAN_POINT('',(24.2953263172466,-22.6696100157071,30.9861521345373));
#10906=CARTESIAN_POINT('',(12.1953263172461,-22.6696100157067,30.9861521345373));
#10907=CARTESIAN_POINT('',(23.0953263172467,-22.669610015707,32.1861521345372));
#10908=CARTESIAN_POINT('Origin',(24.2953263172466,-22.6696100157075,32.1861521345372));
#10909=CARTESIAN_POINT('',(23.0953263172465,-22.6696100157071,37.3861521345367));
#10910=CARTESIAN_POINT('',(23.0953263172465,-22.6696100157071,36.0861521345426));
#10911=CARTESIAN_POINT('',(24.2953263172465,-22.6696100157071,38.5861521345367));
#10912=CARTESIAN_POINT('Origin',(24.2953263172465,-22.6696100157077,37.3861521345367));
#10913=CARTESIAN_POINT('',(35.4953263172464,-22.6696100157075,38.5861521345367));
#10914=CARTESIAN_POINT('',(17.795326317246,-22.6696100157069,38.5861521345367));
#10915=CARTESIAN_POINT('Origin',(35.4953263172464,-22.6696100157083,37.3861521345368));
#10916=CARTESIAN_POINT('',(-8.95467368275138,-22.6696100157059,37.38615213454));
#10917=CARTESIAN_POINT('',(-8.95467368275124,-22.6696100157059,32.1861521345404));
#10918=CARTESIAN_POINT('',(-8.9546736827513,-22.6696100157059,33.486152134544));
#10919=CARTESIAN_POINT('',(-10.1546736827512,-22.6696100157058,30.9861521345404));
#10920=CARTESIAN_POINT('Origin',(-10.1546736827512,-22.6696100157056,32.1861521345404));
#10921=CARTESIAN_POINT('',(-19.2546736827513,-22.6696100157055,30.9861521345401));
#10922=CARTESIAN_POINT('',(-9.57967368275281,-22.6696100157059,30.9861521345404));
#10923=CARTESIAN_POINT('',(-20.4546736827512,-22.6696100157055,32.18615213454));
#10924=CARTESIAN_POINT('Origin',(-19.2546736827513,-22.6696100157051,32.1861521345401));
#10925=CARTESIAN_POINT('',(-20.4546736827513,-22.6696100157055,37.3861521345396));
#10926=CARTESIAN_POINT('',(-20.4546736827513,-22.6696100157055,36.0861521345434));
#10927=CARTESIAN_POINT('',(-19.2546736827514,-22.6696100157055,38.5861521345396));
#10928=CARTESIAN_POINT('Origin',(-19.2546736827513,-22.6696100157052,37.3861521345396));
#10929=CARTESIAN_POINT('',(-10.1546736827513,-22.6696100157059,38.5861521345399));
#10930=CARTESIAN_POINT('',(-5.02967368275293,-22.6696100157061,38.58615213454));
#10931=CARTESIAN_POINT('Origin',(-10.1546736827513,-22.6696100157057,37.38615213454));
#10932=CARTESIAN_POINT('',(20.8453263172492,-22.669610015707,37.3861521345344));
#10933=CARTESIAN_POINT('',(20.8453263172493,-22.669610015707,32.186152134535));
#10934=CARTESIAN_POINT('',(20.8453263172493,-22.669610015707,33.4861521345418));
#10935=CARTESIAN_POINT('',(19.6453263172494,-22.6696100157069,30.986152134535));
#10936=CARTESIAN_POINT('Origin',(19.6453263172494,-22.6696100157073,32.1861521345349));
#10937=CARTESIAN_POINT('',(10.5453263172499,-22.6696100157066,30.9861521345348));
#10938=CARTESIAN_POINT('',(5.32032631724773,-22.6696100157064,30.9861521345348));
#10939=CARTESIAN_POINT('',(9.34532631724993,-22.6696100157066,32.1861521345347));
#10940=CARTESIAN_POINT('Origin',(10.5453263172498,-22.6696100157068,32.1861521345347));
#10941=CARTESIAN_POINT('',(9.34532631724974,-22.6696100157066,37.3861521345341));
#10942=CARTESIAN_POINT('',(9.34532631724979,-22.6696100157066,36.0861521345412));
#10943=CARTESIAN_POINT('',(10.5453263172497,-22.6696100157066,38.5861521345341));
#10944=CARTESIAN_POINT('Origin',(10.5453263172497,-22.6696100157069,37.3861521345342));
#10945=CARTESIAN_POINT('',(19.6453263172492,-22.6696100157069,38.5861521345342));
#10946=CARTESIAN_POINT('',(9.87032631724736,-22.6696100157066,38.5861521345341));
#10947=CARTESIAN_POINT('Origin',(19.6453263172492,-22.6696100157074,37.3861521345343));
#10948=CARTESIAN_POINT('',(6.89532631724546,-22.6696100157065,37.3861521345352));
#10949=CARTESIAN_POINT('',(6.8953263172456,-22.6696100157065,32.1861521345357));
#10950=CARTESIAN_POINT('',(6.89532631724557,-22.6696100157065,33.4861521345419));
#10951=CARTESIAN_POINT('',(5.69532631724565,-22.6696100157064,30.9861521345357));
#10952=CARTESIAN_POINT('Origin',(5.69532631724563,-22.6696100157065,32.1861521345357));
#10953=CARTESIAN_POINT('',(-5.50467368275401,-22.669610015706,30.9861521345358));
#10954=CARTESIAN_POINT('',(-2.70467368275424,-22.6696100157061,30.9861521345358));
#10955=CARTESIAN_POINT('',(-6.70467368275391,-22.669610015706,32.1861521345357));
#10956=CARTESIAN_POINT('Origin',(-5.50467368275402,-22.6696100157058,32.1861521345357));
#10957=CARTESIAN_POINT('',(-6.70467368275407,-22.669610015706,37.3861521345351));
#10958=CARTESIAN_POINT('',(-6.70467368275402,-22.669610015706,36.0861521345414));
#10959=CARTESIAN_POINT('',(-5.5046736827541,-22.669610015706,38.5861521345351));
#10960=CARTESIAN_POINT('Origin',(-5.5046736827541,-22.669610015706,37.3861521345351));
#10961=CARTESIAN_POINT('',(5.69532631724554,-22.6696100157064,38.5861521345351));
#10962=CARTESIAN_POINT('',(2.89532631724555,-22.6696100157063,38.5861521345351));
#10963=CARTESIAN_POINT('Origin',(5.69532631724556,-22.6696100157066,37.3861521345352));
#10964=CARTESIAN_POINT('Origin',(0.0953263172452434,-20.6696100157062,-0.113847865449213));
#10965=CARTESIAN_POINT('',(47.712482502781,-20.6696100157062,-26.4138478654483));
#10966=CARTESIAN_POINT('',(47.712482502781,-20.6696100157062,48.0739583812178));
#10967=CARTESIAN_POINT('',(47.712482502781,-20.6696100157062,29.7020068195513));
#10968=CARTESIAN_POINT('',(45.212482502781,-20.6696100157062,-28.9138478654483));
#10969=CARTESIAN_POINT('Origin',(45.212482502781,-20.6696100157062,-26.4138478654483));
#10970=CARTESIAN_POINT('',(-44.7546736827534,-20.6696100157062,-28.9138478654483));
#10971=CARTESIAN_POINT('',(44.3453263172443,-20.6696100157062,-28.9138478654483));
#10972=CARTESIAN_POINT('',(-47.2546736827534,-20.6696100157062,-26.4138478654483));
#10973=CARTESIAN_POINT('Origin',(-44.7546736827534,-20.6696100157062,-26.4138478654483));
#10974=CARTESIAN_POINT('',(-47.2546736827534,-20.6696100157062,48.0739583812178));
#10975=CARTESIAN_POINT('',(-47.2546736827534,-20.6696100157062,8.96115213455037));
#10976=CARTESIAN_POINT('',(-44.7546736827534,-20.6696100157062,50.5739583812178));
#10977=CARTESIAN_POINT('Origin',(-44.7546736827534,-20.6696100157062,48.0739583812178));
#10978=CARTESIAN_POINT('',(45.212482502781,-20.6696100157062,50.5739583812178));
#10979=CARTESIAN_POINT('',(-22.5128846363698,-20.6696100157062,50.5739583812178));
#10980=CARTESIAN_POINT('Origin',(45.212482502781,-20.6696100157062,48.0739583812178));
#10981=CARTESIAN_POINT('',(-33.1546736827539,-20.6696100157062,-8.11384786544899));
#10982=CARTESIAN_POINT('',(-33.1546736827542,-20.6696100157062,7.88615213455037));
#10983=CARTESIAN_POINT('',(-33.154673682754,-20.6696100157062,-3.61384786544943));
#10984=CARTESIAN_POINT('',(33.3453263172453,-20.6696100157062,-8.11384786544887));
#10985=CARTESIAN_POINT('',(16.2203263172453,-20.6696100157062,-8.1138478654489));
#10986=CARTESIAN_POINT('',(33.345326317245,-20.6696100157062,7.88615213455049));
#10987=CARTESIAN_POINT('',(33.3453263172451,-20.6696100157062,3.38615213455096));
#10988=CARTESIAN_POINT('',(-16.0296736827545,-20.6696100157062,7.8861521345504));
#10989=CARTESIAN_POINT('',(35.4953263172464,-20.6696100157076,39.5861521345368));
#10990=CARTESIAN_POINT('Origin',(35.4953263172465,-20.6696100157076,37.3861521345369));
#10991=CARTESIAN_POINT('',(24.2953263172465,-20.6696100157072,39.5861521345367));
#10992=CARTESIAN_POINT('',(17.795326317246,-20.6696100157069,39.5861521345367));
#10993=CARTESIAN_POINT('',(22.0953263172466,-20.6696100157071,37.3861521345367));
#10994=CARTESIAN_POINT('Origin',(24.2953263172466,-20.6696100157072,37.3861521345368));
#10995=CARTESIAN_POINT('',(22.0953263172467,-20.6696100157071,32.1861521345372));
#10996=CARTESIAN_POINT('',(22.0953263172466,-20.6696100157071,36.0861521345426));
#10997=CARTESIAN_POINT('',(24.2953263172467,-20.6696100157071,29.9861521345374));
#10998=CARTESIAN_POINT('Origin',(24.2953263172467,-20.6696100157071,32.1861521345373));
#10999=CARTESIAN_POINT('',(12.1953263172461,-20.6696100157067,29.9861521345373));
#11000=CARTESIAN_POINT('',(-10.1546736827513,-20.6696100157059,39.5861521345399));
#11001=CARTESIAN_POINT('',(-7.95467368275132,-20.669610015706,37.38615213454));
#11002=CARTESIAN_POINT('Origin',(-10.1546736827512,-20.6696100157059,37.38615213454));
#11003=CARTESIAN_POINT('',(-19.2546736827513,-20.6696100157056,39.5861521345397));
#11004=CARTESIAN_POINT('',(-5.02967368275291,-20.6696100157061,39.58615213454));
#11005=CARTESIAN_POINT('',(-21.4546736827513,-20.6696100157055,37.3861521345396));
#11006=CARTESIAN_POINT('Origin',(-19.2546736827513,-20.6696100157056,37.3861521345397));
#11007=CARTESIAN_POINT('',(-21.4546736827511,-20.6696100157055,32.18615213454));
#11008=CARTESIAN_POINT('',(-21.4546736827512,-20.6696100157055,36.0861521345434));
#11009=CARTESIAN_POINT('',(-19.2546736827512,-20.6696100157055,29.9861521345402));
#11010=CARTESIAN_POINT('Origin',(-19.2546736827512,-20.6696100157055,32.1861521345401));
#11011=CARTESIAN_POINT('',(-10.1546736827511,-20.6696100157059,29.9861521345404));
#11012=CARTESIAN_POINT('',(-9.57967368275273,-20.6696100157059,29.9861521345404));
#11013=CARTESIAN_POINT('',(-7.95467368275116,-20.669610015706,32.1861521345405));
#11014=CARTESIAN_POINT('Origin',(-10.1546736827512,-20.6696100157059,32.1861521345404));
#11015=CARTESIAN_POINT('',(-7.95467368275121,-20.669610015706,33.4861521345441));
#11016=CARTESIAN_POINT('',(19.6453263172493,-20.669610015707,39.5861521345343));
#11017=CARTESIAN_POINT('',(21.8453263172492,-20.6696100157071,37.3861521345344));
#11018=CARTESIAN_POINT('Origin',(19.6453263172493,-20.669610015707,37.3861521345344));
#11019=CARTESIAN_POINT('',(10.5453263172497,-20.6696100157067,39.5861521345341));
#11020=CARTESIAN_POINT('',(9.87032631724738,-20.6696100157066,39.5861521345341));
#11021=CARTESIAN_POINT('',(8.34532631724979,-20.6696100157066,37.3861521345341));
#11022=CARTESIAN_POINT('Origin',(10.5453263172497,-20.6696100157067,37.3861521345342));
#11023=CARTESIAN_POINT('',(8.34532631725001,-20.6696100157066,32.1861521345347));
#11024=CARTESIAN_POINT('',(8.34532631724986,-20.6696100157066,36.0861521345411));
#11025=CARTESIAN_POINT('',(10.5453263172499,-20.6696100157066,29.9861521345349));
#11026=CARTESIAN_POINT('Origin',(10.5453263172499,-20.6696100157066,32.1861521345347));
#11027=CARTESIAN_POINT('',(19.6453263172495,-20.669610015707,29.986152134535));
#11028=CARTESIAN_POINT('',(5.3203263172478,-20.6696100157064,29.9861521345348));
#11029=CARTESIAN_POINT('',(21.8453263172494,-20.6696100157071,32.186152134535));
#11030=CARTESIAN_POINT('Origin',(19.6453263172494,-20.669610015707,32.186152134535));
#11031=CARTESIAN_POINT('',(21.8453263172493,-20.6696100157071,33.4861521345418));
#11032=CARTESIAN_POINT('',(-5.50467368275402,-20.6696100157061,39.5861521345351));
#11033=CARTESIAN_POINT('',(5.69532631724561,-20.6696100157065,39.5861521345351));
#11034=CARTESIAN_POINT('',(2.8953263172456,-20.6696100157064,39.5861521345351));
#11035=CARTESIAN_POINT('',(-7.704673682754,-20.669610015706,37.3861521345352));
#11036=CARTESIAN_POINT('Origin',(-5.50467368275402,-20.6696100157061,37.3861521345352));
#11037=CARTESIAN_POINT('',(-7.70467368275382,-20.669610015706,32.1861521345357));
#11038=CARTESIAN_POINT('',(-7.70467368275394,-20.669610015706,36.0861521345414));
#11039=CARTESIAN_POINT('',(-5.50467368275394,-20.669610015706,29.9861521345359));
#11040=CARTESIAN_POINT('Origin',(-5.50467368275395,-20.669610015706,32.1861521345357));
#11041=CARTESIAN_POINT('',(5.6953263172457,-20.6696100157065,29.9861521345358));
#11042=CARTESIAN_POINT('',(-2.70467368275419,-20.6696100157061,29.9861521345358));
#11043=CARTESIAN_POINT('',(7.89532631724565,-20.6696100157065,32.1861521345358));
#11044=CARTESIAN_POINT('Origin',(5.6953263172457,-20.6696100157065,32.1861521345357));
#11045=CARTESIAN_POINT('',(7.89532631724553,-20.6696100157066,37.3861521345352));
#11046=CARTESIAN_POINT('',(7.89532631724564,-20.6696100157065,33.4861521345419));
#11047=CARTESIAN_POINT('Origin',(5.69532631724563,-20.6696100157065,37.3861521345352));
#11048=CARTESIAN_POINT('',(-23.8046736827526,-20.6696100157054,39.5861521345407));
#11049=CARTESIAN_POINT('',(-21.6046736827527,-20.6696100157055,37.3861521345408));
#11050=CARTESIAN_POINT('Origin',(-23.8046736827526,-20.6696100157054,37.3861521345408));
#11051=CARTESIAN_POINT('',(-35.0046736827524,-20.669610015705,39.5861521345405));
#11052=CARTESIAN_POINT('',(-11.8546736827536,-20.6696100157058,39.5861521345409));
#11053=CARTESIAN_POINT('',(-37.2046736827523,-20.6696100157049,37.3861521345405));
#11054=CARTESIAN_POINT('Origin',(-35.0046736827523,-20.669610015705,37.3861521345405));
#11055=CARTESIAN_POINT('',(-37.2046736827522,-20.6696100157049,32.1861521345408));
#11056=CARTESIAN_POINT('',(-37.2046736827522,-20.6696100157049,36.0861521345437));
#11057=CARTESIAN_POINT('',(-35.0046736827522,-20.669610015705,29.9861521345409));
#11058=CARTESIAN_POINT('Origin',(-35.0046736827522,-20.669610015705,32.1861521345408));
#11059=CARTESIAN_POINT('',(-23.8046736827524,-20.6696100157054,29.9861521345411));
#11060=CARTESIAN_POINT('',(-17.4546736827533,-20.6696100157056,29.9861521345412));
#11061=CARTESIAN_POINT('',(-21.6046736827525,-20.6696100157055,32.1861521345411));
#11062=CARTESIAN_POINT('Origin',(-23.8046736827525,-20.6696100157054,32.1861521345411));
#11063=CARTESIAN_POINT('',(-21.6046736827526,-20.6696100157055,33.4861521345442));
#11064=CARTESIAN_POINT('Origin',(41.8453263172437,-38.5696100156996,-23.3138478654484));
#11065=CARTESIAN_POINT('',(45.712482502781,-38.5696100156999,-26.9138478654483));
#11066=CARTESIAN_POINT('',(39.3453263172437,-38.5696100156995,-26.9138478654483));
#11067=CARTESIAN_POINT('',(43.7789044100124,-38.5696100156998,-26.9138478654483));
#11068=CARTESIAN_POINT('',(45.712482502781,-38.5696100156999,-20.8138478654484));
#11069=CARTESIAN_POINT('',(45.712482502781,-38.5696100156999,12.6300552578847));
#11070=CARTESIAN_POINT('',(39.3453263172437,-38.5696100156995,-20.8138478654484));
#11071=CARTESIAN_POINT('',(43.0953263172437,-38.5696100156997,-20.8138478654484));
#11072=CARTESIAN_POINT('',(39.3453263172437,-38.5696100156995,-25.8138478654484));
#11073=CARTESIAN_POINT('Origin',(39.3453263172447,-20.6696100157062,-20.8138478654484));
#11074=CARTESIAN_POINT('',(39.3453263172446,-22.6696100157062,-26.9138478654483));
#11075=CARTESIAN_POINT('',(39.3453263172441,-30.6196100157028,-26.9138478654483));
#11076=CARTESIAN_POINT('',(39.3453263172441,-31.5497244637471,-20.8138478654484));
#11077=CARTESIAN_POINT('',(39.3453263172447,-20.6696100157062,-20.8138478654484));
#11078=CARTESIAN_POINT('',(39.3453263172441,-31.549724463747,-21.8138478654483));
#11079=CARTESIAN_POINT('',(39.3453263172441,-31.5497244637471,-10.4638478654488));
#11080=CARTESIAN_POINT('',(39.3453263172445,-22.9497244637461,-21.8138478654483));
#11081=CARTESIAN_POINT('',(39.3453263172446,-21.8096672397289,-21.8138478654483));
#11082=CARTESIAN_POINT('',(39.3453263172445,-22.9497244637461,-20.8138478654484));
#11083=CARTESIAN_POINT('',(39.3453263172445,-22.9497244637461,-10.4638478654488));
#11084=CARTESIAN_POINT('',(39.3453263172446,-22.6696100157062,-20.8138478654484));
#11085=CARTESIAN_POINT('',(39.3453263172447,-20.6696100157062,-20.8138478654484));
#11086=CARTESIAN_POINT('',(39.3453263172446,-22.6696100157062,-10.4638478654488));
#11087=CARTESIAN_POINT('Origin',(45.712482502781,-40.5696100156996,-26.9138478654483));
#11088=CARTESIAN_POINT('',(2.59532631724566,-22.6696100157062,-26.9138478654483));
#11089=CARTESIAN_POINT('',(22.9039044100131,-22.6696100157062,-26.9138478654483));
#11090=CARTESIAN_POINT('',(2.59532631724483,-38.5696100156998,-26.9138478654483));
#11091=CARTESIAN_POINT('',(2.59532631724524,-30.6196100157018,-26.9138478654483));
#11092=CARTESIAN_POINT('',(-2.40467368275517,-38.5696100156995,-26.9138478654483));
#11093=CARTESIAN_POINT('',(22.903904410013,-38.5696100157008,-26.9138478654483));
#11094=CARTESIAN_POINT('',(-2.40467368275434,-22.6696100157062,-26.9138478654483));
#11095=CARTESIAN_POINT('',(-2.40467368275476,-30.6196100157017,-26.9138478654483));
#11096=CARTESIAN_POINT('',(-39.1546736827536,-22.6696100157062,-26.9138478654483));
#11097=CARTESIAN_POINT('',(22.9039044100131,-22.6696100157062,-26.9138478654483));
#11098=CARTESIAN_POINT('',(-39.1546736827545,-38.5696100156998,-26.9138478654483));
#11099=CARTESIAN_POINT('',(-39.1546736827541,-30.6196100157007,-26.9138478654483));
#11100=CARTESIAN_POINT('',(-45.2546736827534,-38.5696100156995,-26.9138478654483));
#11101=CARTESIAN_POINT('',(2.0289044100133,-38.5696100157019,-26.9138478654483));
#11102=CARTESIAN_POINT('',(-45.2546736827534,-53.5696100156977,-26.9138478654482));
#11103=CARTESIAN_POINT('',(-45.2546736827534,-40.5696100156996,-26.9138478654483));
#11104=CARTESIAN_POINT('',(45.712482502781,-53.5696100156977,-26.9138478654482));
#11105=CARTESIAN_POINT('',(-23.5128846363698,-53.5696100156977,-26.9138478654482));
#11106=CARTESIAN_POINT('',(45.712482502781,-40.5696100156996,-26.9138478654483));
#11107=CARTESIAN_POINT('',(16.4139947209615,-31.2696100157062,-26.9138478654483));
#11108=CARTESIAN_POINT('',(35.4139947209615,-31.2696100157058,-26.9138478654483));
#11109=CARTESIAN_POINT('',(31.0632386118711,-31.2696100157059,-26.9138478654483));
#11110=CARTESIAN_POINT('',(35.4139947209618,-44.0696100157058,-26.9138478654483));
#11111=CARTESIAN_POINT('',(35.4139947209616,-35.9196100157028,-26.9138478654483));
#11112=CARTESIAN_POINT('',(16.4139947209618,-44.0696100157062,-26.9138478654483));
#11113=CARTESIAN_POINT('',(40.5632386118714,-44.0696100157057,-26.9138478654483));
#11114=CARTESIAN_POINT('',(16.4139947209617,-42.3196100157032,-26.9138478654483));
#11115=CARTESIAN_POINT('',(-15.1105365137383,-28.7696100157062,-26.9138478654483));
#11116=CARTESIAN_POINT('',(-15.1105365137383,-33.0696100157061,-26.9138478654483));
#11117=CARTESIAN_POINT('',(-15.1105365137383,-34.7696100157026,-26.9138478654483));
#11118=CARTESIAN_POINT('',(-19.8105365137382,-33.0696100157061,-26.9138478654483));
#11119=CARTESIAN_POINT('',(15.2009729945213,-33.0696100157061,-26.9138478654483));
#11120=CARTESIAN_POINT('',(-19.8105365137381,-28.7696100157062,-26.9138478654483));
#11121=CARTESIAN_POINT('',(-19.8105365137382,-36.7196100157025,-26.9138478654483));
#11122=CARTESIAN_POINT('',(13.0509729945214,-28.7696100157062,-26.9138478654483));
#11123=CARTESIAN_POINT('',(-12.2105365137383,-22.9497244637467,-26.9138478654482));
#11124=CARTESIAN_POINT('',(-12.2105365137383,-31.5497244637462,-26.9138478654482));
#11125=CARTESIAN_POINT('',(-12.2105365137383,-22.9497244637467,-26.9138478654482));
#11126=CARTESIAN_POINT('',(-13.2105365137383,-31.5497244637462,-26.9138478654482));
#11127=CARTESIAN_POINT('',(-12.9605365137384,-31.5497244637462,-26.9138478654482));
#11128=CARTESIAN_POINT('',(-13.2105365137383,-22.9497244637467,-26.9138478654482));
#11129=CARTESIAN_POINT('',(-13.2105365137383,-22.9497244637467,-26.9138478654482));
#11130=CARTESIAN_POINT('',(-13.2105365137383,-22.9497244637467,-26.9138478654482));
#11131=CARTESIAN_POINT('Origin',(0.0953263172452434,-22.6696100157062,-0.113847865449213));
#11132=CARTESIAN_POINT('',(45.712482502781,-22.6696100157062,-20.8138478654484));
#11133=CARTESIAN_POINT('',(22.220326317245,-22.6696100157062,-20.8138478654484));
#11134=CARTESIAN_POINT('',(45.712482502781,-22.6696100157062,20.5861521345496));
#11135=CARTESIAN_POINT('',(45.712482502781,-22.6696100157062,24.2300552578843));
#11136=CARTESIAN_POINT('',(39.345326317249,-22.6696100157076,20.5861521345496));
#11137=CARTESIAN_POINT('',(19.7203263172472,-22.6696100157062,20.5861521345496));
#11138=CARTESIAN_POINT('',(39.345326317249,-22.6696100157076,25.2861520078892));
#11139=CARTESIAN_POINT('',(39.345326317249,-22.6696100157076,30.1861521345487));
#11140=CARTESIAN_POINT('',(3.98276076061718,-22.6696100157064,25.2861520078885));
#11141=CARTESIAN_POINT('',(-19.9046736827549,-22.6696100157062,25.2861520078881));
#11142=CARTESIAN_POINT('',(5.29532631724584,-22.6696100157065,23.0861521345487));
#11143=CARTESIAN_POINT('Origin',(2.79532631724584,-22.6696100157064,23.0861521345487));
#11144=CARTESIAN_POINT('',(1.60789187387443,-22.6696100157064,25.2861520078885));
#11145=CARTESIAN_POINT('Origin',(2.79532631724584,-22.6696100157064,23.0861521345487));
#11146=CARTESIAN_POINT('',(-39.1546736827536,-22.6696100157062,25.2861520078877));
#11147=CARTESIAN_POINT('',(-19.9046736827549,-22.6696100157062,25.2861520078881));
#11148=CARTESIAN_POINT('',(-39.1546736827536,-22.6696100157062,20.5861521345505));
#11149=CARTESIAN_POINT('',(-39.1546736827536,-22.6696100157062,10.2361521345506));
#11150=CARTESIAN_POINT('',(-45.2546736827534,-22.6696100157062,20.5861521345505));
#11151=CARTESIAN_POINT('',(-22.0296736827541,-22.6696100157062,20.5861521345505));
#11152=CARTESIAN_POINT('',(-45.2546736827534,-22.6696100157062,-20.8138478654484));
#11153=CARTESIAN_POINT('',(-45.2546736827534,-22.6696100157062,-13.5138478654488));
#11154=CARTESIAN_POINT('',(-39.1546736827536,-22.6696100157062,-20.8138478654484));
#11155=CARTESIAN_POINT('',(-19.5296736827541,-22.6696100157062,-20.8138478654484));
#11156=CARTESIAN_POINT('',(-39.1546736827536,-22.6696100157062,-12.9638478654488));
#11157=CARTESIAN_POINT('',(-2.40467368275434,-22.6696100157062,-20.8138478654484));
#11158=CARTESIAN_POINT('',(-2.40467368275434,-22.6696100157062,-10.4638478654488));
#11159=CARTESIAN_POINT('',(2.59532631724566,-22.6696100157062,-20.8138478654484));
#11160=CARTESIAN_POINT('',(1.34532631724551,-22.6696100157062,-20.8138478654484));
#11161=CARTESIAN_POINT('',(2.59532631724566,-22.6696100157062,-12.9638478654488));
#11162=CARTESIAN_POINT('',(40.1953263172448,-22.6696100157056,-17.0638478654486));
#11163=CARTESIAN_POINT('',(40.1953263172448,-22.6696100157057,16.8361521345501));
#11164=CARTESIAN_POINT('',(40.1953263172448,-22.6696100157057,-8.08884786544893));
#11165=CARTESIAN_POINT('',(-40.0046736827537,-22.6696100157068,-17.0638478654486));
#11166=CARTESIAN_POINT('',(-19.4546736827541,-22.6696100157065,-17.0638478654486));
#11167=CARTESIAN_POINT('',(-40.0046736827537,-22.6696100157069,16.8361521345501));
#11168=CARTESIAN_POINT('',(-40.0046736827537,-22.6696100157069,7.86115213455042));
#11169=CARTESIAN_POINT('',(19.6453263172452,-22.669610015706,16.8361521345501));
#11170=CARTESIAN_POINT('',(-25.000000372529,-22.6696100157062,-22.5073402500726));
#11171=CARTESIAN_POINT('',(-27.7624772425498,-22.6696100157063,-21.8138478654484));
#11172=CARTESIAN_POINT('',(-17.2216546222496,-22.6696100157062,-24.4600167055144));
#11173=CARTESIAN_POINT('',(-25.000000372529,-22.6696100157062,-21.8138478654483));
#11174=CARTESIAN_POINT('',(-12.0576050982463,-22.6696100157062,-21.8138478654484));
#11175=CARTESIAN_POINT('',(-25.000000372529,-22.6696100157062,-22.8855940577605));
#11176=CARTESIAN_POINT('Origin',(-43.1546736827535,-22.9497244637473,-21.8138478654483));
#11177=CARTESIAN_POINT('',(2.59532631724519,-31.5497244637464,-21.8138478654483));
#11178=CARTESIAN_POINT('',(-21.5296736827539,-31.549724463746,-21.8138478654483));
#11179=CARTESIAN_POINT('',(2.59532631724565,-22.9497244637466,-21.8138478654483));
#11180=CARTESIAN_POINT('',(2.59532631724571,-21.809667239728,-21.8138478654483));
#11181=CARTESIAN_POINT('',(-21.5296736827539,-22.949724463747,-21.8138478654483));
#11182=CARTESIAN_POINT('Origin',(0.0953263172456324,-22.9497244637467,-0.113847865449177));
#11183=CARTESIAN_POINT('',(2.59532631724565,-22.9497244637466,-20.8138478654484));
#11184=CARTESIAN_POINT('',(2.59532631724565,-22.9497244637466,-12.9638478654488));
#11185=CARTESIAN_POINT('',(-43.1546736827535,-22.9497244637473,-20.8138478654483));
#11186=CARTESIAN_POINT('Origin',(0.0953263172456324,-22.9497244637467,-0.113847865449177));
#11187=CARTESIAN_POINT('',(44.3453263172447,-22.949724463746,-20.8138478654484));
#11188=CARTESIAN_POINT('',(43.3453263172447,-22.949724463746,-20.8138478654483));
#11189=CARTESIAN_POINT('',(22.2203263172452,-22.9497244637463,-20.8138478654484));
#11190=CARTESIAN_POINT('',(43.3453263172447,-22.9497244637461,20.58615213455));
#11191=CARTESIAN_POINT('',(43.3453263172447,-22.949724463746,-20.8138478654483));
#11192=CARTESIAN_POINT('',(44.3453263172447,-22.9497244637461,20.5861521345496));
#11193=CARTESIAN_POINT('',(19.7203263172474,-22.9497244637464,20.5861521345496));
#11194=CARTESIAN_POINT('',(44.3453263172447,-22.949724463746,-10.4638478654488));
#11195=CARTESIAN_POINT('Origin',(0.0953263172457593,-31.5497244637464,-0.113847865449186));
#11196=CARTESIAN_POINT('',(43.3453263172449,-31.5497244637471,-20.8138478654483));
#11197=CARTESIAN_POINT('',(44.3453263172449,-31.5497244637471,-20.8138478654484));
#11198=CARTESIAN_POINT('',(22.2203263172451,-31.5497244637468,-20.8138478654484));
#11199=CARTESIAN_POINT('',(44.3453263172457,-31.5497244637453,20.5861521345488));
#11200=CARTESIAN_POINT('',(44.3453263172449,-31.5497244637471,-10.4638478654488));
#11201=CARTESIAN_POINT('',(43.3453263172449,-31.5497244637472,20.58615213455));
#11202=CARTESIAN_POINT('',(19.645326317245,-31.5497244637468,20.5861521345488));
#11203=CARTESIAN_POINT('',(43.3453263172449,-31.5497244637471,-10.4638478654488));
#11204=CARTESIAN_POINT('Origin',(0.0953263172457593,-31.5497244637464,-0.113847865449186));
#11205=CARTESIAN_POINT('',(2.59532631724519,-31.5497244637464,-20.8138478654484));
#11206=CARTESIAN_POINT('',(-21.5296736827539,-31.5497244637461,-20.8138478654483));
#11207=CARTESIAN_POINT('',(2.59532631724519,-31.5497244637465,-12.9638478654488));
#11208=CARTESIAN_POINT('Origin',(-41.6546736827545,-38.5696100156996,-23.3138478654484));
#11209=CARTESIAN_POINT('',(-45.2546736827534,-38.5696100156995,-20.8138478654484));
#11210=CARTESIAN_POINT('',(-45.2546736827534,-38.5696100156995,-25.1138478654483));
#11211=CARTESIAN_POINT('',(-39.1546736827545,-38.5696100156998,-20.8138478654484));
#11212=CARTESIAN_POINT('',(-39.1546736827545,-38.5696100156998,-24.5638478654484));
#11213=CARTESIAN_POINT('',(-44.1546736827545,-38.5696100156995,-20.8138478654484));
#11214=CARTESIAN_POINT('Origin',(-39.1546736827535,-20.6696100157062,-25.8138478654484));
#11215=CARTESIAN_POINT('',(-39.1546736827537,-22.9497244637472,-21.8138478654483));
#11216=CARTESIAN_POINT('',(-39.1546736827537,-22.9497244637472,-20.8138478654484));
#11217=CARTESIAN_POINT('',(-39.1546736827537,-22.9497244637472,-12.9638478654488));
#11218=CARTESIAN_POINT('',(-39.1546736827541,-31.5497244637458,-21.8138478654483));
#11219=CARTESIAN_POINT('',(-39.1546736827536,-21.8096672397269,-21.8138478654483));
#11220=CARTESIAN_POINT('',(-39.1546736827541,-31.5497244637458,-20.8138478654484));
#11221=CARTESIAN_POINT('',(-39.1546736827541,-31.5497244637458,-12.9638478654488));
#11222=CARTESIAN_POINT('',(-39.1546736827535,-20.6696100157062,-20.8138478654484));
#11223=CARTESIAN_POINT('',(-39.1546736827535,-20.6696100157062,-20.8138478654484));
#11224=CARTESIAN_POINT('Origin',(-43.1546736827535,-22.9497244637473,-20.8138478654483));
#11225=CARTESIAN_POINT('',(2.59532631724577,-20.6696100157062,-20.8138478654484));
#11226=CARTESIAN_POINT('',(-2.40467368275435,-22.9497244637467,-20.8138478654484));
#11227=CARTESIAN_POINT('',(-2.40467368275423,-20.6696100157062,-20.8138478654484));
#11228=CARTESIAN_POINT('',(-43.1546736827535,-22.9497244637473,-20.8138478654483));
#11229=CARTESIAN_POINT('',(-45.2546736827534,-30.6196100157029,-20.8138478654484));
#11230=CARTESIAN_POINT('',(-2.40467368275481,-31.5497244637464,-20.8138478654484));
#11231=CARTESIAN_POINT('',(-21.5296736827539,-31.5497244637461,-20.8138478654483));
#11232=CARTESIAN_POINT('',(-2.40467368275517,-38.5696100156995,-20.8138478654484));
#11233=CARTESIAN_POINT('',(-2.40467368275423,-20.6696100157062,-20.8138478654484));
#11234=CARTESIAN_POINT('',(2.59532631724483,-38.5696100156998,-20.8138478654484));
#11235=CARTESIAN_POINT('',(1.34532631724483,-38.5696100156997,-20.8138478654484));
#11236=CARTESIAN_POINT('',(2.59532631724577,-20.6696100157062,-20.8138478654484));
#11237=CARTESIAN_POINT('',(45.712482502781,-30.6196100157029,-20.8138478654484));
#11238=CARTESIAN_POINT('',(44.3453263172447,-21.8096672397261,-20.8138478654484));
#11239=CARTESIAN_POINT('',(43.3453263172447,-22.949724463746,-20.8138478654483));
#11240=CARTESIAN_POINT('',(-43.1546736827535,-22.9497244637473,-20.8138478654483));
#11241=CARTESIAN_POINT('',(-43.1546736827535,-22.9497244637473,-20.8138478654483));
#11242=CARTESIAN_POINT('',(-19.5296736827539,-22.9497244637469,-20.8138478654484));
#11243=CARTESIAN_POINT('Origin',(0.0953263172456324,-22.9497244637467,-0.113847865449177));
#11244=CARTESIAN_POINT('',(-43.1546736827535,-22.9497244637473,20.58615213455));
#11245=CARTESIAN_POINT('',(-22.0296736827539,-22.949724463747,20.5861521345505));
#11246=CARTESIAN_POINT('',(-43.1546736827535,-22.9497244637473,20.58615213455));
#11247=CARTESIAN_POINT('Origin',(0.0953263172456324,-22.9497244637467,-0.113847865449177));
#11248=CARTESIAN_POINT('',(-2.40467368275435,-22.9497244637467,-21.8138478654483));
#11249=CARTESIAN_POINT('',(-2.40467368275435,-22.9497244637467,-10.4638478654488));
#11250=CARTESIAN_POINT('',(-12.2105365137383,-22.9497244637467,-21.8138478654483));
#11251=CARTESIAN_POINT('',(-21.5296736827539,-22.949724463747,-21.8138478654483));
#11252=CARTESIAN_POINT('',(-12.2105365137383,-22.9497244637467,-26.9138478654482));
#11253=CARTESIAN_POINT('',(-13.2105365137383,-22.9497244637467,-21.8138478654483));
#11254=CARTESIAN_POINT('',(-13.2105365137383,-22.9497244637466,-21.6138478654482));
#11255=CARTESIAN_POINT('',(-24.4732844937063,-22.949724463747,-21.8138478654483));
#11256=CARTESIAN_POINT('',(-21.5296736827539,-22.949724463747,-21.8138478654483));
#11257=CARTESIAN_POINT('',(-27.7624772425502,-22.9497244637471,-21.8138478654483));
#11258=CARTESIAN_POINT('',(-21.5296736827539,-22.949724463747,-21.8138478654483));
#11259=CARTESIAN_POINT('',(-21.5296736827539,-22.949724463747,-21.8138478654483));
#11260=CARTESIAN_POINT('Origin',(2.59532631724577,-20.6696100157062,-25.8138478654484));
#11261=CARTESIAN_POINT('',(2.59532631724483,-38.5696100156998,-24.5638478654484));
#11262=CARTESIAN_POINT('Origin',(-2.40467368275423,-20.6696100157062,-20.8138478654484));
#11263=CARTESIAN_POINT('',(-2.40467368275517,-38.5696100156995,-25.8138478654484));
#11264=CARTESIAN_POINT('',(-2.40467368275481,-31.5497244637464,-21.8138478654483));
#11265=CARTESIAN_POINT('',(-2.40467368275481,-31.5497244637464,-10.4638478654488));
#11266=CARTESIAN_POINT('',(-2.40467368275429,-21.8096672397278,-21.8138478654483));
#11267=CARTESIAN_POINT('Origin',(0.095326317244826,-38.5696100156996,-23.3138478654484));
#11268=CARTESIAN_POINT('Origin',(-43.1546736827535,-22.9497244637473,-21.8138478654483));
#11269=CARTESIAN_POINT('',(-12.2105365137383,-31.5497244637462,-21.8138478654483));
#11270=CARTESIAN_POINT('',(-21.5296736827539,-31.549724463746,-21.8138478654483));
#11271=CARTESIAN_POINT('',(-12.2105365137383,-22.949724463747,-21.8138478654483));
#11272=CARTESIAN_POINT('Origin',(0.0953263172457593,-31.5497244637464,-0.113847865449186));
#11273=CARTESIAN_POINT('',(-13.2105365137383,-31.5497244637462,-21.8138478654483));
#11274=CARTESIAN_POINT('',(-21.5296736827539,-31.549724463746,-21.8138478654483));
#11275=CARTESIAN_POINT('',(-13.2105365137383,-31.5497244637462,-23.0888478654483));
#11276=CARTESIAN_POINT('',(-12.2105365137383,-31.5497244637462,-25.6388478654483));
#11277=CARTESIAN_POINT('Origin',(-39.1546736827535,-20.6696100157062,20.5861521345505));
#11278=CARTESIAN_POINT('',(-39.1546736827539,-26.669610015705,25.2861520078876));
#11279=CARTESIAN_POINT('',(-39.1546736827535,-20.6696100157059,25.2861520078878));
#11280=CARTESIAN_POINT('',(-39.1546736827539,-26.669610015705,25.5861521345505));
#11281=CARTESIAN_POINT('',(-39.1546736827539,-26.6696100157051,27.6861521345493));
#11282=CARTESIAN_POINT('',(-39.1546736827545,-38.5696100156998,25.5861521345505));
#11283=CARTESIAN_POINT('',(-39.1546736827535,-20.6696100157062,25.5861521345505));
#11284=CARTESIAN_POINT('',(-39.1546736827545,-38.5696100156998,20.5861521345505));
#11285=CARTESIAN_POINT('',(-39.1546736827545,-38.5696100156998,21.8361521345505));
#11286=CARTESIAN_POINT('',(-39.1546736827543,-35.8497244637381,20.5861521345503));
#11287=CARTESIAN_POINT('',(-39.1546736827535,-20.6696100157062,20.5861521345505));
#11288=CARTESIAN_POINT('',(-39.1546736827543,-35.8497244637381,21.5861521345505));
#11289=CARTESIAN_POINT('',(-39.1546736827543,-35.8497244637381,20.83615213455));
#11290=CARTESIAN_POINT('',(-39.1546736827537,-22.9497244637473,21.58615213455));
#11291=CARTESIAN_POINT('',(-39.1546736827538,-26.1096672397237,21.5861521345504));
#11292=CARTESIAN_POINT('',(-39.1546736827537,-22.9497244637473,20.58615213455));
#11293=CARTESIAN_POINT('',(-39.1546736827537,-22.9497244637473,10.2361521345506));
#11294=CARTESIAN_POINT('',(-39.1546736827535,-20.6696100157062,20.5861521345505));
#11295=CARTESIAN_POINT('Origin',(-39.1546736827535,-20.6696100157062,25.5861521345505));
#11296=CARTESIAN_POINT('',(-45.2546736827534,-38.5696100156995,25.5861521345505));
#11297=CARTESIAN_POINT('',(-45.2546736827534,-22.6696100157062,25.5861521345505));
#11298=CARTESIAN_POINT('',(-45.2546736827534,-30.6196100157029,25.5861521345505));
#11299=CARTESIAN_POINT('',(-44.1546736827545,-38.5696100156995,25.5861521345505));
#11300=CARTESIAN_POINT('',(-40.9046736827548,-26.669610015705,25.5861521345505));
#11301=CARTESIAN_POINT('',(-19.5296736827543,-26.6696100157056,25.5861521345504));
#11302=CARTESIAN_POINT('',(-40.9046736827547,-22.6696100157062,25.5861521345505));
#11303=CARTESIAN_POINT('',(-40.9046736827546,-20.6696100157058,25.5861521345505));
#11304=CARTESIAN_POINT('',(-19.5296736827541,-22.6696100157062,25.5861521345505));
#11305=CARTESIAN_POINT('Origin',(-41.6546736827545,-38.5696100156996,23.0861521345505));
#11306=CARTESIAN_POINT('',(-45.2546736827534,-38.5696100156995,20.5861521345505));
#11307=CARTESIAN_POINT('',(-45.2546736827534,-38.5696100156995,-1.91384786544893));
#11308=CARTESIAN_POINT('',(-42.9046736827545,-38.5696100156996,20.5861521345505));
#11309=CARTESIAN_POINT('Origin',(-45.2546736827534,-40.5696100156996,-26.9138478654483));
#11310=CARTESIAN_POINT('',(-45.2546736827534,-30.6196100157029,20.5861521345505));
#11311=CARTESIAN_POINT('',(-45.2546736827534,-22.6696100157046,48.5739583812178));
#11312=CARTESIAN_POINT('',(-45.2546736827534,-22.6696100157062,-13.5138478654488));
#11313=CARTESIAN_POINT('',(-45.2546736827534,-53.5696100156976,48.5739583812179));
#11314=CARTESIAN_POINT('',(-45.2546736827534,-40.5696100156983,48.5739583812178));
#11315=CARTESIAN_POINT('',(-45.2546736827534,-53.5696100156976,30.7020068195513));
#11316=CARTESIAN_POINT('',(-45.2546736827534,-40.5696100156983,-5.91384786544826));
#11317=CARTESIAN_POINT('',(-45.2546736827534,-42.5696100156983,-5.91384786544826));
#11318=CARTESIAN_POINT('',(-45.2546736827534,-40.5696100156983,-5.91384786544826));
#11319=CARTESIAN_POINT('',(-45.2546736827534,-40.5696100156984,-16.8138478654483));
#11320=CARTESIAN_POINT('',(-45.2546736827534,-40.5696100156996,-26.9138478654483));
#11321=CARTESIAN_POINT('',(-45.2546736827534,-42.5696100156984,-16.8138478654483));
#11322=CARTESIAN_POINT('',(-45.2546736827534,-40.5696100156984,-16.8138478654483));
#11323=CARTESIAN_POINT('',(-45.2546736827534,-42.5696100156983,30.7020068195513));
#11324=CARTESIAN_POINT('',(-45.2546736827534,-40.5696100156983,15.1861521345517));
#11325=CARTESIAN_POINT('',(-45.2546736827534,-42.5696100156983,15.1861521345517));
#11326=CARTESIAN_POINT('',(-45.2546736827534,-40.5696100156983,15.1861521345517));
#11327=CARTESIAN_POINT('',(-45.2546736827534,-40.5696100156983,4.28615213455174));
#11328=CARTESIAN_POINT('',(-45.2546736827534,-40.5696100156996,-26.9138478654483));
#11329=CARTESIAN_POINT('',(-45.2546736827534,-42.5696100156983,4.28615213455174));
#11330=CARTESIAN_POINT('',(-45.2546736827534,-40.5696100156983,4.28615213455174));
#11331=CARTESIAN_POINT('',(-45.2546736827534,-42.5696100156983,30.7020068195513));
#11332=CARTESIAN_POINT('',(-45.2546736827534,-40.5696100156983,36.2861521345517));
#11333=CARTESIAN_POINT('',(-45.2546736827534,-42.5696100156983,36.2861521345517));
#11334=CARTESIAN_POINT('',(-45.2546736827534,-40.5696100156983,36.2861521345517));
#11335=CARTESIAN_POINT('',(-45.2546736827534,-40.5696100156983,25.3861521345518));
#11336=CARTESIAN_POINT('',(-45.2546736827534,-40.5696100156996,-26.9138478654483));
#11337=CARTESIAN_POINT('',(-45.2546736827534,-42.5696100156983,25.3861521345517));
#11338=CARTESIAN_POINT('',(-45.2546736827534,-40.5696100156983,25.3861521345518));
#11339=CARTESIAN_POINT('',(-45.2546736827534,-42.5696100156983,30.7020068195513));
#11340=CARTESIAN_POINT('',(-45.2546736827534,-41.4696100156996,22.9460645716699));
#11341=CARTESIAN_POINT('',(-45.2546736827534,-41.4696100156996,17.3460645716699));
#11342=CARTESIAN_POINT('',(-45.2546736827534,-41.4696100156995,-1.98389164688923));
#11343=CARTESIAN_POINT('',(-45.2546736827534,-43.1696100156996,15.6460645716699));
#11344=CARTESIAN_POINT('Ctrl Pts',(-45.2546736827534,-43.1696100156996,
15.6460645716699));
#11345=CARTESIAN_POINT('Ctrl Pts',(-45.2546736827534,-42.696666099283,15.6460645716699));
#11346=CARTESIAN_POINT('Ctrl Pts',(-45.2546736827534,-42.3287970099825,
15.7741203549877));
#11347=CARTESIAN_POINT('Ctrl Pts',(-45.2546736827534,-42.0543714725277,
15.9872737561859));
#11348=CARTESIAN_POINT('Ctrl Pts',(-45.2546736827534,-41.8714211142245,
16.1293760236514));
#11349=CARTESIAN_POINT('Ctrl Pts',(-45.2546736827534,-41.7300012234084,
16.3092994546193));
#11350=CARTESIAN_POINT('Ctrl Pts',(-45.2546736827534,-41.6295484487771,
16.5346476055545));
#11351=CARTESIAN_POINT('Ctrl Pts',(-45.2546736827534,-41.5290956741459,
16.7599957564897));
#11352=CARTESIAN_POINT('Ctrl Pts',(-45.2546736827534,-41.4696100156996,
17.0307686273922));
#11353=CARTESIAN_POINT('Ctrl Pts',(-45.2546736827534,-41.4696100156996,
17.3460645716699));
#11354=CARTESIAN_POINT('',(-45.2546736827534,-44.8696100156996,17.3460645716699));
#11355=CARTESIAN_POINT('Ctrl Pts',(-45.2546736827534,-44.8696100156996,
17.3460645716699));
#11356=CARTESIAN_POINT('Ctrl Pts',(-45.2546736827534,-44.8696100156996,
16.873120655253));
#11357=CARTESIAN_POINT('Ctrl Pts',(-45.2546736827534,-44.741554219425,16.5052553544478));
#11358=CARTESIAN_POINT('Ctrl Pts',(-45.2546736827534,-44.5284005740676,
16.2308306101963));
#11359=CARTESIAN_POINT('Ctrl Pts',(-45.2546736827534,-44.3862981438293,
16.0478807806953));
#11360=CARTESIAN_POINT('Ctrl Pts',(-45.2546736827534,-44.206374447332,15.9064600874404));
#11361=CARTESIAN_POINT('Ctrl Pts',(-45.2546736827534,-43.9810264013686,
15.8060060351841));
#11362=CARTESIAN_POINT('Ctrl Pts',(-45.2546736827534,-43.7556783554052,
15.7055519829277));
#11363=CARTESIAN_POINT('Ctrl Pts',(-45.2546736827534,-43.4849059599757,
15.6460645716699));
#11364=CARTESIAN_POINT('Ctrl Pts',(-45.2546736827534,-43.1696100156996,
15.6460645716699));
#11365=CARTESIAN_POINT('',(-45.2546736827534,-44.8696100156996,22.9460645716699));
#11366=CARTESIAN_POINT('',(-45.2546736827534,-44.8696100156995,-4.78389164688925));
#11367=CARTESIAN_POINT('',(-45.2546736827534,-43.1696100156996,24.6460645716699));
#11368=CARTESIAN_POINT('Ctrl Pts',(-45.2546736827534,-43.1696100156996,
24.6460645716699));
#11369=CARTESIAN_POINT('Ctrl Pts',(-45.2546736827534,-43.6425539321154,
24.6460645716699));
#11370=CARTESIAN_POINT('Ctrl Pts',(-45.2546736827534,-44.0104155334857,
24.5180087611934));
#11371=CARTESIAN_POINT('Ctrl Pts',(-45.2546736827534,-44.2848395023594,
24.3048548780487));
#11372=CARTESIAN_POINT('Ctrl Pts',(-45.2546736827534,-44.467788814942,24.1627522892856));
#11373=CARTESIAN_POINT('Ctrl Pts',(-45.2546736827534,-44.6092102908594,
23.9828283348922));
#11374=CARTESIAN_POINT('Ctrl Pts',(-45.2546736827534,-44.7096655910488,
23.7574803915574));
#11375=CARTESIAN_POINT('Ctrl Pts',(-45.2546736827534,-44.8101208912382,
23.5321324482226));
#11376=CARTESIAN_POINT('Ctrl Pts',(-45.2546736827534,-44.8696100156996,
23.2613605159464));
#11377=CARTESIAN_POINT('Ctrl Pts',(-45.2546736827534,-44.8696100156996,
22.9460645716699));
#11378=CARTESIAN_POINT('Ctrl Pts',(-45.2546736827534,-41.4696100156996,
22.94606457167));
#11379=CARTESIAN_POINT('Ctrl Pts',(-45.2546736827534,-41.4696100156996,
23.4190084880846));
#11380=CARTESIAN_POINT('Ctrl Pts',(-45.2546736827534,-41.5976658230079,
23.7868708811921));
#11381=CARTESIAN_POINT('Ctrl Pts',(-45.2546736827534,-41.8108196553146,
24.061295016077));
#11382=CARTESIAN_POINT('Ctrl Pts',(-45.2546736827534,-41.9529222101857,
24.2442444393335));
#11383=CARTESIAN_POINT('Ctrl Pts',(-45.2546736827534,-42.1328461095006,
24.3856657478245));
#11384=CARTESIAN_POINT('Ctrl Pts',(-45.2546736827534,-42.3581940748097,
24.4861207809086));
#11385=CARTESIAN_POINT('Ctrl Pts',(-45.2546736827534,-42.5835420401188,
24.5865758139927));
#11386=CARTESIAN_POINT('Ctrl Pts',(-45.2546736827534,-42.854314071422,24.6460645716699));
#11387=CARTESIAN_POINT('Ctrl Pts',(-45.2546736827534,-43.1696100156996,
24.6460645716699));
#11388=CARTESIAN_POINT('',(-45.2546736827534,-44.7319499891501,3.73615213455191));
#11389=CARTESIAN_POINT('',(-45.2546736827534,-44.6319499891501,3.73615213455191));
#11390=CARTESIAN_POINT('',(-45.2546736827534,-42.6507800024249,3.73615213455191));
#11391=CARTESIAN_POINT('',(-45.2546736827534,-42.9319499891501,2.03615213455191));
#11392=CARTESIAN_POINT('Origin',(-45.2546736827531,-44.63194998915,2.03615213455191));
#11393=CARTESIAN_POINT('',(-45.2546736827534,-42.93194998915,-3.66384786544806));
#11394=CARTESIAN_POINT('',(-45.2546736827534,-42.93194998915,-12.4388478654482));
#11395=CARTESIAN_POINT('',(-45.2546736827534,-44.63194998915,-5.36384786544807));
#11396=CARTESIAN_POINT('Origin',(-45.2546736827531,-44.63194998915,-3.66384786544806));
#11397=CARTESIAN_POINT('',(-45.2546736827534,-44.73194998915,-5.36384786544807));
#11398=CARTESIAN_POINT('',(-45.2546736827534,-42.6007800024249,-5.36384786544807));
#11399=CARTESIAN_POINT('',(-45.2546736827534,-46.43194998915,-3.66384786544806));
#11400=CARTESIAN_POINT('Origin',(-45.2546736827531,-44.73194998915,-3.66384786544806));
#11401=CARTESIAN_POINT('',(-45.2546736827534,-46.43194998915,2.03615213455191));
#11402=CARTESIAN_POINT('',(-45.2546736827534,-46.43194998915,-15.2888478654482));
#11403=CARTESIAN_POINT('Origin',(-45.2546736827531,-44.7319499891501,2.03615213455191));
#11404=CARTESIAN_POINT('Origin',(0.0953263172452434,-22.6696100157062,-0.113847865449213));
#11405=CARTESIAN_POINT('',(-40.904673682755,-22.6696100157062,44.2861522612074));
#11406=CARTESIAN_POINT('',(-40.9046736827546,-22.6696100157062,21.5861521978788));
#11407=CARTESIAN_POINT('',(41.095326317245,-22.6696100157062,44.2861522612089));
#11408=CARTESIAN_POINT('',(20.0953263172447,-22.6696100157062,44.2861522612085));
#11409=CARTESIAN_POINT('',(41.0953263172453,-22.6696100157077,25.5861521345496));
#11410=CARTESIAN_POINT('',(41.0953263172456,-22.6696100157062,13.0861520712204));
#11411=CARTESIAN_POINT('',(45.712482502781,-22.6696100157078,25.5861521345496));
#11412=CARTESIAN_POINT('',(22.2203263172473,-22.669610015707,25.5861521345496));
#11413=CARTESIAN_POINT('',(45.712482502781,-22.6696100157079,48.5739583812178));
#11414=CARTESIAN_POINT('',(45.712482502781,-22.6696100157079,41.6800552578828));
#11415=CARTESIAN_POINT('',(-22.5796736827536,-22.6696100157055,48.5739583812178));
#11416=CARTESIAN_POINT('Origin',(-40.9046736827549,-20.6696100157054,43.2861522612075));
#11417=CARTESIAN_POINT('',(-40.9046736827551,-26.6696100157054,44.2861522612073));
#11418=CARTESIAN_POINT('',(-40.904673682755,-26.6696100157053,39.0361521978774));
#11419=CARTESIAN_POINT('',(-40.9046736827549,-20.6696100157062,44.2861522612075));
#11420=CARTESIAN_POINT('Origin',(0.0953263172467473,-35.8497244637429,21.0861521345496));
#11421=CARTESIAN_POINT('',(-34.9046736827558,-35.8497244637386,20.5861521345503));
#11422=CARTESIAN_POINT('',(-22.029673682753,-35.8497244637402,20.5861521345503));
#11423=CARTESIAN_POINT('',(-34.9046736827558,-35.8497244637386,21.5861521345505));
#11424=CARTESIAN_POINT('',(-34.9046736827558,-35.8497244637386,20.83615213455));
#11425=CARTESIAN_POINT('',(-17.4046736827548,-35.8497244637407,21.5861521345505));
#11426=CARTESIAN_POINT('Origin',(-34.9046736827558,-31.5497244637452,20.5861521345503));
#11427=CARTESIAN_POINT('',(2.79532631724582,-22.9497244637467,20.58615213455));
#11428=CARTESIAN_POINT('',(43.3453263172447,-22.9497244637461,20.58615213455));
#11429=CARTESIAN_POINT('',(39.345326317249,-22.9497244637461,20.5861521345496));
#11430=CARTESIAN_POINT('',(43.3453263172447,-22.9497244637461,20.58615213455));
#11431=CARTESIAN_POINT('',(39.3453263172491,-20.6696100157056,20.5861521345496));
#11432=CARTESIAN_POINT('',(45.712482502781,-38.5696100156992,20.5861521345496));
#11433=CARTESIAN_POINT('',(45.712482502781,-30.6196100157026,20.5861521345496));
#11434=CARTESIAN_POINT('',(39.3453263172482,-38.5696100156989,20.5861521345496));
#11435=CARTESIAN_POINT('',(40.5953263172482,-38.569610015699,20.5861521345496));
#11436=CARTESIAN_POINT('',(39.3453263172483,-35.8497244637477,20.5861521345496));
#11437=CARTESIAN_POINT('',(39.3453263172491,-20.6696100157056,20.5861521345496));
#11438=CARTESIAN_POINT('',(39.1953263172442,-35.8497244637477,20.5861521345487));
#11439=CARTESIAN_POINT('',(19.6453263172452,-35.8497244637453,20.5861521345488));
#11440=CARTESIAN_POINT('',(39.1953263172442,-34.2497244637477,20.5861521345487));
#11441=CARTESIAN_POINT('',(39.1953263172442,-31.5497244637453,20.5861521345488));
#11442=CARTESIAN_POINT('',(-34.9046736827558,-34.2497244637386,20.5861521345503));
#11443=CARTESIAN_POINT('',(-16.379673682756,-34.2497244637409,20.5861521345499));
#11444=CARTESIAN_POINT('',(-34.9046736827558,-31.5497244637452,20.5861521345503));
#11445=CARTESIAN_POINT('',(-43.1546736827535,-22.9497244637473,20.58615213455));
#11446=CARTESIAN_POINT('',(43.3453263172447,-22.9497244637461,20.58615213455));
#11447=CARTESIAN_POINT('',(44.3453263172447,-21.8096672397258,20.5861521345496));
#11448=CARTESIAN_POINT('Origin',(-39.9046736827549,-20.6696100157055,43.2861522612075));
#11449=CARTESIAN_POINT('',(-39.904673682755,-22.6696100157062,43.2861522612075));
#11450=CARTESIAN_POINT('',(-39.9046736827547,-22.6696100157062,26.2861520078877));
#11451=CARTESIAN_POINT('',(-39.9046736827546,-22.6696100157062,21.5861521978788));
#11452=CARTESIAN_POINT('',(-39.9046736827551,-26.6696100157055,43.2861522612074));
#11453=CARTESIAN_POINT('',(-39.9046736827549,-20.6696100157055,43.2861522612075));
#11454=CARTESIAN_POINT('',(-39.9046736827548,-26.6696100157055,26.2861520078876));
#11455=CARTESIAN_POINT('',(-39.904673682755,-26.6696100157055,39.0361521978781));
#11456=CARTESIAN_POINT('',(-39.9046736827546,-20.6696100157055,26.2861520078878));
#11457=CARTESIAN_POINT('Origin',(40.0953263172451,-20.6696100157094,43.286152261209));
#11458=CARTESIAN_POINT('',(40.095326317245,-22.6696100157062,43.2861522612089));
#11459=CARTESIAN_POINT('',(20.0953263172448,-22.6696100157062,43.2861522612085));
#11460=CARTESIAN_POINT('',(40.0953263172449,-26.6696100157094,43.2861522612088));
#11461=CARTESIAN_POINT('',(40.0953263172451,-20.6696100157094,43.286152261209));
#11462=CARTESIAN_POINT('',(30.6176094128774,-26.6696100157086,43.286152261209));
#11463=CARTESIAN_POINT('',(20.0953263172444,-26.6696100157084,43.2861522612085));
#11464=CARTESIAN_POINT('',(23.6176094128774,-26.6696100157082,43.286152261209));
#11465=CARTESIAN_POINT('',(31.8564678650611,-26.6696100157086,43.2861522612087));
#11466=CARTESIAN_POINT('',(2.66935140343143,-26.6696100157071,43.2861522612083));
#11467=CARTESIAN_POINT('',(20.0953263172444,-26.6696100157084,43.2861522612085));
#11468=CARTESIAN_POINT('',(-4.33064859656857,-26.6696100157068,43.2861522612083));
#11469=CARTESIAN_POINT('',(17.8823388603381,-26.6696100157079,43.2861522612084));
#11470=CARTESIAN_POINT('',(-27.3680661829775,-26.6696100157055,43.2861522612083));
#11471=CARTESIAN_POINT('',(20.0953263172444,-26.6696100157084,43.2861522612085));
#11472=CARTESIAN_POINT('',(-34.3680661829775,-26.6696100157052,43.2861522612083));
#11473=CARTESIAN_POINT('',(2.86363006713361,-26.6696100157071,43.2861522612081));
#11474=CARTESIAN_POINT('',(20.0953263172444,-26.6696100157084,43.2861522612085));
#11475=CARTESIAN_POINT('Origin',(41.0953263172454,-20.6696100157094,26.2861520078892));
#11476=CARTESIAN_POINT('',(41.0953263172452,-26.6696100157075,25.5861521345496));
#11477=CARTESIAN_POINT('',(41.0953263172454,-20.6696100157075,25.5861521345496));
#11478=CARTESIAN_POINT('',(41.0953263172449,-26.6696100157079,44.2861522612088));
#11479=CARTESIAN_POINT('',(41.0953263172451,-20.6696100157097,44.286152261209));
#11480=CARTESIAN_POINT('',(41.0953263172451,-26.6696100157076,30.536152071219));
#11481=CARTESIAN_POINT('Origin',(40.0953263172451,-20.6696100157094,44.286152261209));
#11482=CARTESIAN_POINT('',(-34.3680661829775,-26.6696100157052,44.2861522612077));
#11483=CARTESIAN_POINT('',(20.0953263172449,-26.6696100157073,44.2861522612085));
#11484=CARTESIAN_POINT('',(-34.3680661829781,-38.5696100157004,44.2861522612077));
#11485=CARTESIAN_POINT('',(-34.3680661829775,-26.6696100157052,44.2861522612077));
#11486=CARTESIAN_POINT('',(-27.3680661829749,-38.5696100157008,44.2861522612065));
#11487=CARTESIAN_POINT('',(33.6064678650614,-38.569610015704,44.2861522612084));
#11488=CARTESIAN_POINT('',(-27.3680661829775,-26.6696100157055,44.2861522612077));
#11489=CARTESIAN_POINT('',(-27.3680661829746,-33.9696100157007,44.2861522612065));
#11490=CARTESIAN_POINT('',(-4.33064859656857,-26.6696100157068,44.2861522612083));
#11491=CARTESIAN_POINT('',(20.0953263172449,-26.6696100157073,44.2861522612085));
#11492=CARTESIAN_POINT('',(-4.33064859656918,-38.569610015702,44.2861522612083));
#11493=CARTESIAN_POINT('',(-4.33064859656857,-26.6696100157068,44.2861522612083));
#11494=CARTESIAN_POINT('',(2.66935140343334,-38.5696100157023,44.2861522612071));
#11495=CARTESIAN_POINT('',(33.6064678650614,-38.569610015704,44.2861522612084));
#11496=CARTESIAN_POINT('',(2.66935140343143,-26.6696100157071,44.2861522612083));
#11497=CARTESIAN_POINT('',(2.66935140343358,-33.9696100157023,44.2861522612071));
#11498=CARTESIAN_POINT('',(23.6176094128774,-26.6696100157082,44.2861522612087));
#11499=CARTESIAN_POINT('',(20.0953263172449,-26.6696100157073,44.2861522612085));
#11500=CARTESIAN_POINT('',(23.6176094128768,-38.5696100157034,44.2861522612087));
#11501=CARTESIAN_POINT('',(23.6176094128774,-26.6696100157082,44.2861522612087));
#11502=CARTESIAN_POINT('',(30.6176094128786,-38.5696100157038,44.2861522612076));
#11503=CARTESIAN_POINT('',(33.6064678650614,-38.569610015704,44.2861522612084));
#11504=CARTESIAN_POINT('',(30.6176094128774,-26.6696100157086,44.2861522612087));
#11505=CARTESIAN_POINT('',(30.6176094128789,-33.9696100157038,44.2861522612076));
#11506=CARTESIAN_POINT('',(20.0953263172449,-26.6696100157073,44.2861522612085));
#11507=CARTESIAN_POINT('Origin',(0.0953263172450503,-26.6696100157065,34.7861521345482));
#11508=CARTESIAN_POINT('',(1.60789187387393,-26.6696100157063,25.2861520078884));
#11509=CARTESIAN_POINT('',(-19.9046736827548,-26.6696100157056,25.286152007888));
#11510=CARTESIAN_POINT('',(3.98276076061707,-26.6696100157063,25.2861520078884));
#11511=CARTESIAN_POINT('Origin',(2.79532631724554,-26.6696100157067,23.0861521345487));
#11512=CARTESIAN_POINT('',(39.3453263172488,-26.6696100157074,25.2861520078891));
#11513=CARTESIAN_POINT('',(-19.9046736827548,-26.6696100157056,25.286152007888));
#11514=CARTESIAN_POINT('',(39.3453263172488,-26.6696100157074,25.5861521345496));
#11515=CARTESIAN_POINT('',(39.3453263172488,-26.6696100157075,30.1861521345488));
#11516=CARTESIAN_POINT('',(22.220326317247,-26.6696100157069,25.5861521345496));
#11517=CARTESIAN_POINT('',(30.6176094128774,-26.6696100157075,39.0361521978786));
#11518=CARTESIAN_POINT('',(40.0953263172452,-26.6696100157094,26.2861520078891));
#11519=CARTESIAN_POINT('',(40.0953263172451,-26.6696100157094,30.5361520712197));
#11520=CARTESIAN_POINT('',(-19.9046736827553,-26.6696100157064,26.286152007888));
#11521=CARTESIAN_POINT('',(-34.3680661829775,-26.6696100157055,39.5361521978779));
#11522=CARTESIAN_POINT('Origin',(-39.9046736827546,-20.6696100157054,25.2861520078878));
#11523=CARTESIAN_POINT('',(1.607891873873,-33.9696100157027,25.2861520078882));
#11524=CARTESIAN_POINT('Origin',(12.2684804081564,-38.0696100157028,41.0346802719717));
#11525=CARTESIAN_POINT('',(-27.3680661829781,-37.7160566251075,40.6811268813751));
#11526=CARTESIAN_POINT('',(-27.3680661829781,-38.5696100157008,41.0346802719683));
#11527=CARTESIAN_POINT('Origin',(-27.3680661829779,-38.0696100157008,41.0346802719683));
#11528=CARTESIAN_POINT('',(-34.3680661829781,-38.5696100157004,41.0346802719678));
#11529=CARTESIAN_POINT('',(12.2684804081564,-38.5696100157028,41.0346802719717));
#11530=CARTESIAN_POINT('',(-34.3680661829781,-37.7160566251071,40.6811268813745));
#11531=CARTESIAN_POINT('Origin',(-34.3680661829779,-38.0696100157004,41.0346802719678));
#11532=CARTESIAN_POINT('',(12.2684804081564,-37.7160566251096,40.6811268813784));
#11533=CARTESIAN_POINT('Origin',(-2.58064859656615,-36.6403206938212,41.7568628126647));
#11534=CARTESIAN_POINT('',(-34.368066182978,-35.7867673032236,42.610416203258));
#11535=CARTESIAN_POINT('',(-34.3680661829779,-33.5153206621539,44.8818628443277));
#11536=CARTESIAN_POINT('',(-27.368066182978,-35.7867673032244,42.6104162032581));
#11537=CARTESIAN_POINT('',(-33.4930661829741,-35.7867673032237,42.610416203258));
#11538=CARTESIAN_POINT('',(-27.3680661829779,-33.7653206621544,44.6318628443282));
#11539=CARTESIAN_POINT('Origin',(-34.3680661829775,-26.6696100157052,44.2861522612077));
#11540=CARTESIAN_POINT('',(-34.3680661829781,-38.5696100157004,43.8861522295426));
#11541=CARTESIAN_POINT('',(-34.3680661829775,-26.6745281287505,43.2812341481629));
#11542=CARTESIAN_POINT('',(-34.3680661829776,-27.0696100157053,42.8861522612082));
#11543=CARTESIAN_POINT('',(-34.3680661829779,-32.9396100157052,40.6861522612083));
#11544=CARTESIAN_POINT('',(-34.3680661829776,-28.0610535613888,42.7069165093889));
#11545=CARTESIAN_POINT('',(-34.3680661829779,-33.9696100156986,40.6861522612083));
#11546=CARTESIAN_POINT('',(-34.3680661829775,-26.6696100157052,40.6861522612083));
#11547=CARTESIAN_POINT('',(-34.3680661829779,-33.9696100156986,42.786152134546));
#11548=CARTESIAN_POINT('',(-34.3680661829779,-33.9696100156986,43.2861522612083));
#11549=CARTESIAN_POINT('',(-34.368066182978,-35.3625032345117,42.786152134546));
#11550=CARTESIAN_POINT('',(-34.3680661829777,-30.3196100157028,42.786152134546));
#11551=CARTESIAN_POINT('Origin',(-34.3680661829785,-35.3625032345117,42.186152134546));
#11552=CARTESIAN_POINT('Origin',(12.2684804081564,-38.0696100157028,41.0346802719717));
#11553=CARTESIAN_POINT('',(2.66935140343087,-37.7160566251091,40.6811268813776));
#11554=CARTESIAN_POINT('',(2.66935140343082,-38.5696100157023,41.0346802719709));
#11555=CARTESIAN_POINT('Origin',(2.66935140343102,-38.0696100157023,41.0346802719709));
#11556=CARTESIAN_POINT('',(-4.33064859656918,-38.569610015702,41.0346802719703));
#11557=CARTESIAN_POINT('',(12.2684804081564,-38.5696100157028,41.0346802719717));
#11558=CARTESIAN_POINT('',(-4.33064859656914,-37.7160566251087,40.681126881377));
#11559=CARTESIAN_POINT('Origin',(-4.3306485965689,-38.069610015702,41.0346802719703));
#11560=CARTESIAN_POINT('',(12.2684804081564,-37.7160566251096,40.6811268813784));
#11561=CARTESIAN_POINT('Origin',(27.1176094128787,-38.5696100157036,43.4861521978775));
#11562=CARTESIAN_POINT('',(2.66935140343082,-38.5696100157023,43.3861522295429));
#11563=CARTESIAN_POINT('',(-4.33064859656918,-38.569610015702,43.8861522295429));
#11564=CARTESIAN_POINT('Origin',(2.66935140343143,-26.6696100157071,43.2861522612083));
#11565=CARTESIAN_POINT('',(2.66935140343097,-35.7867673032279,42.6104162032588));
#11566=CARTESIAN_POINT('',(2.66935140343107,-33.7653206621572,44.6318628443294));
#11567=CARTESIAN_POINT('',(2.66935140343099,-35.3625032345159,42.7861521345469));
#11568=CARTESIAN_POINT('Origin',(2.66935140343046,-35.3625032345159,42.1861521345469));
#11569=CARTESIAN_POINT('',(2.66935140343106,-33.9696100157031,42.7861521345469));
#11570=CARTESIAN_POINT('',(2.66935140343124,-30.3196100157047,42.7861521345469));
#11571=CARTESIAN_POINT('',(2.66935140343106,-33.9696100157031,40.6861522612083));
#11572=CARTESIAN_POINT('',(2.66935140343106,-33.9696100157031,43.5361522612084));
#11573=CARTESIAN_POINT('',(2.66935140343111,-32.9396100157071,40.6861522612083));
#11574=CARTESIAN_POINT('',(2.66935140343143,-26.6696100157071,40.6861522612083));
#11575=CARTESIAN_POINT('',(2.66935140343143,-26.6745281287525,43.2812341481629));
#11576=CARTESIAN_POINT('',(2.66935140343135,-28.2378302566873,42.6336932046856));
#11577=CARTESIAN_POINT('',(2.6693514034314,-27.3196100157071,42.6361522612083));
#11578=CARTESIAN_POINT('',(2.66935140343143,-26.6696100157066,39.0361521978783));
#11579=CARTESIAN_POINT('Origin',(12.2684804081564,-38.0696100157028,41.0346802719717));
#11580=CARTESIAN_POINT('',(30.6176094128769,-37.7160566251105,40.6811268813799));
#11581=CARTESIAN_POINT('',(30.6176094128768,-38.5696100157038,41.0346802719732));
#11582=CARTESIAN_POINT('Origin',(30.617609412877,-38.0696100157038,41.0346802719732));
#11583=CARTESIAN_POINT('',(23.6176094128768,-38.5696100157034,41.0346802719726));
#11584=CARTESIAN_POINT('',(12.2684804081564,-38.5696100157028,41.0346802719717));
#11585=CARTESIAN_POINT('',(23.6176094128769,-37.7160566251102,40.6811268813794));
#11586=CARTESIAN_POINT('Origin',(23.6176094128771,-38.0696100157034,41.0346802719726));
#11587=CARTESIAN_POINT('',(12.2684804081564,-37.7160566251096,40.6811268813784));
#11588=CARTESIAN_POINT('Origin',(27.1176094128787,-38.5696100157036,43.4861521978775));
#11589=CARTESIAN_POINT('',(30.6176094128768,-38.5696100157038,43.3861522295432));
#11590=CARTESIAN_POINT('',(23.6176094128768,-38.5696100157034,43.8861522295431));
#11591=CARTESIAN_POINT('Origin',(30.6176094128774,-26.6696100157086,43.286152261209));
#11592=CARTESIAN_POINT('',(30.617609412877,-35.7867673032311,42.6104162032594));
#11593=CARTESIAN_POINT('',(30.6176094128771,-33.7653206621596,44.6318628443308));
#11594=CARTESIAN_POINT('',(30.617609412877,-35.3625032345191,42.7861521345475));
#11595=CARTESIAN_POINT('Origin',(30.6176094128765,-35.3625032345191,42.1861521345475));
#11596=CARTESIAN_POINT('',(30.6176094128771,-33.9696100157066,42.7861521345475));
#11597=CARTESIAN_POINT('',(30.6176094128773,-30.3196100157062,42.7861521345475));
#11598=CARTESIAN_POINT('',(30.6176094128771,-33.9696100157066,40.686152261209));
#11599=CARTESIAN_POINT('',(30.6176094128771,-33.9696100157065,43.5361522612087));
#11600=CARTESIAN_POINT('',(30.6176094128771,-32.9396100157086,40.686152261209));
#11601=CARTESIAN_POINT('',(30.6176094128774,-26.6696100157086,40.686152261209));
#11602=CARTESIAN_POINT('',(30.6176094128774,-26.674528128754,43.2812341481637));
#11603=CARTESIAN_POINT('',(30.6176094128774,-28.2378302566888,42.6336932046864));
#11604=CARTESIAN_POINT('',(30.6176094128774,-27.3196100157086,42.636152261209));
#11605=CARTESIAN_POINT('Origin',(-4.33064859656857,-26.6696100157068,44.2861522612083));
#11606=CARTESIAN_POINT('',(-4.33064859656858,-26.6696100157064,39.5361521978783));
#11607=CARTESIAN_POINT('',(-4.33064859656857,-26.6745281287521,43.2812341481629));
#11608=CARTESIAN_POINT('',(-4.33064859656859,-27.0696100157068,42.8861522612083));
#11609=CARTESIAN_POINT('',(-4.33064859656889,-32.9396100157068,40.6861522612083));
#11610=CARTESIAN_POINT('',(-4.33064859656864,-28.0610535613903,42.706916509389));
#11611=CARTESIAN_POINT('',(-4.33064859656894,-33.9696100157023,40.6861522612083));
#11612=CARTESIAN_POINT('',(-4.33064859656857,-26.6696100157068,40.6861522612083));
#11613=CARTESIAN_POINT('',(-4.33064859656895,-33.9696100157023,42.7861521345467));
#11614=CARTESIAN_POINT('',(-4.33064859656894,-33.9696100157023,43.2861522612083));
#11615=CARTESIAN_POINT('',(-4.33064859656902,-35.3625032345151,42.7861521345467));
#11616=CARTESIAN_POINT('',(-4.33064859656876,-30.3196100157044,42.7861521345467));
#11617=CARTESIAN_POINT('',(-4.33064859656903,-35.7867673032271,42.6104162032586));
#11618=CARTESIAN_POINT('Origin',(-4.33064859656952,-35.3625032345151,42.1861521345467));
#11619=CARTESIAN_POINT('',(-4.33064859656892,-33.5153206621565,44.8818628443291));
#11620=CARTESIAN_POINT('Origin',(23.6176094128774,-26.6696100157082,44.2861522612087));
#11621=CARTESIAN_POINT('',(23.6176094128774,-26.6696100157073,39.5361521978785));
#11622=CARTESIAN_POINT('',(23.6176094128774,-26.6745281287536,43.2812341481637));
#11623=CARTESIAN_POINT('',(23.6176094128774,-27.0696100157083,42.886152261209));
#11624=CARTESIAN_POINT('',(23.6176094128771,-32.9396100157082,40.686152261209));
#11625=CARTESIAN_POINT('',(23.6176094128774,-28.0610535613918,42.7069165093897));
#11626=CARTESIAN_POINT('',(23.6176094128771,-33.9696100157057,40.686152261209));
#11627=CARTESIAN_POINT('',(23.6176094128774,-26.6696100157082,40.686152261209));
#11628=CARTESIAN_POINT('',(23.6176094128771,-33.9696100157057,42.7861521345473));
#11629=CARTESIAN_POINT('',(23.6176094128771,-33.9696100157057,43.286152261209));
#11630=CARTESIAN_POINT('',(23.617609412877,-35.3625032345183,42.7861521345473));
#11631=CARTESIAN_POINT('',(23.6176094128773,-30.3196100157058,42.7861521345473));
#11632=CARTESIAN_POINT('',(23.617609412877,-35.7867673032302,42.6104162032593));
#11633=CARTESIAN_POINT('Origin',(23.6176094128765,-35.3625032345183,42.1861521345473));
#11634=CARTESIAN_POINT('',(23.6176094128771,-33.5153206621591,44.8818628443304));
#11635=CARTESIAN_POINT('Origin',(-2.58064859656615,-36.6403206938212,41.7568628126647));
#11636=CARTESIAN_POINT('',(-3.45564859656626,-35.7867673032272,42.6104162032587));
#11637=CARTESIAN_POINT('Origin',(-2.58064859656615,-36.6403206938212,41.7568628126647));
#11638=CARTESIAN_POINT('',(24.4926094128787,-35.7867673032303,42.6104162032593));
#11639=CARTESIAN_POINT('Origin',(-27.3680661829775,-26.6696100157055,43.2861522612083));
#11640=CARTESIAN_POINT('',(-27.368066182978,-35.3625032345125,42.7861521345462));
#11641=CARTESIAN_POINT('Origin',(-27.3680661829785,-35.3625032345125,42.1861521345462));
#11642=CARTESIAN_POINT('',(-27.3680661829779,-33.9696100156994,42.7861521345462));
#11643=CARTESIAN_POINT('',(-27.3680661829777,-30.3196100157031,42.7861521345462));
#11644=CARTESIAN_POINT('',(-27.3680661829779,-33.9696100156994,40.6861522612083));
#11645=CARTESIAN_POINT('',(-27.3680661829779,-33.9696100156994,43.5361522612084));
#11646=CARTESIAN_POINT('',(-27.3680661829779,-32.9396100157055,40.6861522612083));
#11647=CARTESIAN_POINT('',(-27.3680661829775,-26.6696100157055,40.6861522612083));
#11648=CARTESIAN_POINT('',(-27.3680661829775,-26.6745281287509,43.281234148163));
#11649=CARTESIAN_POINT('',(-27.3680661829776,-28.2378302566857,42.6336932046856));
#11650=CARTESIAN_POINT('',(-27.3680661829776,-27.3196100157055,42.6361522612083));
#11651=CARTESIAN_POINT('',(-27.3680661829775,-26.6696100157057,39.0361521978783));
#11652=CARTESIAN_POINT('',(-27.3680661829781,-38.5696100157008,43.3861522295429));
#11653=CARTESIAN_POINT('Origin',(24.4926094128787,-35.3625032345184,42.1861521345473));
#11654=CARTESIAN_POINT('',(24.4926094128787,-35.3625032345184,42.7861521345474));
#11655=CARTESIAN_POINT('Origin',(-3.45564859656621,-35.3625032345152,42.1861521345467));
#11656=CARTESIAN_POINT('',(-3.45564859656621,-35.3625032345152,42.7861521345467));
#11657=CARTESIAN_POINT('Origin',(-33.493066182974,-35.3625032345118,42.1861521345461));
#11658=CARTESIAN_POINT('',(-33.493066182974,-35.3625032345118,42.7861521345461));
#11659=CARTESIAN_POINT('Origin',(-4.33064859656626,-33.969610015702,42.7861521345467));
#11660=CARTESIAN_POINT('',(-3.10293849080833,-33.9696100157024,42.7861521345467));
#11661=CARTESIAN_POINT('Origin',(23.617609412879,-33.9696100157034,42.7861521345473));
#11662=CARTESIAN_POINT('',(10.8711905139143,-33.9696100157041,42.7861521345471));
#11663=CARTESIAN_POINT('Origin',(-34.3680661829745,-33.9696100157004,42.786152134546));
#11664=CARTESIAN_POINT('',(-18.1216472840124,-33.9696100157006,42.7861521345464));
#11665=CARTESIAN_POINT('Origin',(27.1176094128787,-38.5696100157036,43.4861521978775));
#11666=CARTESIAN_POINT('Origin',(23.6176094128773,-29.8070690722309,41.9836932046864));
#11667=CARTESIAN_POINT('',(23.6176094128774,-26.6745281287536,43.2812341481637));
#11668=CARTESIAN_POINT('',(23.6176094128771,-32.9396100157082,40.686152261209));
#11669=CARTESIAN_POINT('Origin',(23.6176094128774,-27.9696100157082,41.986152261209));
#11670=CARTESIAN_POINT('Origin',(-4.33064859656873,-29.8070690722294,41.9836932046856));
#11671=CARTESIAN_POINT('',(-4.33064859656857,-26.6745281287521,43.2812341481629));
#11672=CARTESIAN_POINT('',(-4.33064859656889,-32.9396100157068,40.6861522612083));
#11673=CARTESIAN_POINT('Origin',(-4.33064859656863,-27.9696100157068,41.9861522612083));
#11674=CARTESIAN_POINT('Origin',(-34.3680661829777,-29.8070690722279,41.9836932046856));
#11675=CARTESIAN_POINT('',(-34.3680661829775,-26.6745281287505,43.2812341481629));
#11676=CARTESIAN_POINT('',(-34.3680661829779,-32.9396100157052,40.6861522612083));
#11677=CARTESIAN_POINT('Origin',(-34.3680661829776,-27.9696100157052,41.9861522612083));
#11678=CARTESIAN_POINT('Origin',(23.6176094128774,-26.6696100157082,40.686152261209));
#11679=CARTESIAN_POINT('',(10.8711905139131,-33.9696100157041,40.686152261209));
#11680=CARTESIAN_POINT('Origin',(-4.33064859656857,-26.6696100157068,40.6861522612083));
#11681=CARTESIAN_POINT('',(-3.10293849080994,-33.9696100157024,40.6861522612083));
#11682=CARTESIAN_POINT('Origin',(-34.3680661829775,-26.6696100157052,40.6861522612083));
#11683=CARTESIAN_POINT('',(-18.1216472840144,-33.9696100157006,40.6861522612083));
#11684=CARTESIAN_POINT('Origin',(-1.87522838505042,-33.9696100157025,43.7861522612083));
#11685=CARTESIAN_POINT('Origin',(-1.87522838505042,-33.9696100157025,43.7861522612083));
#11686=CARTESIAN_POINT('Origin',(0.0953263172450503,-26.6696100157065,34.7861521345482));
#11687=CARTESIAN_POINT('Origin',(-1.87522838505042,-33.9696100157025,43.7861522612083));
#11688=CARTESIAN_POINT('Origin',(40.0953263172454,-20.6696100157094,26.2861520078892));
#11689=CARTESIAN_POINT('',(40.0953263172453,-22.6696100157062,26.2861520078892));
#11690=CARTESIAN_POINT('',(40.0953263172456,-22.6696100157062,13.0861520712204));
#11691=CARTESIAN_POINT('',(40.0953263172454,-20.6696100157094,26.2861520078892));
#11692=CARTESIAN_POINT('Origin',(-39.9046736827546,-20.6696100157055,26.2861520078878));
#11693=CARTESIAN_POINT('',(-19.9046736827549,-22.6696100157062,26.2861520078881));
#11694=CARTESIAN_POINT('Origin',(-39.9046736827546,-20.6696100157054,25.2861520078878));
#11695=CARTESIAN_POINT('',(39.3453263172491,-20.6696100157076,25.2861520078892));
#11696=CARTESIAN_POINT('',(3.98276076061688,-33.9696100157029,25.2861520078882));
#11697=CARTESIAN_POINT('Origin',(0.0953263172450503,-26.6696100157065,34.7861521345482));
#11698=CARTESIAN_POINT('Origin',(39.3453263172491,-20.6696100157056,25.5861521345496));
#11699=CARTESIAN_POINT('',(39.345326317249,-22.9497244637461,21.58615213455));
#11700=CARTESIAN_POINT('',(39.345326317249,-22.9497244637461,12.7361521345502));
#11701=CARTESIAN_POINT('',(39.3453263172483,-35.8497244637477,21.5861521345486));
#11702=CARTESIAN_POINT('',(39.3453263172488,-26.1096672397254,21.5861521345488));
#11703=CARTESIAN_POINT('',(39.3453263172483,-35.8497244637477,23.3361521345496));
#11704=CARTESIAN_POINT('',(39.3453263172482,-38.5696100156989,25.5861521345496));
#11705=CARTESIAN_POINT('',(39.3453263172482,-38.5696100156989,24.3361521345496));
#11706=CARTESIAN_POINT('',(39.3453263172491,-20.6696100157056,25.5861521345496));
#11707=CARTESIAN_POINT('Origin',(2.79532631724498,-33.9696100157028,23.0861521345487));
#11708=CARTESIAN_POINT('',(5.29532631724498,-33.969610015703,23.0861521345487));
#11709=CARTESIAN_POINT('',(5.29532631724498,-33.969610015703,23.0861521345487));
#11710=CARTESIAN_POINT('',(4.79532631724557,-33.9696100157029,21.5861521345495));
#11711=CARTESIAN_POINT('Origin',(2.79532631724498,-33.9696100157028,23.0861521345487));
#11712=CARTESIAN_POINT('',(4.79532631724681,-22.9497244637466,21.58615213455));
#11713=CARTESIAN_POINT('',(4.79532631724557,-33.9696100157029,21.5861521345495));
#11714=CARTESIAN_POINT('Origin',(2.79532631724582,-22.9497244637468,23.0861521345487));
#11715=CARTESIAN_POINT('',(0.795326317244839,-22.9497244637467,21.58615213455));
#11716=CARTESIAN_POINT('Origin',(2.79532631724582,-22.9497244637468,23.0861521345487));
#11717=CARTESIAN_POINT('',(0.795326317244329,-33.9696100157026,21.5861521345495));
#11718=CARTESIAN_POINT('',(0.795326317244329,-33.9696100157026,21.5861521345495));
#11719=CARTESIAN_POINT('Origin',(2.79532631724498,-33.9696100157028,23.0861521345487));
#11720=CARTESIAN_POINT('Origin',(0.0953263172452434,-22.6696100157062,-0.113847865449213));
#11721=CARTESIAN_POINT('Origin',(44.3453263172491,-20.6696100157056,25.5861521345496));
#11722=CARTESIAN_POINT('',(45.712482502781,-38.5696100156992,25.5861521345496));
#11723=CARTESIAN_POINT('',(43.0953263172482,-38.5696100156991,25.5861521345496));
#11724=CARTESIAN_POINT('',(45.712482502781,-30.6196100157026,25.5861521345496));
#11725=CARTESIAN_POINT('Origin',(41.8453263172482,-38.569610015699,23.0861521345496));
#11726=CARTESIAN_POINT('',(45.712482502781,-38.5696100156992,35.8300552578837));
#11727=CARTESIAN_POINT('Origin',(-23.8046736827526,-21.669610015705,37.3861521345408));
#11728=CARTESIAN_POINT('',(-22.6046736827527,-21.669610015705,37.3861521345408));
#11729=CARTESIAN_POINT('Origin',(-21.6046736827527,-21.669610015705,37.3861521345408));
#11730=CARTESIAN_POINT('',(-23.8046736827526,-21.669610015705,38.5861521345407));
#11731=CARTESIAN_POINT('Origin',(-23.8046736827526,-21.669610015705,37.3861521345408));
#11732=CARTESIAN_POINT('Origin',(-23.8046736827527,-21.669610015705,39.5861521345407));
#11733=CARTESIAN_POINT('Origin',(-11.8546736827536,-21.6696100157058,39.5861521345409));
#11734=CARTESIAN_POINT('',(-35.0046736827524,-21.669610015705,38.5861521345405));
#11735=CARTESIAN_POINT('Origin',(-35.0046736827524,-21.669610015705,39.5861521345405));
#11736=CARTESIAN_POINT('',(-11.8546736827536,-21.6696100157058,38.5861521345409));
#11737=CARTESIAN_POINT('Origin',(-35.0046736827524,-21.6696100157043,37.3861521345405));
#11738=CARTESIAN_POINT('',(-36.2046736827523,-21.6696100157043,37.3861521345405));
#11739=CARTESIAN_POINT('Origin',(-37.2046736827523,-21.6696100157042,37.3861521345405));
#11740=CARTESIAN_POINT('Origin',(-35.0046736827524,-21.6696100157043,37.3861521345405));
#11741=CARTESIAN_POINT('Origin',(-37.2046736827523,-21.6696100157049,36.0861521345437));
#11742=CARTESIAN_POINT('',(-36.2046736827522,-21.6696100157049,32.1861521345408));
#11743=CARTESIAN_POINT('Origin',(-37.2046736827522,-21.6696100157049,32.1861521345408));
#11744=CARTESIAN_POINT('',(-36.2046736827523,-21.669610015705,36.0861521345437));
#11745=CARTESIAN_POINT('Origin',(-35.0046736827522,-21.6696100157042,32.1861521345408));
#11746=CARTESIAN_POINT('',(-35.0046736827522,-21.6696100157042,30.9861521345409));
#11747=CARTESIAN_POINT('Origin',(-35.0046736827522,-21.6696100157042,29.9861521345409));
#11748=CARTESIAN_POINT('Origin',(-35.0046736827522,-21.6696100157042,32.1861521345408));
#11749=CARTESIAN_POINT('Origin',(-17.4546736827533,-21.6696100157056,29.9861521345412));
#11750=CARTESIAN_POINT('',(-23.8046736827525,-21.6696100157054,30.9861521345411));
#11751=CARTESIAN_POINT('Origin',(-23.8046736827525,-21.6696100157054,29.9861521345411));
#11752=CARTESIAN_POINT('',(-17.4546736827533,-21.6696100157056,30.9861521345412));
#11753=CARTESIAN_POINT('Origin',(-23.8046736827525,-21.6696100157048,32.1861521345411));
#11754=CARTESIAN_POINT('',(-22.6046736827526,-21.6696100157049,32.1861521345411));
#11755=CARTESIAN_POINT('Origin',(-21.6046736827526,-21.6696100157049,32.1861521345411));
#11756=CARTESIAN_POINT('Origin',(-23.8046736827525,-21.6696100157048,32.1861521345411));
#11757=CARTESIAN_POINT('Origin',(-21.6046736827526,-21.6696100157055,33.4861521345442));
#11758=CARTESIAN_POINT('',(-22.6046736827526,-21.6696100157054,33.4861521345442));
#11759=CARTESIAN_POINT('Origin',(-36.2046736827521,-18.4696100156972,37.3861521345405));
#11760=CARTESIAN_POINT('',(-36.2046736827521,-18.4696100156972,37.3861521345406));
#11761=CARTESIAN_POINT('',(-36.204673682752,-18.4696100156971,32.1861521345409));
#11762=CARTESIAN_POINT('Origin',(-35.0046736827522,-18.4696100156973,37.3861521345406));
#11763=CARTESIAN_POINT('',(-35.0046736827522,-18.4696100156973,38.5861521345405));
#11764=CARTESIAN_POINT('Origin',(-23.8046736827524,-18.469610015698,38.5861521345408));
#11765=CARTESIAN_POINT('',(-23.8046736827524,-18.469610015698,38.5861521345408));
#11766=CARTESIAN_POINT('Origin',(-23.8046736827524,-18.4696100156979,37.3861521345408));
#11767=CARTESIAN_POINT('',(-22.6046736827525,-18.469610015698,37.3861521345409));
#11768=CARTESIAN_POINT('Origin',(-10.1546736827513,-21.6696100157057,37.38615213454));
#11769=CARTESIAN_POINT('',(-8.95467368275135,-21.6696100157058,37.38615213454));
#11770=CARTESIAN_POINT('Origin',(-7.95467368275135,-21.6696100157058,37.38615213454));
#11771=CARTESIAN_POINT('',(-10.1546736827513,-21.6696100157057,38.5861521345399));
#11772=CARTESIAN_POINT('Origin',(-10.1546736827513,-21.6696100157057,37.38615213454));
#11773=CARTESIAN_POINT('Origin',(-10.1546736827513,-21.6696100157057,39.5861521345399));
#11774=CARTESIAN_POINT('Origin',(-5.02967368275295,-21.6696100157061,39.58615213454));
#11775=CARTESIAN_POINT('',(-19.2546736827513,-21.6696100157055,38.5861521345397));
#11776=CARTESIAN_POINT('Origin',(-19.2546736827514,-21.6696100157056,39.5861521345397));
#11777=CARTESIAN_POINT('',(-5.02967368275291,-21.6696100157061,38.58615213454));
#11778=CARTESIAN_POINT('Origin',(-19.2546736827513,-21.6696100157052,37.3861521345397));
#11779=CARTESIAN_POINT('',(-20.4546736827513,-21.6696100157052,37.3861521345396));
#11780=CARTESIAN_POINT('Origin',(-21.4546736827513,-21.6696100157051,37.3861521345396));
#11781=CARTESIAN_POINT('Origin',(-19.2546736827513,-21.6696100157052,37.3861521345397));
#11782=CARTESIAN_POINT('Origin',(-21.4546736827512,-21.6696100157055,36.0861521345434));
#11783=CARTESIAN_POINT('',(-20.4546736827511,-21.6696100157055,32.1861521345401));
#11784=CARTESIAN_POINT('Origin',(-21.4546736827511,-21.6696100157055,32.18615213454));
#11785=CARTESIAN_POINT('',(-20.4546736827512,-21.6696100157055,36.0861521345434));
#11786=CARTESIAN_POINT('Origin',(-19.2546736827512,-21.6696100157051,32.1861521345401));
#11787=CARTESIAN_POINT('',(-19.2546736827512,-21.6696100157051,30.9861521345402));
#11788=CARTESIAN_POINT('Origin',(-19.2546736827512,-21.6696100157051,29.9861521345402));
#11789=CARTESIAN_POINT('Origin',(-19.2546736827512,-21.6696100157051,32.1861521345401));
#11790=CARTESIAN_POINT('Origin',(-9.57967368275277,-21.6696100157059,29.9861521345404));
#11791=CARTESIAN_POINT('',(-10.1546736827511,-21.6696100157059,30.9861521345404));
#11792=CARTESIAN_POINT('Origin',(-10.1546736827511,-21.6696100157059,29.9861521345404));
#11793=CARTESIAN_POINT('',(-9.57967368275279,-21.6696100157059,30.9861521345404));
#11794=CARTESIAN_POINT('Origin',(-10.1546736827512,-21.6696100157056,32.1861521345404));
#11795=CARTESIAN_POINT('',(-8.95467368275121,-21.6696100157057,32.1861521345404));
#11796=CARTESIAN_POINT('Origin',(-7.95467368275119,-21.6696100157057,32.1861521345405));
#11797=CARTESIAN_POINT('Origin',(-10.1546736827512,-21.6696100157056,32.1861521345404));
#11798=CARTESIAN_POINT('Origin',(-7.95467368275125,-21.669610015706,33.4861521345441));
#11799=CARTESIAN_POINT('',(-8.95467368275124,-21.6696100157059,33.486152134544));
#11800=CARTESIAN_POINT('Origin',(-20.4546736827511,-18.4696100156981,37.3861521345397));
#11801=CARTESIAN_POINT('',(-20.4546736827511,-18.4696100156981,37.3861521345397));
#11802=CARTESIAN_POINT('',(-20.4546736827509,-18.469610015698,32.1861521345401));
#11803=CARTESIAN_POINT('Origin',(-19.2546736827511,-18.4696100156982,37.3861521345397));
#11804=CARTESIAN_POINT('',(-19.2546736827511,-18.4696100156982,38.5861521345397));
#11805=CARTESIAN_POINT('Origin',(-10.1546736827511,-18.4696100156987,38.58615213454));
#11806=CARTESIAN_POINT('',(-10.1546736827511,-18.4696100156987,38.58615213454));
#11807=CARTESIAN_POINT('Origin',(-10.1546736827511,-18.4696100156987,37.3861521345401));
#11808=CARTESIAN_POINT('',(-8.95467368275115,-18.4696100156988,37.3861521345401));
#11809=CARTESIAN_POINT('Origin',(2.89532631724557,-21.6696100157064,39.5861521345351));
#11810=CARTESIAN_POINT('',(5.69532631724558,-21.6696100157065,38.5861521345351));
#11811=CARTESIAN_POINT('Origin',(5.69532631724558,-21.6696100157065,39.5861521345351));
#11812=CARTESIAN_POINT('',(-5.50467368275406,-21.669610015706,38.5861521345351));
#11813=CARTESIAN_POINT('',(2.89532631724557,-21.6696100157064,38.5861521345351));
#11814=CARTESIAN_POINT('Origin',(-5.50467368275406,-21.6696100157061,39.5861521345351));
#11815=CARTESIAN_POINT('Origin',(-5.50467368275406,-21.669610015706,37.3861521345352));
#11816=CARTESIAN_POINT('',(-6.70467368275403,-21.669610015706,37.3861521345352));
#11817=CARTESIAN_POINT('Origin',(-7.70467368275403,-21.6696100157059,37.3861521345352));
#11818=CARTESIAN_POINT('Origin',(-5.50467368275406,-21.669610015706,37.3861521345352));
#11819=CARTESIAN_POINT('Origin',(-7.70467368275398,-21.669610015706,36.0861521345414));
#11820=CARTESIAN_POINT('',(-6.70467368275387,-21.669610015706,32.1861521345357));
#11821=CARTESIAN_POINT('Origin',(-7.70467368275385,-21.669610015706,32.1861521345357));
#11822=CARTESIAN_POINT('',(-6.70467368275398,-21.669610015706,36.0861521345414));
#11823=CARTESIAN_POINT('Origin',(-5.50467368275399,-21.6696100157059,32.1861521345357));
#11824=CARTESIAN_POINT('',(-5.50467368275397,-21.6696100157059,30.9861521345358));
#11825=CARTESIAN_POINT('Origin',(-5.50467368275397,-21.6696100157059,29.9861521345358));
#11826=CARTESIAN_POINT('Origin',(-5.50467368275399,-21.6696100157059,32.1861521345357));
#11827=CARTESIAN_POINT('Origin',(-2.70467368275423,-21.6696100157061,29.9861521345358));
#11828=CARTESIAN_POINT('',(5.69532631724568,-21.6696100157065,30.9861521345358));
#11829=CARTESIAN_POINT('Origin',(5.69532631724567,-21.6696100157065,29.9861521345358));
#11830=CARTESIAN_POINT('',(-2.70467368275421,-21.6696100157062,30.9861521345358));
#11831=CARTESIAN_POINT('Origin',(5.69532631724567,-21.6696100157065,32.1861521345357));
#11832=CARTESIAN_POINT('',(6.89532631724564,-21.6696100157066,32.1861521345358));
#11833=CARTESIAN_POINT('Origin',(7.89532631724564,-21.6696100157066,32.1861521345358));
#11834=CARTESIAN_POINT('Origin',(5.69532631724567,-21.6696100157065,32.1861521345357));
#11835=CARTESIAN_POINT('Origin',(7.8953263172456,-21.6696100157065,33.4861521345419));
#11836=CARTESIAN_POINT('',(6.8953263172455,-21.6696100157065,37.3861521345352));
#11837=CARTESIAN_POINT('Origin',(7.89532631724549,-21.6696100157066,37.3861521345352));
#11838=CARTESIAN_POINT('',(6.8953263172456,-21.6696100157065,33.4861521345419));
#11839=CARTESIAN_POINT('Origin',(5.69532631724559,-21.6696100157066,37.3861521345352));
#11840=CARTESIAN_POINT('Origin',(5.69532631724559,-21.6696100157066,37.3861521345352));
#11841=CARTESIAN_POINT('Origin',(-5.50467368275379,-18.4696100156988,32.1861521345358));
#11842=CARTESIAN_POINT('',(-6.70467368275368,-18.4696100156988,32.1861521345358));
#11843=CARTESIAN_POINT('',(-5.50467368275378,-18.4696100156988,30.9861521345359));
#11844=CARTESIAN_POINT('Origin',(-6.70467368275384,-18.4696100156989,37.3861521345352));
#11845=CARTESIAN_POINT('',(-6.70467368275384,-18.4696100156989,37.3861521345352));
#11846=CARTESIAN_POINT('Origin',(-5.50467368275386,-18.469610015699,37.3861521345352));
#11847=CARTESIAN_POINT('',(-5.50467368275386,-18.469610015699,38.5861521345352));
#11848=CARTESIAN_POINT('Origin',(5.69532631724577,-18.4696100156996,38.5861521345352));
#11849=CARTESIAN_POINT('',(5.69532631724577,-18.4696100156996,38.5861521345352));
#11850=CARTESIAN_POINT('Origin',(19.6453263172493,-21.6696100157074,37.3861521345344));
#11851=CARTESIAN_POINT('',(20.8453263172492,-21.6696100157075,37.3861521345344));
#11852=CARTESIAN_POINT('Origin',(21.8453263172492,-21.6696100157075,37.3861521345344));
#11853=CARTESIAN_POINT('',(19.6453263172493,-21.6696100157074,38.5861521345343));
#11854=CARTESIAN_POINT('Origin',(19.6453263172493,-21.6696100157074,37.3861521345344));
#11855=CARTESIAN_POINT('Origin',(19.6453263172492,-21.6696100157074,39.5861521345343));
#11856=CARTESIAN_POINT('Origin',(9.87032631724734,-21.6696100157066,39.5861521345341));
#11857=CARTESIAN_POINT('',(10.5453263172497,-21.6696100157066,38.5861521345341));
#11858=CARTESIAN_POINT('Origin',(10.5453263172497,-21.6696100157067,39.5861521345341));
#11859=CARTESIAN_POINT('',(9.87032631724738,-21.6696100157066,38.5861521345341));
#11860=CARTESIAN_POINT('Origin',(10.5453263172497,-21.6696100157069,37.3861521345342));
#11861=CARTESIAN_POINT('',(9.34532631724977,-21.6696100157069,37.3861521345342));
#11862=CARTESIAN_POINT('Origin',(8.34532631724976,-21.6696100157068,37.3861521345341));
#11863=CARTESIAN_POINT('Origin',(10.5453263172497,-21.6696100157069,37.3861521345342));
#11864=CARTESIAN_POINT('Origin',(8.34532631724983,-21.6696100157066,36.0861521345411));
#11865=CARTESIAN_POINT('',(9.34532631724997,-21.6696100157066,32.1861521345347));
#11866=CARTESIAN_POINT('Origin',(8.34532631724997,-21.6696100157066,32.1861521345347));
#11867=CARTESIAN_POINT('',(9.34532631724982,-21.6696100157066,36.0861521345412));
#11868=CARTESIAN_POINT('Origin',(10.5453263172499,-21.6696100157068,32.1861521345347));
#11869=CARTESIAN_POINT('',(10.5453263172499,-21.6696100157068,30.9861521345349));
#11870=CARTESIAN_POINT('Origin',(10.5453263172499,-21.6696100157068,29.9861521345349));
#11871=CARTESIAN_POINT('Origin',(10.5453263172499,-21.6696100157068,32.1861521345347));
#11872=CARTESIAN_POINT('Origin',(5.32032631724777,-21.6696100157064,29.9861521345348));
#11873=CARTESIAN_POINT('',(19.6453263172494,-21.669610015707,30.986152134535));
#11874=CARTESIAN_POINT('Origin',(19.6453263172494,-21.669610015707,29.986152134535));
#11875=CARTESIAN_POINT('',(5.32032631724777,-21.6696100157065,30.9861521345348));
#11876=CARTESIAN_POINT('Origin',(19.6453263172494,-21.6696100157073,32.1861521345349));
#11877=CARTESIAN_POINT('',(20.8453263172494,-21.6696100157074,32.186152134535));
#11878=CARTESIAN_POINT('Origin',(21.8453263172494,-21.6696100157074,32.186152134535));
#11879=CARTESIAN_POINT('Origin',(19.6453263172494,-21.6696100157073,32.1861521345349));
#11880=CARTESIAN_POINT('Origin',(21.8453263172493,-21.6696100157071,33.4861521345418));
#11881=CARTESIAN_POINT('',(20.8453263172493,-21.669610015707,33.4861521345418));
#11882=CARTESIAN_POINT('Origin',(9.34532631724997,-18.4696100156998,37.3861521345342));
#11883=CARTESIAN_POINT('',(9.34532631724997,-18.4696100156998,37.3861521345342));
#11884=CARTESIAN_POINT('',(9.34532631725016,-18.4696100156997,32.1861521345348));
#11885=CARTESIAN_POINT('Origin',(10.5453263172499,-18.4696100156999,37.3861521345342));
#11886=CARTESIAN_POINT('',(10.5453263172499,-18.4696100156999,38.5861521345342));
#11887=CARTESIAN_POINT('Origin',(19.6453263172495,-18.4696100157004,38.5861521345343));
#11888=CARTESIAN_POINT('',(19.6453263172495,-18.4696100157004,38.5861521345343));
#11889=CARTESIAN_POINT('Origin',(19.6453263172495,-18.4696100157004,37.3861521345344));
#11890=CARTESIAN_POINT('',(20.8453263172494,-18.4696100157005,37.3861521345345));
#11891=CARTESIAN_POINT('Origin',(12.1953263172461,-21.6696100157067,29.9861521345373));
#11892=CARTESIAN_POINT('',(24.2953263172466,-21.6696100157072,30.9861521345374));
#11893=CARTESIAN_POINT('Origin',(24.2953263172466,-21.6696100157071,29.9861521345374));
#11894=CARTESIAN_POINT('',(12.1953263172461,-21.6696100157067,30.9861521345373));
#11895=CARTESIAN_POINT('Origin',(37.6953263172465,-21.6696100157076,33.4861521345432));
#11896=CARTESIAN_POINT('',(36.6953263172463,-21.6696100157076,37.3861521345369));
#11897=CARTESIAN_POINT('',(36.6953263172465,-21.6696100157076,33.4861521345432));
#11898=CARTESIAN_POINT('Origin',(37.6953263172463,-21.6696100157077,37.3861521345369));
#11899=CARTESIAN_POINT('Origin',(35.4953263172464,-21.6696100157083,37.3861521345369));
#11900=CARTESIAN_POINT('',(35.4953263172464,-21.6696100157084,38.5861521345368));
#11901=CARTESIAN_POINT('Origin',(35.4953263172464,-21.6696100157083,37.3861521345369));
#11902=CARTESIAN_POINT('Origin',(35.4953263172464,-21.6696100157084,39.5861521345368));
#11903=CARTESIAN_POINT('Origin',(17.795326317246,-21.6696100157069,39.5861521345367));
#11904=CARTESIAN_POINT('',(24.2953263172465,-21.6696100157071,38.5861521345367));
#11905=CARTESIAN_POINT('Origin',(24.2953263172465,-21.6696100157072,39.5861521345367));
#11906=CARTESIAN_POINT('',(17.795326317246,-21.6696100157069,38.5861521345367));
#11907=CARTESIAN_POINT('Origin',(24.2953263172465,-21.6696100157077,37.3861521345368));
#11908=CARTESIAN_POINT('',(23.0953263172466,-21.6696100157077,37.3861521345367));
#11909=CARTESIAN_POINT('Origin',(22.0953263172466,-21.6696100157076,37.3861521345367));
#11910=CARTESIAN_POINT('Origin',(24.2953263172465,-21.6696100157077,37.3861521345368));
#11911=CARTESIAN_POINT('Origin',(22.0953263172466,-21.6696100157071,36.0861521345426));
#11912=CARTESIAN_POINT('',(23.0953263172467,-21.6696100157071,32.1861521345372));
#11913=CARTESIAN_POINT('Origin',(22.0953263172467,-21.6696100157071,32.1861521345372));
#11914=CARTESIAN_POINT('',(23.0953263172466,-21.6696100157071,36.0861521345426));
#11915=CARTESIAN_POINT('Origin',(24.2953263172466,-21.6696100157076,32.1861521345373));
#11916=CARTESIAN_POINT('Origin',(24.2953263172466,-21.6696100157076,32.1861521345373));
#11917=CARTESIAN_POINT('Origin',(35.4953263172466,-18.4696100157013,37.3861521345369));
#11918=CARTESIAN_POINT('',(36.6953263172465,-18.4696100157014,37.3861521345369));
#11919=CARTESIAN_POINT('',(35.4953263172466,-18.4696100157013,38.5861521345368));
#11920=CARTESIAN_POINT('Origin',(36.6953263172467,-18.4696100157012,32.1861521345375));
#11921=CARTESIAN_POINT('',(36.6953263172467,-18.4696100157012,32.1861521345375));
#11922=CARTESIAN_POINT('Origin',(35.4953263172467,-18.4696100157012,32.1861521345374));
#11923=CARTESIAN_POINT('',(35.4953263172467,-18.4696100157012,30.9861521345374));
#11924=CARTESIAN_POINT('Origin',(24.2953263172468,-18.4696100157005,30.9861521345374));
#11925=CARTESIAN_POINT('',(24.2953263172468,-18.4696100157005,30.9861521345374));
#11926=CARTESIAN_POINT('Origin',(-5.50467368275378,-18.4696100156988,30.9861521345359));
#11927=CARTESIAN_POINT('',(5.69532631724588,-18.4696100156995,30.9861521345358));
#11928=CARTESIAN_POINT('Origin',(5.69532631724586,-18.4696100156995,32.1861521345358));
#11929=CARTESIAN_POINT('',(6.89532631724584,-18.4696100156996,32.1861521345358));
#11930=CARTESIAN_POINT('Origin',(6.89532631724584,-18.4696100156996,32.1861521345358));
#11931=CARTESIAN_POINT('',(6.89532631724569,-18.4696100156997,37.3861521345353));
#11932=CARTESIAN_POINT('Origin',(5.69532631724579,-18.4696100156996,37.3861521345353));
#11933=CARTESIAN_POINT('Origin',(10.54532631725,-18.4696100156998,32.1861521345348));
#11934=CARTESIAN_POINT('',(10.5453263172501,-18.4696100156997,30.9861521345349));
#11935=CARTESIAN_POINT('Origin',(10.5453263172501,-18.4696100156997,30.9861521345349));
#11936=CARTESIAN_POINT('',(19.6453263172496,-18.4696100157002,30.9861521345351));
#11937=CARTESIAN_POINT('Origin',(19.6453263172496,-18.4696100157003,32.186152134535));
#11938=CARTESIAN_POINT('',(20.8453263172496,-18.4696100157003,32.186152134535));
#11939=CARTESIAN_POINT('Origin',(20.8453263172496,-18.4696100157003,32.186152134535));
#11940=CARTESIAN_POINT('Origin',(-19.254673682751,-18.4696100156981,32.1861521345402));
#11941=CARTESIAN_POINT('',(-19.254673682751,-18.469610015698,30.9861521345402));
#11942=CARTESIAN_POINT('Origin',(-19.254673682751,-18.469610015698,30.9861521345402));
#11943=CARTESIAN_POINT('',(-10.1546736827509,-18.4696100156986,30.9861521345405));
#11944=CARTESIAN_POINT('Origin',(-10.154673682751,-18.4696100156986,32.1861521345405));
#11945=CARTESIAN_POINT('',(-8.95467368275101,-18.4696100156987,32.1861521345405));
#11946=CARTESIAN_POINT('Origin',(-8.95467368275101,-18.4696100156987,32.1861521345405));
#11947=CARTESIAN_POINT('Origin',(23.0953263172467,-18.4696100157006,37.3861521345368));
#11948=CARTESIAN_POINT('',(23.0953263172468,-18.4696100157006,37.3861521345368));
#11949=CARTESIAN_POINT('',(23.0953263172469,-18.4696100157005,32.1861521345373));
#11950=CARTESIAN_POINT('Origin',(24.2953263172468,-18.4696100157005,32.1861521345373));
#11951=CARTESIAN_POINT('Origin',(24.2953263172467,-18.4696100157007,37.3861521345368));
#11952=CARTESIAN_POINT('',(24.2953263172467,-18.4696100157007,38.5861521345368));
#11953=CARTESIAN_POINT('Origin',(35.4953263172466,-18.4696100157013,38.5861521345368));
#11954=CARTESIAN_POINT('Origin',(-22.6046736827524,-18.4696100156979,32.1861521345412));
#11955=CARTESIAN_POINT('',(-22.6046736827524,-18.4696100156979,32.1861521345412));
#11956=CARTESIAN_POINT('Origin',(-23.8046736827523,-18.4696100156978,32.1861521345411));
#11957=CARTESIAN_POINT('',(-23.8046736827523,-18.4696100156978,30.9861521345412));
#11958=CARTESIAN_POINT('Origin',(-35.0046736827521,-18.4696100156971,30.986152134541));
#11959=CARTESIAN_POINT('',(-35.004673682752,-18.4696100156971,30.986152134541));
#11960=CARTESIAN_POINT('Origin',(-35.0046736827521,-18.4696100156972,32.1861521345409));
#11961=CARTESIAN_POINT('Origin',(44.3453263172447,-22.949724463746,-20.8138478654483));
#11962=CARTESIAN_POINT('Origin',(0.0953263172456324,-22.9497244637467,-0.113847865449177));
#11963=CARTESIAN_POINT('',(21.7203263172452,-22.9497244637464,21.58615213455));
#11964=CARTESIAN_POINT('Origin',(0.0953263172467473,-35.8497244637429,21.0861521345496));
#11965=CARTESIAN_POINT('',(39.1953263172442,-35.8497244637477,21.5861521345486));
#11966=CARTESIAN_POINT('',(22.2203263172459,-35.8497244637456,21.5861521345486));
#11967=CARTESIAN_POINT('',(39.1953263172442,-35.8497244637477,21.3361521345491));
#11968=CARTESIAN_POINT('Origin',(-47.2546736827534,-21.6696100157062,-3.66384786544919));
#11969=CARTESIAN_POINT('',(-47.2546736827534,-53.5696100156976,48.0739583812178));
#11970=CARTESIAN_POINT('',(-47.2546736827534,-40.5696100156996,48.0739583812178));
#11971=CARTESIAN_POINT('',(-47.2546736827534,-53.5696100156977,-26.4138478654483));
#11972=CARTESIAN_POINT('',(-47.2546736827534,-21.6696100157062,-26.4138478654483));
#11973=CARTESIAN_POINT('',(-47.2546736827534,-53.5696100156977,-28.9138478654482));
#11974=CARTESIAN_POINT('',(-47.2546736827534,-44.63194998915,-7.36384786544807));
#11975=CARTESIAN_POINT('',(-47.2546736827534,-44.73194998915,-7.36384786544807));
#11976=CARTESIAN_POINT('',(-47.2546736827534,-42.6007800024249,-7.36384786544806));
#11977=CARTESIAN_POINT('',(-47.2546736827534,-40.93194998915,-3.66384786544806));
#11978=CARTESIAN_POINT('Origin',(-47.2546736827534,-44.63194998915,-3.66384786544806));
#11979=CARTESIAN_POINT('',(-47.2546736827534,-40.9319499891501,2.03615213455191));
#11980=CARTESIAN_POINT('',(-47.2546736827534,-40.93194998915,-12.4388478654482));
#11981=CARTESIAN_POINT('',(-47.2546736827534,-44.6319499891501,5.73615213455191));
#11982=CARTESIAN_POINT('Origin',(-47.2546736827534,-44.63194998915,2.03615213455191));
#11983=CARTESIAN_POINT('',(-47.2546736827534,-44.7319499891501,5.73615213455191));
#11984=CARTESIAN_POINT('',(-47.2546736827534,-42.6507800024249,5.73615213455191));
#11985=CARTESIAN_POINT('',(-47.2546736827534,-48.4319499891501,2.03615213455191));
#11986=CARTESIAN_POINT('Origin',(-47.2546736827534,-44.7319499891501,2.03615213455191));
#11987=CARTESIAN_POINT('',(-47.2546736827534,-48.43194998915,-3.66384786544807));
#11988=CARTESIAN_POINT('',(-47.2546736827534,-48.43194998915,-15.2888478654482));
#11989=CARTESIAN_POINT('Origin',(-47.2546736827534,-44.73194998915,-3.66384786544806));
#11990=CARTESIAN_POINT('',(-47.2546736827534,-39.4696100156996,17.3460645716699));
#11991=CARTESIAN_POINT('',(-47.2546736827534,-43.1696100156996,13.6460645716699));
#11992=CARTESIAN_POINT('Ctrl Pts',(-47.2546736827534,-39.4696100156996,
17.3460645716699));
#11993=CARTESIAN_POINT('Ctrl Pts',(-47.2546736827534,-39.4696100156996,
16.7876158340383));
#11994=CARTESIAN_POINT('Ctrl Pts',(-47.2546736827534,-39.6764533138106,
15.6666861400505));
#11995=CARTESIAN_POINT('Ctrl Pts',(-47.2546736827534,-40.9137980578135,
14.066351154896));
#11996=CARTESIAN_POINT('Ctrl Pts',(-47.2546736827534,-42.3319369092521,
13.6460645716699));
#11997=CARTESIAN_POINT('Ctrl Pts',(-47.2546736827534,-43.1696100156996,
13.6460645716699));
#11998=CARTESIAN_POINT('',(-47.2546736827534,-39.4696100156996,22.9460645716699));
#11999=CARTESIAN_POINT('',(-47.2546736827534,-39.4696100156995,-1.98389164688922));
#12000=CARTESIAN_POINT('',(-47.2546736827534,-43.1696100156997,26.6460645716699));
#12001=CARTESIAN_POINT('Ctrl Pts',(-47.2546736827534,-43.1696100156997,
26.6460645716699));
#12002=CARTESIAN_POINT('Ctrl Pts',(-47.2546736827534,-42.611161278068,26.6460645716699));
#12003=CARTESIAN_POINT('Ctrl Pts',(-47.2546736827534,-41.4902394649415,
26.4392256615369));
#12004=CARTESIAN_POINT('Ctrl Pts',(-47.2546736827534,-39.8899159715919,
25.2018872427017));
#12005=CARTESIAN_POINT('Ctrl Pts',(-47.2546736827534,-39.4696100156996,
23.7837376781174));
#12006=CARTESIAN_POINT('Ctrl Pts',(-47.2546736827534,-39.4696100156996,
22.9460645716699));
#12007=CARTESIAN_POINT('',(-47.2546736827534,-46.8696100156996,22.9460645716699));
#12008=CARTESIAN_POINT('Ctrl Pts',(-47.2546736827534,-46.8696100156996,
22.9460645716699));
#12009=CARTESIAN_POINT('Ctrl Pts',(-47.2546736827534,-46.8696100156996,
23.5045133093016));
#12010=CARTESIAN_POINT('Ctrl Pts',(-47.2546736827534,-46.6627716255051,
24.6254341885824));
#12011=CARTESIAN_POINT('Ctrl Pts',(-47.2546736827534,-45.4254339528994,
26.2257563261741));
#12012=CARTESIAN_POINT('Ctrl Pts',(-47.2546736827534,-44.0072831221471,
26.6460645716699));
#12013=CARTESIAN_POINT('Ctrl Pts',(-47.2546736827534,-43.1696100156996,
26.6460645716699));
#12014=CARTESIAN_POINT('',(-47.2546736827534,-46.8696100156996,17.3460645716699));
#12015=CARTESIAN_POINT('',(-47.2546736827534,-46.8696100156995,-4.78389164688926));
#12016=CARTESIAN_POINT('Ctrl Pts',(-47.2546736827534,-43.1696100156996,
13.6460645716699));
#12017=CARTESIAN_POINT('Ctrl Pts',(-47.2546736827534,-43.7280587533312,
13.6460645716699));
#12018=CARTESIAN_POINT('Ctrl Pts',(-47.2546736827534,-44.8489839923696,
13.8529053892826));
#12019=CARTESIAN_POINT('Ctrl Pts',(-47.2546736827534,-46.449312470244,15.0902465516547));
#12020=CARTESIAN_POINT('Ctrl Pts',(-47.2546736827534,-46.8696100156996,
16.5083914652224));
#12021=CARTESIAN_POINT('Ctrl Pts',(-47.2546736827534,-46.8696100156996,
17.3460645716699));
#12022=CARTESIAN_POINT('Origin',(47.712482502781,-21.6696100157062,-3.66384786544919));
#12023=CARTESIAN_POINT('',(47.712482502781,-53.5696100156976,48.0739583812178));
#12024=CARTESIAN_POINT('',(47.712482502781,-40.5696100156996,48.0739583812178));
#12025=CARTESIAN_POINT('',(47.712482502781,-53.5696100156977,-26.4138478654483));
#12026=CARTESIAN_POINT('',(47.712482502781,-53.5696100156976,50.5739583812179));
#12027=CARTESIAN_POINT('',(47.712482502781,-21.6696100157062,-26.4138478654483));
#12028=CARTESIAN_POINT('',(47.712482502781,-45.8239537593905,-0.270187959854951));
#12029=CARTESIAN_POINT('Origin',(47.712482502781,-45.8239537593905,3.22981204014505));
#12030=CARTESIAN_POINT('Origin',(2.79532631724573,-33.9696100157031,23.0861521345493));
#12031=CARTESIAN_POINT('',(1.44532631724573,-33.969610015703,23.0861521345493));
#12032=CARTESIAN_POINT('Origin',(2.79532631724573,-33.9696100157028,23.0861521345493));
#12033=CARTESIAN_POINT('',(1.44532631724635,-22.6696100157061,23.086152134549));
#12034=CARTESIAN_POINT('',(1.44532631724573,-33.969610015703,23.0861521345493));
#12035=CARTESIAN_POINT('Origin',(2.79532631724635,-22.6696100157061,23.086152134549));
#12036=CARTESIAN_POINT('Origin',(2.79532631724635,-22.6696100157061,23.086152134549));
#12037=CARTESIAN_POINT('Origin',(2.79532631724498,-33.9696100157028,23.0861521345487));
#12038=CARTESIAN_POINT('',(20.9953263172445,-33.9696100157042,21.5861521345491));
#12039=CARTESIAN_POINT('Origin',(39.1953263172442,-31.5497244637453,21.5861521345488));
#12040=CARTESIAN_POINT('',(-34.9046736827558,-34.2497244637386,21.5861521345505));
#12041=CARTESIAN_POINT('',(-34.9046736827558,-31.5497244637452,21.5861521345505));
#12042=CARTESIAN_POINT('',(39.1953263172442,-34.2497244637477,21.5861521345486));
#12043=CARTESIAN_POINT('',(20.670326317244,-34.2497244637454,21.5861521345491));
#12044=CARTESIAN_POINT('',(39.1953263172442,-31.5497244637453,21.5861521345486));
#12045=CARTESIAN_POINT('',(21.7203263172452,-22.9497244637464,21.58615213455));
#12046=CARTESIAN_POINT('Origin',(0.0953263172452434,-22.6696100157062,-0.113847865449213));
#12047=CARTESIAN_POINT('',(-39.0046736827537,-22.6696100157069,15.8361521345501));
#12048=CARTESIAN_POINT('',(-39.0046736827537,-22.6696100157068,-16.0638478654486));
#12049=CARTESIAN_POINT('',(-39.0046736827537,-22.6696100157069,15.8361521345501));
#12050=CARTESIAN_POINT('',(39.1953263172448,-22.6696100157057,-16.0638478654486));
#12051=CARTESIAN_POINT('',(-39.0046736827537,-22.6696100157068,-16.0638478654486));
#12052=CARTESIAN_POINT('',(39.1953263172448,-22.6696100157057,15.8361521345501));
#12053=CARTESIAN_POINT('',(39.1953263172448,-22.6696100157057,-16.0638478654486));
#12054=CARTESIAN_POINT('',(39.1953263172448,-22.6696100157057,15.8361521345501));
#12055=CARTESIAN_POINT('',(-32.1546736827539,-22.6696100157067,-7.11384786544899));
#12056=CARTESIAN_POINT('',(-32.1546736827542,-22.6696100157067,6.88615213455037));
#12057=CARTESIAN_POINT('',(-32.154673682754,-22.6696100157062,-3.61384786544941));
#12058=CARTESIAN_POINT('',(32.3453263172451,-22.6696100157058,6.88615213455049));
#12059=CARTESIAN_POINT('',(-16.0296736827545,-22.6696100157062,6.8861521345504));
#12060=CARTESIAN_POINT('',(32.3453263172453,-22.6696100157058,-7.11384786544888));
#12061=CARTESIAN_POINT('',(32.3453263172451,-22.6696100157062,3.38615213455094));
#12062=CARTESIAN_POINT('',(16.2203263172453,-22.6696100157062,-7.1138478654489));
#12063=CARTESIAN_POINT('Origin',(-24.2105365137379,-22.6696100157061,-21.8138478654484));
#12064=CARTESIAN_POINT('',(-25.000000372529,-22.7041128157801,-21.8138478654483));
#12065=CARTESIAN_POINT('',(-24.6823776807169,-22.852222709376,-21.8138478654484));
#12066=CARTESIAN_POINT('',(-25.000000372529,-22.6868614157431,-21.8138478654484));
#12067=CARTESIAN_POINT('',(-27.7624772425498,-22.6696100157063,-21.8138478654484));
#12068=CARTESIAN_POINT('Origin',(46.7124825027811,-45.8239537593905,3.22981204014505));
#12069=CARTESIAN_POINT('',(46.7124825027811,-45.8239537593905,0.729812040145049));
#12070=CARTESIAN_POINT('Origin',(46.7124825027811,-45.8239537593905,-0.270187959854951));
#12071=CARTESIAN_POINT('',(46.7124825027811,-45.8239537593905,5.72981204014505));
#12072=CARTESIAN_POINT('Origin',(46.7124825027811,-45.8239537593905,3.22981204014505));
#12073=CARTESIAN_POINT('Origin',(46.7124825027811,-45.8239537593905,3.22981204014505));
#12074=CARTESIAN_POINT('Origin',(40.3758847040969,-45.8239537593906,3.22981204014505));
#12075=CARTESIAN_POINT('',(45.7124825027811,-45.8239537593905,5.72981204014505));
#12076=CARTESIAN_POINT('Origin',(45.7124825027811,-45.8239537593905,3.22981204014505));
#12077=CARTESIAN_POINT('',(40.3758847040969,-45.8239537593906,5.72981204014505));
#12078=CARTESIAN_POINT('Origin',(-13.1105365137383,-34.7696100157026,-26.9138478654483));
#12079=CARTESIAN_POINT('',(-13.1105365137382,-26.7696100157062,-28.9138478654483));
#12080=CARTESIAN_POINT('',(-13.1105365137383,-35.0696100157061,-28.9138478654483));
#12081=CARTESIAN_POINT('',(-13.1105365137383,-34.7696100157026,-28.9138478654483));
#12082=CARTESIAN_POINT('Origin',(-13.1105365137383,-35.0696100157061,-26.9138478654483));
#12083=CARTESIAN_POINT('Origin',(-13.1105365137382,-26.7696100157062,-26.9138478654483));
#12084=CARTESIAN_POINT('Origin',(15.2009729945213,-35.0696100157061,-26.9138478654483));
#12085=CARTESIAN_POINT('',(-21.8105365137382,-35.0696100157061,-28.9138478654483));
#12086=CARTESIAN_POINT('',(15.2009729945213,-35.0696100157061,-28.9138478654483));
#12087=CARTESIAN_POINT('Origin',(-21.8105365137382,-35.0696100157061,-26.9138478654483));
#12088=CARTESIAN_POINT('Origin',(13.0509729945214,-26.7696100157062,-26.9138478654483));
#12089=CARTESIAN_POINT('',(-21.8105365137381,-26.7696100157062,-28.9138478654483));
#12090=CARTESIAN_POINT('',(13.0509729945214,-26.7696100157062,-28.9138478654483));
#12091=CARTESIAN_POINT('Origin',(-21.8105365137381,-26.7696100157062,-26.9138478654483));
#12092=CARTESIAN_POINT('Origin',(-21.8105365137382,-36.7196100157025,-26.9138478654483));
#12093=CARTESIAN_POINT('',(-21.8105365137382,-36.7196100157025,-28.9138478654483));
#12094=CARTESIAN_POINT('Origin',(-44.7546736827534,-40.5696100156996,48.0739583812178));
#12095=CARTESIAN_POINT('',(-44.7546736827534,-53.5696100156976,50.5739583812179));
#12096=CARTESIAN_POINT('Origin',(-44.7546736827534,-53.5696100156976,48.0739583812178));
#12097=CARTESIAN_POINT('',(-44.7546736827534,-40.5696100156996,50.5739583812178));
#12098=CARTESIAN_POINT('Origin',(0.228904410013815,-53.5696100156976,10.8300552578848));
#12099=CARTESIAN_POINT('',(-44.7546736827534,-53.5696100156977,-28.9138478654482));
#12100=CARTESIAN_POINT('Origin',(-44.7546736827534,-53.5696100156976,-26.4138478654483));
#12101=CARTESIAN_POINT('',(45.212482502781,-53.5696100156977,-28.9138478654482));
#12102=CARTESIAN_POINT('',(47.712482502781,-53.5696100156977,-28.9138478654482));
#12103=CARTESIAN_POINT('Origin',(45.212482502781,-53.5696100156976,-26.4138478654483));
#12104=CARTESIAN_POINT('',(45.212482502781,-53.5696100156976,50.5739583812179));
#12105=CARTESIAN_POINT('Origin',(45.212482502781,-53.5696100156976,48.0739583812178));
#12106=CARTESIAN_POINT('',(-47.2546736827534,-53.5696100156976,50.5739583812179));
#12107=CARTESIAN_POINT('',(45.712482502781,-53.5696100156976,48.5739583812179));
#12108=CARTESIAN_POINT('',(23.9706934563974,-53.5696100156976,48.5739583812179));
#12109=CARTESIAN_POINT('',(45.712482502781,-53.5696100156977,-9.0418963037817));
#12110=CARTESIAN_POINT('Origin',(45.212482502781,-40.5696100156996,48.0739583812178));
#12111=CARTESIAN_POINT('',(45.212482502781,-40.5696100156996,50.5739583812178));
#12112=CARTESIAN_POINT('Ctrl Pts',(-45.2546736827534,-43.1696100156996,
15.6460645716699));
#12113=CARTESIAN_POINT('Ctrl Pts',(-45.2546736827534,-42.696666099283,15.6460645716699));
#12114=CARTESIAN_POINT('Ctrl Pts',(-45.2546736827534,-42.0835509504488,
15.8594908771996));
#12115=CARTESIAN_POINT('Ctrl Pts',(-45.2546736827534,-41.5885813325922,
16.4892228855871));
#12116=CARTESIAN_POINT('Ctrl Pts',(-45.2546736827534,-41.4696100156996,
17.0307686273922));
#12117=CARTESIAN_POINT('Ctrl Pts',(-45.2546736827534,-41.4696100156996,
17.3460645716699));
#12118=CARTESIAN_POINT('Ctrl Pts',(-45.8530722834371,-43.1696100156996,
15.6460645716699));
#12119=CARTESIAN_POINT('Ctrl Pts',(-45.8530722834371,-42.6978521715385,
15.6460645716699));
#12120=CARTESIAN_POINT('Ctrl Pts',(-45.8530722834371,-42.0834611174022,
15.8625213785864));
#12121=CARTESIAN_POINT('Ctrl Pts',(-45.8530722834371,-41.5906228073213,
16.4894410513388));
#12122=CARTESIAN_POINT('Ctrl Pts',(-45.8530722834371,-41.4696100156996,
17.0315593422292));
#12123=CARTESIAN_POINT('Ctrl Pts',(-45.8530722834371,-41.4696100156996,
17.3460645716699));
#12124=CARTESIAN_POINT('Ctrl Pts',(-46.889136935449,-43.1696100156996,15.1440226359015));
#12125=CARTESIAN_POINT('Ctrl Pts',(-46.889136935449,-42.6047862514557,15.1440226359015));
#12126=CARTESIAN_POINT('Ctrl Pts',(-46.889136935449,-41.7899430757792,15.4085443663959));
#12127=CARTESIAN_POINT('Ctrl Pts',(-46.889136935449,-41.1080374159554,16.282689103287));
#12128=CARTESIAN_POINT('Ctrl Pts',(-46.889136935449,-40.9675680799312,16.9695153955073));
#12129=CARTESIAN_POINT('Ctrl Pts',(-46.889136935449,-40.9675680799312,17.3460645716699));
#12130=CARTESIAN_POINT('Ctrl Pts',(-47.2546736827534,-43.1696100156996,
14.0948635221827));
#12131=CARTESIAN_POINT('Ctrl Pts',(-47.2546736827534,-42.4135783205272,
14.0948635221827));
#12132=CARTESIAN_POINT('Ctrl Pts',(-47.2546736827534,-41.176305415842,14.4682104842817));
#12133=CARTESIAN_POINT('Ctrl Pts',(-47.2546736827534,-40.1051833528304,
15.8512254989363));
#12134=CARTESIAN_POINT('Ctrl Pts',(-47.2546736827534,-39.9184089662124,
16.842043441555));
#12135=CARTESIAN_POINT('Ctrl Pts',(-47.2546736827534,-39.9184089662124,
17.3460645716699));
#12136=CARTESIAN_POINT('Ctrl Pts',(-47.2546736827534,-43.1696100156996,
13.6460645716699));
#12137=CARTESIAN_POINT('Ctrl Pts',(-47.2546736827534,-42.3319369092521,
13.6460645716699));
#12138=CARTESIAN_POINT('Ctrl Pts',(-47.2546736827534,-40.9137980578135,
14.066351154896));
#12139=CARTESIAN_POINT('Ctrl Pts',(-47.2546736827534,-39.6764533138106,
15.6666861400505));
#12140=CARTESIAN_POINT('Ctrl Pts',(-47.2546736827534,-39.4696100156996,
16.7876158340383));
#12141=CARTESIAN_POINT('Ctrl Pts',(-47.2546736827534,-39.4696100156996,
17.3460645716699));
#12142=CARTESIAN_POINT('Origin',(-45.2546736827534,-39.4696100156996,17.3460645716699));
#12143=CARTESIAN_POINT('Origin',(-45.2546736827534,-43.1696100156996,13.6460645716699));
#12144=CARTESIAN_POINT('Origin',(-45.2546736827534,-39.4696100156995,-1.98389164688922));
#12145=CARTESIAN_POINT('Origin',(-45.2546736827534,-39.4696100156996,22.9460645716699));
#12146=CARTESIAN_POINT('Ctrl Pts',(-45.2546736827534,-41.4696100156996,
22.94606457167));
#12147=CARTESIAN_POINT('Ctrl Pts',(-45.2546736827534,-41.4696100156996,
23.4190084880846));
#12148=CARTESIAN_POINT('Ctrl Pts',(-45.2546736827534,-41.6830363612134,
24.0321124765971));
#12149=CARTESIAN_POINT('Ctrl Pts',(-45.2546736827534,-42.3127700088155,
24.5270870563155));
#12150=CARTESIAN_POINT('Ctrl Pts',(-45.2546736827534,-42.854314071422,24.6460645716699));
#12151=CARTESIAN_POINT('Ctrl Pts',(-45.2546736827534,-43.1696100156996,
24.6460645716699));
#12152=CARTESIAN_POINT('Ctrl Pts',(-45.8530722834372,-41.4696100156996,
22.94606457167));
#12153=CARTESIAN_POINT('Ctrl Pts',(-45.8530722834372,-41.4696100156996,
23.4178224158291));
#12154=CARTESIAN_POINT('Ctrl Pts',(-45.8530722834372,-41.6860790215927,
24.0321955823124));
#12155=CARTESIAN_POINT('Ctrl Pts',(-45.8530722834372,-42.312994921932,24.5250394893294));
#12156=CARTESIAN_POINT('Ctrl Pts',(-45.8530722834372,-42.855104786259,24.6460645716699));
#12157=CARTESIAN_POINT('Ctrl Pts',(-45.8530722834372,-43.1696100156996,
24.6460645716699));
#12158=CARTESIAN_POINT('Ctrl Pts',(-46.8891158093475,-40.9675427184441,
22.94606457167));
#12159=CARTESIAN_POINT('Ctrl Pts',(-46.8891158093475,-40.9675427184441,
23.5108883359123));
#12160=CARTESIAN_POINT('Ctrl Pts',(-46.8891158093475,-41.2320804964317,
24.325742844012));
#12161=CARTESIAN_POINT('Ctrl Pts',(-46.8891158093475,-42.1062263801455,
25.0076515635644));
#12162=CARTESIAN_POINT('Ctrl Pts',(-46.8891158093475,-42.7930608395371,
25.1481318689254));
#12163=CARTESIAN_POINT('Ctrl Pts',(-46.8891158093475,-43.1696100156996,
25.1481318689254));
#12164=CARTESIAN_POINT('Ctrl Pts',(-47.2546736827534,-39.9184089662124,
22.9460645716699));
#12165=CARTESIAN_POINT('Ctrl Pts',(-47.2546736827534,-39.9184089662124,
23.7020962668418));
#12166=CARTESIAN_POINT('Ctrl Pts',(-47.2546736827534,-40.2917688752504,
24.9393761312417));
#12167=CARTESIAN_POINT('Ctrl Pts',(-47.2546736827534,-41.6747762737746,
26.0104942928581));
#12168=CARTESIAN_POINT('Ctrl Pts',(-47.2546736827534,-42.6655888855848,
26.1972656211571));
#12169=CARTESIAN_POINT('Ctrl Pts',(-47.2546736827534,-43.1696100156997,
26.1972656211571));
#12170=CARTESIAN_POINT('Ctrl Pts',(-47.2546736827534,-39.4696100156996,
22.9460645716699));
#12171=CARTESIAN_POINT('Ctrl Pts',(-47.2546736827534,-39.4696100156996,
23.7837376781174));
#12172=CARTESIAN_POINT('Ctrl Pts',(-47.2546736827534,-39.8899159715919,
25.2018872427017));
#12173=CARTESIAN_POINT('Ctrl Pts',(-47.2546736827534,-41.4902394649415,
26.4392256615369));
#12174=CARTESIAN_POINT('Ctrl Pts',(-47.2546736827534,-42.611161278068,26.6460645716699));
#12175=CARTESIAN_POINT('Ctrl Pts',(-47.2546736827534,-43.1696100156997,
26.6460645716699));
#12176=CARTESIAN_POINT('Origin',(-45.2546736827534,-43.1696100156997,26.6460645716699));
#12177=CARTESIAN_POINT('Ctrl Pts',(-45.2546736827534,-43.1696100156996,
24.6460645716699));
#12178=CARTESIAN_POINT('Ctrl Pts',(-45.2546736827534,-43.6425539321154,
24.6460645716699));
#12179=CARTESIAN_POINT('Ctrl Pts',(-45.2546736827534,-44.2556566010658,
24.4326382208757));
#12180=CARTESIAN_POINT('Ctrl Pts',(-45.2546736827534,-44.7506317667768,
23.8029043804988));
#12181=CARTESIAN_POINT('Ctrl Pts',(-45.2546736827534,-44.8696100156996,
23.2613605159464));
#12182=CARTESIAN_POINT('Ctrl Pts',(-45.2546736827534,-44.8696100156996,
22.9460645716699));
#12183=CARTESIAN_POINT('Ctrl Pts',(-45.8530722834372,-43.1696100156996,
24.6460645716699));
#12184=CARTESIAN_POINT('Ctrl Pts',(-45.8530722834372,-43.6413678598599,
24.6460645716699));
#12185=CARTESIAN_POINT('Ctrl Pts',(-45.8530722834372,-44.2557389105778,
24.4295941228575));
#12186=CARTESIAN_POINT('Ctrl Pts',(-45.8530722834371,-44.748583479748,23.8026786688501));
#12187=CARTESIAN_POINT('Ctrl Pts',(-45.8530722834371,-44.8696100156996,
23.2605698011094));
#12188=CARTESIAN_POINT('Ctrl Pts',(-45.8530722834371,-44.8696100156996,
22.9460645716699));
#12189=CARTESIAN_POINT('Ctrl Pts',(-46.8891132971093,-43.1696100156996,
25.1481348848201));
#12190=CARTESIAN_POINT('Ctrl Pts',(-46.8891132971094,-43.7344337799429,
25.1481348848201));
#12191=CARTESIAN_POINT('Ctrl Pts',(-46.8891132971093,-44.5492896348983,
24.8835951931043));
#12192=CARTESIAN_POINT('Ctrl Pts',(-46.8891132971093,-45.2311987168941,
24.0094491759396));
#12193=CARTESIAN_POINT('Ctrl Pts',(-46.8891132971093,-45.3716803288497,
23.3226137478315));
#12194=CARTESIAN_POINT('Ctrl Pts',(-46.8891132971093,-45.3716803288497,
22.9460645716699));
#12195=CARTESIAN_POINT('Ctrl Pts',(-47.2546736827534,-43.1696100156996,
26.1972656211571));
#12196=CARTESIAN_POINT('Ctrl Pts',(-47.2546736827534,-43.9256417108718,
26.1972656211571));
#12197=CARTESIAN_POINT('Ctrl Pts',(-47.2546736827534,-45.1629223978971,
25.8239041819335));
#12198=CARTESIAN_POINT('Ctrl Pts',(-47.2546736827534,-46.2340400991586,
24.4408976819542));
#12199=CARTESIAN_POINT('Ctrl Pts',(-47.2546736827534,-46.4208110651868,
23.4500857017845));
#12200=CARTESIAN_POINT('Ctrl Pts',(-47.2546736827534,-46.4208110651868,
22.9460645716699));
#12201=CARTESIAN_POINT('Ctrl Pts',(-47.2546736827534,-43.1696100156996,
26.6460645716699));
#12202=CARTESIAN_POINT('Ctrl Pts',(-47.2546736827534,-44.0072831221471,
26.6460645716699));
#12203=CARTESIAN_POINT('Ctrl Pts',(-47.2546736827534,-45.4254339528994,
26.2257563261741));
#12204=CARTESIAN_POINT('Ctrl Pts',(-47.2546736827534,-46.6627716255051,
24.6254341885824));
#12205=CARTESIAN_POINT('Ctrl Pts',(-47.2546736827534,-46.8696100156996,
23.5045133093016));
#12206=CARTESIAN_POINT('Ctrl Pts',(-47.2546736827534,-46.8696100156996,
22.9460645716699));
#12207=CARTESIAN_POINT('Origin',(-45.2546736827534,-46.8696100156996,22.9460645716699));
#12208=CARTESIAN_POINT('Origin',(-45.2546736827534,-46.8696100156995,-4.78389164688926));
#12209=CARTESIAN_POINT('Origin',(-45.2546736827534,-46.8696100156996,17.3460645716699));
#12210=CARTESIAN_POINT('Ctrl Pts',(-45.2546736827534,-44.8696100156996,
17.3460645716699));
#12211=CARTESIAN_POINT('Ctrl Pts',(-45.2546736827534,-44.8696100156996,
16.873120655253));
#12212=CARTESIAN_POINT('Ctrl Pts',(-45.2546736827534,-44.6561836885753,
16.2600118205777));
#12213=CARTESIAN_POINT('Ctrl Pts',(-45.2546736827534,-44.0264507508347,
15.7650393941855));
#12214=CARTESIAN_POINT('Ctrl Pts',(-45.2546736827534,-43.4849059599757,
15.6460645716699));
#12215=CARTESIAN_POINT('Ctrl Pts',(-45.2546736827534,-43.1696100156996,
15.6460645716699));
#12216=CARTESIAN_POINT('Ctrl Pts',(-45.8530722834371,-44.8696100156996,
17.3460645716699));
#12217=CARTESIAN_POINT('Ctrl Pts',(-45.8530722834371,-44.8696100156996,
16.8743067275085));
#12218=CARTESIAN_POINT('Ctrl Pts',(-45.8530722834372,-44.6531463080104,
16.2599257921814));
#12219=CARTESIAN_POINT('Ctrl Pts',(-45.8530722834371,-44.0262287690243,
15.767084316255));
#12220=CARTESIAN_POINT('Ctrl Pts',(-45.8530722834371,-43.4841152451387,
15.6460645716699));
#12221=CARTESIAN_POINT('Ctrl Pts',(-45.8530722834371,-43.1696100156996,
15.6460645716699));
#12222=CARTESIAN_POINT('Ctrl Pts',(-46.8891250095677,-45.371666268264,17.3460645716699));
#12223=CARTESIAN_POINT('Ctrl Pts',(-46.8891250095677,-45.371666268264,16.7812408074258));
#12224=CARTESIAN_POINT('Ctrl Pts',(-46.8891250095677,-45.1071354888509,
15.9663912330997));
#12225=CARTESIAN_POINT('Ctrl Pts',(-46.8891250095677,-44.2329900991438,
15.284483843413));
#12226=CARTESIAN_POINT('Ctrl Pts',(-46.8891250095677,-43.546159191861,15.1440083191055));
#12227=CARTESIAN_POINT('Ctrl Pts',(-46.8891250095677,-43.1696100156996,
15.1440083191055));
#12228=CARTESIAN_POINT('Ctrl Pts',(-47.2546736827534,-46.4208110651868,
17.3460645716699));
#12229=CARTESIAN_POINT('Ctrl Pts',(-47.2546736827534,-46.4208110651868,
16.5900328764975));
#12230=CARTESIAN_POINT('Ctrl Pts',(-47.2546736827534,-46.0474567769639,
15.3527560337247));
#12231=CARTESIAN_POINT('Ctrl Pts',(-47.2546736827534,-44.6644460749296,
14.2816361797377));
#12232=CARTESIAN_POINT('Ctrl Pts',(-47.2546736827534,-43.6736311458141,
14.0948635221827));
#12233=CARTESIAN_POINT('Ctrl Pts',(-47.2546736827534,-43.1696100156996,
14.0948635221827));
#12234=CARTESIAN_POINT('Ctrl Pts',(-47.2546736827534,-46.8696100156996,
17.3460645716699));
#12235=CARTESIAN_POINT('Ctrl Pts',(-47.2546736827534,-46.8696100156996,
16.5083914652224));
#12236=CARTESIAN_POINT('Ctrl Pts',(-47.2546736827534,-46.449312470244,15.0902465516547));
#12237=CARTESIAN_POINT('Ctrl Pts',(-47.2546736827534,-44.8489839923696,
13.8529053892826));
#12238=CARTESIAN_POINT('Ctrl Pts',(-47.2546736827534,-43.7280587533312,
13.6460645716699));
#12239=CARTESIAN_POINT('Ctrl Pts',(-47.2546736827534,-43.1696100156996,
13.6460645716699));
#12240=CARTESIAN_POINT('Origin',(-45.2546736827534,-42.6007800024249,-7.36384786544806));
#12241=CARTESIAN_POINT('Origin',(-45.2546736827534,-44.73194998915,-7.36384786544807));
#12242=CARTESIAN_POINT('Origin',(-45.2546736827534,-44.63194998915,-7.36384786544807));
#12243=CARTESIAN_POINT('Origin',(-45.2546736827531,-44.63194998915,-3.66384786544806));
#12244=CARTESIAN_POINT('Origin',(-45.2546736827531,-40.93194998915,-3.66384786544806));
#12245=CARTESIAN_POINT('Origin',(-45.2546736827534,-40.93194998915,-12.4388478654482));
#12246=CARTESIAN_POINT('Origin',(-45.2546736827534,-40.9319499891501,2.03615213455191));
#12247=CARTESIAN_POINT('Origin',(-45.2546736827531,-44.63194998915,2.03615213455191));
#12248=CARTESIAN_POINT('Origin',(-45.2546736827531,-44.6319499891501,5.73615213455191));
#12249=CARTESIAN_POINT('Origin',(-45.2546736827534,-42.6507800024249,5.73615213455191));
#12250=CARTESIAN_POINT('Origin',(-45.2546736827534,-44.7319499891501,5.73615213455191));
#12251=CARTESIAN_POINT('Origin',(-45.2546736827531,-44.7319499891501,2.03615213455191));
#12252=CARTESIAN_POINT('Origin',(-45.2546736827531,-48.4319499891501,2.03615213455191));
#12253=CARTESIAN_POINT('Origin',(-45.2546736827534,-48.43194998915,-15.2888478654482));
#12254=CARTESIAN_POINT('Origin',(-45.2546736827534,-48.43194998915,-3.66384786544807));
#12255=CARTESIAN_POINT('Origin',(-45.2546736827531,-44.73194998915,-3.66384786544806));
#12256=CARTESIAN_POINT('Origin',(35.4139947209618,-44.0696100157058,-17.9138478654483));
#12257=CARTESIAN_POINT('',(35.4139947209618,-44.0696100157058,-28.9138478654483));
#12258=CARTESIAN_POINT('',(35.4139947209618,-44.0696100157058,-17.9138478654483));
#12259=CARTESIAN_POINT('',(16.4139947209618,-44.0696100157062,-28.9138478654483));
#12260=CARTESIAN_POINT('',(40.5632386118714,-44.0696100157057,-28.9138478654483));
#12261=CARTESIAN_POINT('',(16.4139947209618,-44.0696100157062,-17.9138478654483));
#12262=CARTESIAN_POINT('Origin',(16.4139947209618,-44.0696100157062,-17.9138478654483));
#12263=CARTESIAN_POINT('',(16.4139947209615,-31.2696100157062,-28.9138478654483));
#12264=CARTESIAN_POINT('',(16.4139947209617,-42.3196100157032,-28.9138478654483));
#12265=CARTESIAN_POINT('',(16.4139947209615,-31.2696100157062,-17.9138478654483));
#12266=CARTESIAN_POINT('Origin',(16.4139947209615,-31.2696100157062,-17.9138478654483));
#12267=CARTESIAN_POINT('',(35.4139947209615,-31.2696100157058,-28.9138478654483));
#12268=CARTESIAN_POINT('',(31.0632386118711,-31.2696100157059,-28.9138478654483));
#12269=CARTESIAN_POINT('',(35.4139947209615,-31.2696100157058,-17.9138478654483));
#12270=CARTESIAN_POINT('Origin',(35.4139947209615,-31.2696100157058,-17.9138478654483));
#12271=CARTESIAN_POINT('',(35.4139947209616,-35.9196100157028,-28.9138478654483));
#12272=CARTESIAN_POINT('Origin',(0.228904410013815,-42.5696100156983,10.8300552578848));
#12273=CARTESIAN_POINT('',(-44.2546736827534,-42.5696100156983,4.28615213455174));
#12274=CARTESIAN_POINT('',(-45.2546736827534,-42.5696100156983,4.28615213455174));
#12275=CARTESIAN_POINT('',(-44.2546736827534,-42.5696100156983,15.1861521345517));
#12276=CARTESIAN_POINT('',(-44.2546736827534,-42.5696100156983,4.28615213455174));
#12277=CARTESIAN_POINT('',(-44.2546736827534,-42.5696100156983,15.1861521345517));
#12278=CARTESIAN_POINT('Origin',(0.228904410013815,-42.5696100156983,10.8300552578848));
#12279=CARTESIAN_POINT('',(-44.2546736827534,-42.5696100156984,-16.8138478654483));
#12280=CARTESIAN_POINT('',(-45.2546736827534,-42.5696100156984,-16.8138478654483));
#12281=CARTESIAN_POINT('',(-44.2546736827534,-42.5696100156983,-5.91384786544826));
#12282=CARTESIAN_POINT('',(-44.2546736827534,-42.5696100156984,-16.8138478654483));
#12283=CARTESIAN_POINT('',(-44.2546736827534,-42.5696100156983,-5.91384786544826));
#12284=CARTESIAN_POINT('Origin',(0.228904410013815,-42.5696100156983,10.8300552578848));
#12285=CARTESIAN_POINT('',(45.712482502781,-42.5696100156983,-16.8138478654483));
#12286=CARTESIAN_POINT('',(45.712482502781,-42.5696100156983,-5.91384786544826));
#12287=CARTESIAN_POINT('',(45.712482502781,-42.5696100156983,-9.04189630378172));
#12288=CARTESIAN_POINT('',(44.712482502781,-42.5696100156983,-5.91384786544826));
#12289=CARTESIAN_POINT('',(44.712482502781,-42.5696100156983,-5.91384786544826));
#12290=CARTESIAN_POINT('',(44.712482502781,-42.5696100156983,-16.8138478654483));
#12291=CARTESIAN_POINT('',(44.712482502781,-42.5696100156983,-16.8138478654483));
#12292=CARTESIAN_POINT('',(45.712482502781,-42.5696100156983,-16.8138478654483));
#12293=CARTESIAN_POINT('Origin',(0.228904410013815,-42.5696100156983,10.8300552578848));
#12294=CARTESIAN_POINT('',(45.712482502781,-42.5696100156983,4.28615213455174));
#12295=CARTESIAN_POINT('',(45.712482502781,-42.5696100156983,15.1861521345517));
#12296=CARTESIAN_POINT('',(45.712482502781,-42.5696100156983,-9.04189630378172));
#12297=CARTESIAN_POINT('',(44.712482502781,-42.5696100156983,15.1861521345517));
#12298=CARTESIAN_POINT('',(44.712482502781,-42.5696100156983,15.1861521345517));
#12299=CARTESIAN_POINT('',(44.712482502781,-42.5696100156983,4.28615213455174));
#12300=CARTESIAN_POINT('',(44.712482502781,-42.5696100156983,4.28615213455174));
#12301=CARTESIAN_POINT('',(45.712482502781,-42.5696100156983,4.28615213455174));
#12302=CARTESIAN_POINT('Origin',(0.228904410013815,-42.5696100156983,10.8300552578848));
#12303=CARTESIAN_POINT('',(45.712482502781,-42.5696100156983,25.3861521345517));
#12304=CARTESIAN_POINT('',(45.712482502781,-42.5696100156983,36.2861521345517));
#12305=CARTESIAN_POINT('',(45.712482502781,-42.5696100156983,-9.04189630378172));
#12306=CARTESIAN_POINT('',(44.712482502781,-42.5696100156983,36.2861521345517));
#12307=CARTESIAN_POINT('',(44.712482502781,-42.5696100156983,36.2861521345518));
#12308=CARTESIAN_POINT('',(44.712482502781,-42.5696100156983,25.3861521345517));
#12309=CARTESIAN_POINT('',(44.712482502781,-42.5696100156983,25.3861521345518));
#12310=CARTESIAN_POINT('',(45.712482502781,-42.5696100156983,25.3861521345518));
#12311=CARTESIAN_POINT('Origin',(0.228904410013815,-42.5696100156983,10.8300552578848));
#12312=CARTESIAN_POINT('',(-44.2546736827534,-42.5696100156983,25.3861521345517));
#12313=CARTESIAN_POINT('',(-45.2546736827534,-42.5696100156983,25.3861521345518));
#12314=CARTESIAN_POINT('',(-44.2546736827534,-42.5696100156983,36.2861521345517));
#12315=CARTESIAN_POINT('',(-44.2546736827534,-42.5696100156983,25.3861521345518));
#12316=CARTESIAN_POINT('',(-44.2546736827534,-42.5696100156983,36.2861521345518));
#12317=CARTESIAN_POINT('Origin',(-44.7546736827534,-41.0696100156983,18.1081036962183));
#12318=CARTESIAN_POINT('',(-44.2546736827534,-41.5696100156983,36.2861521345517));
#12319=CARTESIAN_POINT('',(-44.7546736827534,-41.0696100156983,36.2861521345517));
#12320=CARTESIAN_POINT('',(-44.2546736827534,-41.5696100156983,25.3861521345518));
#12321=CARTESIAN_POINT('',(-44.2546736827534,-41.5696100156983,18.1081036962183));
#12322=CARTESIAN_POINT('',(-45.0046736827534,-40.8196100156983,25.3861521345518));
#12323=CARTESIAN_POINT('Origin',(-44.2546736827534,-40.5696100156983,25.3861521345518));
#12324=CARTESIAN_POINT('',(-44.2546736827534,-40.5696100156983,36.2861521345517));
#12325=CARTESIAN_POINT('',(-44.2546736827534,-40.5696100156983,25.3861521345518));
#12326=CARTESIAN_POINT('Origin',(-44.2546736827534,-40.5696100156983,36.2861521345517));
#12327=CARTESIAN_POINT('Origin',(-44.7546736827534,-41.0696100156983,7.55810369621827));
#12328=CARTESIAN_POINT('',(-44.2546736827534,-41.5696100156983,15.1861521345517));
#12329=CARTESIAN_POINT('',(-44.7546736827534,-41.0696100156983,15.1861521345517));
#12330=CARTESIAN_POINT('',(-44.2546736827534,-41.5696100156983,4.28615213455174));
#12331=CARTESIAN_POINT('',(-44.2546736827534,-41.5696100156983,7.55810369621827));
#12332=CARTESIAN_POINT('',(-45.0046736827534,-40.8196100156983,4.28615213455174));
#12333=CARTESIAN_POINT('Origin',(-44.2546736827534,-40.5696100156983,4.28615213455174));
#12334=CARTESIAN_POINT('',(-44.2546736827534,-40.5696100156983,15.1861521345517));
#12335=CARTESIAN_POINT('',(-44.2546736827534,-40.5696100156983,4.28615213455174));
#12336=CARTESIAN_POINT('Origin',(-44.2546736827534,-40.5696100156983,15.1861521345517));
#12337=CARTESIAN_POINT('Origin',(-44.7546736827534,-41.0696100156983,-2.99189630378174));
#12338=CARTESIAN_POINT('',(-44.2546736827534,-41.5696100156983,-5.91384786544826));
#12339=CARTESIAN_POINT('',(-44.7546736827534,-41.0696100156983,-5.91384786544826));
#12340=CARTESIAN_POINT('',(-44.2546736827534,-41.5696100156983,-16.8138478654483));
#12341=CARTESIAN_POINT('',(-44.2546736827534,-41.5696100156983,-2.99189630378174));
#12342=CARTESIAN_POINT('',(-45.0046736827534,-40.8196100156983,-16.8138478654483));
#12343=CARTESIAN_POINT('Origin',(-44.2546736827534,-40.5696100156984,-16.8138478654483));
#12344=CARTESIAN_POINT('',(-44.2546736827534,-40.5696100156983,-5.91384786544826));
#12345=CARTESIAN_POINT('',(-44.2546736827534,-40.5696100156984,-16.8138478654483));
#12346=CARTESIAN_POINT('Origin',(-44.2546736827534,-40.5696100156983,-5.91384786544826));
#12347=CARTESIAN_POINT('Origin',(45.212482502781,-41.0696100156983,23.5581036962183));
#12348=CARTESIAN_POINT('',(45.712482502781,-40.5696100156983,25.3861521345518));
#12349=CARTESIAN_POINT('',(44.712482502781,-41.5696100156983,25.3861521345518));
#12350=CARTESIAN_POINT('',(45.212482502781,-41.0696100156983,25.3861521345518));
#12351=CARTESIAN_POINT('',(44.712482502781,-41.5696100156983,36.2861521345517));
#12352=CARTESIAN_POINT('',(44.712482502781,-41.5696100156983,23.5581036962183));
#12353=CARTESIAN_POINT('',(45.712482502781,-40.5696100156983,36.2861521345517));
#12354=CARTESIAN_POINT('',(45.462482502781,-40.8196100156983,36.2861521345517));
#12355=CARTESIAN_POINT('',(45.712482502781,-40.5696100156996,48.5739583812178));
#12356=CARTESIAN_POINT('Origin',(44.712482502781,-40.5696100156983,36.2861521345517));
#12357=CARTESIAN_POINT('',(44.712482502781,-40.5696100156983,25.3861521345518));
#12358=CARTESIAN_POINT('',(44.712482502781,-40.5696100156983,36.2861521345517));
#12359=CARTESIAN_POINT('Origin',(44.712482502781,-40.5696100156983,25.3861521345518));
#12360=CARTESIAN_POINT('',(45.712482502781,-40.5696100156983,25.3861521345518));
#12361=CARTESIAN_POINT('Origin',(45.212482502781,-41.0696100156983,13.0081036962183));
#12362=CARTESIAN_POINT('',(45.712482502781,-40.5696100156983,4.28615213455174));
#12363=CARTESIAN_POINT('',(44.712482502781,-41.5696100156983,4.28615213455174));
#12364=CARTESIAN_POINT('',(45.212482502781,-41.0696100156983,4.28615213455174));
#12365=CARTESIAN_POINT('',(44.712482502781,-41.5696100156983,15.1861521345517));
#12366=CARTESIAN_POINT('',(44.712482502781,-41.5696100156983,13.0081036962183));
#12367=CARTESIAN_POINT('',(45.712482502781,-40.5696100156983,15.1861521345517));
#12368=CARTESIAN_POINT('',(45.462482502781,-40.8196100156983,15.1861521345517));
#12369=CARTESIAN_POINT('',(45.712482502781,-40.5696100156996,48.5739583812178));
#12370=CARTESIAN_POINT('Origin',(44.712482502781,-40.5696100156983,15.1861521345517));
#12371=CARTESIAN_POINT('',(44.712482502781,-40.5696100156983,4.28615213455174));
#12372=CARTESIAN_POINT('',(44.712482502781,-40.5696100156983,15.1861521345517));
#12373=CARTESIAN_POINT('Origin',(44.712482502781,-40.5696100156983,4.28615213455174));
#12374=CARTESIAN_POINT('',(45.712482502781,-40.5696100156983,4.28615213455174));
#12375=CARTESIAN_POINT('Origin',(45.212482502781,-41.0696100156983,2.45810369621826));
#12376=CARTESIAN_POINT('',(45.712482502781,-40.5696100156983,-16.8138478654483));
#12377=CARTESIAN_POINT('',(44.712482502781,-41.5696100156983,-16.8138478654483));
#12378=CARTESIAN_POINT('',(45.212482502781,-41.0696100156983,-16.8138478654483));
#12379=CARTESIAN_POINT('',(44.712482502781,-41.5696100156983,-5.91384786544826));
#12380=CARTESIAN_POINT('',(44.712482502781,-41.5696100156983,2.45810369621827));
#12381=CARTESIAN_POINT('',(45.712482502781,-40.5696100156983,-5.91384786544826));
#12382=CARTESIAN_POINT('',(45.462482502781,-40.8196100156983,-5.91384786544826));
#12383=CARTESIAN_POINT('',(45.712482502781,-40.5696100156996,48.5739583812178));
#12384=CARTESIAN_POINT('Origin',(45.712482502781,-40.5696100156983,-5.91384786544826));
#12385=CARTESIAN_POINT('',(44.712482502781,-40.5696100156983,-5.91384786544826));
#12386=CARTESIAN_POINT('',(45.712482502781,-40.5696100156983,-5.91384786544826));
#12387=CARTESIAN_POINT('Origin',(44.712482502781,-40.5696100156983,-5.91384786544826));
#12388=CARTESIAN_POINT('',(44.712482502781,-40.5696100156983,-16.8138478654483));
#12389=CARTESIAN_POINT('Origin',(45.712482502781,-40.5696100156983,15.1861521345517));
#12390=CARTESIAN_POINT('',(45.712482502781,-40.5696100156983,15.1861521345517));
#12391=CARTESIAN_POINT('Origin',(45.712482502781,-40.5696100156983,36.2861521345517));
#12392=CARTESIAN_POINT('',(45.712482502781,-40.5696100156983,36.2861521345517));
#12393=CARTESIAN_POINT('Origin',(-45.2546736827534,-40.5696100156983,25.3861521345518));
#12394=CARTESIAN_POINT('Origin',(-45.2546736827534,-40.5696100156983,4.28615213455174));
#12395=CARTESIAN_POINT('Origin',(-45.2546736827534,-40.5696100156984,-16.8138478654483));
#12396=CARTESIAN_POINT('Origin',(44.712482502781,-40.5696100156983,-16.8138478654483));
#12397=CARTESIAN_POINT('',(45.712482502781,-40.5696100156983,-16.8138478654483));
#12398=CARTESIAN_POINT('Origin',(45.712482502781,-40.5696100156996,48.5739583812178));
#12399=CARTESIAN_POINT('',(45.712482502781,-40.5696100156996,48.5739583812178));
#12400=CARTESIAN_POINT('Origin',(-45.2546736827534,-40.5696100156996,50.5739583812178));
#12401=CARTESIAN_POINT('Origin',(-45.2546736827534,-40.5696100156996,48.5739583812178));
#12402=CARTESIAN_POINT('Origin',(-25.000000372529,-22.7041128157801,-22.5073402500726));
#12403=CARTESIAN_POINT('',(-25.000000372529,-22.7041128157801,-22.5073402500726));
#12404=CARTESIAN_POINT('',(-25.000000372529,-22.7041128157801,-24.7138478654484));
#12405=CARTESIAN_POINT('',(-25.000000372529,-22.6868614157432,-22.5073402500725));
#12406=CARTESIAN_POINT('Origin',(-27.7624772425498,-22.6696100157063,-21.8138478654484));
#12407=CARTESIAN_POINT('',(-16.2105365137384,-26.8027071242108,-24.7138478654484));
#12408=CARTESIAN_POINT('',(-25.9366680329837,-22.267337512564,-22.272199135771));
#12409=CARTESIAN_POINT('',(-16.2105365137384,-31.2696100157057,-24.7138478654484));
#12410=CARTESIAN_POINT('',(-16.2105365137384,-22.6696100157062,-24.7138478654484));
#12411=CARTESIAN_POINT('',(-27.7624772425498,-31.2696100157055,-21.8138478654484));
#12412=CARTESIAN_POINT('',(-24.1689557464701,-31.2696100157056,-22.7159657505099));
#12413=CARTESIAN_POINT('',(-27.7624772425502,-22.8096672397268,-21.8138478654483));
#12414=CARTESIAN_POINT('Origin',(-16.2105365137384,-22.6696100157062,-24.7138478654484));
#12415=CARTESIAN_POINT('',(-14.4105365137384,-27.6420609088898,-24.7138478654484));
#12416=CARTESIAN_POINT('',(-14.4105365137384,-31.2696100157057,-24.7138478654484));
#12417=CARTESIAN_POINT('',(-14.4105365137384,-25.3190431426523,-24.7138478654484));
#12418=CARTESIAN_POINT('',(-18.3485216959413,-31.2696100157057,-24.7138478654484));
#12419=CARTESIAN_POINT('',(-21.396802461344,-24.3843115956138,-24.7138478654484));
#12420=CARTESIAN_POINT('Origin',(-14.4105365137384,-22.6696100157062,-24.7138478654484));
#12421=CARTESIAN_POINT('',(-14.4105365137384,-31.2696100157058,-23.7138478654484));
#12422=CARTESIAN_POINT('',(-14.4105365137384,-27.6420609088898,-23.7138478654484));
#12423=CARTESIAN_POINT('',(-14.4105365137384,-25.3190431426523,-23.7138478654484));
#12424=CARTESIAN_POINT('',(-14.4105365137384,-31.2696100157057,-23.9888478654484));
#12425=CARTESIAN_POINT('',(-14.4105365137384,-27.6420609088898,-24.7138478654484));
#12426=CARTESIAN_POINT('Origin',(-25.000000372529,-22.7041128157801,-24.7138478654484));
#12427=CARTESIAN_POINT('',(-24.2105365137379,-23.0722458589711,-21.8138478654484));
#12428=CARTESIAN_POINT('',(-32.4090311059923,-19.2492250452605,-21.8138478654483));
#12429=CARTESIAN_POINT('',(-16.2105365137384,-26.8027071242108,-23.7138478654484));
#12430=CARTESIAN_POINT('',(-21.0739323353601,-24.5348684079496,-22.5587913578132));
#12431=CARTESIAN_POINT('',(-20.1647117540791,-24.9588449279531,-23.7138478654484));
#12432=CARTESIAN_POINT('Origin',(-13.2105365137384,-22.6696100157062,-23.7138478654484));
#12433=CARTESIAN_POINT('',(-16.2105365137384,-31.2696100157057,-23.7138478654484));
#12434=CARTESIAN_POINT('',(-16.2105365137384,-22.6696100157062,-23.7138478654484));
#12435=CARTESIAN_POINT('',(-16.8485216959413,-31.2696100157057,-23.7138478654484));
#12436=CARTESIAN_POINT('Origin',(-16.2105365137384,-22.6696100157062,-23.7138478654484));
#12437=CARTESIAN_POINT('',(-24.2105365137379,-31.2696100157056,-21.8138478654484));
#12438=CARTESIAN_POINT('',(-24.2105365137383,-22.8096672397267,-21.8138478654483));
#12439=CARTESIAN_POINT('',(-18.2849493470616,-31.2696100157057,-23.2211748175341));
#12440=CARTESIAN_POINT('Origin',(-20.4865068781441,-31.2696100157056,-23.2638478654484));
#12441=CARTESIAN_POINT('',(-31.8205902804488,-31.2696100157054,-21.8138478654483));
#12442=CARTESIAN_POINT('Origin',(45.212482502781,-21.6696100157062,-26.4138478654483));
#12443=CARTESIAN_POINT('',(45.212482502781,-40.5696100156996,-28.9138478654483));
#12444=CARTESIAN_POINT('Origin',(0.0953263172452434,-21.6696100157062,-28.9138478654483));
#12445=CARTESIAN_POINT('',(-44.7546736827534,-21.6696100157062,-28.9138478654483));
#12446=CARTESIAN_POINT('Origin',(-44.7546736827534,-21.6696100157062,-26.4138478654483));
#12447=CARTESIAN_POINT('Origin',(-33.154673682754,-21.6696100157062,-3.61384786544943));
#12448=CARTESIAN_POINT('',(-32.1546736827542,-21.6696100157062,6.88615213455038));
#12449=CARTESIAN_POINT('Origin',(-33.1546736827542,-21.6696100157062,7.88615213455038));
#12450=CARTESIAN_POINT('',(-32.1546736827539,-21.6696100157062,-7.11384786544899));
#12451=CARTESIAN_POINT('',(-32.154673682754,-21.6696100157062,-3.61384786544941));
#12452=CARTESIAN_POINT('Origin',(-33.1546736827539,-21.6696100157062,-8.11384786544899));
#12453=CARTESIAN_POINT('Origin',(-16.0296736827545,-21.6696100157062,7.8861521345504));
#12454=CARTESIAN_POINT('',(32.345326317245,-21.6696100157062,6.88615213455049));
#12455=CARTESIAN_POINT('',(-16.0296736827545,-21.6696100157062,6.8861521345504));
#12456=CARTESIAN_POINT('Origin',(33.345326317245,-21.6696100157062,7.88615213455049));
#12457=CARTESIAN_POINT('Origin',(16.2203263172453,-21.6696100157062,-8.1138478654489));
#12458=CARTESIAN_POINT('',(32.3453263172453,-21.6696100157062,-7.11384786544887));
#12459=CARTESIAN_POINT('',(16.2203263172453,-21.6696100157062,-7.1138478654489));
#12460=CARTESIAN_POINT('Origin',(33.3453263172453,-21.6696100157062,-8.11384786544887));
#12461=CARTESIAN_POINT('Origin',(33.3453263172451,-21.6696100157062,3.38615213455096));
#12462=CARTESIAN_POINT('',(32.3453263172451,-21.6696100157062,3.38615213455094));
#12463=CARTESIAN_POINT('Origin',(32.3453263172453,-22.6696100157058,-7.11384786544888));
#12464=CARTESIAN_POINT('',(-32.1546736827539,-22.6696100157067,-7.11384786544899));
#12465=CARTESIAN_POINT('',(32.3453263172453,-22.6696100157058,-7.11384786544888));
#12466=CARTESIAN_POINT('Origin',(-32.1546736827539,-22.6696100157067,-7.11384786544899));
#12467=CARTESIAN_POINT('',(-32.1546736827542,-22.6696100157067,6.88615213455037));
#12468=CARTESIAN_POINT('Origin',(32.3453263172451,-22.6696100157058,6.88615213455049));
#12469=CARTESIAN_POINT('',(32.3453263172451,-22.6696100157058,6.88615213455049));
#12470=CARTESIAN_POINT('Origin',(-32.1546736827542,-22.6696100157067,6.88615213455037));
#12471=CARTESIAN_POINT('Origin',(-43.1546736827535,-22.9497244637473,-21.8138478654483));
#12472=CARTESIAN_POINT('',(-13.2105365137383,-22.949724463747,-21.8138478654483));
#12473=CARTESIAN_POINT('Origin',(-13.2105365137383,-22.9497244637466,-21.8138478654483));
#12474=CARTESIAN_POINT('Origin',(-12.2105365137383,-22.9497244637467,-26.9138478654482));
#12475=CARTESIAN_POINT('Origin',(39.1953263172442,-31.5497244637453,21.5861521345486));
#12476=CARTESIAN_POINT('',(39.1953263172442,-34.2497244637477,20.8361521345492));
#12477=CARTESIAN_POINT('Origin',(-34.9046736827558,-31.5497244637452,20.5861521345503));
#12478=CARTESIAN_POINT('',(-34.9046736827558,-34.2497244637386,21.3361521345501));
#12479=CARTESIAN_POINT('Origin',(-43.1546736827535,-22.9497244637473,20.58615213455));
#12480=CARTESIAN_POINT('Origin',(43.3453263172447,-22.949724463746,-20.8138478654483));
#12481=CARTESIAN_POINT('Origin',(0.0953263172456324,-22.9497244637467,-0.113847865449177));
#12482=CARTESIAN_POINT('Origin',(2.14532631724417,-34.2497244637431,21.0861521345496));
#12483=CARTESIAN_POINT('Origin',(-39.0046736827537,-22.6696100157069,15.8361521345501));
#12484=CARTESIAN_POINT('',(-39.0046736827536,-25.4696100157053,-16.0638478654486));
#12485=CARTESIAN_POINT('',(-39.0046736827536,-25.4696100157054,15.8361521345501));
#12486=CARTESIAN_POINT('',(-39.0046736827536,-25.4696100157054,7.86115213455042));
#12487=CARTESIAN_POINT('',(-39.0046736827537,-22.6696100157068,-16.0638478654486));
#12488=CARTESIAN_POINT('',(-39.0046736827537,-22.6696100157069,15.8361521345501));
#12489=CARTESIAN_POINT('Origin',(-39.0046736827537,-22.6696100157068,-16.0638478654486));
#12490=CARTESIAN_POINT('',(39.1953263172448,-25.4696100157066,-16.0638478654486));
#12491=CARTESIAN_POINT('',(-19.4546736827541,-25.4696100157057,-16.0638478654486));
#12492=CARTESIAN_POINT('',(39.1953263172448,-22.6696100157057,-16.0638478654486));
#12493=CARTESIAN_POINT('Origin',(40.1953263172448,-22.6696100157056,-16.0638478654486));
#12494=CARTESIAN_POINT('',(40.1953263172448,-25.4696100157066,-17.0638478654486));
#12495=CARTESIAN_POINT('',(40.1953263172448,-25.4696100157067,16.8361521345501));
#12496=CARTESIAN_POINT('',(40.1953263172448,-25.4696100157067,-8.08884786544893));
#12497=CARTESIAN_POINT('',(40.1953263172448,-22.6696100157057,-17.0638478654486));
#12498=CARTESIAN_POINT('',(40.1953263172448,-22.6696100157057,16.8361521345501));
#12499=CARTESIAN_POINT('Origin',(-39.0046736827537,-22.6696100157068,-17.0638478654486));
#12500=CARTESIAN_POINT('',(-40.0046736827536,-25.4696100157053,-17.0638478654486));
#12501=CARTESIAN_POINT('',(-19.4546736827541,-25.4696100157057,-17.0638478654486));
#12502=CARTESIAN_POINT('',(-40.0046736827537,-22.6696100157068,-17.0638478654486));
#12503=CARTESIAN_POINT('Origin',(39.1953263172448,-22.6696100157057,15.8361521345501));
#12504=CARTESIAN_POINT('',(39.1953263172448,-25.4696100157067,15.8361521345501));
#12505=CARTESIAN_POINT('',(19.6453263172452,-25.4696100157064,15.8361521345501));
#12506=CARTESIAN_POINT('',(39.1953263172448,-22.6696100157057,15.8361521345501));
#12507=CARTESIAN_POINT('Origin',(39.1953263172448,-22.6696100157057,-16.0638478654486));
#12508=CARTESIAN_POINT('',(39.1953263172448,-25.4696100157066,-8.08884786544893));
#12509=CARTESIAN_POINT('Origin',(-40.0046736827537,-22.6696100157069,15.8361521345501));
#12510=CARTESIAN_POINT('',(-40.0046736827536,-25.4696100157054,16.8361521345501));
#12511=CARTESIAN_POINT('',(-40.0046736827536,-25.4696100157054,7.86115213455042));
#12512=CARTESIAN_POINT('',(-40.0046736827537,-22.6696100157069,16.8361521345501));
#12513=CARTESIAN_POINT('Origin',(39.1953263172448,-22.6696100157057,16.8361521345501));
#12514=CARTESIAN_POINT('',(19.6453263172452,-25.4696100157064,16.8361521345501));
#12515=CARTESIAN_POINT('Origin',(0.0953263172456039,-25.469610015706,-0.113847865449258));
#12516=UNCERTAINTY_MEASURE_WITH_UNIT(LENGTH_MEASURE(0.01),#12520,
'DISTANCE_ACCURACY_VALUE',
'Maximum model space distance between geometric entities at asserted c
onnectivities');
#12517=UNCERTAINTY_MEASURE_WITH_UNIT(LENGTH_MEASURE(0.01),#12520,
'DISTANCE_ACCURACY_VALUE',
'Maximum model space distance between geometric entities at asserted c
onnectivities');
#12518=(
GEOMETRIC_REPRESENTATION_CONTEXT(3)
GLOBAL_UNCERTAINTY_ASSIGNED_CONTEXT((#12516))
GLOBAL_UNIT_ASSIGNED_CONTEXT((#12520,#12522,#12523))
REPRESENTATION_CONTEXT('','3D')
);
#12519=(
GEOMETRIC_REPRESENTATION_CONTEXT(3)
GLOBAL_UNCERTAINTY_ASSIGNED_CONTEXT((#12517))
GLOBAL_UNIT_ASSIGNED_CONTEXT((#12520,#12522,#12523))
REPRESENTATION_CONTEXT('','3D')
);
#12520=(
LENGTH_UNIT()
NAMED_UNIT(*)
SI_UNIT(.MILLI.,.METRE.)
);
#12521=(
LENGTH_UNIT()
NAMED_UNIT(*)
SI_UNIT($,.METRE.)
);
#12522=(
NAMED_UNIT(*)
PLANE_ANGLE_UNIT()
SI_UNIT($,.RADIAN.)
);
#12523=(
NAMED_UNIT(*)
SI_UNIT($,.STERADIAN.)
SOLID_ANGLE_UNIT()
);
#12524=SHAPE_DEFINITION_REPRESENTATION(#12525,#12526);
#12525=PRODUCT_DEFINITION_SHAPE('',$,#12528);
#12526=SHAPE_REPRESENTATION('',(#7579),#12518);
#12527=PRODUCT_DEFINITION_CONTEXT('part definition',#12532,'design');
#12528=PRODUCT_DEFINITION('2026-08-16-18-47-53-536','\X2\043A043E0440043F04430441\X0\',
#12529,#12527);
#12529=PRODUCT_DEFINITION_FORMATION('',$,#12534);
#12530=PRODUCT_RELATED_PRODUCT_CATEGORY('\X2\043A043E0440043F04430441\X0\',
'\X2\043A043E0440043F04430441\X0\',(#12534));
#12531=APPLICATION_PROTOCOL_DEFINITION('international standard',
'automotive_design',2009,#12532);
#12532=APPLICATION_CONTEXT(
'Core Data for Automotive Mechanical Design Process');
#12533=PRODUCT_CONTEXT('part definition',#12532,'mechanical');
#12534=PRODUCT('2026-08-16-18-47-53-536','\X2\043A043E0440043F04430441\X0\',
$,(#12533));
#12535=PRESENTATION_STYLE_ASSIGNMENT((#12536));
#12536=SURFACE_STYLE_USAGE(.BOTH.,#12537);
#12537=SURFACE_SIDE_STYLE('',(#12538));
#12538=SURFACE_STYLE_FILL_AREA(#12539);
#12539=FILL_AREA_STYLE('\X2\042104420430043B044C\X0\ \X2\2014\X0\ \X2\0441043004420438043D04380440043E04320430043D043D0430044F\X0\',
(#12540));
#12540=FILL_AREA_STYLE_COLOUR(
'\X2\042104420430043B044C\X0\ \X2\2014\X0\ \X2\0441043004420438043D04380440043E04320430043D043D0430044F\X0\',
#12541);
#12541=COLOUR_RGB('\X2\042104420430043B044C\X0\ \X2\2014\X0\ \X2\0441043004420438043D04380440043E04320430043D043D0430044F\X0\',
0.627450980392157,0.627450980392157,0.627450980392157);
ENDSEC;
END-ISO-10303-21;
