ISO-10303-21;
HEADER;
/* Generated by software containing ST-Developer
 * from STEP Tools, Inc. (www.steptools.com) 
 */

FILE_DESCRIPTION(
/* description */ (''),
/* implementation_level */ '2;1');

FILE_NAME(
/* name */ '',
/* time_stamp */ '2026-08-16T18:40:11+05:00',
/* author */ (''),
/* organization */ (''),
/* preprocessor_version */ 'ST-DEVELOPER v20.1',
/* originating_system */ 'Autodesk Translation Framework v15.8.0.0',
/* authorisation */ '');

FILE_SCHEMA (('AUTOMOTIVE_DESIGN { 1 0 10303 214 3 1 1 }'));
ENDSEC;

DATA;
#10=MECHANICAL_DESIGN_GEOMETRIC_PRESENTATION_REPRESENTATION('',(#13),#3267);
#11=SHAPE_REPRESENTATION_RELATIONSHIP('SRR','None',#3274,#12);
#12=ADVANCED_BREP_SHAPE_REPRESENTATION('',(#14),#3266);
#13=STYLED_ITEM('',(#3283),#14);
#14=MANIFOLD_SOLID_BREP('Body1',#2021);
#15=CYLINDRICAL_SURFACE('',#2050,1.65);
#16=CYLINDRICAL_SURFACE('',#2074,1.65);
#17=CYLINDRICAL_SURFACE('',#2099,1.65);
#18=CYLINDRICAL_SURFACE('',#2123,1.65);
#19=FACE_BOUND('',#177,.T.);
#20=FACE_BOUND('',#196,.T.);
#21=FACE_BOUND('',#216,.T.);
#22=FACE_BOUND('',#235,.T.);
#23=FACE_BOUND('',#253,.T.);
#24=FACE_BOUND('',#255,.T.);
#25=FACE_BOUND('',#256,.T.);
#26=FACE_BOUND('',#257,.T.);
#27=FACE_BOUND('',#258,.T.);
#28=FACE_BOUND('',#259,.T.);
#29=FACE_BOUND('',#260,.T.);
#30=FACE_BOUND('',#283,.T.);
#31=CIRCLE('',#2040,1.65);
#32=CIRCLE('',#2042,1.65);
#33=CIRCLE('',#2045,1.65);
#34=CIRCLE('',#2047,1.65);
#35=CIRCLE('',#2051,1.65);
#36=CIRCLE('',#2052,1.65);
#37=CIRCLE('',#2064,1.65);
#38=CIRCLE('',#2066,1.65);
#39=CIRCLE('',#2069,1.65);
#40=CIRCLE('',#2071,1.65);
#41=CIRCLE('',#2075,1.65);
#42=CIRCLE('',#2076,1.65);
#43=CIRCLE('',#2089,1.65);
#44=CIRCLE('',#2091,1.65);
#45=CIRCLE('',#2094,1.65);
#46=CIRCLE('',#2096,1.65);
#47=CIRCLE('',#2100,1.65);
#48=CIRCLE('',#2101,1.65);
#49=CIRCLE('',#2113,1.65);
#50=CIRCLE('',#2115,1.65);
#51=CIRCLE('',#2118,1.65);
#52=CIRCLE('',#2120,1.65);
#53=CIRCLE('',#2124,1.65);
#54=CIRCLE('',#2125,1.65);
#55=FACE_OUTER_BOUND('',#167,.T.);
#56=FACE_OUTER_BOUND('',#168,.T.);
#57=FACE_OUTER_BOUND('',#169,.T.);
#58=FACE_OUTER_BOUND('',#170,.T.);
#59=FACE_OUTER_BOUND('',#171,.T.);
#60=FACE_OUTER_BOUND('',#172,.T.);
#61=FACE_OUTER_BOUND('',#173,.T.);
#62=FACE_OUTER_BOUND('',#174,.T.);
#63=FACE_OUTER_BOUND('',#175,.T.);
#64=FACE_OUTER_BOUND('',#176,.T.);
#65=FACE_OUTER_BOUND('',#178,.T.);
#66=FACE_OUTER_BOUND('',#179,.T.);
#67=FACE_OUTER_BOUND('',#180,.T.);
#68=FACE_OUTER_BOUND('',#181,.T.);
#69=FACE_OUTER_BOUND('',#182,.T.);
#70=FACE_OUTER_BOUND('',#183,.T.);
#71=FACE_OUTER_BOUND('',#184,.T.);
#72=FACE_OUTER_BOUND('',#185,.T.);
#73=FACE_OUTER_BOUND('',#186,.T.);
#74=FACE_OUTER_BOUND('',#187,.T.);
#75=FACE_OUTER_BOUND('',#188,.T.);
#76=FACE_OUTER_BOUND('',#189,.T.);
#77=FACE_OUTER_BOUND('',#190,.T.);
#78=FACE_OUTER_BOUND('',#191,.T.);
#79=FACE_OUTER_BOUND('',#192,.T.);
#80=FACE_OUTER_BOUND('',#193,.T.);
#81=FACE_OUTER_BOUND('',#194,.T.);
#82=FACE_OUTER_BOUND('',#195,.T.);
#83=FACE_OUTER_BOUND('',#197,.T.);
#84=FACE_OUTER_BOUND('',#198,.T.);
#85=FACE_OUTER_BOUND('',#199,.T.);
#86=FACE_OUTER_BOUND('',#200,.T.);
#87=FACE_OUTER_BOUND('',#201,.T.);
#88=FACE_OUTER_BOUND('',#202,.T.);
#89=FACE_OUTER_BOUND('',#203,.T.);
#90=FACE_OUTER_BOUND('',#204,.T.);
#91=FACE_OUTER_BOUND('',#205,.T.);
#92=FACE_OUTER_BOUND('',#206,.T.);
#93=FACE_OUTER_BOUND('',#207,.T.);
#94=FACE_OUTER_BOUND('',#208,.T.);
#95=FACE_OUTER_BOUND('',#209,.T.);
#96=FACE_OUTER_BOUND('',#210,.T.);
#97=FACE_OUTER_BOUND('',#211,.T.);
#98=FACE_OUTER_BOUND('',#212,.T.);
#99=FACE_OUTER_BOUND('',#213,.T.);
#100=FACE_OUTER_BOUND('',#214,.T.);
#101=FACE_OUTER_BOUND('',#215,.T.);
#102=FACE_OUTER_BOUND('',#217,.T.);
#103=FACE_OUTER_BOUND('',#218,.T.);
#104=FACE_OUTER_BOUND('',#219,.T.);
#105=FACE_OUTER_BOUND('',#220,.T.);
#106=FACE_OUTER_BOUND('',#221,.T.);
#107=FACE_OUTER_BOUND('',#222,.T.);
#108=FACE_OUTER_BOUND('',#223,.T.);
#109=FACE_OUTER_BOUND('',#224,.T.);
#110=FACE_OUTER_BOUND('',#225,.T.);
#111=FACE_OUTER_BOUND('',#226,.T.);
#112=FACE_OUTER_BOUND('',#227,.T.);
#113=FACE_OUTER_BOUND('',#228,.T.);
#114=FACE_OUTER_BOUND('',#229,.T.);
#115=FACE_OUTER_BOUND('',#230,.T.);
#116=FACE_OUTER_BOUND('',#231,.T.);
#117=FACE_OUTER_BOUND('',#232,.T.);
#118=FACE_OUTER_BOUND('',#233,.T.);
#119=FACE_OUTER_BOUND('',#234,.T.);
#120=FACE_OUTER_BOUND('',#236,.T.);
#121=FACE_OUTER_BOUND('',#237,.T.);
#122=FACE_OUTER_BOUND('',#238,.T.);
#123=FACE_OUTER_BOUND('',#239,.T.);
#124=FACE_OUTER_BOUND('',#240,.T.);
#125=FACE_OUTER_BOUND('',#241,.T.);
#126=FACE_OUTER_BOUND('',#242,.T.);
#127=FACE_OUTER_BOUND('',#243,.T.);
#128=FACE_OUTER_BOUND('',#244,.T.);
#129=FACE_OUTER_BOUND('',#245,.T.);
#130=FACE_OUTER_BOUND('',#246,.T.);
#131=FACE_OUTER_BOUND('',#247,.T.);
#132=FACE_OUTER_BOUND('',#248,.T.);
#133=FACE_OUTER_BOUND('',#249,.T.);
#134=FACE_OUTER_BOUND('',#250,.T.);
#135=FACE_OUTER_BOUND('',#251,.T.);
#136=FACE_OUTER_BOUND('',#252,.T.);
#137=FACE_OUTER_BOUND('',#254,.T.);
#138=FACE_OUTER_BOUND('',#261,.T.);
#139=FACE_OUTER_BOUND('',#262,.T.);
#140=FACE_OUTER_BOUND('',#263,.T.);
#141=FACE_OUTER_BOUND('',#264,.T.);
#142=FACE_OUTER_BOUND('',#265,.T.);
#143=FACE_OUTER_BOUND('',#266,.T.);
#144=FACE_OUTER_BOUND('',#267,.T.);
#145=FACE_OUTER_BOUND('',#268,.T.);
#146=FACE_OUTER_BOUND('',#269,.T.);
#147=FACE_OUTER_BOUND('',#270,.T.);
#148=FACE_OUTER_BOUND('',#271,.T.);
#149=FACE_OUTER_BOUND('',#272,.T.);
#150=FACE_OUTER_BOUND('',#273,.T.);
#151=FACE_OUTER_BOUND('',#274,.T.);
#152=FACE_OUTER_BOUND('',#275,.T.);
#153=FACE_OUTER_BOUND('',#276,.T.);
#154=FACE_OUTER_BOUND('',#277,.T.);
#155=FACE_OUTER_BOUND('',#278,.T.);
#156=FACE_OUTER_BOUND('',#279,.T.);
#157=FACE_OUTER_BOUND('',#280,.T.);
#158=FACE_OUTER_BOUND('',#281,.T.);
#159=FACE_OUTER_BOUND('',#282,.T.);
#160=FACE_OUTER_BOUND('',#284,.T.);
#161=FACE_OUTER_BOUND('',#285,.T.);
#162=FACE_OUTER_BOUND('',#286,.T.);
#163=FACE_OUTER_BOUND('',#287,.T.);
#164=FACE_OUTER_BOUND('',#288,.T.);
#165=FACE_OUTER_BOUND('',#289,.T.);
#166=FACE_OUTER_BOUND('',#290,.T.);
#167=EDGE_LOOP('',(#1249,#1250,#1251,#1252));
#168=EDGE_LOOP('',(#1253,#1254,#1255,#1256));
#169=EDGE_LOOP('',(#1257,#1258,#1259,#1260));
#170=EDGE_LOOP('',(#1261,#1262,#1263,#1264));
#171=EDGE_LOOP('',(#1265,#1266,#1267,#1268,#1269));
#172=EDGE_LOOP('',(#1270,#1271,#1272,#1273,#1274));
#173=EDGE_LOOP('',(#1275,#1276,#1277,#1278));
#174=EDGE_LOOP('',(#1279,#1280,#1281,#1282,#1283));
#175=EDGE_LOOP('',(#1284,#1285,#1286,#1287,#1288));
#176=EDGE_LOOP('',(#1289,#1290,#1291,#1292));
#177=EDGE_LOOP('',(#1293,#1294,#1295,#1296,#1297,#1298,#1299,#1300));
#178=EDGE_LOOP('',(#1301,#1302,#1303,#1304));
#179=EDGE_LOOP('',(#1305,#1306,#1307,#1308,#1309,#1310,#1311,#1312));
#180=EDGE_LOOP('',(#1313,#1314,#1315,#1316));
#181=EDGE_LOOP('',(#1317,#1318,#1319,#1320));
#182=EDGE_LOOP('',(#1321,#1322));
#183=EDGE_LOOP('',(#1323,#1324));
#184=EDGE_LOOP('',(#1325,#1326,#1327,#1328));
#185=EDGE_LOOP('',(#1329,#1330,#1331,#1332));
#186=EDGE_LOOP('',(#1333,#1334,#1335,#1336));
#187=EDGE_LOOP('',(#1337,#1338,#1339,#1340,#1341));
#188=EDGE_LOOP('',(#1342,#1343,#1344,#1345));
#189=EDGE_LOOP('',(#1346,#1347,#1348,#1349,#1350));
#190=EDGE_LOOP('',(#1351,#1352,#1353,#1354,#1355));
#191=EDGE_LOOP('',(#1356,#1357,#1358,#1359,#1360));
#192=EDGE_LOOP('',(#1361,#1362,#1363,#1364));
#193=EDGE_LOOP('',(#1365,#1366,#1367,#1368,#1369));
#194=EDGE_LOOP('',(#1370,#1371,#1372,#1373,#1374));
#195=EDGE_LOOP('',(#1375,#1376,#1377,#1378));
#196=EDGE_LOOP('',(#1379,#1380,#1381,#1382,#1383,#1384,#1385,#1386));
#197=EDGE_LOOP('',(#1387,#1388,#1389,#1390));
#198=EDGE_LOOP('',(#1391,#1392,#1393,#1394,#1395,#1396,#1397,#1398));
#199=EDGE_LOOP('',(#1399,#1400,#1401,#1402));
#200=EDGE_LOOP('',(#1403,#1404,#1405,#1406));
#201=EDGE_LOOP('',(#1407,#1408,#1409,#1410));
#202=EDGE_LOOP('',(#1411,#1412));
#203=EDGE_LOOP('',(#1413,#1414));
#204=EDGE_LOOP('',(#1415,#1416,#1417,#1418));
#205=EDGE_LOOP('',(#1419,#1420,#1421,#1422));
#206=EDGE_LOOP('',(#1423,#1424,#1425,#1426));
#207=EDGE_LOOP('',(#1427,#1428,#1429,#1430));
#208=EDGE_LOOP('',(#1431,#1432,#1433,#1434));
#209=EDGE_LOOP('',(#1435,#1436,#1437,#1438));
#210=EDGE_LOOP('',(#1439,#1440,#1441,#1442,#1443));
#211=EDGE_LOOP('',(#1444,#1445,#1446,#1447,#1448));
#212=EDGE_LOOP('',(#1449,#1450,#1451,#1452));
#213=EDGE_LOOP('',(#1453,#1454,#1455,#1456,#1457));
#214=EDGE_LOOP('',(#1458,#1459,#1460,#1461,#1462));
#215=EDGE_LOOP('',(#1463,#1464,#1465,#1466));
#216=EDGE_LOOP('',(#1467,#1468,#1469,#1470,#1471,#1472,#1473,#1474));
#217=EDGE_LOOP('',(#1475,#1476,#1477,#1478));
#218=EDGE_LOOP('',(#1479,#1480,#1481,#1482,#1483,#1484,#1485,#1486));
#219=EDGE_LOOP('',(#1487,#1488,#1489,#1490));
#220=EDGE_LOOP('',(#1491,#1492,#1493,#1494));
#221=EDGE_LOOP('',(#1495,#1496));
#222=EDGE_LOOP('',(#1497,#1498));
#223=EDGE_LOOP('',(#1499,#1500,#1501,#1502));
#224=EDGE_LOOP('',(#1503,#1504,#1505,#1506));
#225=EDGE_LOOP('',(#1507,#1508,#1509,#1510));
#226=EDGE_LOOP('',(#1511,#1512,#1513,#1514));
#227=EDGE_LOOP('',(#1515,#1516,#1517,#1518));
#228=EDGE_LOOP('',(#1519,#1520,#1521,#1522));
#229=EDGE_LOOP('',(#1523,#1524,#1525,#1526,#1527));
#230=EDGE_LOOP('',(#1528,#1529,#1530,#1531,#1532));
#231=EDGE_LOOP('',(#1533,#1534,#1535,#1536));
#232=EDGE_LOOP('',(#1537,#1538,#1539,#1540,#1541));
#233=EDGE_LOOP('',(#1542,#1543,#1544,#1545,#1546));
#234=EDGE_LOOP('',(#1547,#1548,#1549,#1550));
#235=EDGE_LOOP('',(#1551,#1552,#1553,#1554,#1555,#1556,#1557,#1558));
#236=EDGE_LOOP('',(#1559,#1560,#1561,#1562));
#237=EDGE_LOOP('',(#1563,#1564,#1565,#1566,#1567,#1568,#1569,#1570));
#238=EDGE_LOOP('',(#1571,#1572,#1573,#1574));
#239=EDGE_LOOP('',(#1575,#1576,#1577,#1578));
#240=EDGE_LOOP('',(#1579,#1580));
#241=EDGE_LOOP('',(#1581,#1582));
#242=EDGE_LOOP('',(#1583,#1584,#1585,#1586));
#243=EDGE_LOOP('',(#1587,#1588,#1589,#1590));
#244=EDGE_LOOP('',(#1591,#1592,#1593,#1594));
#245=EDGE_LOOP('',(#1595,#1596,#1597,#1598));
#246=EDGE_LOOP('',(#1599,#1600,#1601,#1602));
#247=EDGE_LOOP('',(#1603,#1604,#1605,#1606));
#248=EDGE_LOOP('',(#1607,#1608,#1609,#1610));
#249=EDGE_LOOP('',(#1611,#1612,#1613,#1614));
#250=EDGE_LOOP('',(#1615,#1616,#1617,#1618));
#251=EDGE_LOOP('',(#1619,#1620,#1621,#1622));
#252=EDGE_LOOP('',(#1623,#1624,#1625,#1626));
#253=EDGE_LOOP('',(#1627,#1628,#1629,#1630));
#254=EDGE_LOOP('',(#1631,#1632,#1633,#1634,#1635,#1636,#1637,#1638));
#255=EDGE_LOOP('',(#1639,#1640,#1641,#1642));
#256=EDGE_LOOP('',(#1643,#1644,#1645,#1646));
#257=EDGE_LOOP('',(#1647,#1648,#1649,#1650,#1651,#1652,#1653,#1654,#1655,
#1656,#1657,#1658));
#258=EDGE_LOOP('',(#1659,#1660,#1661,#1662));
#259=EDGE_LOOP('',(#1663,#1664,#1665,#1666));
#260=EDGE_LOOP('',(#1667,#1668,#1669,#1670));
#261=EDGE_LOOP('',(#1671,#1672,#1673,#1674));
#262=EDGE_LOOP('',(#1675,#1676,#1677,#1678));
#263=EDGE_LOOP('',(#1679,#1680,#1681,#1682));
#264=EDGE_LOOP('',(#1683,#1684,#1685,#1686));
#265=EDGE_LOOP('',(#1687,#1688,#1689,#1690));
#266=EDGE_LOOP('',(#1691,#1692,#1693,#1694));
#267=EDGE_LOOP('',(#1695,#1696,#1697,#1698));
#268=EDGE_LOOP('',(#1699,#1700,#1701,#1702));
#269=EDGE_LOOP('',(#1703,#1704,#1705,#1706));
#270=EDGE_LOOP('',(#1707,#1708,#1709,#1710));
#271=EDGE_LOOP('',(#1711,#1712,#1713,#1714));
#272=EDGE_LOOP('',(#1715,#1716,#1717,#1718));
#273=EDGE_LOOP('',(#1719,#1720,#1721,#1722,#1723,#1724,#1725,#1726,#1727,
#1728,#1729,#1730));
#274=EDGE_LOOP('',(#1731,#1732,#1733,#1734));
#275=EDGE_LOOP('',(#1735,#1736,#1737,#1738));
#276=EDGE_LOOP('',(#1739,#1740,#1741,#1742));
#277=EDGE_LOOP('',(#1743,#1744,#1745,#1746));
#278=EDGE_LOOP('',(#1747,#1748,#1749,#1750));
#279=EDGE_LOOP('',(#1751,#1752,#1753,#1754));
#280=EDGE_LOOP('',(#1755,#1756,#1757,#1758));
#281=EDGE_LOOP('',(#1759,#1760,#1761,#1762));
#282=EDGE_LOOP('',(#1763,#1764,#1765,#1766));
#283=EDGE_LOOP('',(#1767,#1768,#1769,#1770));
#284=EDGE_LOOP('',(#1771,#1772,#1773,#1774));
#285=EDGE_LOOP('',(#1775,#1776,#1777,#1778));
#286=EDGE_LOOP('',(#1779,#1780,#1781,#1782,#1783,#1784));
#287=EDGE_LOOP('',(#1785,#1786,#1787,#1788));
#288=EDGE_LOOP('',(#1789,#1790,#1791,#1792));
#289=EDGE_LOOP('',(#1793,#1794,#1795,#1796));
#290=EDGE_LOOP('',(#1797,#1798,#1799,#1800));
#291=LINE('',#2701,#543);
#292=LINE('',#2703,#544);
#293=LINE('',#2705,#545);
#294=LINE('',#2706,#546);
#295=LINE('',#2710,#547);
#296=LINE('',#2712,#548);
#297=LINE('',#2714,#549);
#298=LINE('',#2715,#550);
#299=LINE('',#2719,#551);
#300=LINE('',#2721,#552);
#301=LINE('',#2723,#553);
#302=LINE('',#2724,#554);
#303=LINE('',#2728,#555);
#304=LINE('',#2730,#556);
#305=LINE('',#2732,#557);
#306=LINE('',#2733,#558);
#307=LINE('',#2737,#559);
#308=LINE('',#2738,#560);
#309=LINE('',#2740,#561);
#310=LINE('',#2745,#562);
#311=LINE('',#2748,#563);
#312=LINE('',#2749,#564);
#313=LINE('',#2751,#565);
#314=LINE('',#2752,#566);
#315=LINE('',#2756,#567);
#316=LINE('',#2757,#568);
#317=LINE('',#2759,#569);
#318=LINE('',#2764,#570);
#319=LINE('',#2767,#571);
#320=LINE('',#2768,#572);
#321=LINE('',#2770,#573);
#322=LINE('',#2771,#574);
#323=LINE('',#2772,#575);
#324=LINE('',#2774,#576);
#325=LINE('',#2777,#577);
#326=LINE('',#2779,#578);
#327=LINE('',#2781,#579);
#328=LINE('',#2783,#580);
#329=LINE('',#2791,#581);
#330=LINE('',#2793,#582);
#331=LINE('',#2795,#583);
#332=LINE('',#2796,#584);
#333=LINE('',#2800,#585);
#334=LINE('',#2802,#586);
#335=LINE('',#2804,#587);
#336=LINE('',#2806,#588);
#337=LINE('',#2807,#589);
#338=LINE('',#2811,#590);
#339=LINE('',#2813,#591);
#340=LINE('',#2815,#592);
#341=LINE('',#2816,#593);
#342=LINE('',#2820,#594);
#343=LINE('',#2822,#595);
#344=LINE('',#2824,#596);
#345=LINE('',#2826,#597);
#346=LINE('',#2827,#598);
#347=LINE('',#2831,#599);
#348=LINE('',#2832,#600);
#349=LINE('',#2834,#601);
#350=LINE('',#2839,#602);
#351=LINE('',#2842,#603);
#352=LINE('',#2843,#604);
#353=LINE('',#2845,#605);
#354=LINE('',#2846,#606);
#355=LINE('',#2850,#607);
#356=LINE('',#2851,#608);
#357=LINE('',#2853,#609);
#358=LINE('',#2858,#610);
#359=LINE('',#2861,#611);
#360=LINE('',#2862,#612);
#361=LINE('',#2864,#613);
#362=LINE('',#2865,#614);
#363=LINE('',#2866,#615);
#364=LINE('',#2868,#616);
#365=LINE('',#2871,#617);
#366=LINE('',#2873,#618);
#367=LINE('',#2875,#619);
#368=LINE('',#2877,#620);
#369=LINE('',#2879,#621);
#370=LINE('',#2887,#622);
#371=LINE('',#2889,#623);
#372=LINE('',#2891,#624);
#373=LINE('',#2892,#625);
#374=LINE('',#2896,#626);
#375=LINE('',#2898,#627);
#376=LINE('',#2900,#628);
#377=LINE('',#2901,#629);
#378=LINE('',#2905,#630);
#379=LINE('',#2907,#631);
#380=LINE('',#2909,#632);
#381=LINE('',#2910,#633);
#382=LINE('',#2914,#634);
#383=LINE('',#2916,#635);
#384=LINE('',#2918,#636);
#385=LINE('',#2919,#637);
#386=LINE('',#2923,#638);
#387=LINE('',#2924,#639);
#388=LINE('',#2926,#640);
#389=LINE('',#2931,#641);
#390=LINE('',#2934,#642);
#391=LINE('',#2935,#643);
#392=LINE('',#2937,#644);
#393=LINE('',#2938,#645);
#394=LINE('',#2942,#646);
#395=LINE('',#2943,#647);
#396=LINE('',#2945,#648);
#397=LINE('',#2950,#649);
#398=LINE('',#2953,#650);
#399=LINE('',#2954,#651);
#400=LINE('',#2956,#652);
#401=LINE('',#2957,#653);
#402=LINE('',#2958,#654);
#403=LINE('',#2960,#655);
#404=LINE('',#2963,#656);
#405=LINE('',#2965,#657);
#406=LINE('',#2967,#658);
#407=LINE('',#2969,#659);
#408=LINE('',#2977,#660);
#409=LINE('',#2979,#661);
#410=LINE('',#2981,#662);
#411=LINE('',#2982,#663);
#412=LINE('',#2986,#664);
#413=LINE('',#2988,#665);
#414=LINE('',#2990,#666);
#415=LINE('',#2991,#667);
#416=LINE('',#2995,#668);
#417=LINE('',#2997,#669);
#418=LINE('',#2999,#670);
#419=LINE('',#3000,#671);
#420=LINE('',#3004,#672);
#421=LINE('',#3006,#673);
#422=LINE('',#3008,#674);
#423=LINE('',#3009,#675);
#424=LINE('',#3013,#676);
#425=LINE('',#3014,#677);
#426=LINE('',#3016,#678);
#427=LINE('',#3021,#679);
#428=LINE('',#3024,#680);
#429=LINE('',#3025,#681);
#430=LINE('',#3027,#682);
#431=LINE('',#3028,#683);
#432=LINE('',#3032,#684);
#433=LINE('',#3033,#685);
#434=LINE('',#3035,#686);
#435=LINE('',#3040,#687);
#436=LINE('',#3043,#688);
#437=LINE('',#3044,#689);
#438=LINE('',#3046,#690);
#439=LINE('',#3047,#691);
#440=LINE('',#3048,#692);
#441=LINE('',#3050,#693);
#442=LINE('',#3053,#694);
#443=LINE('',#3055,#695);
#444=LINE('',#3057,#696);
#445=LINE('',#3059,#697);
#446=LINE('',#3067,#698);
#447=LINE('',#3069,#699);
#448=LINE('',#3071,#700);
#449=LINE('',#3072,#701);
#450=LINE('',#3075,#702);
#451=LINE('',#3077,#703);
#452=LINE('',#3078,#704);
#453=LINE('',#3082,#705);
#454=LINE('',#3084,#706);
#455=LINE('',#3086,#707);
#456=LINE('',#3087,#708);
#457=LINE('',#3090,#709);
#458=LINE('',#3092,#710);
#459=LINE('',#3093,#711);
#460=LINE('',#3096,#712);
#461=LINE('',#3098,#713);
#462=LINE('',#3099,#714);
#463=LINE('',#3101,#715);
#464=LINE('',#3102,#716);
#465=LINE('',#3105,#717);
#466=LINE('',#3107,#718);
#467=LINE('',#3108,#719);
#468=LINE('',#3110,#720);
#469=LINE('',#3111,#721);
#470=LINE('',#3115,#722);
#471=LINE('',#3117,#723);
#472=LINE('',#3119,#724);
#473=LINE('',#3121,#725);
#474=LINE('',#3122,#726);
#475=LINE('',#3125,#727);
#476=LINE('',#3127,#728);
#477=LINE('',#3129,#729);
#478=LINE('',#3130,#730);
#479=LINE('',#3133,#731);
#480=LINE('',#3135,#732);
#481=LINE('',#3137,#733);
#482=LINE('',#3139,#734);
#483=LINE('',#3141,#735);
#484=LINE('',#3143,#736);
#485=LINE('',#3145,#737);
#486=LINE('',#3147,#738);
#487=LINE('',#3149,#739);
#488=LINE('',#3151,#740);
#489=LINE('',#3153,#741);
#490=LINE('',#3154,#742);
#491=LINE('',#3157,#743);
#492=LINE('',#3159,#744);
#493=LINE('',#3160,#745);
#494=LINE('',#3163,#746);
#495=LINE('',#3165,#747);
#496=LINE('',#3166,#748);
#497=LINE('',#3169,#749);
#498=LINE('',#3170,#750);
#499=LINE('',#3173,#751);
#500=LINE('',#3174,#752);
#501=LINE('',#3177,#753);
#502=LINE('',#3178,#754);
#503=LINE('',#3181,#755);
#504=LINE('',#3182,#756);
#505=LINE('',#3185,#757);
#506=LINE('',#3186,#758);
#507=LINE('',#3189,#759);
#508=LINE('',#3190,#760);
#509=LINE('',#3193,#761);
#510=LINE('',#3194,#762);
#511=LINE('',#3196,#763);
#512=LINE('',#3199,#764);
#513=LINE('',#3200,#765);
#514=LINE('',#3202,#766);
#515=LINE('',#3207,#767);
#516=LINE('',#3209,#768);
#517=LINE('',#3211,#769);
#518=LINE('',#3212,#770);
#519=LINE('',#3215,#771);
#520=LINE('',#3217,#772);
#521=LINE('',#3218,#773);
#522=LINE('',#3221,#774);
#523=LINE('',#3223,#775);
#524=LINE('',#3224,#776);
#525=LINE('',#3227,#777);
#526=LINE('',#3228,#778);
#527=LINE('',#3231,#779);
#528=LINE('',#3233,#780);
#529=LINE('',#3234,#781);
#530=LINE('',#3236,#782);
#531=LINE('',#3237,#783);
#532=LINE('',#3240,#784);
#533=LINE('',#3241,#785);
#534=LINE('',#3243,#786);
#535=LINE('',#3249,#787);
#536=LINE('',#3250,#788);
#537=LINE('',#3251,#789);
#538=LINE('',#3254,#790);
#539=LINE('',#3255,#791);
#540=LINE('',#3258,#792);
#541=LINE('',#3259,#793);
#542=LINE('',#3261,#794);
#543=VECTOR('',#2175,10.);
#544=VECTOR('',#2176,10.);
#545=VECTOR('',#2177,10.);
#546=VECTOR('',#2178,10.);
#547=VECTOR('',#2181,10.);
#548=VECTOR('',#2182,10.);
#549=VECTOR('',#2183,10.);
#550=VECTOR('',#2184,10.);
#551=VECTOR('',#2187,10.);
#552=VECTOR('',#2188,10.);
#553=VECTOR('',#2189,10.);
#554=VECTOR('',#2190,10.);
#555=VECTOR('',#2193,10.);
#556=VECTOR('',#2194,10.);
#557=VECTOR('',#2195,10.);
#558=VECTOR('',#2196,10.);
#559=VECTOR('',#2199,10.);
#560=VECTOR('',#2200,10.);
#561=VECTOR('',#2201,10.);
#562=VECTOR('',#2206,10.);
#563=VECTOR('',#2209,10.);
#564=VECTOR('',#2210,10.);
#565=VECTOR('',#2213,10.);
#566=VECTOR('',#2214,10.);
#567=VECTOR('',#2217,10.);
#568=VECTOR('',#2218,10.);
#569=VECTOR('',#2219,10.);
#570=VECTOR('',#2224,10.);
#571=VECTOR('',#2227,10.);
#572=VECTOR('',#2228,10.);
#573=VECTOR('',#2231,10.);
#574=VECTOR('',#2232,10.);
#575=VECTOR('',#2233,10.);
#576=VECTOR('',#2236,10.);
#577=VECTOR('',#2241,10.);
#578=VECTOR('',#2244,10.);
#579=VECTOR('',#2247,10.);
#580=VECTOR('',#2250,10.);
#581=VECTOR('',#2261,10.);
#582=VECTOR('',#2262,10.);
#583=VECTOR('',#2263,10.);
#584=VECTOR('',#2264,10.);
#585=VECTOR('',#2267,10.);
#586=VECTOR('',#2268,10.);
#587=VECTOR('',#2269,10.);
#588=VECTOR('',#2270,10.);
#589=VECTOR('',#2271,10.);
#590=VECTOR('',#2274,10.);
#591=VECTOR('',#2275,10.);
#592=VECTOR('',#2276,10.);
#593=VECTOR('',#2277,10.);
#594=VECTOR('',#2280,10.);
#595=VECTOR('',#2281,10.);
#596=VECTOR('',#2282,10.);
#597=VECTOR('',#2283,10.);
#598=VECTOR('',#2284,10.);
#599=VECTOR('',#2287,10.);
#600=VECTOR('',#2288,10.);
#601=VECTOR('',#2289,10.);
#602=VECTOR('',#2294,10.);
#603=VECTOR('',#2297,10.);
#604=VECTOR('',#2298,10.);
#605=VECTOR('',#2301,10.);
#606=VECTOR('',#2302,10.);
#607=VECTOR('',#2305,10.);
#608=VECTOR('',#2306,10.);
#609=VECTOR('',#2307,10.);
#610=VECTOR('',#2312,10.);
#611=VECTOR('',#2315,10.);
#612=VECTOR('',#2316,10.);
#613=VECTOR('',#2319,10.);
#614=VECTOR('',#2320,10.);
#615=VECTOR('',#2321,10.);
#616=VECTOR('',#2324,10.);
#617=VECTOR('',#2329,10.);
#618=VECTOR('',#2332,10.);
#619=VECTOR('',#2335,10.);
#620=VECTOR('',#2338,10.);
#621=VECTOR('',#2341,10.);
#622=VECTOR('',#2352,10.);
#623=VECTOR('',#2353,10.);
#624=VECTOR('',#2354,10.);
#625=VECTOR('',#2355,10.);
#626=VECTOR('',#2358,10.);
#627=VECTOR('',#2359,10.);
#628=VECTOR('',#2360,10.);
#629=VECTOR('',#2361,10.);
#630=VECTOR('',#2364,10.);
#631=VECTOR('',#2365,10.);
#632=VECTOR('',#2366,10.);
#633=VECTOR('',#2367,10.);
#634=VECTOR('',#2370,10.);
#635=VECTOR('',#2371,10.);
#636=VECTOR('',#2372,10.);
#637=VECTOR('',#2373,10.);
#638=VECTOR('',#2376,10.);
#639=VECTOR('',#2377,10.);
#640=VECTOR('',#2378,10.);
#641=VECTOR('',#2383,10.);
#642=VECTOR('',#2386,10.);
#643=VECTOR('',#2387,10.);
#644=VECTOR('',#2390,10.);
#645=VECTOR('',#2391,10.);
#646=VECTOR('',#2394,10.);
#647=VECTOR('',#2395,10.);
#648=VECTOR('',#2396,10.);
#649=VECTOR('',#2401,10.);
#650=VECTOR('',#2404,10.);
#651=VECTOR('',#2405,10.);
#652=VECTOR('',#2408,10.);
#653=VECTOR('',#2409,10.);
#654=VECTOR('',#2410,10.);
#655=VECTOR('',#2413,10.);
#656=VECTOR('',#2418,10.);
#657=VECTOR('',#2421,10.);
#658=VECTOR('',#2424,10.);
#659=VECTOR('',#2427,10.);
#660=VECTOR('',#2438,10.);
#661=VECTOR('',#2439,10.);
#662=VECTOR('',#2440,10.);
#663=VECTOR('',#2441,10.);
#664=VECTOR('',#2444,10.);
#665=VECTOR('',#2445,10.);
#666=VECTOR('',#2446,10.);
#667=VECTOR('',#2447,10.);
#668=VECTOR('',#2450,10.);
#669=VECTOR('',#2451,10.);
#670=VECTOR('',#2452,10.);
#671=VECTOR('',#2453,10.);
#672=VECTOR('',#2456,10.);
#673=VECTOR('',#2457,10.);
#674=VECTOR('',#2458,10.);
#675=VECTOR('',#2459,10.);
#676=VECTOR('',#2462,10.);
#677=VECTOR('',#2463,10.);
#678=VECTOR('',#2464,10.);
#679=VECTOR('',#2469,10.);
#680=VECTOR('',#2472,10.);
#681=VECTOR('',#2473,10.);
#682=VECTOR('',#2476,10.);
#683=VECTOR('',#2477,10.);
#684=VECTOR('',#2480,10.);
#685=VECTOR('',#2481,10.);
#686=VECTOR('',#2482,10.);
#687=VECTOR('',#2487,10.);
#688=VECTOR('',#2490,10.);
#689=VECTOR('',#2491,10.);
#690=VECTOR('',#2494,10.);
#691=VECTOR('',#2495,10.);
#692=VECTOR('',#2496,10.);
#693=VECTOR('',#2499,10.);
#694=VECTOR('',#2504,10.);
#695=VECTOR('',#2507,10.);
#696=VECTOR('',#2510,10.);
#697=VECTOR('',#2513,10.);
#698=VECTOR('',#2524,10.);
#699=VECTOR('',#2525,10.);
#700=VECTOR('',#2526,10.);
#701=VECTOR('',#2527,10.);
#702=VECTOR('',#2530,10.);
#703=VECTOR('',#2531,10.);
#704=VECTOR('',#2532,10.);
#705=VECTOR('',#2535,10.);
#706=VECTOR('',#2536,10.);
#707=VECTOR('',#2537,10.);
#708=VECTOR('',#2538,10.);
#709=VECTOR('',#2541,10.);
#710=VECTOR('',#2542,10.);
#711=VECTOR('',#2543,10.);
#712=VECTOR('',#2546,10.);
#713=VECTOR('',#2547,10.);
#714=VECTOR('',#2548,10.);
#715=VECTOR('',#2551,10.);
#716=VECTOR('',#2552,10.);
#717=VECTOR('',#2555,10.);
#718=VECTOR('',#2556,10.);
#719=VECTOR('',#2557,10.);
#720=VECTOR('',#2560,10.);
#721=VECTOR('',#2561,10.);
#722=VECTOR('',#2566,10.);
#723=VECTOR('',#2567,10.);
#724=VECTOR('',#2568,10.);
#725=VECTOR('',#2569,10.);
#726=VECTOR('',#2570,10.);
#727=VECTOR('',#2571,10.);
#728=VECTOR('',#2572,10.);
#729=VECTOR('',#2573,10.);
#730=VECTOR('',#2574,10.);
#731=VECTOR('',#2575,10.);
#732=VECTOR('',#2576,10.);
#733=VECTOR('',#2577,10.);
#734=VECTOR('',#2578,10.);
#735=VECTOR('',#2579,10.);
#736=VECTOR('',#2580,10.);
#737=VECTOR('',#2581,10.);
#738=VECTOR('',#2582,10.);
#739=VECTOR('',#2583,10.);
#740=VECTOR('',#2584,10.);
#741=VECTOR('',#2585,10.);
#742=VECTOR('',#2586,10.);
#743=VECTOR('',#2589,10.);
#744=VECTOR('',#2590,10.);
#745=VECTOR('',#2591,10.);
#746=VECTOR('',#2594,10.);
#747=VECTOR('',#2595,10.);
#748=VECTOR('',#2596,10.);
#749=VECTOR('',#2599,10.);
#750=VECTOR('',#2600,10.);
#751=VECTOR('',#2603,10.);
#752=VECTOR('',#2604,10.);
#753=VECTOR('',#2607,10.);
#754=VECTOR('',#2608,10.);
#755=VECTOR('',#2611,10.);
#756=VECTOR('',#2612,10.);
#757=VECTOR('',#2615,10.);
#758=VECTOR('',#2616,10.);
#759=VECTOR('',#2619,10.);
#760=VECTOR('',#2620,10.);
#761=VECTOR('',#2623,10.);
#762=VECTOR('',#2624,10.);
#763=VECTOR('',#2627,10.);
#764=VECTOR('',#2630,10.);
#765=VECTOR('',#2631,10.);
#766=VECTOR('',#2634,10.);
#767=VECTOR('',#2639,10.);
#768=VECTOR('',#2640,10.);
#769=VECTOR('',#2641,10.);
#770=VECTOR('',#2642,10.);
#771=VECTOR('',#2645,10.);
#772=VECTOR('',#2646,10.);
#773=VECTOR('',#2647,10.);
#774=VECTOR('',#2650,10.);
#775=VECTOR('',#2651,10.);
#776=VECTOR('',#2652,10.);
#777=VECTOR('',#2655,10.);
#778=VECTOR('',#2656,10.);
#779=VECTOR('',#2659,10.);
#780=VECTOR('',#2660,10.);
#781=VECTOR('',#2661,10.);
#782=VECTOR('',#2664,10.);
#783=VECTOR('',#2665,10.);
#784=VECTOR('',#2668,10.);
#785=VECTOR('',#2669,10.);
#786=VECTOR('',#2672,10.);
#787=VECTOR('',#2679,10.);
#788=VECTOR('',#2680,10.);
#789=VECTOR('',#2681,10.);
#790=VECTOR('',#2684,10.);
#791=VECTOR('',#2685,10.);
#792=VECTOR('',#2688,10.);
#793=VECTOR('',#2689,10.);
#794=VECTOR('',#2692,10.);
#795=VERTEX_POINT('',#2699);
#796=VERTEX_POINT('',#2700);
#797=VERTEX_POINT('',#2702);
#798=VERTEX_POINT('',#2704);
#799=VERTEX_POINT('',#2708);
#800=VERTEX_POINT('',#2709);
#801=VERTEX_POINT('',#2711);
#802=VERTEX_POINT('',#2713);
#803=VERTEX_POINT('',#2717);
#804=VERTEX_POINT('',#2718);
#805=VERTEX_POINT('',#2720);
#806=VERTEX_POINT('',#2722);
#807=VERTEX_POINT('',#2726);
#808=VERTEX_POINT('',#2727);
#809=VERTEX_POINT('',#2729);
#810=VERTEX_POINT('',#2731);
#811=VERTEX_POINT('',#2735);
#812=VERTEX_POINT('',#2736);
#813=VERTEX_POINT('',#2739);
#814=VERTEX_POINT('',#2743);
#815=VERTEX_POINT('',#2744);
#816=VERTEX_POINT('',#2746);
#817=VERTEX_POINT('',#2754);
#818=VERTEX_POINT('',#2755);
#819=VERTEX_POINT('',#2758);
#820=VERTEX_POINT('',#2762);
#821=VERTEX_POINT('',#2763);
#822=VERTEX_POINT('',#2765);
#823=VERTEX_POINT('',#2789);
#824=VERTEX_POINT('',#2790);
#825=VERTEX_POINT('',#2792);
#826=VERTEX_POINT('',#2794);
#827=VERTEX_POINT('',#2798);
#828=VERTEX_POINT('',#2799);
#829=VERTEX_POINT('',#2801);
#830=VERTEX_POINT('',#2803);
#831=VERTEX_POINT('',#2805);
#832=VERTEX_POINT('',#2809);
#833=VERTEX_POINT('',#2810);
#834=VERTEX_POINT('',#2812);
#835=VERTEX_POINT('',#2814);
#836=VERTEX_POINT('',#2818);
#837=VERTEX_POINT('',#2819);
#838=VERTEX_POINT('',#2821);
#839=VERTEX_POINT('',#2823);
#840=VERTEX_POINT('',#2825);
#841=VERTEX_POINT('',#2829);
#842=VERTEX_POINT('',#2830);
#843=VERTEX_POINT('',#2833);
#844=VERTEX_POINT('',#2837);
#845=VERTEX_POINT('',#2838);
#846=VERTEX_POINT('',#2840);
#847=VERTEX_POINT('',#2848);
#848=VERTEX_POINT('',#2849);
#849=VERTEX_POINT('',#2852);
#850=VERTEX_POINT('',#2856);
#851=VERTEX_POINT('',#2857);
#852=VERTEX_POINT('',#2859);
#853=VERTEX_POINT('',#2885);
#854=VERTEX_POINT('',#2886);
#855=VERTEX_POINT('',#2888);
#856=VERTEX_POINT('',#2890);
#857=VERTEX_POINT('',#2894);
#858=VERTEX_POINT('',#2895);
#859=VERTEX_POINT('',#2897);
#860=VERTEX_POINT('',#2899);
#861=VERTEX_POINT('',#2903);
#862=VERTEX_POINT('',#2904);
#863=VERTEX_POINT('',#2906);
#864=VERTEX_POINT('',#2908);
#865=VERTEX_POINT('',#2912);
#866=VERTEX_POINT('',#2913);
#867=VERTEX_POINT('',#2915);
#868=VERTEX_POINT('',#2917);
#869=VERTEX_POINT('',#2921);
#870=VERTEX_POINT('',#2922);
#871=VERTEX_POINT('',#2925);
#872=VERTEX_POINT('',#2929);
#873=VERTEX_POINT('',#2930);
#874=VERTEX_POINT('',#2932);
#875=VERTEX_POINT('',#2940);
#876=VERTEX_POINT('',#2941);
#877=VERTEX_POINT('',#2944);
#878=VERTEX_POINT('',#2948);
#879=VERTEX_POINT('',#2949);
#880=VERTEX_POINT('',#2951);
#881=VERTEX_POINT('',#2975);
#882=VERTEX_POINT('',#2976);
#883=VERTEX_POINT('',#2978);
#884=VERTEX_POINT('',#2980);
#885=VERTEX_POINT('',#2984);
#886=VERTEX_POINT('',#2985);
#887=VERTEX_POINT('',#2987);
#888=VERTEX_POINT('',#2989);
#889=VERTEX_POINT('',#2993);
#890=VERTEX_POINT('',#2994);
#891=VERTEX_POINT('',#2996);
#892=VERTEX_POINT('',#2998);
#893=VERTEX_POINT('',#3002);
#894=VERTEX_POINT('',#3003);
#895=VERTEX_POINT('',#3005);
#896=VERTEX_POINT('',#3007);
#897=VERTEX_POINT('',#3011);
#898=VERTEX_POINT('',#3012);
#899=VERTEX_POINT('',#3015);
#900=VERTEX_POINT('',#3019);
#901=VERTEX_POINT('',#3020);
#902=VERTEX_POINT('',#3022);
#903=VERTEX_POINT('',#3030);
#904=VERTEX_POINT('',#3031);
#905=VERTEX_POINT('',#3034);
#906=VERTEX_POINT('',#3038);
#907=VERTEX_POINT('',#3039);
#908=VERTEX_POINT('',#3041);
#909=VERTEX_POINT('',#3065);
#910=VERTEX_POINT('',#3066);
#911=VERTEX_POINT('',#3068);
#912=VERTEX_POINT('',#3070);
#913=VERTEX_POINT('',#3074);
#914=VERTEX_POINT('',#3076);
#915=VERTEX_POINT('',#3080);
#916=VERTEX_POINT('',#3081);
#917=VERTEX_POINT('',#3083);
#918=VERTEX_POINT('',#3085);
#919=VERTEX_POINT('',#3089);
#920=VERTEX_POINT('',#3091);
#921=VERTEX_POINT('',#3095);
#922=VERTEX_POINT('',#3097);
#923=VERTEX_POINT('',#3104);
#924=VERTEX_POINT('',#3106);
#925=VERTEX_POINT('',#3114);
#926=VERTEX_POINT('',#3116);
#927=VERTEX_POINT('',#3118);
#928=VERTEX_POINT('',#3120);
#929=VERTEX_POINT('',#3123);
#930=VERTEX_POINT('',#3124);
#931=VERTEX_POINT('',#3126);
#932=VERTEX_POINT('',#3128);
#933=VERTEX_POINT('',#3131);
#934=VERTEX_POINT('',#3132);
#935=VERTEX_POINT('',#3134);
#936=VERTEX_POINT('',#3136);
#937=VERTEX_POINT('',#3138);
#938=VERTEX_POINT('',#3140);
#939=VERTEX_POINT('',#3142);
#940=VERTEX_POINT('',#3144);
#941=VERTEX_POINT('',#3146);
#942=VERTEX_POINT('',#3148);
#943=VERTEX_POINT('',#3150);
#944=VERTEX_POINT('',#3152);
#945=VERTEX_POINT('',#3156);
#946=VERTEX_POINT('',#3158);
#947=VERTEX_POINT('',#3162);
#948=VERTEX_POINT('',#3164);
#949=VERTEX_POINT('',#3168);
#950=VERTEX_POINT('',#3172);
#951=VERTEX_POINT('',#3176);
#952=VERTEX_POINT('',#3180);
#953=VERTEX_POINT('',#3184);
#954=VERTEX_POINT('',#3188);
#955=VERTEX_POINT('',#3192);
#956=VERTEX_POINT('',#3198);
#957=VERTEX_POINT('',#3205);
#958=VERTEX_POINT('',#3206);
#959=VERTEX_POINT('',#3208);
#960=VERTEX_POINT('',#3210);
#961=VERTEX_POINT('',#3214);
#962=VERTEX_POINT('',#3216);
#963=VERTEX_POINT('',#3220);
#964=VERTEX_POINT('',#3222);
#965=VERTEX_POINT('',#3226);
#966=VERTEX_POINT('',#3230);
#967=VERTEX_POINT('',#3232);
#968=VERTEX_POINT('',#3239);
#969=VERTEX_POINT('',#3247);
#970=VERTEX_POINT('',#3248);
#971=VERTEX_POINT('',#3253);
#972=VERTEX_POINT('',#3257);
#973=EDGE_CURVE('',#795,#796,#291,.T.);
#974=EDGE_CURVE('',#797,#795,#292,.T.);
#975=EDGE_CURVE('',#797,#798,#293,.T.);
#976=EDGE_CURVE('',#798,#796,#294,.T.);
#977=EDGE_CURVE('',#799,#800,#295,.T.);
#978=EDGE_CURVE('',#801,#800,#296,.T.);
#979=EDGE_CURVE('',#801,#802,#297,.T.);
#980=EDGE_CURVE('',#802,#799,#298,.T.);
#981=EDGE_CURVE('',#803,#804,#299,.T.);
#982=EDGE_CURVE('',#803,#805,#300,.T.);
#983=EDGE_CURVE('',#805,#806,#301,.T.);
#984=EDGE_CURVE('',#804,#806,#302,.T.);
#985=EDGE_CURVE('',#807,#808,#303,.T.);
#986=EDGE_CURVE('',#807,#809,#304,.T.);
#987=EDGE_CURVE('',#809,#810,#305,.T.);
#988=EDGE_CURVE('',#810,#808,#306,.T.);
#989=EDGE_CURVE('',#811,#812,#307,.T.);
#990=EDGE_CURVE('',#806,#812,#308,.T.);
#991=EDGE_CURVE('',#813,#805,#309,.T.);
#992=EDGE_CURVE('',#813,#811,#31,.T.);
#993=EDGE_CURVE('',#814,#815,#310,.T.);
#994=EDGE_CURVE('',#815,#816,#32,.T.);
#995=EDGE_CURVE('',#798,#816,#311,.T.);
#996=EDGE_CURVE('',#814,#797,#312,.T.);
#997=EDGE_CURVE('',#809,#799,#313,.T.);
#998=EDGE_CURVE('',#800,#807,#314,.T.);
#999=EDGE_CURVE('',#817,#818,#315,.T.);
#1000=EDGE_CURVE('',#795,#817,#316,.T.);
#1001=EDGE_CURVE('',#796,#819,#317,.T.);
#1002=EDGE_CURVE('',#818,#819,#33,.T.);
#1003=EDGE_CURVE('',#820,#821,#318,.T.);
#1004=EDGE_CURVE('',#822,#820,#34,.T.);
#1005=EDGE_CURVE('',#822,#803,#319,.T.);
#1006=EDGE_CURVE('',#821,#804,#320,.T.);
#1007=EDGE_CURVE('',#802,#810,#321,.T.);
#1008=EDGE_CURVE('',#813,#816,#322,.T.);
#1009=EDGE_CURVE('',#819,#822,#323,.T.);
#1010=EDGE_CURVE('',#808,#801,#324,.T.);
#1011=EDGE_CURVE('',#819,#822,#35,.T.);
#1012=EDGE_CURVE('',#820,#811,#325,.T.);
#1013=EDGE_CURVE('',#816,#813,#36,.T.);
#1014=EDGE_CURVE('',#818,#815,#326,.T.);
#1015=EDGE_CURVE('',#817,#814,#327,.T.);
#1016=EDGE_CURVE('',#812,#821,#328,.T.);
#1017=EDGE_CURVE('',#823,#824,#329,.T.);
#1018=EDGE_CURVE('',#825,#823,#330,.T.);
#1019=EDGE_CURVE('',#825,#826,#331,.T.);
#1020=EDGE_CURVE('',#826,#824,#332,.T.);
#1021=EDGE_CURVE('',#827,#828,#333,.T.);
#1022=EDGE_CURVE('',#828,#829,#334,.T.);
#1023=EDGE_CURVE('',#830,#829,#335,.T.);
#1024=EDGE_CURVE('',#830,#831,#336,.T.);
#1025=EDGE_CURVE('',#831,#827,#337,.T.);
#1026=EDGE_CURVE('',#832,#833,#338,.T.);
#1027=EDGE_CURVE('',#832,#834,#339,.T.);
#1028=EDGE_CURVE('',#834,#835,#340,.T.);
#1029=EDGE_CURVE('',#833,#835,#341,.T.);
#1030=EDGE_CURVE('',#836,#837,#342,.T.);
#1031=EDGE_CURVE('',#836,#838,#343,.T.);
#1032=EDGE_CURVE('',#838,#839,#344,.T.);
#1033=EDGE_CURVE('',#839,#840,#345,.T.);
#1034=EDGE_CURVE('',#840,#837,#346,.T.);
#1035=EDGE_CURVE('',#841,#842,#347,.T.);
#1036=EDGE_CURVE('',#835,#842,#348,.T.);
#1037=EDGE_CURVE('',#843,#834,#349,.T.);
#1038=EDGE_CURVE('',#843,#841,#37,.T.);
#1039=EDGE_CURVE('',#844,#845,#350,.T.);
#1040=EDGE_CURVE('',#845,#846,#38,.T.);
#1041=EDGE_CURVE('',#826,#846,#351,.T.);
#1042=EDGE_CURVE('',#844,#825,#352,.T.);
#1043=EDGE_CURVE('',#839,#827,#353,.T.);
#1044=EDGE_CURVE('',#828,#838,#354,.T.);
#1045=EDGE_CURVE('',#847,#848,#355,.T.);
#1046=EDGE_CURVE('',#823,#847,#356,.T.);
#1047=EDGE_CURVE('',#824,#849,#357,.T.);
#1048=EDGE_CURVE('',#848,#849,#39,.T.);
#1049=EDGE_CURVE('',#850,#851,#358,.T.);
#1050=EDGE_CURVE('',#852,#850,#40,.T.);
#1051=EDGE_CURVE('',#852,#832,#359,.T.);
#1052=EDGE_CURVE('',#851,#833,#360,.T.);
#1053=EDGE_CURVE('',#831,#840,#361,.T.);
#1054=EDGE_CURVE('',#843,#846,#362,.T.);
#1055=EDGE_CURVE('',#849,#852,#363,.T.);
#1056=EDGE_CURVE('',#837,#830,#364,.T.);
#1057=EDGE_CURVE('',#849,#852,#41,.T.);
#1058=EDGE_CURVE('',#850,#841,#365,.T.);
#1059=EDGE_CURVE('',#846,#843,#42,.T.);
#1060=EDGE_CURVE('',#848,#845,#366,.T.);
#1061=EDGE_CURVE('',#847,#844,#367,.T.);
#1062=EDGE_CURVE('',#836,#829,#368,.T.);
#1063=EDGE_CURVE('',#842,#851,#369,.T.);
#1064=EDGE_CURVE('',#853,#854,#370,.T.);
#1065=EDGE_CURVE('',#855,#853,#371,.T.);
#1066=EDGE_CURVE('',#855,#856,#372,.T.);
#1067=EDGE_CURVE('',#856,#854,#373,.T.);
#1068=EDGE_CURVE('',#857,#858,#374,.T.);
#1069=EDGE_CURVE('',#859,#858,#375,.T.);
#1070=EDGE_CURVE('',#859,#860,#376,.T.);
#1071=EDGE_CURVE('',#860,#857,#377,.T.);
#1072=EDGE_CURVE('',#861,#862,#378,.T.);
#1073=EDGE_CURVE('',#861,#863,#379,.T.);
#1074=EDGE_CURVE('',#863,#864,#380,.T.);
#1075=EDGE_CURVE('',#862,#864,#381,.T.);
#1076=EDGE_CURVE('',#865,#866,#382,.T.);
#1077=EDGE_CURVE('',#865,#867,#383,.T.);
#1078=EDGE_CURVE('',#867,#868,#384,.T.);
#1079=EDGE_CURVE('',#868,#866,#385,.T.);
#1080=EDGE_CURVE('',#869,#870,#386,.T.);
#1081=EDGE_CURVE('',#864,#870,#387,.T.);
#1082=EDGE_CURVE('',#871,#863,#388,.T.);
#1083=EDGE_CURVE('',#871,#869,#43,.T.);
#1084=EDGE_CURVE('',#872,#873,#389,.T.);
#1085=EDGE_CURVE('',#873,#874,#44,.T.);
#1086=EDGE_CURVE('',#856,#874,#390,.T.);
#1087=EDGE_CURVE('',#872,#855,#391,.T.);
#1088=EDGE_CURVE('',#867,#857,#392,.T.);
#1089=EDGE_CURVE('',#858,#865,#393,.T.);
#1090=EDGE_CURVE('',#875,#876,#394,.T.);
#1091=EDGE_CURVE('',#853,#875,#395,.T.);
#1092=EDGE_CURVE('',#854,#877,#396,.T.);
#1093=EDGE_CURVE('',#876,#877,#45,.T.);
#1094=EDGE_CURVE('',#878,#879,#397,.T.);
#1095=EDGE_CURVE('',#880,#878,#46,.T.);
#1096=EDGE_CURVE('',#880,#861,#398,.T.);
#1097=EDGE_CURVE('',#879,#862,#399,.T.);
#1098=EDGE_CURVE('',#860,#868,#400,.T.);
#1099=EDGE_CURVE('',#871,#874,#401,.T.);
#1100=EDGE_CURVE('',#877,#880,#402,.T.);
#1101=EDGE_CURVE('',#866,#859,#403,.T.);
#1102=EDGE_CURVE('',#877,#880,#47,.T.);
#1103=EDGE_CURVE('',#878,#869,#404,.T.);
#1104=EDGE_CURVE('',#874,#871,#48,.T.);
#1105=EDGE_CURVE('',#876,#873,#405,.T.);
#1106=EDGE_CURVE('',#875,#872,#406,.T.);
#1107=EDGE_CURVE('',#870,#879,#407,.T.);
#1108=EDGE_CURVE('',#881,#882,#408,.T.);
#1109=EDGE_CURVE('',#883,#881,#409,.T.);
#1110=EDGE_CURVE('',#883,#884,#410,.T.);
#1111=EDGE_CURVE('',#884,#882,#411,.T.);
#1112=EDGE_CURVE('',#885,#886,#412,.T.);
#1113=EDGE_CURVE('',#887,#886,#413,.T.);
#1114=EDGE_CURVE('',#887,#888,#414,.T.);
#1115=EDGE_CURVE('',#888,#885,#415,.T.);
#1116=EDGE_CURVE('',#889,#890,#416,.T.);
#1117=EDGE_CURVE('',#889,#891,#417,.T.);
#1118=EDGE_CURVE('',#891,#892,#418,.T.);
#1119=EDGE_CURVE('',#890,#892,#419,.T.);
#1120=EDGE_CURVE('',#893,#894,#420,.T.);
#1121=EDGE_CURVE('',#893,#895,#421,.T.);
#1122=EDGE_CURVE('',#895,#896,#422,.T.);
#1123=EDGE_CURVE('',#896,#894,#423,.T.);
#1124=EDGE_CURVE('',#897,#898,#424,.T.);
#1125=EDGE_CURVE('',#892,#898,#425,.T.);
#1126=EDGE_CURVE('',#899,#891,#426,.T.);
#1127=EDGE_CURVE('',#899,#897,#49,.T.);
#1128=EDGE_CURVE('',#900,#901,#427,.T.);
#1129=EDGE_CURVE('',#901,#902,#50,.T.);
#1130=EDGE_CURVE('',#884,#902,#428,.T.);
#1131=EDGE_CURVE('',#900,#883,#429,.T.);
#1132=EDGE_CURVE('',#895,#885,#430,.T.);
#1133=EDGE_CURVE('',#886,#893,#431,.T.);
#1134=EDGE_CURVE('',#903,#904,#432,.T.);
#1135=EDGE_CURVE('',#881,#903,#433,.T.);
#1136=EDGE_CURVE('',#882,#905,#434,.T.);
#1137=EDGE_CURVE('',#904,#905,#51,.T.);
#1138=EDGE_CURVE('',#906,#907,#435,.T.);
#1139=EDGE_CURVE('',#908,#906,#52,.T.);
#1140=EDGE_CURVE('',#908,#889,#436,.T.);
#1141=EDGE_CURVE('',#907,#890,#437,.T.);
#1142=EDGE_CURVE('',#888,#896,#438,.T.);
#1143=EDGE_CURVE('',#899,#902,#439,.T.);
#1144=EDGE_CURVE('',#905,#908,#440,.T.);
#1145=EDGE_CURVE('',#894,#887,#441,.T.);
#1146=EDGE_CURVE('',#905,#908,#53,.T.);
#1147=EDGE_CURVE('',#906,#897,#442,.T.);
#1148=EDGE_CURVE('',#902,#899,#54,.T.);
#1149=EDGE_CURVE('',#904,#901,#443,.T.);
#1150=EDGE_CURVE('',#903,#900,#444,.T.);
#1151=EDGE_CURVE('',#898,#907,#445,.T.);
#1152=EDGE_CURVE('',#909,#910,#446,.T.);
#1153=EDGE_CURVE('',#911,#909,#447,.F.);
#1154=EDGE_CURVE('',#912,#911,#448,.T.);
#1155=EDGE_CURVE('',#912,#910,#449,.F.);
#1156=EDGE_CURVE('',#913,#909,#450,.T.);
#1157=EDGE_CURVE('',#914,#913,#451,.F.);
#1158=EDGE_CURVE('',#911,#914,#452,.T.);
#1159=EDGE_CURVE('',#915,#916,#453,.T.);
#1160=EDGE_CURVE('',#917,#915,#454,.T.);
#1161=EDGE_CURVE('',#918,#917,#455,.T.);
#1162=EDGE_CURVE('',#918,#916,#456,.T.);
#1163=EDGE_CURVE('',#919,#915,#457,.T.);
#1164=EDGE_CURVE('',#920,#919,#458,.T.);
#1165=EDGE_CURVE('',#917,#920,#459,.T.);
#1166=EDGE_CURVE('',#921,#913,#460,.T.);
#1167=EDGE_CURVE('',#922,#921,#461,.T.);
#1168=EDGE_CURVE('',#914,#922,#462,.T.);
#1169=EDGE_CURVE('',#910,#921,#463,.T.);
#1170=EDGE_CURVE('',#922,#912,#464,.T.);
#1171=EDGE_CURVE('',#923,#919,#465,.T.);
#1172=EDGE_CURVE('',#924,#923,#466,.T.);
#1173=EDGE_CURVE('',#920,#924,#467,.T.);
#1174=EDGE_CURVE('',#916,#923,#468,.T.);
#1175=EDGE_CURVE('',#924,#918,#469,.T.);
#1176=EDGE_CURVE('',#829,#925,#470,.T.);
#1177=EDGE_CURVE('',#925,#926,#471,.T.);
#1178=EDGE_CURVE('',#926,#927,#472,.T.);
#1179=EDGE_CURVE('',#927,#928,#473,.T.);
#1180=EDGE_CURVE('',#928,#836,#474,.T.);
#1181=EDGE_CURVE('',#929,#930,#475,.T.);
#1182=EDGE_CURVE('',#930,#931,#476,.T.);
#1183=EDGE_CURVE('',#931,#932,#477,.T.);
#1184=EDGE_CURVE('',#932,#929,#478,.T.);
#1185=EDGE_CURVE('',#933,#934,#479,.T.);
#1186=EDGE_CURVE('',#934,#935,#480,.T.);
#1187=EDGE_CURVE('',#935,#936,#481,.T.);
#1188=EDGE_CURVE('',#936,#937,#482,.T.);
#1189=EDGE_CURVE('',#937,#938,#483,.T.);
#1190=EDGE_CURVE('',#938,#939,#484,.T.);
#1191=EDGE_CURVE('',#939,#940,#485,.T.);
#1192=EDGE_CURVE('',#940,#941,#486,.T.);
#1193=EDGE_CURVE('',#941,#942,#487,.T.);
#1194=EDGE_CURVE('',#942,#943,#488,.T.);
#1195=EDGE_CURVE('',#943,#944,#489,.T.);
#1196=EDGE_CURVE('',#944,#933,#490,.T.);
#1197=EDGE_CURVE('',#940,#945,#491,.T.);
#1198=EDGE_CURVE('',#946,#939,#492,.T.);
#1199=EDGE_CURVE('',#945,#946,#493,.T.);
#1200=EDGE_CURVE('',#947,#933,#494,.T.);
#1201=EDGE_CURVE('',#948,#947,#495,.T.);
#1202=EDGE_CURVE('',#934,#948,#496,.T.);
#1203=EDGE_CURVE('',#949,#945,#497,.T.);
#1204=EDGE_CURVE('',#949,#941,#498,.F.);
#1205=EDGE_CURVE('',#950,#944,#499,.F.);
#1206=EDGE_CURVE('',#947,#950,#500,.T.);
#1207=EDGE_CURVE('',#951,#938,#501,.F.);
#1208=EDGE_CURVE('',#946,#951,#502,.T.);
#1209=EDGE_CURVE('',#952,#949,#503,.T.);
#1210=EDGE_CURVE('',#952,#942,#504,.F.);
#1211=EDGE_CURVE('',#953,#937,#505,.F.);
#1212=EDGE_CURVE('',#951,#953,#506,.T.);
#1213=EDGE_CURVE('',#954,#936,#507,.T.);
#1214=EDGE_CURVE('',#953,#954,#508,.T.);
#1215=EDGE_CURVE('',#955,#943,#509,.T.);
#1216=EDGE_CURVE('',#950,#955,#510,.T.);
#1217=EDGE_CURVE('',#955,#952,#511,.T.);
#1218=EDGE_CURVE('',#956,#935,#512,.F.);
#1219=EDGE_CURVE('',#954,#956,#513,.T.);
#1220=EDGE_CURVE('',#956,#948,#514,.T.);
#1221=EDGE_CURVE('',#957,#958,#515,.T.);
#1222=EDGE_CURVE('',#959,#957,#516,.F.);
#1223=EDGE_CURVE('',#960,#959,#517,.T.);
#1224=EDGE_CURVE('',#960,#958,#518,.F.);
#1225=EDGE_CURVE('',#961,#957,#519,.T.);
#1226=EDGE_CURVE('',#962,#961,#520,.F.);
#1227=EDGE_CURVE('',#959,#962,#521,.T.);
#1228=EDGE_CURVE('',#963,#929,#522,.F.);
#1229=EDGE_CURVE('',#964,#963,#523,.T.);
#1230=EDGE_CURVE('',#964,#930,#524,.F.);
#1231=EDGE_CURVE('',#965,#932,#525,.T.);
#1232=EDGE_CURVE('',#963,#965,#526,.T.);
#1233=EDGE_CURVE('',#966,#961,#527,.T.);
#1234=EDGE_CURVE('',#967,#966,#528,.T.);
#1235=EDGE_CURVE('',#962,#967,#529,.T.);
#1236=EDGE_CURVE('',#958,#966,#530,.T.);
#1237=EDGE_CURVE('',#967,#960,#531,.T.);
#1238=EDGE_CURVE('',#968,#931,#532,.F.);
#1239=EDGE_CURVE('',#965,#968,#533,.T.);
#1240=EDGE_CURVE('',#968,#964,#534,.T.);
#1241=EDGE_CURVE('',#969,#970,#535,.T.);
#1242=EDGE_CURVE('',#970,#926,#536,.T.);
#1243=EDGE_CURVE('',#969,#925,#537,.T.);
#1244=EDGE_CURVE('',#971,#969,#538,.T.);
#1245=EDGE_CURVE('',#971,#928,#539,.T.);
#1246=EDGE_CURVE('',#972,#971,#540,.T.);
#1247=EDGE_CURVE('',#972,#927,#541,.T.);
#1248=EDGE_CURVE('',#970,#972,#542,.T.);
#1249=ORIENTED_EDGE('',*,*,#973,.F.);
#1250=ORIENTED_EDGE('',*,*,#974,.F.);
#1251=ORIENTED_EDGE('',*,*,#975,.T.);
#1252=ORIENTED_EDGE('',*,*,#976,.T.);
#1253=ORIENTED_EDGE('',*,*,#977,.T.);
#1254=ORIENTED_EDGE('',*,*,#978,.F.);
#1255=ORIENTED_EDGE('',*,*,#979,.T.);
#1256=ORIENTED_EDGE('',*,*,#980,.T.);
#1257=ORIENTED_EDGE('',*,*,#981,.F.);
#1258=ORIENTED_EDGE('',*,*,#982,.T.);
#1259=ORIENTED_EDGE('',*,*,#983,.T.);
#1260=ORIENTED_EDGE('',*,*,#984,.F.);
#1261=ORIENTED_EDGE('',*,*,#985,.F.);
#1262=ORIENTED_EDGE('',*,*,#986,.T.);
#1263=ORIENTED_EDGE('',*,*,#987,.T.);
#1264=ORIENTED_EDGE('',*,*,#988,.T.);
#1265=ORIENTED_EDGE('',*,*,#989,.T.);
#1266=ORIENTED_EDGE('',*,*,#990,.F.);
#1267=ORIENTED_EDGE('',*,*,#983,.F.);
#1268=ORIENTED_EDGE('',*,*,#991,.F.);
#1269=ORIENTED_EDGE('',*,*,#992,.T.);
#1270=ORIENTED_EDGE('',*,*,#993,.T.);
#1271=ORIENTED_EDGE('',*,*,#994,.T.);
#1272=ORIENTED_EDGE('',*,*,#995,.F.);
#1273=ORIENTED_EDGE('',*,*,#975,.F.);
#1274=ORIENTED_EDGE('',*,*,#996,.F.);
#1275=ORIENTED_EDGE('',*,*,#997,.F.);
#1276=ORIENTED_EDGE('',*,*,#986,.F.);
#1277=ORIENTED_EDGE('',*,*,#998,.F.);
#1278=ORIENTED_EDGE('',*,*,#977,.F.);
#1279=ORIENTED_EDGE('',*,*,#999,.F.);
#1280=ORIENTED_EDGE('',*,*,#1000,.F.);
#1281=ORIENTED_EDGE('',*,*,#973,.T.);
#1282=ORIENTED_EDGE('',*,*,#1001,.T.);
#1283=ORIENTED_EDGE('',*,*,#1002,.F.);
#1284=ORIENTED_EDGE('',*,*,#1003,.F.);
#1285=ORIENTED_EDGE('',*,*,#1004,.F.);
#1286=ORIENTED_EDGE('',*,*,#1005,.T.);
#1287=ORIENTED_EDGE('',*,*,#981,.T.);
#1288=ORIENTED_EDGE('',*,*,#1006,.F.);
#1289=ORIENTED_EDGE('',*,*,#1007,.T.);
#1290=ORIENTED_EDGE('',*,*,#987,.F.);
#1291=ORIENTED_EDGE('',*,*,#997,.T.);
#1292=ORIENTED_EDGE('',*,*,#980,.F.);
#1293=ORIENTED_EDGE('',*,*,#976,.F.);
#1294=ORIENTED_EDGE('',*,*,#995,.T.);
#1295=ORIENTED_EDGE('',*,*,#1008,.F.);
#1296=ORIENTED_EDGE('',*,*,#991,.T.);
#1297=ORIENTED_EDGE('',*,*,#982,.F.);
#1298=ORIENTED_EDGE('',*,*,#1005,.F.);
#1299=ORIENTED_EDGE('',*,*,#1009,.F.);
#1300=ORIENTED_EDGE('',*,*,#1001,.F.);
#1301=ORIENTED_EDGE('',*,*,#1007,.F.);
#1302=ORIENTED_EDGE('',*,*,#979,.F.);
#1303=ORIENTED_EDGE('',*,*,#1010,.F.);
#1304=ORIENTED_EDGE('',*,*,#988,.F.);
#1305=ORIENTED_EDGE('',*,*,#1002,.T.);
#1306=ORIENTED_EDGE('',*,*,#1011,.T.);
#1307=ORIENTED_EDGE('',*,*,#1004,.T.);
#1308=ORIENTED_EDGE('',*,*,#1012,.T.);
#1309=ORIENTED_EDGE('',*,*,#992,.F.);
#1310=ORIENTED_EDGE('',*,*,#1013,.F.);
#1311=ORIENTED_EDGE('',*,*,#994,.F.);
#1312=ORIENTED_EDGE('',*,*,#1014,.F.);
#1313=ORIENTED_EDGE('',*,*,#999,.T.);
#1314=ORIENTED_EDGE('',*,*,#1014,.T.);
#1315=ORIENTED_EDGE('',*,*,#993,.F.);
#1316=ORIENTED_EDGE('',*,*,#1015,.F.);
#1317=ORIENTED_EDGE('',*,*,#1003,.T.);
#1318=ORIENTED_EDGE('',*,*,#1016,.F.);
#1319=ORIENTED_EDGE('',*,*,#989,.F.);
#1320=ORIENTED_EDGE('',*,*,#1012,.F.);
#1321=ORIENTED_EDGE('',*,*,#1009,.T.);
#1322=ORIENTED_EDGE('',*,*,#1011,.F.);
#1323=ORIENTED_EDGE('',*,*,#1008,.T.);
#1324=ORIENTED_EDGE('',*,*,#1013,.T.);
#1325=ORIENTED_EDGE('',*,*,#984,.T.);
#1326=ORIENTED_EDGE('',*,*,#990,.T.);
#1327=ORIENTED_EDGE('',*,*,#1016,.T.);
#1328=ORIENTED_EDGE('',*,*,#1006,.T.);
#1329=ORIENTED_EDGE('',*,*,#974,.T.);
#1330=ORIENTED_EDGE('',*,*,#1000,.T.);
#1331=ORIENTED_EDGE('',*,*,#1015,.T.);
#1332=ORIENTED_EDGE('',*,*,#996,.T.);
#1333=ORIENTED_EDGE('',*,*,#1017,.F.);
#1334=ORIENTED_EDGE('',*,*,#1018,.F.);
#1335=ORIENTED_EDGE('',*,*,#1019,.T.);
#1336=ORIENTED_EDGE('',*,*,#1020,.T.);
#1337=ORIENTED_EDGE('',*,*,#1021,.T.);
#1338=ORIENTED_EDGE('',*,*,#1022,.T.);
#1339=ORIENTED_EDGE('',*,*,#1023,.F.);
#1340=ORIENTED_EDGE('',*,*,#1024,.T.);
#1341=ORIENTED_EDGE('',*,*,#1025,.T.);
#1342=ORIENTED_EDGE('',*,*,#1026,.F.);
#1343=ORIENTED_EDGE('',*,*,#1027,.T.);
#1344=ORIENTED_EDGE('',*,*,#1028,.T.);
#1345=ORIENTED_EDGE('',*,*,#1029,.F.);
#1346=ORIENTED_EDGE('',*,*,#1030,.F.);
#1347=ORIENTED_EDGE('',*,*,#1031,.T.);
#1348=ORIENTED_EDGE('',*,*,#1032,.T.);
#1349=ORIENTED_EDGE('',*,*,#1033,.T.);
#1350=ORIENTED_EDGE('',*,*,#1034,.T.);
#1351=ORIENTED_EDGE('',*,*,#1035,.T.);
#1352=ORIENTED_EDGE('',*,*,#1036,.F.);
#1353=ORIENTED_EDGE('',*,*,#1028,.F.);
#1354=ORIENTED_EDGE('',*,*,#1037,.F.);
#1355=ORIENTED_EDGE('',*,*,#1038,.T.);
#1356=ORIENTED_EDGE('',*,*,#1039,.T.);
#1357=ORIENTED_EDGE('',*,*,#1040,.T.);
#1358=ORIENTED_EDGE('',*,*,#1041,.F.);
#1359=ORIENTED_EDGE('',*,*,#1019,.F.);
#1360=ORIENTED_EDGE('',*,*,#1042,.F.);
#1361=ORIENTED_EDGE('',*,*,#1043,.F.);
#1362=ORIENTED_EDGE('',*,*,#1032,.F.);
#1363=ORIENTED_EDGE('',*,*,#1044,.F.);
#1364=ORIENTED_EDGE('',*,*,#1021,.F.);
#1365=ORIENTED_EDGE('',*,*,#1045,.F.);
#1366=ORIENTED_EDGE('',*,*,#1046,.F.);
#1367=ORIENTED_EDGE('',*,*,#1017,.T.);
#1368=ORIENTED_EDGE('',*,*,#1047,.T.);
#1369=ORIENTED_EDGE('',*,*,#1048,.F.);
#1370=ORIENTED_EDGE('',*,*,#1049,.F.);
#1371=ORIENTED_EDGE('',*,*,#1050,.F.);
#1372=ORIENTED_EDGE('',*,*,#1051,.T.);
#1373=ORIENTED_EDGE('',*,*,#1026,.T.);
#1374=ORIENTED_EDGE('',*,*,#1052,.F.);
#1375=ORIENTED_EDGE('',*,*,#1053,.T.);
#1376=ORIENTED_EDGE('',*,*,#1033,.F.);
#1377=ORIENTED_EDGE('',*,*,#1043,.T.);
#1378=ORIENTED_EDGE('',*,*,#1025,.F.);
#1379=ORIENTED_EDGE('',*,*,#1020,.F.);
#1380=ORIENTED_EDGE('',*,*,#1041,.T.);
#1381=ORIENTED_EDGE('',*,*,#1054,.F.);
#1382=ORIENTED_EDGE('',*,*,#1037,.T.);
#1383=ORIENTED_EDGE('',*,*,#1027,.F.);
#1384=ORIENTED_EDGE('',*,*,#1051,.F.);
#1385=ORIENTED_EDGE('',*,*,#1055,.F.);
#1386=ORIENTED_EDGE('',*,*,#1047,.F.);
#1387=ORIENTED_EDGE('',*,*,#1053,.F.);
#1388=ORIENTED_EDGE('',*,*,#1024,.F.);
#1389=ORIENTED_EDGE('',*,*,#1056,.F.);
#1390=ORIENTED_EDGE('',*,*,#1034,.F.);
#1391=ORIENTED_EDGE('',*,*,#1048,.T.);
#1392=ORIENTED_EDGE('',*,*,#1057,.T.);
#1393=ORIENTED_EDGE('',*,*,#1050,.T.);
#1394=ORIENTED_EDGE('',*,*,#1058,.T.);
#1395=ORIENTED_EDGE('',*,*,#1038,.F.);
#1396=ORIENTED_EDGE('',*,*,#1059,.F.);
#1397=ORIENTED_EDGE('',*,*,#1040,.F.);
#1398=ORIENTED_EDGE('',*,*,#1060,.F.);
#1399=ORIENTED_EDGE('',*,*,#1045,.T.);
#1400=ORIENTED_EDGE('',*,*,#1060,.T.);
#1401=ORIENTED_EDGE('',*,*,#1039,.F.);
#1402=ORIENTED_EDGE('',*,*,#1061,.F.);
#1403=ORIENTED_EDGE('',*,*,#1062,.T.);
#1404=ORIENTED_EDGE('',*,*,#1022,.F.);
#1405=ORIENTED_EDGE('',*,*,#1044,.T.);
#1406=ORIENTED_EDGE('',*,*,#1031,.F.);
#1407=ORIENTED_EDGE('',*,*,#1049,.T.);
#1408=ORIENTED_EDGE('',*,*,#1063,.F.);
#1409=ORIENTED_EDGE('',*,*,#1035,.F.);
#1410=ORIENTED_EDGE('',*,*,#1058,.F.);
#1411=ORIENTED_EDGE('',*,*,#1055,.T.);
#1412=ORIENTED_EDGE('',*,*,#1057,.F.);
#1413=ORIENTED_EDGE('',*,*,#1054,.T.);
#1414=ORIENTED_EDGE('',*,*,#1059,.T.);
#1415=ORIENTED_EDGE('',*,*,#1029,.T.);
#1416=ORIENTED_EDGE('',*,*,#1036,.T.);
#1417=ORIENTED_EDGE('',*,*,#1063,.T.);
#1418=ORIENTED_EDGE('',*,*,#1052,.T.);
#1419=ORIENTED_EDGE('',*,*,#1018,.T.);
#1420=ORIENTED_EDGE('',*,*,#1046,.T.);
#1421=ORIENTED_EDGE('',*,*,#1061,.T.);
#1422=ORIENTED_EDGE('',*,*,#1042,.T.);
#1423=ORIENTED_EDGE('',*,*,#1064,.F.);
#1424=ORIENTED_EDGE('',*,*,#1065,.F.);
#1425=ORIENTED_EDGE('',*,*,#1066,.T.);
#1426=ORIENTED_EDGE('',*,*,#1067,.T.);
#1427=ORIENTED_EDGE('',*,*,#1068,.T.);
#1428=ORIENTED_EDGE('',*,*,#1069,.F.);
#1429=ORIENTED_EDGE('',*,*,#1070,.T.);
#1430=ORIENTED_EDGE('',*,*,#1071,.T.);
#1431=ORIENTED_EDGE('',*,*,#1072,.F.);
#1432=ORIENTED_EDGE('',*,*,#1073,.T.);
#1433=ORIENTED_EDGE('',*,*,#1074,.T.);
#1434=ORIENTED_EDGE('',*,*,#1075,.F.);
#1435=ORIENTED_EDGE('',*,*,#1076,.F.);
#1436=ORIENTED_EDGE('',*,*,#1077,.T.);
#1437=ORIENTED_EDGE('',*,*,#1078,.T.);
#1438=ORIENTED_EDGE('',*,*,#1079,.T.);
#1439=ORIENTED_EDGE('',*,*,#1080,.T.);
#1440=ORIENTED_EDGE('',*,*,#1081,.F.);
#1441=ORIENTED_EDGE('',*,*,#1074,.F.);
#1442=ORIENTED_EDGE('',*,*,#1082,.F.);
#1443=ORIENTED_EDGE('',*,*,#1083,.T.);
#1444=ORIENTED_EDGE('',*,*,#1084,.T.);
#1445=ORIENTED_EDGE('',*,*,#1085,.T.);
#1446=ORIENTED_EDGE('',*,*,#1086,.F.);
#1447=ORIENTED_EDGE('',*,*,#1066,.F.);
#1448=ORIENTED_EDGE('',*,*,#1087,.F.);
#1449=ORIENTED_EDGE('',*,*,#1088,.F.);
#1450=ORIENTED_EDGE('',*,*,#1077,.F.);
#1451=ORIENTED_EDGE('',*,*,#1089,.F.);
#1452=ORIENTED_EDGE('',*,*,#1068,.F.);
#1453=ORIENTED_EDGE('',*,*,#1090,.F.);
#1454=ORIENTED_EDGE('',*,*,#1091,.F.);
#1455=ORIENTED_EDGE('',*,*,#1064,.T.);
#1456=ORIENTED_EDGE('',*,*,#1092,.T.);
#1457=ORIENTED_EDGE('',*,*,#1093,.F.);
#1458=ORIENTED_EDGE('',*,*,#1094,.F.);
#1459=ORIENTED_EDGE('',*,*,#1095,.F.);
#1460=ORIENTED_EDGE('',*,*,#1096,.T.);
#1461=ORIENTED_EDGE('',*,*,#1072,.T.);
#1462=ORIENTED_EDGE('',*,*,#1097,.F.);
#1463=ORIENTED_EDGE('',*,*,#1098,.T.);
#1464=ORIENTED_EDGE('',*,*,#1078,.F.);
#1465=ORIENTED_EDGE('',*,*,#1088,.T.);
#1466=ORIENTED_EDGE('',*,*,#1071,.F.);
#1467=ORIENTED_EDGE('',*,*,#1067,.F.);
#1468=ORIENTED_EDGE('',*,*,#1086,.T.);
#1469=ORIENTED_EDGE('',*,*,#1099,.F.);
#1470=ORIENTED_EDGE('',*,*,#1082,.T.);
#1471=ORIENTED_EDGE('',*,*,#1073,.F.);
#1472=ORIENTED_EDGE('',*,*,#1096,.F.);
#1473=ORIENTED_EDGE('',*,*,#1100,.F.);
#1474=ORIENTED_EDGE('',*,*,#1092,.F.);
#1475=ORIENTED_EDGE('',*,*,#1098,.F.);
#1476=ORIENTED_EDGE('',*,*,#1070,.F.);
#1477=ORIENTED_EDGE('',*,*,#1101,.F.);
#1478=ORIENTED_EDGE('',*,*,#1079,.F.);
#1479=ORIENTED_EDGE('',*,*,#1093,.T.);
#1480=ORIENTED_EDGE('',*,*,#1102,.T.);
#1481=ORIENTED_EDGE('',*,*,#1095,.T.);
#1482=ORIENTED_EDGE('',*,*,#1103,.T.);
#1483=ORIENTED_EDGE('',*,*,#1083,.F.);
#1484=ORIENTED_EDGE('',*,*,#1104,.F.);
#1485=ORIENTED_EDGE('',*,*,#1085,.F.);
#1486=ORIENTED_EDGE('',*,*,#1105,.F.);
#1487=ORIENTED_EDGE('',*,*,#1090,.T.);
#1488=ORIENTED_EDGE('',*,*,#1105,.T.);
#1489=ORIENTED_EDGE('',*,*,#1084,.F.);
#1490=ORIENTED_EDGE('',*,*,#1106,.F.);
#1491=ORIENTED_EDGE('',*,*,#1094,.T.);
#1492=ORIENTED_EDGE('',*,*,#1107,.F.);
#1493=ORIENTED_EDGE('',*,*,#1080,.F.);
#1494=ORIENTED_EDGE('',*,*,#1103,.F.);
#1495=ORIENTED_EDGE('',*,*,#1100,.T.);
#1496=ORIENTED_EDGE('',*,*,#1102,.F.);
#1497=ORIENTED_EDGE('',*,*,#1099,.T.);
#1498=ORIENTED_EDGE('',*,*,#1104,.T.);
#1499=ORIENTED_EDGE('',*,*,#1075,.T.);
#1500=ORIENTED_EDGE('',*,*,#1081,.T.);
#1501=ORIENTED_EDGE('',*,*,#1107,.T.);
#1502=ORIENTED_EDGE('',*,*,#1097,.T.);
#1503=ORIENTED_EDGE('',*,*,#1065,.T.);
#1504=ORIENTED_EDGE('',*,*,#1091,.T.);
#1505=ORIENTED_EDGE('',*,*,#1106,.T.);
#1506=ORIENTED_EDGE('',*,*,#1087,.T.);
#1507=ORIENTED_EDGE('',*,*,#1108,.F.);
#1508=ORIENTED_EDGE('',*,*,#1109,.F.);
#1509=ORIENTED_EDGE('',*,*,#1110,.T.);
#1510=ORIENTED_EDGE('',*,*,#1111,.T.);
#1511=ORIENTED_EDGE('',*,*,#1112,.T.);
#1512=ORIENTED_EDGE('',*,*,#1113,.F.);
#1513=ORIENTED_EDGE('',*,*,#1114,.T.);
#1514=ORIENTED_EDGE('',*,*,#1115,.T.);
#1515=ORIENTED_EDGE('',*,*,#1116,.F.);
#1516=ORIENTED_EDGE('',*,*,#1117,.T.);
#1517=ORIENTED_EDGE('',*,*,#1118,.T.);
#1518=ORIENTED_EDGE('',*,*,#1119,.F.);
#1519=ORIENTED_EDGE('',*,*,#1120,.F.);
#1520=ORIENTED_EDGE('',*,*,#1121,.T.);
#1521=ORIENTED_EDGE('',*,*,#1122,.T.);
#1522=ORIENTED_EDGE('',*,*,#1123,.T.);
#1523=ORIENTED_EDGE('',*,*,#1124,.T.);
#1524=ORIENTED_EDGE('',*,*,#1125,.F.);
#1525=ORIENTED_EDGE('',*,*,#1118,.F.);
#1526=ORIENTED_EDGE('',*,*,#1126,.F.);
#1527=ORIENTED_EDGE('',*,*,#1127,.T.);
#1528=ORIENTED_EDGE('',*,*,#1128,.T.);
#1529=ORIENTED_EDGE('',*,*,#1129,.T.);
#1530=ORIENTED_EDGE('',*,*,#1130,.F.);
#1531=ORIENTED_EDGE('',*,*,#1110,.F.);
#1532=ORIENTED_EDGE('',*,*,#1131,.F.);
#1533=ORIENTED_EDGE('',*,*,#1132,.F.);
#1534=ORIENTED_EDGE('',*,*,#1121,.F.);
#1535=ORIENTED_EDGE('',*,*,#1133,.F.);
#1536=ORIENTED_EDGE('',*,*,#1112,.F.);
#1537=ORIENTED_EDGE('',*,*,#1134,.F.);
#1538=ORIENTED_EDGE('',*,*,#1135,.F.);
#1539=ORIENTED_EDGE('',*,*,#1108,.T.);
#1540=ORIENTED_EDGE('',*,*,#1136,.T.);
#1541=ORIENTED_EDGE('',*,*,#1137,.F.);
#1542=ORIENTED_EDGE('',*,*,#1138,.F.);
#1543=ORIENTED_EDGE('',*,*,#1139,.F.);
#1544=ORIENTED_EDGE('',*,*,#1140,.T.);
#1545=ORIENTED_EDGE('',*,*,#1116,.T.);
#1546=ORIENTED_EDGE('',*,*,#1141,.F.);
#1547=ORIENTED_EDGE('',*,*,#1142,.T.);
#1548=ORIENTED_EDGE('',*,*,#1122,.F.);
#1549=ORIENTED_EDGE('',*,*,#1132,.T.);
#1550=ORIENTED_EDGE('',*,*,#1115,.F.);
#1551=ORIENTED_EDGE('',*,*,#1111,.F.);
#1552=ORIENTED_EDGE('',*,*,#1130,.T.);
#1553=ORIENTED_EDGE('',*,*,#1143,.F.);
#1554=ORIENTED_EDGE('',*,*,#1126,.T.);
#1555=ORIENTED_EDGE('',*,*,#1117,.F.);
#1556=ORIENTED_EDGE('',*,*,#1140,.F.);
#1557=ORIENTED_EDGE('',*,*,#1144,.F.);
#1558=ORIENTED_EDGE('',*,*,#1136,.F.);
#1559=ORIENTED_EDGE('',*,*,#1142,.F.);
#1560=ORIENTED_EDGE('',*,*,#1114,.F.);
#1561=ORIENTED_EDGE('',*,*,#1145,.F.);
#1562=ORIENTED_EDGE('',*,*,#1123,.F.);
#1563=ORIENTED_EDGE('',*,*,#1137,.T.);
#1564=ORIENTED_EDGE('',*,*,#1146,.T.);
#1565=ORIENTED_EDGE('',*,*,#1139,.T.);
#1566=ORIENTED_EDGE('',*,*,#1147,.T.);
#1567=ORIENTED_EDGE('',*,*,#1127,.F.);
#1568=ORIENTED_EDGE('',*,*,#1148,.F.);
#1569=ORIENTED_EDGE('',*,*,#1129,.F.);
#1570=ORIENTED_EDGE('',*,*,#1149,.F.);
#1571=ORIENTED_EDGE('',*,*,#1134,.T.);
#1572=ORIENTED_EDGE('',*,*,#1149,.T.);
#1573=ORIENTED_EDGE('',*,*,#1128,.F.);
#1574=ORIENTED_EDGE('',*,*,#1150,.F.);
#1575=ORIENTED_EDGE('',*,*,#1138,.T.);
#1576=ORIENTED_EDGE('',*,*,#1151,.F.);
#1577=ORIENTED_EDGE('',*,*,#1124,.F.);
#1578=ORIENTED_EDGE('',*,*,#1147,.F.);
#1579=ORIENTED_EDGE('',*,*,#1144,.T.);
#1580=ORIENTED_EDGE('',*,*,#1146,.F.);
#1581=ORIENTED_EDGE('',*,*,#1143,.T.);
#1582=ORIENTED_EDGE('',*,*,#1148,.T.);
#1583=ORIENTED_EDGE('',*,*,#1119,.T.);
#1584=ORIENTED_EDGE('',*,*,#1125,.T.);
#1585=ORIENTED_EDGE('',*,*,#1151,.T.);
#1586=ORIENTED_EDGE('',*,*,#1141,.T.);
#1587=ORIENTED_EDGE('',*,*,#1109,.T.);
#1588=ORIENTED_EDGE('',*,*,#1135,.T.);
#1589=ORIENTED_EDGE('',*,*,#1150,.T.);
#1590=ORIENTED_EDGE('',*,*,#1131,.T.);
#1591=ORIENTED_EDGE('',*,*,#1152,.F.);
#1592=ORIENTED_EDGE('',*,*,#1153,.F.);
#1593=ORIENTED_EDGE('',*,*,#1154,.F.);
#1594=ORIENTED_EDGE('',*,*,#1155,.T.);
#1595=ORIENTED_EDGE('',*,*,#1156,.F.);
#1596=ORIENTED_EDGE('',*,*,#1157,.F.);
#1597=ORIENTED_EDGE('',*,*,#1158,.F.);
#1598=ORIENTED_EDGE('',*,*,#1153,.T.);
#1599=ORIENTED_EDGE('',*,*,#1159,.F.);
#1600=ORIENTED_EDGE('',*,*,#1160,.F.);
#1601=ORIENTED_EDGE('',*,*,#1161,.F.);
#1602=ORIENTED_EDGE('',*,*,#1162,.T.);
#1603=ORIENTED_EDGE('',*,*,#1163,.F.);
#1604=ORIENTED_EDGE('',*,*,#1164,.F.);
#1605=ORIENTED_EDGE('',*,*,#1165,.F.);
#1606=ORIENTED_EDGE('',*,*,#1160,.T.);
#1607=ORIENTED_EDGE('',*,*,#1166,.F.);
#1608=ORIENTED_EDGE('',*,*,#1167,.F.);
#1609=ORIENTED_EDGE('',*,*,#1168,.F.);
#1610=ORIENTED_EDGE('',*,*,#1157,.T.);
#1611=ORIENTED_EDGE('',*,*,#1169,.F.);
#1612=ORIENTED_EDGE('',*,*,#1155,.F.);
#1613=ORIENTED_EDGE('',*,*,#1170,.F.);
#1614=ORIENTED_EDGE('',*,*,#1167,.T.);
#1615=ORIENTED_EDGE('',*,*,#1171,.F.);
#1616=ORIENTED_EDGE('',*,*,#1172,.F.);
#1617=ORIENTED_EDGE('',*,*,#1173,.F.);
#1618=ORIENTED_EDGE('',*,*,#1164,.T.);
#1619=ORIENTED_EDGE('',*,*,#1174,.F.);
#1620=ORIENTED_EDGE('',*,*,#1162,.F.);
#1621=ORIENTED_EDGE('',*,*,#1175,.F.);
#1622=ORIENTED_EDGE('',*,*,#1172,.T.);
#1623=ORIENTED_EDGE('',*,*,#1165,.T.);
#1624=ORIENTED_EDGE('',*,*,#1173,.T.);
#1625=ORIENTED_EDGE('',*,*,#1175,.T.);
#1626=ORIENTED_EDGE('',*,*,#1161,.T.);
#1627=ORIENTED_EDGE('',*,*,#1168,.T.);
#1628=ORIENTED_EDGE('',*,*,#1170,.T.);
#1629=ORIENTED_EDGE('',*,*,#1154,.T.);
#1630=ORIENTED_EDGE('',*,*,#1158,.T.);
#1631=ORIENTED_EDGE('',*,*,#1023,.T.);
#1632=ORIENTED_EDGE('',*,*,#1176,.T.);
#1633=ORIENTED_EDGE('',*,*,#1177,.T.);
#1634=ORIENTED_EDGE('',*,*,#1178,.T.);
#1635=ORIENTED_EDGE('',*,*,#1179,.T.);
#1636=ORIENTED_EDGE('',*,*,#1180,.T.);
#1637=ORIENTED_EDGE('',*,*,#1030,.T.);
#1638=ORIENTED_EDGE('',*,*,#1056,.T.);
#1639=ORIENTED_EDGE('',*,*,#1120,.T.);
#1640=ORIENTED_EDGE('',*,*,#1145,.T.);
#1641=ORIENTED_EDGE('',*,*,#1113,.T.);
#1642=ORIENTED_EDGE('',*,*,#1133,.T.);
#1643=ORIENTED_EDGE('',*,*,#1181,.T.);
#1644=ORIENTED_EDGE('',*,*,#1182,.T.);
#1645=ORIENTED_EDGE('',*,*,#1183,.T.);
#1646=ORIENTED_EDGE('',*,*,#1184,.T.);
#1647=ORIENTED_EDGE('',*,*,#1185,.T.);
#1648=ORIENTED_EDGE('',*,*,#1186,.T.);
#1649=ORIENTED_EDGE('',*,*,#1187,.T.);
#1650=ORIENTED_EDGE('',*,*,#1188,.T.);
#1651=ORIENTED_EDGE('',*,*,#1189,.T.);
#1652=ORIENTED_EDGE('',*,*,#1190,.T.);
#1653=ORIENTED_EDGE('',*,*,#1191,.T.);
#1654=ORIENTED_EDGE('',*,*,#1192,.T.);
#1655=ORIENTED_EDGE('',*,*,#1193,.T.);
#1656=ORIENTED_EDGE('',*,*,#1194,.T.);
#1657=ORIENTED_EDGE('',*,*,#1195,.T.);
#1658=ORIENTED_EDGE('',*,*,#1196,.T.);
#1659=ORIENTED_EDGE('',*,*,#1159,.T.);
#1660=ORIENTED_EDGE('',*,*,#1174,.T.);
#1661=ORIENTED_EDGE('',*,*,#1171,.T.);
#1662=ORIENTED_EDGE('',*,*,#1163,.T.);
#1663=ORIENTED_EDGE('',*,*,#1076,.T.);
#1664=ORIENTED_EDGE('',*,*,#1101,.T.);
#1665=ORIENTED_EDGE('',*,*,#1069,.T.);
#1666=ORIENTED_EDGE('',*,*,#1089,.T.);
#1667=ORIENTED_EDGE('',*,*,#985,.T.);
#1668=ORIENTED_EDGE('',*,*,#1010,.T.);
#1669=ORIENTED_EDGE('',*,*,#978,.T.);
#1670=ORIENTED_EDGE('',*,*,#998,.T.);
#1671=ORIENTED_EDGE('',*,*,#1197,.F.);
#1672=ORIENTED_EDGE('',*,*,#1191,.F.);
#1673=ORIENTED_EDGE('',*,*,#1198,.F.);
#1674=ORIENTED_EDGE('',*,*,#1199,.F.);
#1675=ORIENTED_EDGE('',*,*,#1200,.F.);
#1676=ORIENTED_EDGE('',*,*,#1201,.F.);
#1677=ORIENTED_EDGE('',*,*,#1202,.F.);
#1678=ORIENTED_EDGE('',*,*,#1185,.F.);
#1679=ORIENTED_EDGE('',*,*,#1197,.T.);
#1680=ORIENTED_EDGE('',*,*,#1203,.F.);
#1681=ORIENTED_EDGE('',*,*,#1204,.T.);
#1682=ORIENTED_EDGE('',*,*,#1192,.F.);
#1683=ORIENTED_EDGE('',*,*,#1200,.T.);
#1684=ORIENTED_EDGE('',*,*,#1196,.F.);
#1685=ORIENTED_EDGE('',*,*,#1205,.F.);
#1686=ORIENTED_EDGE('',*,*,#1206,.F.);
#1687=ORIENTED_EDGE('',*,*,#1198,.T.);
#1688=ORIENTED_EDGE('',*,*,#1190,.F.);
#1689=ORIENTED_EDGE('',*,*,#1207,.F.);
#1690=ORIENTED_EDGE('',*,*,#1208,.F.);
#1691=ORIENTED_EDGE('',*,*,#1193,.F.);
#1692=ORIENTED_EDGE('',*,*,#1204,.F.);
#1693=ORIENTED_EDGE('',*,*,#1209,.F.);
#1694=ORIENTED_EDGE('',*,*,#1210,.T.);
#1695=ORIENTED_EDGE('',*,*,#1189,.F.);
#1696=ORIENTED_EDGE('',*,*,#1211,.F.);
#1697=ORIENTED_EDGE('',*,*,#1212,.F.);
#1698=ORIENTED_EDGE('',*,*,#1207,.T.);
#1699=ORIENTED_EDGE('',*,*,#1188,.F.);
#1700=ORIENTED_EDGE('',*,*,#1213,.F.);
#1701=ORIENTED_EDGE('',*,*,#1214,.F.);
#1702=ORIENTED_EDGE('',*,*,#1211,.T.);
#1703=ORIENTED_EDGE('',*,*,#1195,.F.);
#1704=ORIENTED_EDGE('',*,*,#1215,.F.);
#1705=ORIENTED_EDGE('',*,*,#1216,.F.);
#1706=ORIENTED_EDGE('',*,*,#1205,.T.);
#1707=ORIENTED_EDGE('',*,*,#1194,.F.);
#1708=ORIENTED_EDGE('',*,*,#1210,.F.);
#1709=ORIENTED_EDGE('',*,*,#1217,.F.);
#1710=ORIENTED_EDGE('',*,*,#1215,.T.);
#1711=ORIENTED_EDGE('',*,*,#1187,.F.);
#1712=ORIENTED_EDGE('',*,*,#1218,.F.);
#1713=ORIENTED_EDGE('',*,*,#1219,.F.);
#1714=ORIENTED_EDGE('',*,*,#1213,.T.);
#1715=ORIENTED_EDGE('',*,*,#1202,.T.);
#1716=ORIENTED_EDGE('',*,*,#1220,.F.);
#1717=ORIENTED_EDGE('',*,*,#1218,.T.);
#1718=ORIENTED_EDGE('',*,*,#1186,.F.);
#1719=ORIENTED_EDGE('',*,*,#1201,.T.);
#1720=ORIENTED_EDGE('',*,*,#1206,.T.);
#1721=ORIENTED_EDGE('',*,*,#1216,.T.);
#1722=ORIENTED_EDGE('',*,*,#1217,.T.);
#1723=ORIENTED_EDGE('',*,*,#1209,.T.);
#1724=ORIENTED_EDGE('',*,*,#1203,.T.);
#1725=ORIENTED_EDGE('',*,*,#1199,.T.);
#1726=ORIENTED_EDGE('',*,*,#1208,.T.);
#1727=ORIENTED_EDGE('',*,*,#1212,.T.);
#1728=ORIENTED_EDGE('',*,*,#1214,.T.);
#1729=ORIENTED_EDGE('',*,*,#1219,.T.);
#1730=ORIENTED_EDGE('',*,*,#1220,.T.);
#1731=ORIENTED_EDGE('',*,*,#1221,.F.);
#1732=ORIENTED_EDGE('',*,*,#1222,.F.);
#1733=ORIENTED_EDGE('',*,*,#1223,.F.);
#1734=ORIENTED_EDGE('',*,*,#1224,.T.);
#1735=ORIENTED_EDGE('',*,*,#1225,.F.);
#1736=ORIENTED_EDGE('',*,*,#1226,.F.);
#1737=ORIENTED_EDGE('',*,*,#1227,.F.);
#1738=ORIENTED_EDGE('',*,*,#1222,.T.);
#1739=ORIENTED_EDGE('',*,*,#1181,.F.);
#1740=ORIENTED_EDGE('',*,*,#1228,.F.);
#1741=ORIENTED_EDGE('',*,*,#1229,.F.);
#1742=ORIENTED_EDGE('',*,*,#1230,.T.);
#1743=ORIENTED_EDGE('',*,*,#1184,.F.);
#1744=ORIENTED_EDGE('',*,*,#1231,.F.);
#1745=ORIENTED_EDGE('',*,*,#1232,.F.);
#1746=ORIENTED_EDGE('',*,*,#1228,.T.);
#1747=ORIENTED_EDGE('',*,*,#1233,.F.);
#1748=ORIENTED_EDGE('',*,*,#1234,.F.);
#1749=ORIENTED_EDGE('',*,*,#1235,.F.);
#1750=ORIENTED_EDGE('',*,*,#1226,.T.);
#1751=ORIENTED_EDGE('',*,*,#1236,.F.);
#1752=ORIENTED_EDGE('',*,*,#1224,.F.);
#1753=ORIENTED_EDGE('',*,*,#1237,.F.);
#1754=ORIENTED_EDGE('',*,*,#1234,.T.);
#1755=ORIENTED_EDGE('',*,*,#1183,.F.);
#1756=ORIENTED_EDGE('',*,*,#1238,.F.);
#1757=ORIENTED_EDGE('',*,*,#1239,.F.);
#1758=ORIENTED_EDGE('',*,*,#1231,.T.);
#1759=ORIENTED_EDGE('',*,*,#1182,.F.);
#1760=ORIENTED_EDGE('',*,*,#1230,.F.);
#1761=ORIENTED_EDGE('',*,*,#1240,.F.);
#1762=ORIENTED_EDGE('',*,*,#1238,.T.);
#1763=ORIENTED_EDGE('',*,*,#1232,.T.);
#1764=ORIENTED_EDGE('',*,*,#1239,.T.);
#1765=ORIENTED_EDGE('',*,*,#1240,.T.);
#1766=ORIENTED_EDGE('',*,*,#1229,.T.);
#1767=ORIENTED_EDGE('',*,*,#1235,.T.);
#1768=ORIENTED_EDGE('',*,*,#1237,.T.);
#1769=ORIENTED_EDGE('',*,*,#1223,.T.);
#1770=ORIENTED_EDGE('',*,*,#1227,.T.);
#1771=ORIENTED_EDGE('',*,*,#1152,.T.);
#1772=ORIENTED_EDGE('',*,*,#1169,.T.);
#1773=ORIENTED_EDGE('',*,*,#1166,.T.);
#1774=ORIENTED_EDGE('',*,*,#1156,.T.);
#1775=ORIENTED_EDGE('',*,*,#1241,.T.);
#1776=ORIENTED_EDGE('',*,*,#1242,.T.);
#1777=ORIENTED_EDGE('',*,*,#1177,.F.);
#1778=ORIENTED_EDGE('',*,*,#1243,.F.);
#1779=ORIENTED_EDGE('',*,*,#1244,.T.);
#1780=ORIENTED_EDGE('',*,*,#1243,.T.);
#1781=ORIENTED_EDGE('',*,*,#1176,.F.);
#1782=ORIENTED_EDGE('',*,*,#1062,.F.);
#1783=ORIENTED_EDGE('',*,*,#1180,.F.);
#1784=ORIENTED_EDGE('',*,*,#1245,.F.);
#1785=ORIENTED_EDGE('',*,*,#1246,.T.);
#1786=ORIENTED_EDGE('',*,*,#1245,.T.);
#1787=ORIENTED_EDGE('',*,*,#1179,.F.);
#1788=ORIENTED_EDGE('',*,*,#1247,.F.);
#1789=ORIENTED_EDGE('',*,*,#1248,.T.);
#1790=ORIENTED_EDGE('',*,*,#1247,.T.);
#1791=ORIENTED_EDGE('',*,*,#1178,.F.);
#1792=ORIENTED_EDGE('',*,*,#1242,.F.);
#1793=ORIENTED_EDGE('',*,*,#1248,.F.);
#1794=ORIENTED_EDGE('',*,*,#1241,.F.);
#1795=ORIENTED_EDGE('',*,*,#1244,.F.);
#1796=ORIENTED_EDGE('',*,*,#1246,.F.);
#1797=ORIENTED_EDGE('',*,*,#1221,.T.);
#1798=ORIENTED_EDGE('',*,*,#1236,.T.);
#1799=ORIENTED_EDGE('',*,*,#1233,.T.);
#1800=ORIENTED_EDGE('',*,*,#1225,.T.);
#1801=PLANE('',#2035);
#1802=PLANE('',#2036);
#1803=PLANE('',#2037);
#1804=PLANE('',#2038);
#1805=PLANE('',#2039);
#1806=PLANE('',#2041);
#1807=PLANE('',#2043);
#1808=PLANE('',#2044);
#1809=PLANE('',#2046);
#1810=PLANE('',#2048);
#1811=PLANE('',#2049);
#1812=PLANE('',#2053);
#1813=PLANE('',#2054);
#1814=PLANE('',#2055);
#1815=PLANE('',#2056);
#1816=PLANE('',#2057);
#1817=PLANE('',#2058);
#1818=PLANE('',#2059);
#1819=PLANE('',#2060);
#1820=PLANE('',#2061);
#1821=PLANE('',#2062);
#1822=PLANE('',#2063);
#1823=PLANE('',#2065);
#1824=PLANE('',#2067);
#1825=PLANE('',#2068);
#1826=PLANE('',#2070);
#1827=PLANE('',#2072);
#1828=PLANE('',#2073);
#1829=PLANE('',#2077);
#1830=PLANE('',#2078);
#1831=PLANE('',#2079);
#1832=PLANE('',#2080);
#1833=PLANE('',#2081);
#1834=PLANE('',#2082);
#1835=PLANE('',#2083);
#1836=PLANE('',#2084);
#1837=PLANE('',#2085);
#1838=PLANE('',#2086);
#1839=PLANE('',#2087);
#1840=PLANE('',#2088);
#1841=PLANE('',#2090);
#1842=PLANE('',#2092);
#1843=PLANE('',#2093);
#1844=PLANE('',#2095);
#1845=PLANE('',#2097);
#1846=PLANE('',#2098);
#1847=PLANE('',#2102);
#1848=PLANE('',#2103);
#1849=PLANE('',#2104);
#1850=PLANE('',#2105);
#1851=PLANE('',#2106);
#1852=PLANE('',#2107);
#1853=PLANE('',#2108);
#1854=PLANE('',#2109);
#1855=PLANE('',#2110);
#1856=PLANE('',#2111);
#1857=PLANE('',#2112);
#1858=PLANE('',#2114);
#1859=PLANE('',#2116);
#1860=PLANE('',#2117);
#1861=PLANE('',#2119);
#1862=PLANE('',#2121);
#1863=PLANE('',#2122);
#1864=PLANE('',#2126);
#1865=PLANE('',#2127);
#1866=PLANE('',#2128);
#1867=PLANE('',#2129);
#1868=PLANE('',#2130);
#1869=PLANE('',#2131);
#1870=PLANE('',#2132);
#1871=PLANE('',#2133);
#1872=PLANE('',#2134);
#1873=PLANE('',#2135);
#1874=PLANE('',#2136);
#1875=PLANE('',#2137);
#1876=PLANE('',#2138);
#1877=PLANE('',#2139);
#1878=PLANE('',#2140);
#1879=PLANE('',#2141);
#1880=PLANE('',#2142);
#1881=PLANE('',#2143);
#1882=PLANE('',#2144);
#1883=PLANE('',#2145);
#1884=PLANE('',#2146);
#1885=PLANE('',#2147);
#1886=PLANE('',#2148);
#1887=PLANE('',#2149);
#1888=PLANE('',#2150);
#1889=PLANE('',#2151);
#1890=PLANE('',#2152);
#1891=PLANE('',#2153);
#1892=PLANE('',#2154);
#1893=PLANE('',#2155);
#1894=PLANE('',#2156);
#1895=PLANE('',#2157);
#1896=PLANE('',#2158);
#1897=PLANE('',#2159);
#1898=PLANE('',#2160);
#1899=PLANE('',#2161);
#1900=PLANE('',#2162);
#1901=PLANE('',#2163);
#1902=PLANE('',#2164);
#1903=PLANE('',#2165);
#1904=PLANE('',#2166);
#1905=PLANE('',#2167);
#1906=PLANE('',#2168);
#1907=PLANE('',#2169);
#1908=PLANE('',#2170);
#1909=ADVANCED_FACE('',(#55),#1801,.F.);
#1910=ADVANCED_FACE('',(#56),#1802,.T.);
#1911=ADVANCED_FACE('',(#57),#1803,.F.);
#1912=ADVANCED_FACE('',(#58),#1804,.T.);
#1913=ADVANCED_FACE('',(#59),#1805,.F.);
#1914=ADVANCED_FACE('',(#60),#1806,.F.);
#1915=ADVANCED_FACE('',(#61),#1807,.T.);
#1916=ADVANCED_FACE('',(#62),#1808,.F.);
#1917=ADVANCED_FACE('',(#63),#1809,.F.);
#1918=ADVANCED_FACE('',(#64,#19),#1810,.T.);
#1919=ADVANCED_FACE('',(#65),#1811,.T.);
#1920=ADVANCED_FACE('',(#66),#15,.T.);
#1921=ADVANCED_FACE('',(#67),#1812,.T.);
#1922=ADVANCED_FACE('',(#68),#1813,.T.);
#1923=ADVANCED_FACE('',(#69),#1814,.T.);
#1924=ADVANCED_FACE('',(#70),#1815,.F.);
#1925=ADVANCED_FACE('',(#71),#1816,.T.);
#1926=ADVANCED_FACE('',(#72),#1817,.T.);
#1927=ADVANCED_FACE('',(#73),#1818,.F.);
#1928=ADVANCED_FACE('',(#74),#1819,.T.);
#1929=ADVANCED_FACE('',(#75),#1820,.F.);
#1930=ADVANCED_FACE('',(#76),#1821,.T.);
#1931=ADVANCED_FACE('',(#77),#1822,.F.);
#1932=ADVANCED_FACE('',(#78),#1823,.F.);
#1933=ADVANCED_FACE('',(#79),#1824,.T.);
#1934=ADVANCED_FACE('',(#80),#1825,.F.);
#1935=ADVANCED_FACE('',(#81),#1826,.F.);
#1936=ADVANCED_FACE('',(#82,#20),#1827,.T.);
#1937=ADVANCED_FACE('',(#83),#1828,.T.);
#1938=ADVANCED_FACE('',(#84),#16,.T.);
#1939=ADVANCED_FACE('',(#85),#1829,.T.);
#1940=ADVANCED_FACE('',(#86),#1830,.T.);
#1941=ADVANCED_FACE('',(#87),#1831,.T.);
#1942=ADVANCED_FACE('',(#88),#1832,.T.);
#1943=ADVANCED_FACE('',(#89),#1833,.F.);
#1944=ADVANCED_FACE('',(#90),#1834,.T.);
#1945=ADVANCED_FACE('',(#91),#1835,.T.);
#1946=ADVANCED_FACE('',(#92),#1836,.F.);
#1947=ADVANCED_FACE('',(#93),#1837,.T.);
#1948=ADVANCED_FACE('',(#94),#1838,.F.);
#1949=ADVANCED_FACE('',(#95),#1839,.T.);
#1950=ADVANCED_FACE('',(#96),#1840,.F.);
#1951=ADVANCED_FACE('',(#97),#1841,.F.);
#1952=ADVANCED_FACE('',(#98),#1842,.T.);
#1953=ADVANCED_FACE('',(#99),#1843,.F.);
#1954=ADVANCED_FACE('',(#100),#1844,.F.);
#1955=ADVANCED_FACE('',(#101,#21),#1845,.T.);
#1956=ADVANCED_FACE('',(#102),#1846,.T.);
#1957=ADVANCED_FACE('',(#103),#17,.T.);
#1958=ADVANCED_FACE('',(#104),#1847,.T.);
#1959=ADVANCED_FACE('',(#105),#1848,.T.);
#1960=ADVANCED_FACE('',(#106),#1849,.T.);
#1961=ADVANCED_FACE('',(#107),#1850,.F.);
#1962=ADVANCED_FACE('',(#108),#1851,.T.);
#1963=ADVANCED_FACE('',(#109),#1852,.T.);
#1964=ADVANCED_FACE('',(#110),#1853,.F.);
#1965=ADVANCED_FACE('',(#111),#1854,.T.);
#1966=ADVANCED_FACE('',(#112),#1855,.F.);
#1967=ADVANCED_FACE('',(#113),#1856,.T.);
#1968=ADVANCED_FACE('',(#114),#1857,.F.);
#1969=ADVANCED_FACE('',(#115),#1858,.F.);
#1970=ADVANCED_FACE('',(#116),#1859,.T.);
#1971=ADVANCED_FACE('',(#117),#1860,.F.);
#1972=ADVANCED_FACE('',(#118),#1861,.F.);
#1973=ADVANCED_FACE('',(#119,#22),#1862,.T.);
#1974=ADVANCED_FACE('',(#120),#1863,.T.);
#1975=ADVANCED_FACE('',(#121),#18,.T.);
#1976=ADVANCED_FACE('',(#122),#1864,.T.);
#1977=ADVANCED_FACE('',(#123),#1865,.T.);
#1978=ADVANCED_FACE('',(#124),#1866,.T.);
#1979=ADVANCED_FACE('',(#125),#1867,.F.);
#1980=ADVANCED_FACE('',(#126),#1868,.T.);
#1981=ADVANCED_FACE('',(#127),#1869,.T.);
#1982=ADVANCED_FACE('',(#128),#1870,.F.);
#1983=ADVANCED_FACE('',(#129),#1871,.F.);
#1984=ADVANCED_FACE('',(#130),#1872,.T.);
#1985=ADVANCED_FACE('',(#131),#1873,.T.);
#1986=ADVANCED_FACE('',(#132),#1874,.F.);
#1987=ADVANCED_FACE('',(#133),#1875,.F.);
#1988=ADVANCED_FACE('',(#134),#1876,.T.);
#1989=ADVANCED_FACE('',(#135),#1877,.T.);
#1990=ADVANCED_FACE('',(#136,#23),#1878,.F.);
#1991=ADVANCED_FACE('',(#137,#24,#25,#26,#27,#28,#29),#1879,.T.);
#1992=ADVANCED_FACE('',(#138),#1880,.F.);
#1993=ADVANCED_FACE('',(#139),#1881,.F.);
#1994=ADVANCED_FACE('',(#140),#1882,.F.);
#1995=ADVANCED_FACE('',(#141),#1883,.F.);
#1996=ADVANCED_FACE('',(#142),#1884,.T.);
#1997=ADVANCED_FACE('',(#143),#1885,.F.);
#1998=ADVANCED_FACE('',(#144),#1886,.T.);
#1999=ADVANCED_FACE('',(#145),#1887,.T.);
#2000=ADVANCED_FACE('',(#146),#1888,.F.);
#2001=ADVANCED_FACE('',(#147),#1889,.F.);
#2002=ADVANCED_FACE('',(#148),#1890,.T.);
#2003=ADVANCED_FACE('',(#149),#1891,.T.);
#2004=ADVANCED_FACE('',(#150),#1892,.F.);
#2005=ADVANCED_FACE('',(#151),#1893,.F.);
#2006=ADVANCED_FACE('',(#152),#1894,.F.);
#2007=ADVANCED_FACE('',(#153),#1895,.T.);
#2008=ADVANCED_FACE('',(#154),#1896,.T.);
#2009=ADVANCED_FACE('',(#155),#1897,.F.);
#2010=ADVANCED_FACE('',(#156),#1898,.F.);
#2011=ADVANCED_FACE('',(#157),#1899,.T.);
#2012=ADVANCED_FACE('',(#158),#1900,.T.);
#2013=ADVANCED_FACE('',(#159,#30),#1901,.F.);
#2014=ADVANCED_FACE('',(#160),#1902,.T.);
#2015=ADVANCED_FACE('',(#161),#1903,.T.);
#2016=ADVANCED_FACE('',(#162),#1904,.T.);
#2017=ADVANCED_FACE('',(#163),#1905,.T.);
#2018=ADVANCED_FACE('',(#164),#1906,.T.);
#2019=ADVANCED_FACE('',(#165),#1907,.T.);
#2020=ADVANCED_FACE('',(#166),#1908,.T.);
#2021=CLOSED_SHELL('',(#1909,#1910,#1911,#1912,#1913,#1914,#1915,#1916,
#1917,#1918,#1919,#1920,#1921,#1922,#1923,#1924,#1925,#1926,#1927,#1928,
#1929,#1930,#1931,#1932,#1933,#1934,#1935,#1936,#1937,#1938,#1939,#1940,
#1941,#1942,#1943,#1944,#1945,#1946,#1947,#1948,#1949,#1950,#1951,#1952,
#1953,#1954,#1955,#1956,#1957,#1958,#1959,#1960,#1961,#1962,#1963,#1964,
#1965,#1966,#1967,#1968,#1969,#1970,#1971,#1972,#1973,#1974,#1975,#1976,
#1977,#1978,#1979,#1980,#1981,#1982,#1983,#1984,#1985,#1986,#1987,#1988,
#1989,#1990,#1991,#1992,#1993,#1994,#1995,#1996,#1997,#1998,#1999,#2000,
#2001,#2002,#2003,#2004,#2005,#2006,#2007,#2008,#2009,#2010,#2011,#2012,
#2013,#2014,#2015,#2016,#2017,#2018,#2019,#2020));
#2022=DERIVED_UNIT_ELEMENT(#2024,1.);
#2023=DERIVED_UNIT_ELEMENT(#3269,-3.);
#2024=(
MASS_UNIT()
NAMED_UNIT(*)
SI_UNIT(.KILO.,.GRAM.)
);
#2025=DERIVED_UNIT((#2022,#2023));
#2026=MEASURE_REPRESENTATION_ITEM('density measure',
POSITIVE_RATIO_MEASURE(7850.),#2025);
#2027=PROPERTY_DEFINITION_REPRESENTATION(#2032,#2029);
#2028=PROPERTY_DEFINITION_REPRESENTATION(#2033,#2030);
#2029=REPRESENTATION('material name',(#2031),#3266);
#2030=REPRESENTATION('density',(#2026),#3266);
#2031=DESCRIPTIVE_REPRESENTATION_ITEM('\X2\042104420430043B044C\X0\',
'\X2\042104420430043B044C\X0\');
#2032=PROPERTY_DEFINITION('material property','material name',#3276);
#2033=PROPERTY_DEFINITION('material property','density of part',#3276);
#2034=AXIS2_PLACEMENT_3D('',#2697,#2171,#2172);
#2035=AXIS2_PLACEMENT_3D('',#2698,#2173,#2174);
#2036=AXIS2_PLACEMENT_3D('',#2707,#2179,#2180);
#2037=AXIS2_PLACEMENT_3D('',#2716,#2185,#2186);
#2038=AXIS2_PLACEMENT_3D('',#2725,#2191,#2192);
#2039=AXIS2_PLACEMENT_3D('',#2734,#2197,#2198);
#2040=AXIS2_PLACEMENT_3D('',#2741,#2202,#2203);
#2041=AXIS2_PLACEMENT_3D('',#2742,#2204,#2205);
#2042=AXIS2_PLACEMENT_3D('',#2747,#2207,#2208);
#2043=AXIS2_PLACEMENT_3D('',#2750,#2211,#2212);
#2044=AXIS2_PLACEMENT_3D('',#2753,#2215,#2216);
#2045=AXIS2_PLACEMENT_3D('',#2760,#2220,#2221);
#2046=AXIS2_PLACEMENT_3D('',#2761,#2222,#2223);
#2047=AXIS2_PLACEMENT_3D('',#2766,#2225,#2226);
#2048=AXIS2_PLACEMENT_3D('',#2769,#2229,#2230);
#2049=AXIS2_PLACEMENT_3D('',#2773,#2234,#2235);
#2050=AXIS2_PLACEMENT_3D('',#2775,#2237,#2238);
#2051=AXIS2_PLACEMENT_3D('',#2776,#2239,#2240);
#2052=AXIS2_PLACEMENT_3D('',#2778,#2242,#2243);
#2053=AXIS2_PLACEMENT_3D('',#2780,#2245,#2246);
#2054=AXIS2_PLACEMENT_3D('',#2782,#2248,#2249);
#2055=AXIS2_PLACEMENT_3D('',#2784,#2251,#2252);
#2056=AXIS2_PLACEMENT_3D('',#2785,#2253,#2254);
#2057=AXIS2_PLACEMENT_3D('',#2786,#2255,#2256);
#2058=AXIS2_PLACEMENT_3D('',#2787,#2257,#2258);
#2059=AXIS2_PLACEMENT_3D('',#2788,#2259,#2260);
#2060=AXIS2_PLACEMENT_3D('',#2797,#2265,#2266);
#2061=AXIS2_PLACEMENT_3D('',#2808,#2272,#2273);
#2062=AXIS2_PLACEMENT_3D('',#2817,#2278,#2279);
#2063=AXIS2_PLACEMENT_3D('',#2828,#2285,#2286);
#2064=AXIS2_PLACEMENT_3D('',#2835,#2290,#2291);
#2065=AXIS2_PLACEMENT_3D('',#2836,#2292,#2293);
#2066=AXIS2_PLACEMENT_3D('',#2841,#2295,#2296);
#2067=AXIS2_PLACEMENT_3D('',#2844,#2299,#2300);
#2068=AXIS2_PLACEMENT_3D('',#2847,#2303,#2304);
#2069=AXIS2_PLACEMENT_3D('',#2854,#2308,#2309);
#2070=AXIS2_PLACEMENT_3D('',#2855,#2310,#2311);
#2071=AXIS2_PLACEMENT_3D('',#2860,#2313,#2314);
#2072=AXIS2_PLACEMENT_3D('',#2863,#2317,#2318);
#2073=AXIS2_PLACEMENT_3D('',#2867,#2322,#2323);
#2074=AXIS2_PLACEMENT_3D('',#2869,#2325,#2326);
#2075=AXIS2_PLACEMENT_3D('',#2870,#2327,#2328);
#2076=AXIS2_PLACEMENT_3D('',#2872,#2330,#2331);
#2077=AXIS2_PLACEMENT_3D('',#2874,#2333,#2334);
#2078=AXIS2_PLACEMENT_3D('',#2876,#2336,#2337);
#2079=AXIS2_PLACEMENT_3D('',#2878,#2339,#2340);
#2080=AXIS2_PLACEMENT_3D('',#2880,#2342,#2343);
#2081=AXIS2_PLACEMENT_3D('',#2881,#2344,#2345);
#2082=AXIS2_PLACEMENT_3D('',#2882,#2346,#2347);
#2083=AXIS2_PLACEMENT_3D('',#2883,#2348,#2349);
#2084=AXIS2_PLACEMENT_3D('',#2884,#2350,#2351);
#2085=AXIS2_PLACEMENT_3D('',#2893,#2356,#2357);
#2086=AXIS2_PLACEMENT_3D('',#2902,#2362,#2363);
#2087=AXIS2_PLACEMENT_3D('',#2911,#2368,#2369);
#2088=AXIS2_PLACEMENT_3D('',#2920,#2374,#2375);
#2089=AXIS2_PLACEMENT_3D('',#2927,#2379,#2380);
#2090=AXIS2_PLACEMENT_3D('',#2928,#2381,#2382);
#2091=AXIS2_PLACEMENT_3D('',#2933,#2384,#2385);
#2092=AXIS2_PLACEMENT_3D('',#2936,#2388,#2389);
#2093=AXIS2_PLACEMENT_3D('',#2939,#2392,#2393);
#2094=AXIS2_PLACEMENT_3D('',#2946,#2397,#2398);
#2095=AXIS2_PLACEMENT_3D('',#2947,#2399,#2400);
#2096=AXIS2_PLACEMENT_3D('',#2952,#2402,#2403);
#2097=AXIS2_PLACEMENT_3D('',#2955,#2406,#2407);
#2098=AXIS2_PLACEMENT_3D('',#2959,#2411,#2412);
#2099=AXIS2_PLACEMENT_3D('',#2961,#2414,#2415);
#2100=AXIS2_PLACEMENT_3D('',#2962,#2416,#2417);
#2101=AXIS2_PLACEMENT_3D('',#2964,#2419,#2420);
#2102=AXIS2_PLACEMENT_3D('',#2966,#2422,#2423);
#2103=AXIS2_PLACEMENT_3D('',#2968,#2425,#2426);
#2104=AXIS2_PLACEMENT_3D('',#2970,#2428,#2429);
#2105=AXIS2_PLACEMENT_3D('',#2971,#2430,#2431);
#2106=AXIS2_PLACEMENT_3D('',#2972,#2432,#2433);
#2107=AXIS2_PLACEMENT_3D('',#2973,#2434,#2435);
#2108=AXIS2_PLACEMENT_3D('',#2974,#2436,#2437);
#2109=AXIS2_PLACEMENT_3D('',#2983,#2442,#2443);
#2110=AXIS2_PLACEMENT_3D('',#2992,#2448,#2449);
#2111=AXIS2_PLACEMENT_3D('',#3001,#2454,#2455);
#2112=AXIS2_PLACEMENT_3D('',#3010,#2460,#2461);
#2113=AXIS2_PLACEMENT_3D('',#3017,#2465,#2466);
#2114=AXIS2_PLACEMENT_3D('',#3018,#2467,#2468);
#2115=AXIS2_PLACEMENT_3D('',#3023,#2470,#2471);
#2116=AXIS2_PLACEMENT_3D('',#3026,#2474,#2475);
#2117=AXIS2_PLACEMENT_3D('',#3029,#2478,#2479);
#2118=AXIS2_PLACEMENT_3D('',#3036,#2483,#2484);
#2119=AXIS2_PLACEMENT_3D('',#3037,#2485,#2486);
#2120=AXIS2_PLACEMENT_3D('',#3042,#2488,#2489);
#2121=AXIS2_PLACEMENT_3D('',#3045,#2492,#2493);
#2122=AXIS2_PLACEMENT_3D('',#3049,#2497,#2498);
#2123=AXIS2_PLACEMENT_3D('',#3051,#2500,#2501);
#2124=AXIS2_PLACEMENT_3D('',#3052,#2502,#2503);
#2125=AXIS2_PLACEMENT_3D('',#3054,#2505,#2506);
#2126=AXIS2_PLACEMENT_3D('',#3056,#2508,#2509);
#2127=AXIS2_PLACEMENT_3D('',#3058,#2511,#2512);
#2128=AXIS2_PLACEMENT_3D('',#3060,#2514,#2515);
#2129=AXIS2_PLACEMENT_3D('',#3061,#2516,#2517);
#2130=AXIS2_PLACEMENT_3D('',#3062,#2518,#2519);
#2131=AXIS2_PLACEMENT_3D('',#3063,#2520,#2521);
#2132=AXIS2_PLACEMENT_3D('',#3064,#2522,#2523);
#2133=AXIS2_PLACEMENT_3D('',#3073,#2528,#2529);
#2134=AXIS2_PLACEMENT_3D('',#3079,#2533,#2534);
#2135=AXIS2_PLACEMENT_3D('',#3088,#2539,#2540);
#2136=AXIS2_PLACEMENT_3D('',#3094,#2544,#2545);
#2137=AXIS2_PLACEMENT_3D('',#3100,#2549,#2550);
#2138=AXIS2_PLACEMENT_3D('',#3103,#2553,#2554);
#2139=AXIS2_PLACEMENT_3D('',#3109,#2558,#2559);
#2140=AXIS2_PLACEMENT_3D('',#3112,#2562,#2563);
#2141=AXIS2_PLACEMENT_3D('',#3113,#2564,#2565);
#2142=AXIS2_PLACEMENT_3D('',#3155,#2587,#2588);
#2143=AXIS2_PLACEMENT_3D('',#3161,#2592,#2593);
#2144=AXIS2_PLACEMENT_3D('',#3167,#2597,#2598);
#2145=AXIS2_PLACEMENT_3D('',#3171,#2601,#2602);
#2146=AXIS2_PLACEMENT_3D('',#3175,#2605,#2606);
#2147=AXIS2_PLACEMENT_3D('',#3179,#2609,#2610);
#2148=AXIS2_PLACEMENT_3D('',#3183,#2613,#2614);
#2149=AXIS2_PLACEMENT_3D('',#3187,#2617,#2618);
#2150=AXIS2_PLACEMENT_3D('',#3191,#2621,#2622);
#2151=AXIS2_PLACEMENT_3D('',#3195,#2625,#2626);
#2152=AXIS2_PLACEMENT_3D('',#3197,#2628,#2629);
#2153=AXIS2_PLACEMENT_3D('',#3201,#2632,#2633);
#2154=AXIS2_PLACEMENT_3D('',#3203,#2635,#2636);
#2155=AXIS2_PLACEMENT_3D('',#3204,#2637,#2638);
#2156=AXIS2_PLACEMENT_3D('',#3213,#2643,#2644);
#2157=AXIS2_PLACEMENT_3D('',#3219,#2648,#2649);
#2158=AXIS2_PLACEMENT_3D('',#3225,#2653,#2654);
#2159=AXIS2_PLACEMENT_3D('',#3229,#2657,#2658);
#2160=AXIS2_PLACEMENT_3D('',#3235,#2662,#2663);
#2161=AXIS2_PLACEMENT_3D('',#3238,#2666,#2667);
#2162=AXIS2_PLACEMENT_3D('',#3242,#2670,#2671);
#2163=AXIS2_PLACEMENT_3D('',#3244,#2673,#2674);
#2164=AXIS2_PLACEMENT_3D('',#3245,#2675,#2676);
#2165=AXIS2_PLACEMENT_3D('',#3246,#2677,#2678);
#2166=AXIS2_PLACEMENT_3D('',#3252,#2682,#2683);
#2167=AXIS2_PLACEMENT_3D('',#3256,#2686,#2687);
#2168=AXIS2_PLACEMENT_3D('',#3260,#2690,#2691);
#2169=AXIS2_PLACEMENT_3D('',#3262,#2693,#2694);
#2170=AXIS2_PLACEMENT_3D('',#3263,#2695,#2696);
#2171=DIRECTION('axis',(0.,0.,1.));
#2172=DIRECTION('refdir',(1.,0.,0.));
#2173=DIRECTION('center_axis',(1.,8.6042284408451E-15,-4.60742555219435E-15));
#2174=DIRECTION('ref_axis',(-4.60742555219434E-15,-1.21399158212691E-15,
-1.));
#2175=DIRECTION('',(-8.60422844084507E-15,1.,6.71745492660719E-15));
#2176=DIRECTION('',(-4.60742555219433E-15,-2.22044604925031E-15,-1.));
#2177=DIRECTION('',(-8.60422844084512E-15,1.,-2.43523690921455E-15));
#2178=DIRECTION('',(-4.60742555219433E-15,-1.82461424567075E-15,-1.));
#2179=DIRECTION('center_axis',(1.,8.6042284408451E-15,-4.60742555219435E-15));
#2180=DIRECTION('ref_axis',(-4.60742555219434E-15,-1.21399158212691E-15,
-1.));
#2181=DIRECTION('',(8.60422844084511E-15,-1.,1.82461424567071E-15));
#2182=DIRECTION('',(4.60742555219433E-15,2.22044604925031E-15,1.));
#2183=DIRECTION('',(-8.60422844084512E-15,1.,-4.04506029492103E-15));
#2184=DIRECTION('',(4.60742555219433E-15,1.82461424567075E-15,1.));
#2185=DIRECTION('center_axis',(-1.,-8.6042284408451E-15,4.60742555219435E-15));
#2186=DIRECTION('ref_axis',(4.60742555219434E-15,1.82461424567075E-15,1.));
#2187=DIRECTION('',(8.60422844084507E-15,-1.,-6.71745492660719E-15));
#2188=DIRECTION('',(4.60742555219434E-15,1.82461424567075E-15,1.));
#2189=DIRECTION('',(8.60422844084512E-15,-1.,2.43523690921455E-15));
#2190=DIRECTION('',(4.60742555219433E-15,2.22044604925031E-15,1.));
#2191=DIRECTION('center_axis',(-1.,-8.6042284408451E-15,4.60742555219435E-15));
#2192=DIRECTION('ref_axis',(4.60742555219434E-15,1.21399158212691E-15,1.));
#2193=DIRECTION('',(-4.60742555219433E-15,-2.22044604925031E-15,-1.));
#2194=DIRECTION('',(-8.60422844084511E-15,1.,-1.82461424567071E-15));
#2195=DIRECTION('',(-4.60742555219434E-15,-1.82461424567075E-15,-1.));
#2196=DIRECTION('',(8.60422844084512E-15,-1.,4.04506029492103E-15));
#2197=DIRECTION('center_axis',(4.60742555219433E-15,2.43523690921459E-15,
1.));
#2198=DIRECTION('ref_axis',(1.,8.6042284408451E-15,-4.60742555219435E-15));
#2199=DIRECTION('',(-0.666402834856218,-0.74559188682254,-2.0127534071976E-14));
#2200=DIRECTION('',(1.,-1.02305398645848E-29,-4.60742555219433E-15));
#2201=DIRECTION('',(-1.,-8.6042284408451E-15,4.60742555219435E-15));
#2202=DIRECTION('center_axis',(-2.26875598178742E-14,-6.71745492660739E-15,
1.));
#2203=DIRECTION('ref_axis',(-1.,-1.09218190047498E-14,-2.16134479169454E-14));
#2204=DIRECTION('center_axis',(4.60742555219433E-15,2.43523690921459E-15,
1.));
#2205=DIRECTION('ref_axis',(1.,8.6042284408451E-15,-4.60742555219435E-15));
#2206=DIRECTION('',(-0.666402834856235,0.745591886822526,-1.01105742852273E-14));
#2207=DIRECTION('center_axis',(-2.26875598178742E-14,-6.71745492660739E-15,
1.));
#2208=DIRECTION('ref_axis',(-1.,-1.09218190047498E-14,-2.16134479169454E-14));
#2209=DIRECTION('',(-1.,-8.6042284408451E-15,4.60742555219435E-15));
#2210=DIRECTION('',(1.,-1.02305398645848E-29,-4.60742555219433E-15));
#2211=DIRECTION('center_axis',(4.60742555219434E-15,1.21399158212691E-15,
1.));
#2212=DIRECTION('ref_axis',(1.,8.6042284408451E-15,-4.60742555219435E-15));
#2213=DIRECTION('',(1.,8.6042284408451E-15,-4.60742555219435E-15));
#2214=DIRECTION('',(-1.,1.02305398645849E-29,4.60742555219434E-15));
#2215=DIRECTION('center_axis',(2.26875598178742E-14,6.71745492660739E-15,
-1.));
#2216=DIRECTION('ref_axis',(-1.,-8.60422844084514E-15,-2.26875598178743E-14));
#2217=DIRECTION('',(-0.666402834856235,0.745591886822526,-1.01105742852273E-14));
#2218=DIRECTION('',(-1.,-5.03765025647289E-29,-2.26875598178742E-14));
#2219=DIRECTION('',(-1.,-8.60422844084519E-15,-2.26875598178743E-14));
#2220=DIRECTION('center_axis',(-2.26875598178742E-14,-6.71745492660739E-15,
1.));
#2221=DIRECTION('ref_axis',(-1.,-1.09218190047498E-14,-2.16134479169454E-14));
#2222=DIRECTION('center_axis',(2.26875598178742E-14,6.71745492660739E-15,
-1.));
#2223=DIRECTION('ref_axis',(-1.,-8.60422844084514E-15,-2.26875598178743E-14));
#2224=DIRECTION('',(-0.666402834856218,-0.74559188682254,-2.0127534071976E-14));
#2225=DIRECTION('center_axis',(-2.26875598178742E-14,-6.71745492660739E-15,
1.));
#2226=DIRECTION('ref_axis',(-1.,-1.09218190047498E-14,-2.16134479169454E-14));
#2227=DIRECTION('',(-1.,-8.60422844084519E-15,-2.26875598178743E-14));
#2228=DIRECTION('',(-1.,-5.03765025647289E-29,-2.26875598178742E-14));
#2229=DIRECTION('center_axis',(-8.60422844084517E-15,1.,-1.21399158212687E-15));
#2230=DIRECTION('ref_axis',(1.,8.60422844084519E-15,2.26875598178743E-14));
#2231=DIRECTION('',(-1.,-8.6042284408451E-15,4.60742555219435E-15));
#2232=DIRECTION('',(1.,8.60422844084514E-15,2.26875598178743E-14));
#2233=DIRECTION('',(-1.,-8.60422844084519E-15,-2.26875598178743E-14));
#2234=DIRECTION('center_axis',(-4.60742555219434E-15,-1.21399158212691E-15,
-1.));
#2235=DIRECTION('ref_axis',(-1.,-8.6042284408451E-15,4.60742555219435E-15));
#2236=DIRECTION('',(1.,-1.02305398645849E-29,-4.60742555219434E-15));
#2237=DIRECTION('center_axis',(-2.2219024112256E-14,-9.03620231392826E-15,
1.));
#2238=DIRECTION('ref_axis',(-1.07381219848779E-14,1.,9.03620231392803E-15));
#2239=DIRECTION('center_axis',(-2.26875598178742E-14,-6.71745492660739E-15,
1.));
#2240=DIRECTION('ref_axis',(-1.,-1.09218190047498E-14,-2.16134479169454E-14));
#2241=DIRECTION('',(-2.2219024112256E-14,-9.03620231392826E-15,1.));
#2242=DIRECTION('center_axis',(-2.26875598178742E-14,-6.71745492660739E-15,
1.));
#2243=DIRECTION('ref_axis',(-1.,-1.09218190047498E-14,-2.16134479169454E-14));
#2244=DIRECTION('',(-2.2219024112256E-14,-9.03620231392826E-15,1.));
#2245=DIRECTION('center_axis',(0.745591886822526,0.666402834856235,2.25880749495484E-14));
#2246=DIRECTION('ref_axis',(-0.666402834856235,0.745591886822526,-1.01105742852273E-14));
#2247=DIRECTION('',(-3.22801078133821E-14,2.22044604925031E-15,1.));
#2248=DIRECTION('center_axis',(-0.74559188682254,0.666402834856218,-1.05445732728763E-14));
#2249=DIRECTION('ref_axis',(-0.666402834856218,-0.74559188682254,-2.0127534071976E-14));
#2250=DIRECTION('',(1.21579404111303E-14,-2.22044604925031E-15,-1.));
#2251=DIRECTION('center_axis',(2.26875598178742E-14,6.71745492660739E-15,
-1.));
#2252=DIRECTION('ref_axis',(-1.,-1.09218190047498E-14,-2.26875598178743E-14));
#2253=DIRECTION('center_axis',(2.26875598178742E-14,6.71745492660739E-15,
-1.));
#2254=DIRECTION('ref_axis',(-1.,-1.09218190047498E-14,-2.26875598178743E-14));
#2255=DIRECTION('center_axis',(0.,1.,-2.22044604925031E-15));
#2256=DIRECTION('ref_axis',(0.,2.22044604925031E-15,1.));
#2257=DIRECTION('center_axis',(0.,1.,-2.22044604925031E-15));
#2258=DIRECTION('ref_axis',(0.,2.22044604925031E-15,1.));
#2259=DIRECTION('center_axis',(1.,-1.66533453693767E-16,1.11022302462516E-15));
#2260=DIRECTION('ref_axis',(1.11022302462516E-15,-1.21399158212691E-15,
-1.));
#2261=DIRECTION('',(1.66533453693759E-16,1.,6.71745492660715E-15));
#2262=DIRECTION('',(1.11022302462516E-15,-2.22044604925031E-15,-1.));
#2263=DIRECTION('',(1.66533453693769E-16,1.,-2.43523690921459E-15));
#2264=DIRECTION('',(1.11022302462516E-15,-1.82461424567075E-15,-1.));
#2265=DIRECTION('center_axis',(1.,-1.66533453693768E-16,1.11022302462516E-15));
#2266=DIRECTION('ref_axis',(1.11022302462516E-15,-1.21399158212691E-15,
-1.));
#2267=DIRECTION('',(-1.66533453693769E-16,-1.,1.82461424567075E-15));
#2268=DIRECTION('',(1.11022302462516E-15,-1.82461424567075E-15,-1.));
#2269=DIRECTION('',(-1.11022302462516E-15,2.22044604925031E-15,1.));
#2270=DIRECTION('',(1.66533453693771E-16,1.,-4.04506029492107E-15));
#2271=DIRECTION('',(-1.11022302462516E-15,1.82461424567075E-15,1.));
#2272=DIRECTION('center_axis',(-1.,1.66533453693766E-16,-1.11022302462515E-15));
#2273=DIRECTION('ref_axis',(-1.11022302462515E-15,1.82461424567075E-15,
1.));
#2274=DIRECTION('',(-1.66533453693759E-16,-1.,-6.71745492660715E-15));
#2275=DIRECTION('',(-1.11022302462515E-15,1.82461424567075E-15,1.));
#2276=DIRECTION('',(-1.66533453693769E-16,-1.,2.43523690921459E-15));
#2277=DIRECTION('',(-1.11022302462515E-15,2.22044604925031E-15,1.));
#2278=DIRECTION('center_axis',(-1.,1.66533453693768E-16,-1.11022302462516E-15));
#2279=DIRECTION('ref_axis',(-1.11022302462516E-15,1.21399158212691E-15,
1.));
#2280=DIRECTION('',(1.11022302462516E-15,-2.22044604925031E-15,-1.));
#2281=DIRECTION('',(-1.11022302462515E-15,1.82461424567075E-15,1.));
#2282=DIRECTION('',(1.66533453693768E-16,1.,-1.82461424567075E-15));
#2283=DIRECTION('',(1.11022302462515E-15,-1.82461424567075E-15,-1.));
#2284=DIRECTION('',(-1.66533453693771E-16,-1.,4.04506029492107E-15));
#2285=DIRECTION('center_axis',(-1.11022302462515E-15,2.43523690921459E-15,
1.));
#2286=DIRECTION('ref_axis',(1.,-1.66533453693767E-16,1.11022302462515E-15));
#2287=DIRECTION('',(-0.666402834856225,-0.745591886822535,-2.39377912922801E-14));
#2288=DIRECTION('',(1.,2.46519032881565E-30,1.11022302462515E-15));
#2289=DIRECTION('',(-1.,1.66533453693767E-16,-1.11022302462515E-15));
#2290=DIRECTION('center_axis',(-2.84052083946938E-14,-6.71745492660714E-15,
1.));
#2291=DIRECTION('ref_axis',(-1.,-2.15105711021095E-15,-2.73310964937649E-14));
#2292=DIRECTION('center_axis',(-1.11022302462515E-15,2.43523690921459E-15,
1.));
#2293=DIRECTION('ref_axis',(1.,-1.66533453693767E-16,1.11022302462515E-15));
#2294=DIRECTION('',(-0.666402834856228,0.745591886822532,-1.39208315055315E-14));
#2295=DIRECTION('center_axis',(-2.84052083946938E-14,-6.71745492660714E-15,
1.));
#2296=DIRECTION('ref_axis',(-1.,-2.15105711021095E-15,-2.73310964937649E-14));
#2297=DIRECTION('',(-1.,1.66533453693767E-16,-1.11022302462515E-15));
#2298=DIRECTION('',(1.,2.46519032881565E-30,1.11022302462515E-15));
#2299=DIRECTION('center_axis',(-1.11022302462516E-15,1.21399158212691E-15,
1.));
#2300=DIRECTION('ref_axis',(1.,-1.66533453693768E-16,1.11022302462516E-15));
#2301=DIRECTION('',(1.,-1.66533453693768E-16,1.11022302462516E-15));
#2302=DIRECTION('',(-1.,1.66533453693768E-16,-1.11022302462516E-15));
#2303=DIRECTION('center_axis',(2.84052083946938E-14,6.71745492660714E-15,
-1.));
#2304=DIRECTION('ref_axis',(-1.,1.66533453693734E-16,-2.84052083946938E-14));
#2305=DIRECTION('',(-0.666402834856228,0.745591886822532,-1.39208315055315E-14));
#2306=DIRECTION('',(-1.,-6.30722327581295E-29,-2.84052083946938E-14));
#2307=DIRECTION('',(-1.,1.66533453693678E-16,-2.84052083946938E-14));
#2308=DIRECTION('center_axis',(-2.84052083946938E-14,-6.71745492660714E-15,
1.));
#2309=DIRECTION('ref_axis',(-1.,-2.15105711021095E-15,-2.73310964937649E-14));
#2310=DIRECTION('center_axis',(2.84052083946938E-14,6.71745492660714E-15,
-1.));
#2311=DIRECTION('ref_axis',(-1.,1.66533453693734E-16,-2.84052083946938E-14));
#2312=DIRECTION('',(-0.666402834856225,-0.745591886822535,-2.39377912922801E-14));
#2313=DIRECTION('center_axis',(-2.84052083946938E-14,-6.71745492660714E-15,
1.));
#2314=DIRECTION('ref_axis',(-1.,-2.15105711021095E-15,-2.73310964937649E-14));
#2315=DIRECTION('',(-1.,1.66533453693678E-16,-2.84052083946938E-14));
#2316=DIRECTION('',(-1.,-6.30722327581295E-29,-2.84052083946938E-14));
#2317=DIRECTION('center_axis',(1.66533453693713E-16,1.,-1.21399158212691E-15));
#2318=DIRECTION('ref_axis',(1.,-1.66533453693678E-16,2.84052083946938E-14));
#2319=DIRECTION('',(-1.,1.66533453693768E-16,-1.11022302462516E-15));
#2320=DIRECTION('',(1.,-1.66533453693733E-16,2.84052083946938E-14));
#2321=DIRECTION('',(-1.,1.66533453693678E-16,-2.84052083946938E-14));
#2322=DIRECTION('center_axis',(1.11022302462516E-15,-1.21399158212691E-15,
-1.));
#2323=DIRECTION('ref_axis',(-1.,1.66533453693768E-16,-1.11022302462516E-15));
#2324=DIRECTION('',(1.,2.46519032881566E-30,1.11022302462516E-15));
#2325=DIRECTION('center_axis',(-2.79366726890756E-14,-9.03620231392803E-15,
1.));
#2326=DIRECTION('ref_axis',(-2.85553851003922E-15,1.,9.03620231392795E-15));
#2327=DIRECTION('center_axis',(-2.84052083946938E-14,-6.71745492660714E-15,
1.));
#2328=DIRECTION('ref_axis',(-1.,-2.15105711021095E-15,-2.73310964937649E-14));
#2329=DIRECTION('',(-2.79366726890756E-14,-9.03620231392803E-15,1.));
#2330=DIRECTION('center_axis',(-2.84052083946938E-14,-6.71745492660714E-15,
1.));
#2331=DIRECTION('ref_axis',(-1.,-2.15105711021095E-15,-2.73310964937649E-14));
#2332=DIRECTION('',(-2.79366726890756E-14,-9.03620231392803E-15,1.));
#2333=DIRECTION('center_axis',(0.745591886822532,0.666402834856228,2.68511073401274E-14));
#2334=DIRECTION('ref_axis',(-0.666402834856228,0.745591886822532,-1.39208315055315E-14));
#2335=DIRECTION('',(-3.79977563902013E-14,2.22044604925031E-15,1.));
#2336=DIRECTION('center_axis',(2.1510571102112E-15,-1.,-9.03620231392797E-15));
#2337=DIRECTION('ref_axis',(1.,2.15105711021094E-15,2.84052083946938E-14));
#2338=DIRECTION('',(1.,2.22044604925061E-16,-5.25486924121807E-46));
#2339=DIRECTION('center_axis',(-0.745591886822535,0.666402834856225,-1.48076056634554E-14));
#2340=DIRECTION('ref_axis',(-0.666402834856225,-0.745591886822535,-2.39377912922801E-14));
#2341=DIRECTION('',(1.78755889879499E-14,-2.22044604925031E-15,-1.));
#2342=DIRECTION('center_axis',(2.84052083946938E-14,6.71745492660714E-15,
-1.));
#2343=DIRECTION('ref_axis',(-1.,-2.15105711021094E-15,-2.84052083946938E-14));
#2344=DIRECTION('center_axis',(2.84052083946938E-14,6.71745492660714E-15,
-1.));
#2345=DIRECTION('ref_axis',(-1.,-2.15105711021094E-15,-2.84052083946938E-14));
#2346=DIRECTION('center_axis',(0.,1.,-2.22044604925031E-15));
#2347=DIRECTION('ref_axis',(0.,2.22044604925031E-15,1.));
#2348=DIRECTION('center_axis',(0.,1.,-2.22044604925031E-15));
#2349=DIRECTION('ref_axis',(0.,2.22044604925031E-15,1.));
#2350=DIRECTION('center_axis',(1.,-1.66533453693771E-16,1.75576210201315E-15));
#2351=DIRECTION('ref_axis',(1.75576210201315E-15,-1.21399158212692E-15,
-1.));
#2352=DIRECTION('',(1.6653345369376E-16,1.,6.71745492660714E-15));
#2353=DIRECTION('',(1.75576210201315E-15,-2.22044604925031E-15,-1.));
#2354=DIRECTION('',(1.66533453693776E-16,1.,-2.4352369092146E-15));
#2355=DIRECTION('',(1.75576210201315E-15,-1.82461424567076E-15,-1.));
#2356=DIRECTION('center_axis',(1.,-1.66533453693772E-16,1.75576210201315E-15));
#2357=DIRECTION('ref_axis',(1.75576210201315E-15,-1.21399158212692E-15,
-1.));
#2358=DIRECTION('',(-1.66533453693774E-16,-1.,1.82461424567076E-15));
#2359=DIRECTION('',(-1.75576210201315E-15,2.22044604925031E-15,1.));
#2360=DIRECTION('',(1.66533453693778E-16,1.,-4.04506029492108E-15));
#2361=DIRECTION('',(-1.75576210201315E-15,1.82461424567076E-15,1.));
#2362=DIRECTION('center_axis',(-1.,1.66533453693771E-16,-1.75576210201315E-15));
#2363=DIRECTION('ref_axis',(-1.75576210201315E-15,1.82461424567076E-15,
1.));
#2364=DIRECTION('',(-1.6653345369376E-16,-1.,-6.71745492660714E-15));
#2365=DIRECTION('',(-1.75576210201315E-15,1.82461424567076E-15,1.));
#2366=DIRECTION('',(-1.66533453693776E-16,-1.,2.4352369092146E-15));
#2367=DIRECTION('',(-1.75576210201315E-15,2.22044604925031E-15,1.));
#2368=DIRECTION('center_axis',(-1.,1.66533453693772E-16,-1.75576210201315E-15));
#2369=DIRECTION('ref_axis',(-1.75576210201315E-15,1.21399158212692E-15,
1.));
#2370=DIRECTION('',(1.75576210201315E-15,-2.22044604925031E-15,-1.));
#2371=DIRECTION('',(1.66533453693774E-16,1.,-1.82461424567076E-15));
#2372=DIRECTION('',(1.75576210201315E-15,-1.82461424567076E-15,-1.));
#2373=DIRECTION('',(-1.66533453693778E-16,-1.,4.04506029492108E-15));
#2374=DIRECTION('center_axis',(-1.75576210201315E-15,2.4352369092146E-15,
1.));
#2375=DIRECTION('ref_axis',(1.,-1.66533453693771E-16,1.75576210201315E-15));
#2376=DIRECTION('',(-0.666402834856225,-0.745591886822535,-2.43679803634619E-14));
#2377=DIRECTION('',(1.,3.89857502283851E-30,1.75576210201315E-15));
#2378=DIRECTION('',(-1.,1.66533453693771E-16,-1.75576210201315E-15));
#2379=DIRECTION('center_axis',(-2.90507474720818E-14,-6.71745492660713E-15,
1.));
#2380=DIRECTION('ref_axis',(-1.,-2.15105711021094E-15,-2.79766355711529E-14));
#2381=DIRECTION('center_axis',(-1.75576210201315E-15,2.4352369092146E-15,
1.));
#2382=DIRECTION('ref_axis',(1.,-1.66533453693771E-16,1.75576210201315E-15));
#2383=DIRECTION('',(-0.666402834856228,0.745591886822532,-1.43510205767134E-14));
#2384=DIRECTION('center_axis',(-2.90507474720818E-14,-6.71745492660713E-15,
1.));
#2385=DIRECTION('ref_axis',(-1.,-2.15105711021094E-15,-2.79766355711529E-14));
#2386=DIRECTION('',(-1.,1.66533453693771E-16,-1.75576210201315E-15));
#2387=DIRECTION('',(1.,3.89857502283851E-30,1.75576210201315E-15));
#2388=DIRECTION('center_axis',(-1.75576210201315E-15,1.21399158212692E-15,
1.));
#2389=DIRECTION('ref_axis',(1.,-1.66533453693772E-16,1.75576210201315E-15));
#2390=DIRECTION('',(1.,-1.66533453693772E-16,1.75576210201315E-15));
#2391=DIRECTION('',(-1.,-3.89857502283852E-30,-1.75576210201315E-15));
#2392=DIRECTION('center_axis',(2.90507474720818E-14,6.71745492660713E-15,
-1.));
#2393=DIRECTION('ref_axis',(-1.,1.66533453693739E-16,-2.90507474720818E-14));
#2394=DIRECTION('',(-0.666402834856228,0.745591886822532,-1.43510205767134E-14));
#2395=DIRECTION('',(-1.,-6.45056174521524E-29,-2.90507474720818E-14));
#2396=DIRECTION('',(-1.,1.66533453693683E-16,-2.90507474720818E-14));
#2397=DIRECTION('center_axis',(-2.90507474720818E-14,-6.71745492660713E-15,
1.));
#2398=DIRECTION('ref_axis',(-1.,-2.15105711021094E-15,-2.79766355711529E-14));
#2399=DIRECTION('center_axis',(2.90507474720818E-14,6.71745492660713E-15,
-1.));
#2400=DIRECTION('ref_axis',(-1.,1.66533453693739E-16,-2.90507474720818E-14));
#2401=DIRECTION('',(-0.666402834856225,-0.745591886822535,-2.43679803634619E-14));
#2402=DIRECTION('center_axis',(-2.90507474720818E-14,-6.71745492660713E-15,
1.));
#2403=DIRECTION('ref_axis',(-1.,-2.15105711021094E-15,-2.79766355711529E-14));
#2404=DIRECTION('',(-1.,1.66533453693683E-16,-2.90507474720818E-14));
#2405=DIRECTION('',(-1.,-6.45056174521524E-29,-2.90507474720818E-14));
#2406=DIRECTION('center_axis',(1.66533453693718E-16,1.,-1.21399158212692E-15));
#2407=DIRECTION('ref_axis',(1.,-1.66533453693683E-16,2.90507474720818E-14));
#2408=DIRECTION('',(-1.,1.66533453693772E-16,-1.75576210201315E-15));
#2409=DIRECTION('',(1.,-1.66533453693738E-16,2.90507474720818E-14));
#2410=DIRECTION('',(-1.,1.66533453693683E-16,-2.90507474720818E-14));
#2411=DIRECTION('center_axis',(1.75576210201315E-15,-1.21399158212692E-15,
-1.));
#2412=DIRECTION('ref_axis',(-1.,1.66533453693772E-16,-1.75576210201315E-15));
#2413=DIRECTION('',(1.,3.89857502283852E-30,1.75576210201315E-15));
#2414=DIRECTION('center_axis',(-2.85822117664635E-14,-9.03620231392802E-15,
1.));
#2415=DIRECTION('ref_axis',(-3.74371692973934E-15,1.,9.03620231392791E-15));
#2416=DIRECTION('center_axis',(-2.90507474720818E-14,-6.71745492660713E-15,
1.));
#2417=DIRECTION('ref_axis',(-1.,-2.15105711021094E-15,-2.79766355711529E-14));
#2418=DIRECTION('',(-2.85822117664635E-14,-9.03620231392802E-15,1.));
#2419=DIRECTION('center_axis',(-2.90507474720818E-14,-6.71745492660713E-15,
1.));
#2420=DIRECTION('ref_axis',(-1.,-2.15105711021094E-15,-2.79766355711529E-14));
#2421=DIRECTION('',(-2.85822117664635E-14,-9.03620231392802E-15,1.));
#2422=DIRECTION('center_axis',(0.745591886822532,0.666402834856228,2.73324160388548E-14));
#2423=DIRECTION('ref_axis',(-0.666402834856228,0.745591886822532,-1.43510205767134E-14));
#2424=DIRECTION('',(-3.86432954675893E-14,2.22044604925031E-15,1.));
#2425=DIRECTION('center_axis',(-0.745591886822535,0.666402834856225,-1.52889143621828E-14));
#2426=DIRECTION('ref_axis',(-0.666402834856225,-0.745591886822535,-2.43679803634619E-14));
#2427=DIRECTION('',(1.85211280653379E-14,-2.22044604925031E-15,-1.));
#2428=DIRECTION('center_axis',(2.90507474720818E-14,6.71745492660713E-15,
-1.));
#2429=DIRECTION('ref_axis',(-1.,-2.15105711021093E-15,-2.90507474720818E-14));
#2430=DIRECTION('center_axis',(2.90507474720818E-14,6.71745492660713E-15,
-1.));
#2431=DIRECTION('ref_axis',(-1.,-2.15105711021093E-15,-2.90507474720818E-14));
#2432=DIRECTION('center_axis',(0.,1.,-2.22044604925031E-15));
#2433=DIRECTION('ref_axis',(0.,2.22044604925031E-15,1.));
#2434=DIRECTION('center_axis',(0.,1.,-2.22044604925031E-15));
#2435=DIRECTION('ref_axis',(0.,2.22044604925031E-15,1.));
#2436=DIRECTION('center_axis',(1.,2.77555756156289E-16,1.08800609890572E-15));
#2437=DIRECTION('ref_axis',(1.08800609890572E-15,-1.21399158212692E-15,
-1.));
#2438=DIRECTION('',(-2.77555756156296E-16,1.,6.71745492660714E-15));
#2439=DIRECTION('',(1.08800609890572E-15,-2.22044604925031E-15,-1.));
#2440=DIRECTION('',(-2.77555756156286E-16,1.,-2.43523690921459E-15));
#2441=DIRECTION('',(1.08800609890572E-15,-1.82461424567076E-15,-1.));
#2442=DIRECTION('center_axis',(1.,2.77555756156288E-16,1.08800609890572E-15));
#2443=DIRECTION('ref_axis',(1.08800609890572E-15,-1.21399158212692E-15,
-1.));
#2444=DIRECTION('',(2.77555756156287E-16,-1.,1.82461424567076E-15));
#2445=DIRECTION('',(-1.08800609890572E-15,2.22044604925031E-15,1.));
#2446=DIRECTION('',(-2.77555756156284E-16,1.,-4.04506029492108E-15));
#2447=DIRECTION('',(-1.08800609890572E-15,1.82461424567076E-15,1.));
#2448=DIRECTION('center_axis',(-1.,-2.77555756156289E-16,-1.08800609890572E-15));
#2449=DIRECTION('ref_axis',(-1.08800609890572E-15,1.82461424567076E-15,
1.));
#2450=DIRECTION('',(2.77555756156296E-16,-1.,-6.71745492660714E-15));
#2451=DIRECTION('',(-1.08800609890572E-15,1.82461424567076E-15,1.));
#2452=DIRECTION('',(2.77555756156286E-16,-1.,2.43523690921459E-15));
#2453=DIRECTION('',(-1.08800609890572E-15,2.22044604925031E-15,1.));
#2454=DIRECTION('center_axis',(-1.,-2.77555756156288E-16,-1.08800609890572E-15));
#2455=DIRECTION('ref_axis',(-1.08800609890572E-15,1.21399158212692E-15,
1.));
#2456=DIRECTION('',(1.08800609890572E-15,-2.22044604925031E-15,-1.));
#2457=DIRECTION('',(-2.77555756156287E-16,1.,-1.82461424567076E-15));
#2458=DIRECTION('',(1.08800609890572E-15,-1.82461424567076E-15,-1.));
#2459=DIRECTION('',(2.77555756156285E-16,-1.,4.04506029492108E-15));
#2460=DIRECTION('center_axis',(-1.08800609890572E-15,2.43523690921459E-15,
1.));
#2461=DIRECTION('ref_axis',(1.,2.77555756156289E-16,1.08800609890572E-15));
#2462=DIRECTION('',(-0.666402834856224,-0.745591886822535,-2.39229858699989E-14));
#2463=DIRECTION('',(1.,2.41585884387545E-30,1.08800609890572E-15));
#2464=DIRECTION('',(-1.,-2.77555756156289E-16,-1.08800609890572E-15));
#2465=DIRECTION('center_axis',(-2.83829914689743E-14,-6.71745492660715E-15,
1.));
#2466=DIRECTION('ref_axis',(-1.,-2.595146320061E-15,-2.73088795680455E-14));
#2467=DIRECTION('center_axis',(-1.08800609890572E-15,2.43523690921459E-15,
1.));
#2468=DIRECTION('ref_axis',(1.,2.77555756156289E-16,1.08800609890572E-15));
#2469=DIRECTION('',(-0.666402834856229,0.745591886822531,-1.39060260832503E-14));
#2470=DIRECTION('center_axis',(-2.83829914689743E-14,-6.71745492660715E-15,
1.));
#2471=DIRECTION('ref_axis',(-1.,-2.595146320061E-15,-2.73088795680455E-14));
#2472=DIRECTION('',(-1.,-2.77555756156289E-16,-1.08800609890572E-15));
#2473=DIRECTION('',(1.,2.41585884387545E-30,1.08800609890572E-15));
#2474=DIRECTION('center_axis',(-1.08800609890572E-15,1.21399158212692E-15,
1.));
#2475=DIRECTION('ref_axis',(1.,2.77555756156288E-16,1.08800609890572E-15));
#2476=DIRECTION('',(1.,2.77555756156288E-16,1.08800609890572E-15));
#2477=DIRECTION('',(-1.,-2.41585884387545E-30,-1.08800609890572E-15));
#2478=DIRECTION('center_axis',(2.83829914689743E-14,6.71745492660715E-15,
-1.));
#2479=DIRECTION('ref_axis',(-1.,-2.77555756156321E-16,-2.83829914689743E-14));
#2480=DIRECTION('',(-0.666402834856229,0.745591886822531,-1.39060260832503E-14));
#2481=DIRECTION('',(-1.,-6.30229012731893E-29,-2.83829914689743E-14));
#2482=DIRECTION('',(-1.,-2.77555756156377E-16,-2.83829914689743E-14));
#2483=DIRECTION('center_axis',(-2.83829914689743E-14,-6.71745492660715E-15,
1.));
#2484=DIRECTION('ref_axis',(-1.,-2.595146320061E-15,-2.73088795680455E-14));
#2485=DIRECTION('center_axis',(2.83829914689743E-14,6.71745492660715E-15,
-1.));
#2486=DIRECTION('ref_axis',(-1.,-2.77555756156321E-16,-2.83829914689743E-14));
#2487=DIRECTION('',(-0.666402834856224,-0.745591886822535,-2.39229858699989E-14));
#2488=DIRECTION('center_axis',(-2.83829914689743E-14,-6.71745492660715E-15,
1.));
#2489=DIRECTION('ref_axis',(-1.,-2.595146320061E-15,-2.73088795680455E-14));
#2490=DIRECTION('',(-1.,-2.77555756156377E-16,-2.83829914689743E-14));
#2491=DIRECTION('',(-1.,-6.30229012731893E-29,-2.83829914689743E-14));
#2492=DIRECTION('center_axis',(-2.77555756156342E-16,1.,-1.21399158212692E-15));
#2493=DIRECTION('ref_axis',(1.,2.77555756156377E-16,2.83829914689743E-14));
#2494=DIRECTION('',(-1.,-2.77555756156288E-16,-1.08800609890572E-15));
#2495=DIRECTION('',(1.,2.77555756156322E-16,2.83829914689743E-14));
#2496=DIRECTION('',(-1.,-2.77555756156377E-16,-2.83829914689743E-14));
#2497=DIRECTION('center_axis',(1.08800609890572E-15,-1.21399158212692E-15,
-1.));
#2498=DIRECTION('ref_axis',(-1.,-2.77555756156288E-16,-1.08800609890572E-15));
#2499=DIRECTION('',(1.,2.41585884387545E-30,1.08800609890572E-15));
#2500=DIRECTION('center_axis',(-2.79144557633561E-14,-9.03620231392803E-15,
1.));
#2501=DIRECTION('ref_axis',(-5.07598455928952E-15,1.,9.03620231392789E-15));
#2502=DIRECTION('center_axis',(-2.83829914689743E-14,-6.71745492660715E-15,
1.));
#2503=DIRECTION('ref_axis',(-1.,-2.595146320061E-15,-2.73088795680455E-14));
#2504=DIRECTION('',(-2.79144557633561E-14,-9.03620231392803E-15,1.));
#2505=DIRECTION('center_axis',(-2.83829914689743E-14,-6.71745492660715E-15,
1.));
#2506=DIRECTION('ref_axis',(-1.,-2.595146320061E-15,-2.73088795680455E-14));
#2507=DIRECTION('',(-2.79144557633561E-14,-9.03620231392803E-15,1.));
#2508=DIRECTION('center_axis',(0.745591886822531,0.666402834856229,2.68345425805608E-14));
#2509=DIRECTION('ref_axis',(-0.666402834856229,0.745591886822531,-1.39060260832503E-14));
#2510=DIRECTION('',(-3.79755394644819E-14,2.22044604925031E-15,1.));
#2511=DIRECTION('center_axis',(-0.745591886822535,0.666402834856225,-1.47910409038889E-14));
#2512=DIRECTION('ref_axis',(-0.666402834856224,-0.745591886822535,-2.39229858699989E-14));
#2513=DIRECTION('',(1.78533720622305E-14,-2.22044604925031E-15,-1.));
#2514=DIRECTION('center_axis',(2.83829914689743E-14,6.71745492660715E-15,
-1.));
#2515=DIRECTION('ref_axis',(-1.,-2.59514632006099E-15,-2.83829914689743E-14));
#2516=DIRECTION('center_axis',(2.83829914689743E-14,6.71745492660715E-15,
-1.));
#2517=DIRECTION('ref_axis',(-1.,-2.59514632006099E-15,-2.83829914689743E-14));
#2518=DIRECTION('center_axis',(0.,1.,-2.22044604925031E-15));
#2519=DIRECTION('ref_axis',(0.,2.22044604925031E-15,1.));
#2520=DIRECTION('center_axis',(0.,1.,-2.22044604925031E-15));
#2521=DIRECTION('ref_axis',(0.,2.22044604925031E-15,1.));
#2522=DIRECTION('center_axis',(-4.43734259186819E-31,1.70180245342859E-15,
-1.));
#2523=DIRECTION('ref_axis',(1.,1.2941044330567E-14,2.1570415377137E-29));
#2524=DIRECTION('',(-1.,9.85287982728386E-46,4.43734259186819E-31));
#2525=DIRECTION('',(1.47111434939784E-15,1.,1.70180245342859E-15));
#2526=DIRECTION('',(1.,1.2941044330567E-14,2.1570415377137E-29));
#2527=DIRECTION('',(1.47111434939784E-15,1.,1.70180245342859E-15));
#2528=DIRECTION('center_axis',(1.,-1.47111434939784E-15,-2.83496887813801E-30));
#2529=DIRECTION('ref_axis',(1.97215226305253E-31,-1.80195611070156E-15,
1.));
#2530=DIRECTION('',(-6.10149892325388E-30,-2.22044604925031E-15,-1.));
#2531=DIRECTION('',(1.47111434939784E-15,1.,1.70180245342859E-15));
#2532=DIRECTION('',(1.97215226305253E-31,-1.80195611070156E-15,1.));
#2533=DIRECTION('center_axis',(-4.43734259186819E-31,1.70180245342859E-15,
-1.));
#2534=DIRECTION('ref_axis',(1.,1.2941044330567E-14,2.1570415377137E-29));
#2535=DIRECTION('',(1.,-9.85287982728386E-46,-4.43734259186819E-31));
#2536=DIRECTION('',(-1.47111434939784E-15,-1.,-1.70180245342859E-15));
#2537=DIRECTION('',(-1.,-1.2941044330567E-14,-2.1570415377137E-29));
#2538=DIRECTION('',(-1.47111434939784E-15,-1.,-1.70180245342859E-15));
#2539=DIRECTION('center_axis',(-1.,1.47111434939784E-15,2.83496887813801E-30));
#2540=DIRECTION('ref_axis',(-1.97215226305253E-31,1.80195611070156E-15,
-1.));
#2541=DIRECTION('',(-6.10149892325388E-30,-2.22044604925031E-15,-1.));
#2542=DIRECTION('',(-1.47111434939784E-15,-1.,-1.70180245342859E-15));
#2543=DIRECTION('',(1.97215226305253E-31,-1.80195611070156E-15,1.));
#2544=DIRECTION('center_axis',(4.43734259186819E-31,-1.70180245342859E-15,
1.));
#2545=DIRECTION('ref_axis',(-1.,-1.2941044330567E-14,-2.1570415377137E-29));
#2546=DIRECTION('',(1.,-9.85287982728386E-46,-4.43734259186819E-31));
#2547=DIRECTION('',(-1.47111434939784E-15,-1.,-1.70180245342859E-15));
#2548=DIRECTION('',(-1.,-1.2941044330567E-14,-2.1570415377137E-29));
#2549=DIRECTION('center_axis',(-1.,1.47111434939784E-15,2.83496887813801E-30));
#2550=DIRECTION('ref_axis',(-1.97215226305253E-31,1.80195611070156E-15,
-1.));
#2551=DIRECTION('',(6.10149892325388E-30,2.22044604925031E-15,1.));
#2552=DIRECTION('',(-1.97215226305253E-31,1.80195611070156E-15,-1.));
#2553=DIRECTION('center_axis',(4.43734259186819E-31,-1.70180245342859E-15,
1.));
#2554=DIRECTION('ref_axis',(-1.,-1.2941044330567E-14,-2.1570415377137E-29));
#2555=DIRECTION('',(-1.,9.85287982728386E-46,4.43734259186819E-31));
#2556=DIRECTION('',(-1.47111434939784E-15,-1.,-1.70180245342859E-15));
#2557=DIRECTION('',(1.,1.2941044330567E-14,2.1570415377137E-29));
#2558=DIRECTION('center_axis',(1.,-1.47111434939784E-15,-2.83496887813801E-30));
#2559=DIRECTION('ref_axis',(1.97215226305253E-31,-1.80195611070156E-15,
1.));
#2560=DIRECTION('',(6.10149892325388E-30,2.22044604925031E-15,1.));
#2561=DIRECTION('',(-1.97215226305253E-31,1.80195611070156E-15,-1.));
#2562=DIRECTION('center_axis',(1.2941044330567E-14,-1.,-1.80195611070156E-15));
#2563=DIRECTION('ref_axis',(1.72604985859688E-16,1.80195611070157E-15,-1.));
#2564=DIRECTION('center_axis',(0.,1.,-2.22044604925031E-15));
#2565=DIRECTION('ref_axis',(0.,2.22044604925031E-15,1.));
#2566=DIRECTION('',(1.,2.22044604925061E-16,-5.25486924121807E-46));
#2567=DIRECTION('',(3.07788648960196E-31,-1.38615684476583E-15,-1.));
#2568=DIRECTION('',(-1.,-2.22044604925061E-16,5.25486924121807E-46));
#2569=DIRECTION('',(-3.07788648960196E-31,1.38615684476583E-15,1.));
#2570=DIRECTION('',(1.,2.22044604925061E-16,-5.25486924121807E-46));
#2571=DIRECTION('',(1.,-2.17033447320102E-44,-9.77431752477746E-30));
#2572=DIRECTION('',(1.31685329328709E-58,2.22044604925031E-15,1.));
#2573=DIRECTION('',(-1.,2.17033447320102E-44,9.77431752477746E-30));
#2574=DIRECTION('',(-1.31685329328709E-58,-2.22044604925031E-15,-1.));
#2575=DIRECTION('',(1.,-7.88230386182709E-44,-3.54987407349455E-29));
#2576=DIRECTION('',(4.69866116501589E-15,2.22044604925031E-15,1.));
#2577=DIRECTION('',(-1.,1.04331236206255E-29,4.69866116501592E-15));
#2578=DIRECTION('',(-4.69866116501589E-15,-2.22044604925031E-15,-1.));
#2579=DIRECTION('',(1.,-1.06800832138158E-29,-4.8098818782027E-15));
#2580=DIRECTION('',(4.69866116501589E-15,2.22044604925031E-15,1.));
#2581=DIRECTION('',(-1.,7.88230386182709E-44,3.54987407349455E-29));
#2582=DIRECTION('',(-4.69866116501589E-15,-2.22044604925031E-15,-1.));
#2583=DIRECTION('',(-1.,1.06800832138158E-29,4.8098818782027E-15));
#2584=DIRECTION('',(4.69866116501589E-15,2.22044604925031E-15,1.));
#2585=DIRECTION('',(1.,-1.04331236206255E-29,-4.69866116501592E-15));
#2586=DIRECTION('',(-4.69866116501589E-15,-2.22044604925031E-15,-1.));
#2587=DIRECTION('center_axis',(-3.54987407349455E-29,1.62486669190183E-15,
-1.));
#2588=DIRECTION('ref_axis',(-1.,-4.44089209850209E-16,3.47098798297245E-29));
#2589=DIRECTION('',(-6.60506678458665E-15,1.,1.62486669190183E-15));
#2590=DIRECTION('',(6.60506678458665E-15,-1.,-1.62486669190183E-15));
#2591=DIRECTION('',(1.,2.14126663755247E-14,0.));
#2592=DIRECTION('center_axis',(3.54987407349455E-29,-1.62486669190183E-15,
1.));
#2593=DIRECTION('ref_axis',(1.,4.44089209850209E-16,-3.47098798297245E-29));
#2594=DIRECTION('',(6.60506678458665E-15,-1.,-1.62486669190183E-15));
#2595=DIRECTION('',(-1.,-2.14126663755247E-14,0.));
#2596=DIRECTION('',(-6.60506678458665E-15,1.,1.62486669190183E-15));
#2597=DIRECTION('center_axis',(1.,6.60506678458666E-15,-4.6986611650159E-15));
#2598=DIRECTION('ref_axis',(4.69866116501592E-15,-3.29072763921251E-15,
1.));
#2599=DIRECTION('',(4.69866116501592E-15,-3.29072763921251E-15,1.));
#2600=DIRECTION('',(-6.60506678458665E-15,1.,3.30702278981828E-15));
#2601=DIRECTION('center_axis',(1.,6.60506678458666E-15,-4.6986611650159E-15));
#2602=DIRECTION('ref_axis',(4.69866116501592E-15,-3.29072763921251E-15,
1.));
#2603=DIRECTION('',(-6.60506678458665E-15,1.,3.30702278981828E-15));
#2604=DIRECTION('',(4.69866116501592E-15,-3.29072763921251E-15,1.));
#2605=DIRECTION('center_axis',(1.,6.60506678458666E-15,-4.6986611650159E-15));
#2606=DIRECTION('ref_axis',(4.69866116501592E-15,-3.29072763921251E-15,
1.));
#2607=DIRECTION('',(-6.60506678458665E-15,1.,3.30702278981828E-15));
#2608=DIRECTION('',(-4.69866116501592E-15,3.29072763921251E-15,-1.));
#2609=DIRECTION('center_axis',(-4.8098818782027E-15,3.30702278981825E-15,
-1.));
#2610=DIRECTION('ref_axis',(1.,2.14126663755247E-14,-4.80988187820263E-15));
#2611=DIRECTION('',(1.,2.14126663755247E-14,-4.80988187820263E-15));
#2612=DIRECTION('',(-6.60506678458665E-15,1.,3.30702278981828E-15));
#2613=DIRECTION('center_axis',(-4.8098818782027E-15,3.30702278981825E-15,
-1.));
#2614=DIRECTION('ref_axis',(1.,2.14126663755247E-14,-4.80988187820263E-15));
#2615=DIRECTION('',(-6.60506678458665E-15,1.,3.30702278981828E-15));
#2616=DIRECTION('',(-1.,-2.14126663755247E-14,4.80988187820263E-15));
#2617=DIRECTION('center_axis',(-1.,-6.60506678458666E-15,4.6986611650159E-15));
#2618=DIRECTION('ref_axis',(-4.69866116501592E-15,3.29072763921251E-15,
-1.));
#2619=DIRECTION('',(6.60506678458665E-15,-1.,-3.30702278981828E-15));
#2620=DIRECTION('',(4.69866116501592E-15,-3.29072763921251E-15,1.));
#2621=DIRECTION('center_axis',(4.69866116501592E-15,-3.30702278981825E-15,
1.));
#2622=DIRECTION('ref_axis',(-1.,-2.14126663755247E-14,4.69866116501585E-15));
#2623=DIRECTION('',(6.60506678458665E-15,-1.,-3.30702278981828E-15));
#2624=DIRECTION('',(-1.,-2.14126663755247E-14,4.69866116501585E-15));
#2625=DIRECTION('center_axis',(-1.,-6.60506678458666E-15,4.6986611650159E-15));
#2626=DIRECTION('ref_axis',(-4.69866116501592E-15,3.29072763921251E-15,
-1.));
#2627=DIRECTION('',(-4.69866116501592E-15,3.29072763921251E-15,-1.));
#2628=DIRECTION('center_axis',(4.69866116501592E-15,-3.30702278981825E-15,
1.));
#2629=DIRECTION('ref_axis',(-1.,-2.14126663755247E-14,4.69866116501585E-15));
#2630=DIRECTION('',(-6.60506678458665E-15,1.,3.30702278981828E-15));
#2631=DIRECTION('',(1.,2.14126663755247E-14,-4.69866116501585E-15));
#2632=DIRECTION('center_axis',(1.,6.60506678458666E-15,-4.6986611650159E-15));
#2633=DIRECTION('ref_axis',(4.69866116501592E-15,-3.29072763921251E-15,
1.));
#2634=DIRECTION('',(-4.69866116501592E-15,3.29072763921251E-15,-1.));
#2635=DIRECTION('center_axis',(2.14126663755247E-14,-1.,-3.29072763921261E-15));
#2636=DIRECTION('ref_axis',(-4.69866116501592E-15,3.29072763921251E-15,
-1.));
#2637=DIRECTION('center_axis',(-9.77431752477746E-30,1.61486985400155E-15,
-1.));
#2638=DIRECTION('ref_axis',(1.,2.11844386417051E-14,2.44357938116577E-29));
#2639=DIRECTION('',(-1.,2.17033447320102E-44,9.77431752477746E-30));
#2640=DIRECTION('',(0.,1.,1.61486985400155E-15));
#2641=DIRECTION('',(1.,2.11844386417051E-14,2.44357938116577E-29));
#2642=DIRECTION('',(0.,1.,1.61486985400155E-15));
#2643=DIRECTION('center_axis',(1.,2.12654668547199E-73,-1.31685329328709E-58));
#2644=DIRECTION('ref_axis',(1.31685329328709E-58,9.67101296706313E-16,1.));
#2645=DIRECTION('',(-1.31685329328709E-58,-2.22044604925031E-15,-1.));
#2646=DIRECTION('',(0.,1.,1.61486985400155E-15));
#2647=DIRECTION('',(1.31685329328709E-58,9.67101296706313E-16,1.));
#2648=DIRECTION('center_axis',(-9.77431752477746E-30,1.61486985400155E-15,
-1.));
#2649=DIRECTION('ref_axis',(1.,2.11844386417051E-14,2.44357938116577E-29));
#2650=DIRECTION('',(0.,1.,1.61486985400155E-15));
#2651=DIRECTION('',(-1.,-2.11844386417051E-14,-2.44357938116577E-29));
#2652=DIRECTION('',(0.,1.,1.61486985400155E-15));
#2653=DIRECTION('center_axis',(-1.,-2.12654668547199E-73,1.31685329328709E-58));
#2654=DIRECTION('ref_axis',(-1.31685329328709E-58,-9.67101296706313E-16,
-1.));
#2655=DIRECTION('',(0.,-1.,-1.61486985400155E-15));
#2656=DIRECTION('',(1.31685329328709E-58,9.67101296706313E-16,1.));
#2657=DIRECTION('center_axis',(9.77431752477746E-30,-1.61486985400155E-15,
1.));
#2658=DIRECTION('ref_axis',(-1.,-2.11844386417051E-14,-2.44357938116577E-29));
#2659=DIRECTION('',(1.,-2.17033447320102E-44,-9.77431752477746E-30));
#2660=DIRECTION('',(0.,-1.,-1.61486985400155E-15));
#2661=DIRECTION('',(-1.,-2.11844386417051E-14,-2.44357938116577E-29));
#2662=DIRECTION('center_axis',(-1.,-2.12654668547199E-73,1.31685329328709E-58));
#2663=DIRECTION('ref_axis',(-1.31685329328709E-58,-9.67101296706313E-16,
-1.));
#2664=DIRECTION('',(1.31685329328709E-58,2.22044604925031E-15,1.));
#2665=DIRECTION('',(-1.31685329328709E-58,-9.67101296706313E-16,-1.));
#2666=DIRECTION('center_axis',(9.77431752477746E-30,-1.61486985400155E-15,
1.));
#2667=DIRECTION('ref_axis',(-1.,-2.11844386417051E-14,-2.44357938116577E-29));
#2668=DIRECTION('',(0.,1.,1.61486985400155E-15));
#2669=DIRECTION('',(1.,2.11844386417051E-14,2.44357938116577E-29));
#2670=DIRECTION('center_axis',(1.,2.12654668547199E-73,-1.31685329328709E-58));
#2671=DIRECTION('ref_axis',(1.31685329328709E-58,9.67101296706313E-16,1.));
#2672=DIRECTION('',(-1.31685329328709E-58,-9.67101296706313E-16,-1.));
#2673=DIRECTION('center_axis',(2.11844386417051E-14,-1.,9.67101296706313E-16));
#2674=DIRECTION('ref_axis',(0.,-9.67101296706313E-16,-1.));
#2675=DIRECTION('center_axis',(0.,1.,-2.22044604925031E-15));
#2676=DIRECTION('ref_axis',(0.,2.22044604925031E-15,1.));
#2677=DIRECTION('center_axis',(1.,6.83428089587757E-46,3.07788648960196E-31));
#2678=DIRECTION('ref_axis',(3.07788648960196E-31,-1.38615684476583E-15,
-1.));
#2679=DIRECTION('',(3.07788648960196E-31,-1.38615684476583E-15,-1.));
#2680=DIRECTION('',(0.,1.,-2.22044604925031E-15));
#2681=DIRECTION('',(0.,1.,-2.22044604925031E-15));
#2682=DIRECTION('center_axis',(-4.93038065763196E-31,2.22044604925031E-15,
1.));
#2683=DIRECTION('ref_axis',(1.,2.22044604925061E-16,-5.25486924121807E-46));
#2684=DIRECTION('',(1.,2.22044604925061E-16,-5.25486924121807E-46));
#2685=DIRECTION('',(0.,1.,-2.22044604925031E-15));
#2686=DIRECTION('center_axis',(-1.,-6.83428089587757E-46,-3.07788648960196E-31));
#2687=DIRECTION('ref_axis',(-3.07788648960196E-31,1.38615684476583E-15,
1.));
#2688=DIRECTION('',(-3.07788648960196E-31,1.38615684476583E-15,1.));
#2689=DIRECTION('',(0.,1.,-2.22044604925031E-15));
#2690=DIRECTION('center_axis',(4.93038065763196E-31,-2.22044604925031E-15,
-1.));
#2691=DIRECTION('ref_axis',(-1.,-2.22044604925061E-16,5.25486924121807E-46));
#2692=DIRECTION('',(-1.,-2.22044604925061E-16,5.25486924121807E-46));
#2693=DIRECTION('center_axis',(2.22044604925061E-16,-1.,1.38615684476583E-15));
#2694=DIRECTION('ref_axis',(1.,2.22044604925061E-16,-5.25486924121807E-46));
#2695=DIRECTION('center_axis',(0.,1.,-2.22044604925031E-15));
#2696=DIRECTION('ref_axis',(0.,2.22044604925031E-15,1.));
#2697=CARTESIAN_POINT('',(0.,0.,0.));
#2698=CARTESIAN_POINT('Origin',(35.4139947209617,-50.5696100156972,-14.4138478654541));
#2699=CARTESIAN_POINT('',(35.4139947209617,-51.5696100156973,-16.413847865454));
#2700=CARTESIAN_POINT('',(35.4139947209617,-49.5696100156973,-16.413847865454));
#2701=CARTESIAN_POINT('',(35.4139947209617,-50.0696100156973,-16.413847865454));
#2702=CARTESIAN_POINT('',(35.4139947209617,-51.5696100156973,-12.413847865454));
#2703=CARTESIAN_POINT('',(35.4139947209618,-51.5696100156967,-1.79189630378473));
#2704=CARTESIAN_POINT('',(35.4139947209617,-49.5696100156972,-12.413847865454));
#2705=CARTESIAN_POINT('',(35.4139947209617,-51.5696100156973,-12.413847865454));
#2706=CARTESIAN_POINT('',(35.4139947209617,-49.5696100156972,-15.9138478654541));
#2707=CARTESIAN_POINT('Origin',(36.4139947209617,-50.5696100156972,-14.4138478654541));
#2708=CARTESIAN_POINT('',(36.4139947209617,-49.5696100156972,-11.413847865454));
#2709=CARTESIAN_POINT('',(36.4139947209617,-51.5696100156972,-11.413847865454));
#2710=CARTESIAN_POINT('',(36.4139947209617,-50.0696100156972,-11.413847865454));
#2711=CARTESIAN_POINT('',(36.4139947209617,-51.5696100156972,-17.4138478654541));
#2712=CARTESIAN_POINT('',(36.4139947209617,-51.5696100156967,-1.79189630378473));
#2713=CARTESIAN_POINT('',(36.4139947209617,-49.5696100156972,-17.4138478654541));
#2714=CARTESIAN_POINT('',(36.4139947209617,-51.0696100156972,-17.4138478654541));
#2715=CARTESIAN_POINT('',(36.4139947209617,-49.5696100156972,-15.9138478654541));
#2716=CARTESIAN_POINT('Origin',(28.4139947209623,-50.5696100156973,-14.413847865454));
#2717=CARTESIAN_POINT('',(28.4139947209627,-49.5696100156973,-16.4138478654542));
#2718=CARTESIAN_POINT('',(28.4139947209627,-51.5696100156973,-16.4138478654542));
#2719=CARTESIAN_POINT('',(28.4139947209627,-51.0696100156973,-16.4138478654542));
#2720=CARTESIAN_POINT('',(28.4139947209627,-49.5696100156973,-12.413847865454));
#2721=CARTESIAN_POINT('',(28.4139947209623,-49.5696100156973,-17.4138478654541));
#2722=CARTESIAN_POINT('',(28.4139947209627,-51.5696100156973,-12.413847865454));
#2723=CARTESIAN_POINT('',(28.4139947209627,-49.5696100156973,-12.413847865454));
#2724=CARTESIAN_POINT('',(28.4139947209624,-51.5696100156967,-1.7918963037847));
#2725=CARTESIAN_POINT('Origin',(27.4139947209623,-50.5696100156973,-14.413847865454));
#2726=CARTESIAN_POINT('',(27.4139947209624,-51.5696100156973,-11.4138478654539));
#2727=CARTESIAN_POINT('',(27.4139947209623,-51.5696100156973,-17.4138478654541));
#2728=CARTESIAN_POINT('',(27.4139947209624,-51.5696100156967,-1.79189630378469));
#2729=CARTESIAN_POINT('',(27.4139947209623,-49.5696100156973,-11.4138478654539));
#2730=CARTESIAN_POINT('',(27.4139947209623,-49.5696100156973,-11.4138478654539));
#2731=CARTESIAN_POINT('',(27.4139947209623,-49.5696100156973,-17.4138478654541));
#2732=CARTESIAN_POINT('',(27.4139947209623,-49.5696100156973,-17.4138478654541));
#2733=CARTESIAN_POINT('',(27.4139947209623,-51.5696100156973,-17.4138478654541));
#2734=CARTESIAN_POINT('Origin',(31.9139947209622,-50.5696100156973,-12.413847865454));
#2735=CARTESIAN_POINT('',(30.8144300434483,-50.5630609684872,-12.4138478654541));
#2736=CARTESIAN_POINT('',(29.9147862163924,-51.5696100156976,-12.4138478654541));
#2737=CARTESIAN_POINT('',(30.8415034629909,-50.5327703981239,-12.4138478654541));
#2738=CARTESIAN_POINT('',(16.0714495654879,-51.5696100156968,-12.4138478654539));
#2739=CARTESIAN_POINT('',(30.2810717936279,-49.5696100156973,-12.413847865454));
#2740=CARTESIAN_POINT('',(35.4139947209617,-49.5696100156972,-12.413847865454));
#2741=CARTESIAN_POINT('Origin',(31.913994720961,-49.33283435523,-12.4138478654541));
#2742=CARTESIAN_POINT('Origin',(31.9139947209622,-50.5696100156973,-12.413847865454));
#2743=CARTESIAN_POINT('',(33.9132032255297,-51.5696100156976,-12.4138478654541));
#2744=CARTESIAN_POINT('',(33.0135593984738,-50.5630609684872,-12.4138478654541));
#2745=CARTESIAN_POINT('',(32.5366640654032,-50.0294958745186,-12.4138478654541));
#2746=CARTESIAN_POINT('',(33.5469176482942,-49.5696100156973,-12.413847865454));
#2747=CARTESIAN_POINT('Origin',(31.913994720961,-49.33283435523,-12.4138478654541));
#2748=CARTESIAN_POINT('',(35.4139947209617,-49.5696100156972,-12.413847865454));
#2749=CARTESIAN_POINT('',(16.0714495654879,-51.5696100156968,-12.4138478654539));
#2750=CARTESIAN_POINT('Origin',(31.9139947209622,-50.5696100156973,-11.413847865454));
#2751=CARTESIAN_POINT('',(35.4139947209617,-49.5696100156972,-11.413847865454));
#2752=CARTESIAN_POINT('',(16.0714495654879,-51.5696100156968,-11.4138478654539));
#2753=CARTESIAN_POINT('Origin',(31.9139947209622,-50.5696100156973,-16.4138478654541));
#2754=CARTESIAN_POINT('',(33.9132032255298,-51.5696100156975,-16.4138478654541));
#2755=CARTESIAN_POINT('',(33.0135593984739,-50.5630609684871,-16.4138478654541));
#2756=CARTESIAN_POINT('',(32.5366640654033,-50.0294958745186,-16.4138478654541));
#2757=CARTESIAN_POINT('',(16.0714495654882,-51.5696100156968,-16.4138478654545));
#2758=CARTESIAN_POINT('',(33.5469176482943,-49.5696100156973,-16.4138478654541));
#2759=CARTESIAN_POINT('',(30.1639947209625,-49.5696100156973,-16.4138478654541));
#2760=CARTESIAN_POINT('Origin',(31.9139947209611,-49.33283435523,-16.4138478654541));
#2761=CARTESIAN_POINT('Origin',(31.9139947209622,-50.5696100156973,-16.4138478654541));
#2762=CARTESIAN_POINT('',(30.8144300434483,-50.5630609684872,-16.4138478654541));
#2763=CARTESIAN_POINT('',(29.9147862163925,-51.5696100156976,-16.4138478654541));
#2764=CARTESIAN_POINT('',(30.841503462991,-50.5327703981238,-16.4138478654541));
#2765=CARTESIAN_POINT('',(30.281071793628,-49.5696100156973,-16.4138478654541));
#2766=CARTESIAN_POINT('Origin',(31.9139947209611,-49.33283435523,-16.4138478654541));
#2767=CARTESIAN_POINT('',(30.1639947209625,-49.5696100156973,-16.4138478654541));
#2768=CARTESIAN_POINT('',(16.0714495654882,-51.5696100156968,-16.4138478654545));
#2769=CARTESIAN_POINT('Origin',(28.4139947209627,-49.5696100156973,-16.4138478654542));
#2770=CARTESIAN_POINT('',(28.4139947209623,-49.5696100156973,-17.4138478654541));
#2771=CARTESIAN_POINT('',(33.6639947209614,-49.5696100156973,-12.413847865454));
#2772=CARTESIAN_POINT('',(30.1639947209619,-49.5696100156973,-16.4138478654541));
#2773=CARTESIAN_POINT('Origin',(31.9139947209622,-50.5696100156973,-17.413847865454));
#2774=CARTESIAN_POINT('',(16.0714495654879,-51.5696100156968,-17.4138478654539));
#2775=CARTESIAN_POINT('Origin',(31.9139947209611,-49.33283435523,-16.4138478654541));
#2776=CARTESIAN_POINT('Origin',(31.9139947209611,-49.33283435523,-16.4138478654541));
#2777=CARTESIAN_POINT('',(30.8144300434483,-50.5630609684872,-16.4138478654541));
#2778=CARTESIAN_POINT('Origin',(31.913994720961,-49.33283435523,-12.4138478654541));
#2779=CARTESIAN_POINT('',(33.0135593984739,-50.5630609684871,-16.4138478654541));
#2780=CARTESIAN_POINT('Origin',(33.9132032255298,-51.5696100156975,-16.4138478654541));
#2781=CARTESIAN_POINT('',(33.9132032255287,-51.5696100156967,-2.79189630378411));
#2782=CARTESIAN_POINT('Origin',(30.8144300434483,-50.5630609684872,-16.4138478654541));
#2783=CARTESIAN_POINT('',(29.914786216393,-51.5696100156967,-2.79189630378451));
#2784=CARTESIAN_POINT('Origin',(31.9139947209611,-49.6262221854638,-16.4138478654541));
#2785=CARTESIAN_POINT('Origin',(31.913994720961,-49.6262221854638,-12.4138478654541));
#2786=CARTESIAN_POINT('Origin',(0.228904410013664,-51.5696100156967,10.8300552578848));
#2787=CARTESIAN_POINT('Origin',(0.228904410013664,-51.5696100156967,10.8300552578848));
#2788=CARTESIAN_POINT('Origin',(10.7039044100145,-50.5696100156973,45.5739583812176));
#2789=CARTESIAN_POINT('',(10.7039044100145,-51.5696100156973,43.5739583812177));
#2790=CARTESIAN_POINT('',(10.7039044100145,-49.5696100156973,43.5739583812177));
#2791=CARTESIAN_POINT('',(10.7039044100145,-50.0696100156973,43.5739583812177));
#2792=CARTESIAN_POINT('',(10.7039044100145,-51.5696100156973,47.5739583812177));
#2793=CARTESIAN_POINT('',(10.7039044100146,-51.5696100156967,28.2020068195512));
#2794=CARTESIAN_POINT('',(10.7039044100145,-49.5696100156973,47.5739583812177));
#2795=CARTESIAN_POINT('',(10.7039044100145,-51.5696100156973,47.5739583812177));
#2796=CARTESIAN_POINT('',(10.7039044100145,-49.5696100156973,44.0739583812176));
#2797=CARTESIAN_POINT('Origin',(11.7039044100145,-50.5696100156973,45.5739583812176));
#2798=CARTESIAN_POINT('',(11.7039044100145,-49.5696100156973,48.5739583812177));
#2799=CARTESIAN_POINT('',(11.7039044100145,-51.5696100156973,48.5739583812177));
#2800=CARTESIAN_POINT('',(11.7039044100145,-50.0696100156973,48.5739583812177));
#2801=CARTESIAN_POINT('',(11.7039044100145,-51.5696100156967,48.4739583812178));
#2802=CARTESIAN_POINT('',(11.7039044100145,-51.5696100156973,47.0739583812177));
#2803=CARTESIAN_POINT('',(11.7039044100145,-51.5696100156973,42.5739583812176));
#2804=CARTESIAN_POINT('',(11.7039044100146,-51.5696100156967,28.2020068195512));
#2805=CARTESIAN_POINT('',(11.7039044100145,-49.5696100156973,42.5739583812176));
#2806=CARTESIAN_POINT('',(11.7039044100145,-51.0696100156973,42.5739583812176));
#2807=CARTESIAN_POINT('',(11.7039044100145,-49.5696100156973,44.0739583812176));
#2808=CARTESIAN_POINT('Origin',(3.70390441001518,-50.5696100156973,45.5739583812176));
#2809=CARTESIAN_POINT('',(3.70390441001559,-49.5696100156973,43.5739583812175));
#2810=CARTESIAN_POINT('',(3.70390441001559,-51.5696100156973,43.5739583812175));
#2811=CARTESIAN_POINT('',(3.7039044100156,-51.0696100156973,43.5739583812175));
#2812=CARTESIAN_POINT('',(3.70390441001558,-49.5696100156973,47.5739583812177));
#2813=CARTESIAN_POINT('',(3.70390441001519,-49.5696100156973,42.5739583812175));
#2814=CARTESIAN_POINT('',(3.70390441001558,-51.5696100156973,47.5739583812177));
#2815=CARTESIAN_POINT('',(3.70390441001558,-49.5696100156973,47.5739583812177));
#2816=CARTESIAN_POINT('',(3.7039044100152,-51.5696100156967,28.2020068195512));
#2817=CARTESIAN_POINT('Origin',(2.70390441001519,-50.5696100156973,45.5739583812176));
#2818=CARTESIAN_POINT('',(2.70390441001519,-51.5696100156967,48.4739583812178));
#2819=CARTESIAN_POINT('',(2.7039044100152,-51.5696100156973,42.5739583812176));
#2820=CARTESIAN_POINT('',(2.70390441001521,-51.5696100156967,28.2020068195512));
#2821=CARTESIAN_POINT('',(2.70390441001519,-51.5696100156973,48.5739583812177));
#2822=CARTESIAN_POINT('',(2.70390441001519,-51.5696100156973,48.5739583812177));
#2823=CARTESIAN_POINT('',(2.70390441001519,-49.5696100156973,48.5739583812177));
#2824=CARTESIAN_POINT('',(2.70390441001519,-49.5696100156973,48.5739583812177));
#2825=CARTESIAN_POINT('',(2.7039044100152,-49.5696100156973,42.5739583812175));
#2826=CARTESIAN_POINT('',(2.7039044100152,-49.5696100156973,42.5739583812175));
#2827=CARTESIAN_POINT('',(2.7039044100152,-51.5696100156973,42.5739583812176));
#2828=CARTESIAN_POINT('Origin',(7.20390441001506,-50.5696100156973,47.5739583812177));
#2829=CARTESIAN_POINT('',(6.1043397325011,-50.5630609684872,47.5739583812175));
#2830=CARTESIAN_POINT('',(5.2046959054452,-51.5696100156976,47.5739583812175));
#2831=CARTESIAN_POINT('',(6.13141315204375,-50.5327703981239,47.5739583812175));
#2832=CARTESIAN_POINT('',(3.71640441001434,-51.5696100156966,47.5739583812177));
#2833=CARTESIAN_POINT('',(5.57098148268071,-49.5696100156973,47.5739583812177));
#2834=CARTESIAN_POINT('',(10.7039044100145,-49.5696100156973,47.5739583812177));
#2835=CARTESIAN_POINT('Origin',(7.20390441001387,-49.33283435523,47.5739583812176));
#2836=CARTESIAN_POINT('Origin',(7.20390441001506,-50.5696100156973,47.5739583812177));
#2837=CARTESIAN_POINT('',(9.20311291458257,-51.5696100156976,47.5739583812176));
#2838=CARTESIAN_POINT('',(8.30346908752666,-50.5630609684872,47.5739583812176));
#2839=CARTESIAN_POINT('',(7.82657375445606,-50.0294958745187,47.5739583812176));
#2840=CARTESIAN_POINT('',(8.83682733734704,-49.5696100156973,47.5739583812177));
#2841=CARTESIAN_POINT('Origin',(7.20390441001387,-49.33283435523,47.5739583812176));
#2842=CARTESIAN_POINT('',(10.7039044100145,-49.5696100156973,47.5739583812177));
#2843=CARTESIAN_POINT('',(3.71640441001434,-51.5696100156966,47.5739583812177));
#2844=CARTESIAN_POINT('Origin',(7.20390441001506,-50.5696100156973,48.5739583812177));
#2845=CARTESIAN_POINT('',(10.7039044100145,-49.5696100156973,48.5739583812177));
#2846=CARTESIAN_POINT('',(3.70390441001518,-51.5696100156973,48.5739583812177));
#2847=CARTESIAN_POINT('Origin',(7.20390441001505,-50.5696100156973,43.5739583812176));
#2848=CARTESIAN_POINT('',(9.20311291458268,-51.5696100156976,43.5739583812176));
#2849=CARTESIAN_POINT('',(8.30346908752677,-50.5630609684872,43.5739583812176));
#2850=CARTESIAN_POINT('',(7.82657375445617,-50.0294958745186,43.5739583812176));
#2851=CARTESIAN_POINT('',(3.71640441001389,-51.5696100156966,43.5739583812175));
#2852=CARTESIAN_POINT('',(8.83682733734714,-49.5696100156973,43.5739583812176));
#2853=CARTESIAN_POINT('',(5.45390441001538,-49.5696100156973,43.5739583812175));
#2854=CARTESIAN_POINT('Origin',(7.20390441001399,-49.33283435523,43.5739583812176));
#2855=CARTESIAN_POINT('Origin',(7.20390441001505,-50.5696100156973,43.5739583812176));
#2856=CARTESIAN_POINT('',(6.10433973250122,-50.5630609684872,43.5739583812175));
#2857=CARTESIAN_POINT('',(5.20469590544532,-51.5696100156976,43.5739583812175));
#2858=CARTESIAN_POINT('',(6.13141315204387,-50.5327703981238,43.5739583812175));
#2859=CARTESIAN_POINT('',(5.57098148268084,-49.5696100156973,43.5739583812175));
#2860=CARTESIAN_POINT('Origin',(7.20390441001399,-49.33283435523,43.5739583812176));
#2861=CARTESIAN_POINT('',(5.45390441001538,-49.5696100156973,43.5739583812175));
#2862=CARTESIAN_POINT('',(3.71640441001389,-51.5696100156966,43.5739583812175));
#2863=CARTESIAN_POINT('Origin',(3.70390441001559,-49.5696100156973,43.5739583812175));
#2864=CARTESIAN_POINT('',(3.70390441001519,-49.5696100156973,42.5739583812175));
#2865=CARTESIAN_POINT('',(8.95390441001421,-49.5696100156973,47.5739583812176));
#2866=CARTESIAN_POINT('',(5.45390441001479,-49.5696100156973,43.5739583812175));
#2867=CARTESIAN_POINT('Origin',(7.20390441001505,-50.5696100156973,42.5739583812177));
#2868=CARTESIAN_POINT('',(3.71640441001434,-51.5696100156966,42.5739583812177));
#2869=CARTESIAN_POINT('Origin',(7.20390441001399,-49.33283435523,43.5739583812176));
#2870=CARTESIAN_POINT('Origin',(7.20390441001399,-49.33283435523,43.5739583812176));
#2871=CARTESIAN_POINT('',(6.10433973250122,-50.5630609684872,43.5739583812175));
#2872=CARTESIAN_POINT('Origin',(7.20390441001387,-49.33283435523,47.5739583812176));
#2873=CARTESIAN_POINT('',(8.30346908752677,-50.5630609684872,43.5739583812176));
#2874=CARTESIAN_POINT('Origin',(9.20311291458268,-51.5696100156976,43.5739583812176));
#2875=CARTESIAN_POINT('',(9.20311291458245,-51.5696100156967,27.2020068195514));
#2876=CARTESIAN_POINT('Origin',(5.20469590544532,-51.5696100156976,43.5739583812175));
#2877=CARTESIAN_POINT('',(-45.1546736827535,-51.5696100156967,48.4739583812178));
#2878=CARTESIAN_POINT('Origin',(6.10433973250122,-50.5630609684872,43.5739583812175));
#2879=CARTESIAN_POINT('',(5.20469590544647,-51.5696100156967,27.2020068195512));
#2880=CARTESIAN_POINT('Origin',(7.203904410014,-49.6262221854638,43.5739583812176));
#2881=CARTESIAN_POINT('Origin',(7.20390441001387,-49.6262221854638,47.5739583812176));
#2882=CARTESIAN_POINT('Origin',(0.228904410013664,-51.5696100156967,10.8300552578848));
#2883=CARTESIAN_POINT('Origin',(0.228904410013664,-51.5696100156967,10.8300552578848));
#2884=CARTESIAN_POINT('Origin',(-36.1632517755211,-50.5696100156973,40.8460645716634));
#2885=CARTESIAN_POINT('',(-36.1632517755211,-51.5696100156973,38.8460645716634));
#2886=CARTESIAN_POINT('',(-36.1632517755211,-49.5696100156973,38.8460645716634));
#2887=CARTESIAN_POINT('',(-36.1632517755211,-50.0696100156973,38.8460645716634));
#2888=CARTESIAN_POINT('',(-36.1632517755211,-51.5696100156973,42.8460645716634));
#2889=CARTESIAN_POINT('',(-36.1632517755211,-51.5696100156967,25.838059914774));
#2890=CARTESIAN_POINT('',(-36.1632517755211,-49.5696100156973,42.8460645716634));
#2891=CARTESIAN_POINT('',(-36.1632517755211,-51.5696100156973,42.8460645716634));
#2892=CARTESIAN_POINT('',(-36.1632517755211,-49.5696100156973,39.3460645716633));
#2893=CARTESIAN_POINT('Origin',(-35.1632517755211,-50.5696100156973,40.8460645716634));
#2894=CARTESIAN_POINT('',(-35.1632517755211,-49.5696100156973,43.8460645716635));
#2895=CARTESIAN_POINT('',(-35.1632517755211,-51.5696100156973,43.8460645716635));
#2896=CARTESIAN_POINT('',(-35.1632517755211,-50.0696100156973,43.8460645716635));
#2897=CARTESIAN_POINT('',(-35.1632517755211,-51.5696100156973,37.8460645716633));
#2898=CARTESIAN_POINT('',(-35.1632517755211,-51.5696100156967,25.838059914774));
#2899=CARTESIAN_POINT('',(-35.1632517755211,-49.5696100156973,37.8460645716633));
#2900=CARTESIAN_POINT('',(-35.1632517755211,-51.0696100156973,37.8460645716633));
#2901=CARTESIAN_POINT('',(-35.1632517755211,-49.5696100156973,39.3460645716633));
#2902=CARTESIAN_POINT('Origin',(-43.1632517755204,-50.5696100156973,40.8460645716634));
#2903=CARTESIAN_POINT('',(-43.16325177552,-49.5696100156973,38.8460645716632));
#2904=CARTESIAN_POINT('',(-43.16325177552,-51.5696100156973,38.8460645716632));
#2905=CARTESIAN_POINT('',(-43.16325177552,-51.0696100156973,38.8460645716632));
#2906=CARTESIAN_POINT('',(-43.1632517755201,-49.5696100156973,42.8460645716634));
#2907=CARTESIAN_POINT('',(-43.1632517755204,-49.5696100156973,37.8460645716633));
#2908=CARTESIAN_POINT('',(-43.1632517755201,-51.5696100156973,42.8460645716634));
#2909=CARTESIAN_POINT('',(-43.1632517755201,-49.5696100156973,42.8460645716634));
#2910=CARTESIAN_POINT('',(-43.1632517755204,-51.5696100156967,25.838059914774));
#2911=CARTESIAN_POINT('Origin',(-44.1632517755204,-50.5696100156973,40.8460645716634));
#2912=CARTESIAN_POINT('',(-44.1632517755205,-51.5696100156973,43.8460645716634));
#2913=CARTESIAN_POINT('',(-44.1632517755204,-51.5696100156973,37.8460645716633));
#2914=CARTESIAN_POINT('',(-44.1632517755204,-51.5696100156967,25.838059914774));
#2915=CARTESIAN_POINT('',(-44.1632517755205,-49.5696100156973,43.8460645716634));
#2916=CARTESIAN_POINT('',(-44.1632517755205,-49.5696100156973,43.8460645716634));
#2917=CARTESIAN_POINT('',(-44.1632517755204,-49.5696100156973,37.8460645716633));
#2918=CARTESIAN_POINT('',(-44.1632517755204,-49.5696100156973,37.8460645716633));
#2919=CARTESIAN_POINT('',(-44.1632517755204,-51.5696100156973,37.8460645716633));
#2920=CARTESIAN_POINT('Origin',(-39.6632517755206,-50.5696100156973,42.8460645716634));
#2921=CARTESIAN_POINT('',(-40.7628164530345,-50.5630609684872,42.8460645716633));
#2922=CARTESIAN_POINT('',(-41.6624602800904,-51.5696100156976,42.8460645716632));
#2923=CARTESIAN_POINT('',(-40.7357430334919,-50.5327703981239,42.8460645716633));
#2924=CARTESIAN_POINT('',(-19.7171736827535,-51.5696100156966,42.8460645716634));
#2925=CARTESIAN_POINT('',(-41.2961747028549,-49.5696100156973,42.8460645716634));
#2926=CARTESIAN_POINT('',(-36.1632517755211,-49.5696100156973,42.8460645716634));
#2927=CARTESIAN_POINT('Origin',(-39.6632517755218,-49.33283435523,42.8460645716633));
#2928=CARTESIAN_POINT('Origin',(-39.6632517755206,-50.5696100156973,42.8460645716634));
#2929=CARTESIAN_POINT('',(-37.6640432709531,-51.5696100156976,42.8460645716634));
#2930=CARTESIAN_POINT('',(-38.563687098009,-50.5630609684872,42.8460645716633));
#2931=CARTESIAN_POINT('',(-39.0405824310796,-50.0294958745187,42.8460645716633));
#2932=CARTESIAN_POINT('',(-38.0303288481886,-49.5696100156973,42.8460645716634));
#2933=CARTESIAN_POINT('Origin',(-39.6632517755218,-49.33283435523,42.8460645716633));
#2934=CARTESIAN_POINT('',(-36.1632517755211,-49.5696100156973,42.8460645716634));
#2935=CARTESIAN_POINT('',(-19.7171736827535,-51.5696100156966,42.8460645716634));
#2936=CARTESIAN_POINT('Origin',(-39.6632517755206,-50.5696100156973,43.8460645716634));
#2937=CARTESIAN_POINT('',(-36.1632517755211,-49.5696100156973,43.8460645716635));
#2938=CARTESIAN_POINT('',(-19.7171736827535,-51.5696100156966,43.8460645716634));
#2939=CARTESIAN_POINT('Origin',(-39.6632517755206,-50.5696100156973,38.8460645716633));
#2940=CARTESIAN_POINT('',(-37.664043270953,-51.5696100156976,38.8460645716634));
#2941=CARTESIAN_POINT('',(-38.5636870980089,-50.5630609684872,38.8460645716633));
#2942=CARTESIAN_POINT('',(-39.0405824310795,-50.0294958745186,38.8460645716633));
#2943=CARTESIAN_POINT('',(-19.7171736827539,-51.5696100156966,38.8460645716639));
#2944=CARTESIAN_POINT('',(-38.0303288481885,-49.5696100156973,38.8460645716634));
#2945=CARTESIAN_POINT('',(-41.4132517755203,-49.5696100156973,38.8460645716633));
#2946=CARTESIAN_POINT('Origin',(-39.6632517755216,-49.33283435523,38.8460645716633));
#2947=CARTESIAN_POINT('Origin',(-39.6632517755206,-50.5696100156973,38.8460645716633));
#2948=CARTESIAN_POINT('',(-40.7628164530344,-50.5630609684872,38.8460645716633));
#2949=CARTESIAN_POINT('',(-41.6624602800903,-51.5696100156976,38.8460645716632));
#2950=CARTESIAN_POINT('',(-40.7357430334918,-50.5327703981238,38.8460645716633));
#2951=CARTESIAN_POINT('',(-41.2961747028548,-49.5696100156973,38.8460645716633));
#2952=CARTESIAN_POINT('Origin',(-39.6632517755216,-49.33283435523,38.8460645716633));
#2953=CARTESIAN_POINT('',(-41.4132517755203,-49.5696100156973,38.8460645716633));
#2954=CARTESIAN_POINT('',(-19.7171736827539,-51.5696100156966,38.8460645716639));
#2955=CARTESIAN_POINT('Origin',(-43.16325177552,-49.5696100156973,38.8460645716632));
#2956=CARTESIAN_POINT('',(-43.1632517755204,-49.5696100156973,37.8460645716633));
#2957=CARTESIAN_POINT('',(-37.9132517755214,-49.5696100156973,42.8460645716634));
#2958=CARTESIAN_POINT('',(-41.4132517755208,-49.5696100156973,38.8460645716633));
#2959=CARTESIAN_POINT('Origin',(-39.6632517755206,-50.5696100156973,37.8460645716634));
#2960=CARTESIAN_POINT('',(-19.7171736827535,-51.5696100156966,37.8460645716634));
#2961=CARTESIAN_POINT('Origin',(-39.6632517755216,-49.33283435523,38.8460645716633));
#2962=CARTESIAN_POINT('Origin',(-39.6632517755216,-49.33283435523,38.8460645716633));
#2963=CARTESIAN_POINT('',(-40.7628164530344,-50.5630609684872,38.8460645716633));
#2964=CARTESIAN_POINT('Origin',(-39.6632517755218,-49.33283435523,42.8460645716633));
#2965=CARTESIAN_POINT('',(-38.5636870980089,-50.5630609684872,38.8460645716633));
#2966=CARTESIAN_POINT('Origin',(-37.664043270953,-51.5696100156976,38.8460645716634));
#2967=CARTESIAN_POINT('',(-37.6640432709533,-51.5696100156967,24.8380599147733));
#2968=CARTESIAN_POINT('Origin',(-40.7628164530344,-50.5630609684872,38.8460645716633));
#2969=CARTESIAN_POINT('',(-41.6624602800892,-51.5696100156967,24.8380599147736));
#2970=CARTESIAN_POINT('Origin',(-39.6632517755216,-49.6262221854638,38.8460645716633));
#2971=CARTESIAN_POINT('Origin',(-39.6632517755218,-49.6262221854638,42.8460645716633));
#2972=CARTESIAN_POINT('Origin',(0.228904410013664,-51.5696100156967,10.8300552578848));
#2973=CARTESIAN_POINT('Origin',(0.228904410013664,-51.5696100156967,10.8300552578848));
#2974=CARTESIAN_POINT('Origin',(-34.5728023609718,-50.5696100156973,-18.7138478654488));
#2975=CARTESIAN_POINT('',(-34.5728023609718,-51.5696100156973,-20.7138478654487));
#2976=CARTESIAN_POINT('',(-34.5728023609718,-49.5696100156973,-20.7138478654487));
#2977=CARTESIAN_POINT('',(-34.5728023609718,-50.0696100156973,-20.7138478654487));
#2978=CARTESIAN_POINT('',(-34.5728023609718,-51.5696100156973,-16.7138478654487));
#2979=CARTESIAN_POINT('',(-34.5728023609718,-51.5696100156967,-3.94189630378202));
#2980=CARTESIAN_POINT('',(-34.5728023609718,-49.5696100156973,-16.7138478654488));
#2981=CARTESIAN_POINT('',(-34.5728023609718,-51.5696100156973,-16.7138478654487));
#2982=CARTESIAN_POINT('',(-34.5728023609718,-49.5696100156973,-20.2138478654488));
#2983=CARTESIAN_POINT('Origin',(-33.5728023609718,-50.5696100156973,-18.7138478654488));
#2984=CARTESIAN_POINT('',(-33.5728023609718,-49.5696100156973,-15.7138478654487));
#2985=CARTESIAN_POINT('',(-33.5728023609718,-51.5696100156973,-15.7138478654487));
#2986=CARTESIAN_POINT('',(-33.5728023609718,-50.0696100156973,-15.7138478654487));
#2987=CARTESIAN_POINT('',(-33.5728023609718,-51.5696100156973,-21.7138478654488));
#2988=CARTESIAN_POINT('',(-33.5728023609718,-51.5696100156967,-3.94189630378202));
#2989=CARTESIAN_POINT('',(-33.5728023609718,-49.5696100156973,-21.7138478654489));
#2990=CARTESIAN_POINT('',(-33.5728023609718,-51.0696100156973,-21.7138478654488));
#2991=CARTESIAN_POINT('',(-33.5728023609718,-49.5696100156973,-20.2138478654488));
#2992=CARTESIAN_POINT('Origin',(-41.5728023609712,-50.5696100156973,-18.7138478654488));
#2993=CARTESIAN_POINT('',(-41.5728023609708,-49.5696100156973,-20.7138478654489));
#2994=CARTESIAN_POINT('',(-41.5728023609708,-51.5696100156973,-20.7138478654489));
#2995=CARTESIAN_POINT('',(-41.5728023609708,-51.0696100156973,-20.7138478654489));
#2996=CARTESIAN_POINT('',(-41.5728023609708,-49.5696100156973,-16.7138478654488));
#2997=CARTESIAN_POINT('',(-41.5728023609712,-49.5696100156973,-21.7138478654489));
#2998=CARTESIAN_POINT('',(-41.5728023609708,-51.5696100156973,-16.7138478654488));
#2999=CARTESIAN_POINT('',(-41.5728023609708,-49.5696100156973,-16.7138478654488));
#3000=CARTESIAN_POINT('',(-41.5728023609712,-51.5696100156967,-3.94189630378203));
#3001=CARTESIAN_POINT('Origin',(-42.5728023609712,-50.5696100156973,-18.7138478654488));
#3002=CARTESIAN_POINT('',(-42.5728023609712,-51.5696100156973,-15.7138478654487));
#3003=CARTESIAN_POINT('',(-42.5728023609712,-51.5696100156973,-21.7138478654489));
#3004=CARTESIAN_POINT('',(-42.5728023609712,-51.5696100156967,-3.94189630378203));
#3005=CARTESIAN_POINT('',(-42.5728023609712,-49.5696100156973,-15.7138478654487));
#3006=CARTESIAN_POINT('',(-42.5728023609712,-49.5696100156973,-15.7138478654487));
#3007=CARTESIAN_POINT('',(-42.5728023609712,-49.5696100156973,-21.7138478654489));
#3008=CARTESIAN_POINT('',(-42.5728023609712,-49.5696100156973,-21.7138478654489));
#3009=CARTESIAN_POINT('',(-42.5728023609712,-51.5696100156973,-21.7138478654489));
#3010=CARTESIAN_POINT('Origin',(-38.0728023609713,-50.5696100156973,-16.7138478654488));
#3011=CARTESIAN_POINT('',(-39.1723670384853,-50.5630609684872,-16.7138478654489));
#3012=CARTESIAN_POINT('',(-40.0720108655412,-51.5696100156976,-16.7138478654489));
#3013=CARTESIAN_POINT('',(-39.1452936189426,-50.5327703981239,-16.7138478654489));
#3014=CARTESIAN_POINT('',(-18.9219489754788,-51.5696100156968,-16.7138478654487));
#3015=CARTESIAN_POINT('',(-39.7057252883057,-49.5696100156973,-16.7138478654488));
#3016=CARTESIAN_POINT('',(-34.5728023609718,-49.5696100156973,-16.7138478654488));
#3017=CARTESIAN_POINT('Origin',(-38.0728023609725,-49.33283435523,-16.7138478654488));
#3018=CARTESIAN_POINT('Origin',(-38.0728023609713,-50.5696100156973,-16.7138478654488));
#3019=CARTESIAN_POINT('',(-36.0735938564038,-51.5696100156976,-16.7138478654488));
#3020=CARTESIAN_POINT('',(-36.9732376834597,-50.5630609684872,-16.7138478654488));
#3021=CARTESIAN_POINT('',(-37.4501330165303,-50.0294958745187,-16.7138478654488));
#3022=CARTESIAN_POINT('',(-36.4398794336393,-49.5696100156973,-16.7138478654488));
#3023=CARTESIAN_POINT('Origin',(-38.0728023609725,-49.33283435523,-16.7138478654488));
#3024=CARTESIAN_POINT('',(-34.5728023609718,-49.5696100156973,-16.7138478654488));
#3025=CARTESIAN_POINT('',(-18.9219489754788,-51.5696100156968,-16.7138478654487));
#3026=CARTESIAN_POINT('Origin',(-38.0728023609713,-50.5696100156973,-15.7138478654488));
#3027=CARTESIAN_POINT('',(-34.5728023609718,-49.5696100156973,-15.7138478654487));
#3028=CARTESIAN_POINT('',(-18.9219489754788,-51.5696100156968,-15.7138478654487));
#3029=CARTESIAN_POINT('Origin',(-38.0728023609713,-50.5696100156974,-20.7138478654488));
#3030=CARTESIAN_POINT('',(-36.0735938564037,-51.5696100156976,-20.7138478654488));
#3031=CARTESIAN_POINT('',(-36.9732376834596,-50.5630609684872,-20.7138478654488));
#3032=CARTESIAN_POINT('',(-37.4501330165302,-50.0294958745186,-20.7138478654488));
#3033=CARTESIAN_POINT('',(-18.9219489754784,-51.5696100156968,-20.7138478654483));
#3034=CARTESIAN_POINT('',(-36.4398794336392,-49.5696100156973,-20.7138478654488));
#3035=CARTESIAN_POINT('',(-39.822802360971,-49.5696100156973,-20.7138478654489));
#3036=CARTESIAN_POINT('Origin',(-38.0728023609724,-49.33283435523,-20.7138478654488));
#3037=CARTESIAN_POINT('Origin',(-38.0728023609713,-50.5696100156974,-20.7138478654488));
#3038=CARTESIAN_POINT('',(-39.1723670384852,-50.5630609684872,-20.7138478654489));
#3039=CARTESIAN_POINT('',(-40.0720108655411,-51.5696100156976,-20.7138478654489));
#3040=CARTESIAN_POINT('',(-39.1452936189425,-50.5327703981239,-20.7138478654489));
#3041=CARTESIAN_POINT('',(-39.7057252883055,-49.5696100156973,-20.7138478654489));
#3042=CARTESIAN_POINT('Origin',(-38.0728023609724,-49.33283435523,-20.7138478654488));
#3043=CARTESIAN_POINT('',(-39.822802360971,-49.5696100156973,-20.7138478654489));
#3044=CARTESIAN_POINT('',(-18.9219489754784,-51.5696100156968,-20.7138478654483));
#3045=CARTESIAN_POINT('Origin',(-41.5728023609708,-49.5696100156973,-20.7138478654489));
#3046=CARTESIAN_POINT('',(-41.5728023609712,-49.5696100156973,-21.7138478654489));
#3047=CARTESIAN_POINT('',(-36.3228023609722,-49.5696100156973,-16.7138478654488));
#3048=CARTESIAN_POINT('',(-39.8228023609716,-49.5696100156973,-20.7138478654489));
#3049=CARTESIAN_POINT('Origin',(-38.0728023609713,-50.5696100156974,-21.7138478654487));
#3050=CARTESIAN_POINT('',(-18.9219489754788,-51.5696100156968,-21.7138478654487));
#3051=CARTESIAN_POINT('Origin',(-38.0728023609724,-49.33283435523,-20.7138478654488));
#3052=CARTESIAN_POINT('Origin',(-38.0728023609724,-49.33283435523,-20.7138478654488));
#3053=CARTESIAN_POINT('',(-39.1723670384852,-50.5630609684872,-20.7138478654489));
#3054=CARTESIAN_POINT('Origin',(-38.0728023609725,-49.33283435523,-16.7138478654488));
#3055=CARTESIAN_POINT('',(-36.9732376834596,-50.5630609684872,-20.7138478654488));
#3056=CARTESIAN_POINT('Origin',(-36.0735938564037,-51.5696100156976,-20.7138478654488));
#3057=CARTESIAN_POINT('',(-36.0735938564051,-51.5696100156967,-4.9418963037827));
#3058=CARTESIAN_POINT('Origin',(-39.1723670384852,-50.5630609684872,-20.7138478654489));
#3059=CARTESIAN_POINT('',(-40.0720108655406,-51.5696100156967,-4.94189630378242));
#3060=CARTESIAN_POINT('Origin',(-38.0728023609724,-49.6262221854638,-20.7138478654488));
#3061=CARTESIAN_POINT('Origin',(-38.0728023609725,-49.6262221854638,-16.7138478654488));
#3062=CARTESIAN_POINT('Origin',(0.228904410013664,-51.5696100156967,10.8300552578848));
#3063=CARTESIAN_POINT('Origin',(0.228904410013664,-51.5696100156967,10.8300552578848));
#3064=CARTESIAN_POINT('Origin',(-43.500000648201,-46.23194998915,-1.50000003725299));
#3065=CARTESIAN_POINT('',(-40.0000005811458,-51.5696100157004,-1.500000037253));
#3066=CARTESIAN_POINT('',(-42.500000648201,-51.5696100157004,-1.500000037253));
#3067=CARTESIAN_POINT('',(-21.6355481190937,-51.5696100156967,-1.500000037253));
#3068=CARTESIAN_POINT('',(-40.0000005811458,-46.23194998915,-1.50000003725299));
#3069=CARTESIAN_POINT('',(-40.0000005811458,-46.23194998915,-1.50000003725299));
#3070=CARTESIAN_POINT('',(-42.500000648201,-46.23194998915,-1.50000003725299));
#3071=CARTESIAN_POINT('',(-42.3750006314372,-46.23194998915,-1.50000003725299));
#3072=CARTESIAN_POINT('',(-42.500000648201,-46.23194998915,-1.50000003725299));
#3073=CARTESIAN_POINT('Origin',(-40.0000005811458,-46.23194998915,-2.50000003725299));
#3074=CARTESIAN_POINT('',(-40.0000005811458,-51.5696100157004,1.490106149582E-8));
#3075=CARTESIAN_POINT('',(-40.0000005811458,-51.5696100156967,4.16502761031589));
#3076=CARTESIAN_POINT('',(-40.0000005811458,-46.23194998915,1.490107065516E-8));
#3077=CARTESIAN_POINT('',(-40.0000005811458,-46.23194998915,1.490107065516E-8));
#3078=CARTESIAN_POINT('',(-40.0000005811458,-46.23194998915,-1.62500002421448));
#3079=CARTESIAN_POINT('Origin',(-43.500000648201,-46.23194998915,-2.50000003725299));
#3080=CARTESIAN_POINT('',(-43.500000648201,-51.5696100157004,-2.500000037253));
#3081=CARTESIAN_POINT('',(-39.0000005811458,-51.5696100157004,-2.500000037253));
#3082=CARTESIAN_POINT('',(-21.6355481190937,-51.5696100156967,-2.500000037253));
#3083=CARTESIAN_POINT('',(-43.500000648201,-46.23194998915,-2.50000003725299));
#3084=CARTESIAN_POINT('',(-43.500000648201,-46.23194998915,-2.50000003725299));
#3085=CARTESIAN_POINT('',(-39.0000005811458,-46.23194998915,-2.50000003725299));
#3086=CARTESIAN_POINT('',(-42.3750006314372,-46.23194998915,-2.50000003725299));
#3087=CARTESIAN_POINT('',(-39.0000005811458,-46.23194998915,-2.50000003725299));
#3088=CARTESIAN_POINT('Origin',(-43.500000648201,-46.23194998915,1.00000001490107));
#3089=CARTESIAN_POINT('',(-43.500000648201,-51.5696100157004,1.00000001490106));
#3090=CARTESIAN_POINT('',(-43.500000648201,-51.5696100156967,5.91502763639292));
#3091=CARTESIAN_POINT('',(-43.500000648201,-46.23194998915,1.00000001490107));
#3092=CARTESIAN_POINT('',(-43.500000648201,-46.23194998915,1.00000001490107));
#3093=CARTESIAN_POINT('',(-43.500000648201,-46.23194998915,0.125000001862554));
#3094=CARTESIAN_POINT('Origin',(-39.0000005811458,-46.23194998915,1.490107065516E-8));
#3095=CARTESIAN_POINT('',(-42.500000648201,-51.5696100157004,1.490106149582E-8));
#3096=CARTESIAN_POINT('',(-19.3855480855661,-51.5696100156967,1.49010625051137E-8));
#3097=CARTESIAN_POINT('',(-42.500000648201,-46.23194998915,1.490107065516E-8));
#3098=CARTESIAN_POINT('',(-42.500000648201,-46.23194998915,1.490107065516E-8));
#3099=CARTESIAN_POINT('',(-40.1250005979096,-46.23194998915,1.49010709327158E-8));
#3100=CARTESIAN_POINT('Origin',(-42.500000648201,-46.23194998915,1.00000001490107));
#3101=CARTESIAN_POINT('',(-42.500000648201,-51.5696100156967,5.91502763639292));
#3102=CARTESIAN_POINT('',(-42.500000648201,-46.23194998915,0.125000001862555));
#3103=CARTESIAN_POINT('Origin',(-39.0000005811458,-46.23194998915,1.00000001490107));
#3104=CARTESIAN_POINT('',(-39.0000005811458,-51.5696100157004,1.00000001490106));
#3105=CARTESIAN_POINT('',(-19.3855480855661,-51.5696100156967,1.00000001490106));
#3106=CARTESIAN_POINT('',(-39.0000005811458,-46.23194998915,1.00000001490107));
#3107=CARTESIAN_POINT('',(-39.0000005811458,-46.23194998915,1.00000001490107));
#3108=CARTESIAN_POINT('',(-40.1250005979096,-46.23194998915,1.00000001490107));
#3109=CARTESIAN_POINT('Origin',(-39.0000005811458,-46.23194998915,-2.50000003725299));
#3110=CARTESIAN_POINT('',(-39.0000005811458,-51.5696100156967,4.16502761031589));
#3111=CARTESIAN_POINT('',(-39.0000005811458,-46.23194998915,-1.62500002421448));
#3112=CARTESIAN_POINT('Origin',(-41.2500006146734,-46.23194998915,-0.750000011175961));
#3113=CARTESIAN_POINT('Origin',(0.228904410013664,-51.5696100156967,10.8300552578848));
#3114=CARTESIAN_POINT('',(45.6124825027808,-51.5696100156967,48.4739583812178));
#3115=CARTESIAN_POINT('',(-45.1546736827535,-51.5696100156967,48.4739583812178));
#3116=CARTESIAN_POINT('',(45.6124825027808,-51.5696100156968,-26.8138478654483));
#3117=CARTESIAN_POINT('',(45.6124825027808,-51.5696100156967,48.4739583812178));
#3118=CARTESIAN_POINT('',(-45.1546736827535,-51.5696100156968,-26.8138478654483));
#3119=CARTESIAN_POINT('',(45.6124825027808,-51.5696100156968,-26.8138478654483));
#3120=CARTESIAN_POINT('',(-45.1546736827535,-51.5696100156967,48.4739583812178));
#3121=CARTESIAN_POINT('',(-45.1546736827535,-51.5696100156968,-26.8138478654483));
#3122=CARTESIAN_POINT('',(-45.1546736827535,-51.5696100156967,48.4739583812178));
#3123=CARTESIAN_POINT('',(18.5000002831221,-51.5696100156998,-25.5000003725291));
#3124=CARTESIAN_POINT('',(33.5000004917383,-51.5696100156998,-25.5000003725291));
#3125=CARTESIAN_POINT('',(9.61445234656786,-51.5696100156968,-25.5000003725291));
#3126=CARTESIAN_POINT('',(33.5000004917383,-51.5696100156998,-20.5000003129245));
#3127=CARTESIAN_POINT('',(33.5000004917383,-51.5696100156968,-7.08497255732217));
#3128=CARTESIAN_POINT('',(18.5000002831221,-51.5696100156998,-20.5000003129245));
#3129=CARTESIAN_POINT('',(16.614452450876,-51.5696100156968,-20.5000003129245));
#3130=CARTESIAN_POINT('',(18.5000002831221,-51.5696100156967,-5.08497252751984));
#3131=CARTESIAN_POINT('',(40.944023884252,-51.5696100156997,8.31661592322197));
#3132=CARTESIAN_POINT('',(41.944023884252,-51.5696100156997,8.31661592322198));
#3133=CARTESIAN_POINT('',(20.4821431566388,-51.5696100156967,8.31661592322198));
#3134=CARTESIAN_POINT('',(41.944023884252,-51.5696100156991,9.82533030860188));
#3135=CARTESIAN_POINT('',(41.944023884252,-51.5696100156967,3.40144506284812));
#3136=CARTESIAN_POINT('',(32.2096333313372,-51.5696100156992,9.82533030860193));
#3137=CARTESIAN_POINT('',(20.8364641471328,-51.5696100156967,9.82533030860198));
#3138=CARTESIAN_POINT('',(32.2096333313371,-51.5696100156992,-4.52716513218832));
#3139=CARTESIAN_POINT('',(32.2096333313372,-51.5696100156967,10.0776927832433));
#3140=CARTESIAN_POINT('',(41.944023884252,-51.5696100156991,-4.52716513218837));
#3141=CARTESIAN_POINT('',(16.4692688706753,-51.5696100156967,-4.52716513218825));
#3142=CARTESIAN_POINT('',(41.944023884252,-51.5696100156997,-3.00000004470358));
#3143=CARTESIAN_POINT('',(41.944023884252,-51.5696100156967,3.40144506284812));
#3144=CARTESIAN_POINT('',(40.944023884252,-51.5696100156997,-3.00000004470358));
#3145=CARTESIAN_POINT('',(21.6144525253818,-51.5696100156967,-3.00000004470358));
#3146=CARTESIAN_POINT('',(40.944023884252,-51.5696100156991,-3.52716513218837));
#3147=CARTESIAN_POINT('',(40.944023884252,-51.5696100156967,3.40144506284812));
#3148=CARTESIAN_POINT('',(33.2096333313371,-51.5696100156992,-3.52716513218833));
#3149=CARTESIAN_POINT('',(16.4692688706753,-51.5696100156967,-3.52716513218825));
#3150=CARTESIAN_POINT('',(33.2096333313372,-51.5696100156992,8.82533030860192));
#3151=CARTESIAN_POINT('',(33.2096333313372,-51.5696100156967,10.0776927832433));
#3152=CARTESIAN_POINT('',(40.944023884252,-51.5696100156991,8.82533030860188));
#3153=CARTESIAN_POINT('',(20.8364641471328,-51.5696100156967,8.82533030860198));
#3154=CARTESIAN_POINT('',(40.944023884252,-51.5696100156967,3.40144506284812));
#3155=CARTESIAN_POINT('Origin',(43.0000006407499,-51.5696100156997,-3.00000004470358));
#3156=CARTESIAN_POINT('',(40.9440238842519,-42.8696100156965,-3.00000004470356));
#3157=CARTESIAN_POINT('',(40.9440238842519,-47.2196100156981,-3.00000004470357));
#3158=CARTESIAN_POINT('',(41.9440238842519,-42.8696100156965,-3.00000004470356));
#3159=CARTESIAN_POINT('',(41.9440238842519,-47.2196100156981,-3.00000004470357));
#3160=CARTESIAN_POINT('',(40.0384146242721,-42.8696100156966,-3.00000004470356));
#3161=CARTESIAN_POINT('Origin',(40.735381903264,-51.5696100156997,8.31661592322198));
#3162=CARTESIAN_POINT('',(40.944023884252,-42.8696100156966,8.31661592322199));
#3163=CARTESIAN_POINT('',(40.944023884252,-47.2196100156981,8.31661592322198));
#3164=CARTESIAN_POINT('',(41.944023884252,-42.8696100156965,8.31661592322199));
#3165=CARTESIAN_POINT('',(38.9061052555291,-42.8696100156966,8.31661592322199));
#3166=CARTESIAN_POINT('',(41.944023884252,-47.2196100156981,8.31661592322198));
#3167=CARTESIAN_POINT('Origin',(40.9440238842519,-42.8696100156965,-4.02716513218834));
#3168=CARTESIAN_POINT('',(40.9440238842519,-42.8696100156965,-3.52716513218834));
#3169=CARTESIAN_POINT('',(40.9440238842519,-42.8696100156965,-0.689041271990774));
#3170=CARTESIAN_POINT('',(40.9440238842519,-42.8696100156966,-3.52716513218834));
#3171=CARTESIAN_POINT('Origin',(40.9440238842519,-42.8696100156965,-4.02716513218834));
#3172=CARTESIAN_POINT('',(40.944023884252,-42.8696100156966,8.82533030860191));
#3173=CARTESIAN_POINT('',(40.944023884252,-42.8696100156966,8.82533030860191));
#3174=CARTESIAN_POINT('',(40.9440238842519,-42.8696100156965,-0.689041271990774));
#3175=CARTESIAN_POINT('Origin',(41.9440238842519,-42.8696100156965,-4.02716513218834));
#3176=CARTESIAN_POINT('',(41.9440238842519,-42.8696100156965,-4.52716513218834));
#3177=CARTESIAN_POINT('',(41.9440238842519,-42.8696100156966,-4.52716513218834));
#3178=CARTESIAN_POINT('',(41.9440238842519,-42.8696100156965,-0.689041271990778));
#3179=CARTESIAN_POINT('Origin',(32.709633331337,-42.8696100156967,-3.5271651321883));
#3180=CARTESIAN_POINT('',(33.209633331337,-42.8696100156967,-3.5271651321883));
#3181=CARTESIAN_POINT('',(34.8932309695658,-42.8696100156967,-3.52716513218831));
#3182=CARTESIAN_POINT('',(33.209633331337,-42.8696100156967,-3.5271651321883));
#3183=CARTESIAN_POINT('Origin',(32.709633331337,-42.8696100156967,-4.5271651321883));
#3184=CARTESIAN_POINT('',(32.209633331337,-42.8696100156967,-4.5271651321883));
#3185=CARTESIAN_POINT('',(32.209633331337,-42.8696100156967,-4.5271651321883));
#3186=CARTESIAN_POINT('',(34.8932309695658,-42.8696100156967,-4.52716513218831));
#3187=CARTESIAN_POINT('Origin',(32.2096333313371,-42.8696100156968,9.32533030860196));
#3188=CARTESIAN_POINT('',(32.2096333313371,-42.8696100156968,9.82533030860196));
#3189=CARTESIAN_POINT('',(32.2096333313371,-42.8696100156967,9.82533030860196));
#3190=CARTESIAN_POINT('',(32.2096333313371,-42.8696100156968,5.98720644840439));
#3191=CARTESIAN_POINT('Origin',(41.444023884252,-42.8696100156966,8.82533030860191));
#3192=CARTESIAN_POINT('',(33.2096333313371,-42.8696100156967,8.82533030860195));
#3193=CARTESIAN_POINT('',(33.2096333313371,-42.8696100156967,8.82533030860195));
#3194=CARTESIAN_POINT('',(39.2604262460233,-42.8696100156966,8.82533030860192));
#3195=CARTESIAN_POINT('Origin',(33.2096333313371,-42.8696100156968,9.32533030860195));
#3196=CARTESIAN_POINT('',(33.2096333313371,-42.8696100156967,5.98720644840439));
#3197=CARTESIAN_POINT('Origin',(41.444023884252,-42.8696100156966,9.82533030860191));
#3198=CARTESIAN_POINT('',(41.944023884252,-42.8696100156965,9.82533030860191));
#3199=CARTESIAN_POINT('',(41.944023884252,-42.8696100156966,9.82533030860191));
#3200=CARTESIAN_POINT('',(39.2604262460233,-42.8696100156966,9.82533030860192));
#3201=CARTESIAN_POINT('Origin',(41.9440238842519,-42.8696100156965,-4.02716513218834));
#3202=CARTESIAN_POINT('',(41.9440238842519,-42.8696100156965,-0.689041271990778));
#3203=CARTESIAN_POINT('Origin',(37.0768286077945,-42.8696100156966,2.64908258820681));
#3204=CARTESIAN_POINT('Origin',(19.0000002831221,-44.0696100157061,-24.5000003725291));
#3205=CARTESIAN_POINT('',(32.5000004917383,-51.5696100156998,-24.5000003725291));
#3206=CARTESIAN_POINT('',(19.5000002831221,-51.5696100156998,-24.5000003725291));
#3207=CARTESIAN_POINT('',(9.61445234656786,-51.5696100156968,-24.5000003725291));
#3208=CARTESIAN_POINT('',(32.5000004917383,-44.0696100157058,-24.5000003725291));
#3209=CARTESIAN_POINT('',(32.5000004917383,-44.069610015706,-24.5000003725291));
#3210=CARTESIAN_POINT('',(19.5000002831221,-44.0696100157061,-24.5000003725291));
#3211=CARTESIAN_POINT('',(22.5000003352761,-44.0696100157061,-24.5000003725291));
#3212=CARTESIAN_POINT('',(19.5000002831221,-44.0696100157061,-24.5000003725291));
#3213=CARTESIAN_POINT('Origin',(32.5000004917383,-44.0696100157058,-25.0000003725291));
#3214=CARTESIAN_POINT('',(32.5000004917383,-51.5696100156998,-21.5000003129245));
#3215=CARTESIAN_POINT('',(32.5000004917383,-51.5696100156968,-7.08497255732217));
#3216=CARTESIAN_POINT('',(32.5000004917383,-44.0696100157058,-21.5000003129245));
#3217=CARTESIAN_POINT('',(32.5000004917383,-44.0696100157058,-21.5000003129245));
#3218=CARTESIAN_POINT('',(32.5000004917383,-44.0696100157059,-24.0000003576279));
#3219=CARTESIAN_POINT('Origin',(19.0000002831221,-44.0696100157061,-25.5000003725291));
#3220=CARTESIAN_POINT('',(18.5000002831221,-44.0696100157061,-25.5000003725291));
#3221=CARTESIAN_POINT('',(18.5000002831221,-44.0696100157061,-25.5000003725291));
#3222=CARTESIAN_POINT('',(33.5000004917383,-44.0696100157058,-25.5000003725291));
#3223=CARTESIAN_POINT('',(22.5000003352761,-44.0696100157061,-25.5000003725291));
#3224=CARTESIAN_POINT('',(33.5000004917383,-44.069610015706,-25.5000003725291));
#3225=CARTESIAN_POINT('Origin',(18.5000002831221,-44.0696100157061,-21.0000003129245));
#3226=CARTESIAN_POINT('',(18.5000002831221,-44.0696100157061,-20.5000003129245));
#3227=CARTESIAN_POINT('',(18.5000002831221,-44.069610015706,-20.5000003129245));
#3228=CARTESIAN_POINT('',(18.5000002831221,-44.0696100157061,-22.0000003278256));
#3229=CARTESIAN_POINT('Origin',(33.0000004917383,-44.0696100157058,-21.5000003129245));
#3230=CARTESIAN_POINT('',(19.5000002831221,-51.5696100156998,-21.5000003129245));
#3231=CARTESIAN_POINT('',(16.614452450876,-51.5696100156968,-21.5000003129245));
#3232=CARTESIAN_POINT('',(19.5000002831221,-44.0696100157061,-21.5000003129245));
#3233=CARTESIAN_POINT('',(19.5000002831221,-44.069610015706,-21.5000003129245));
#3234=CARTESIAN_POINT('',(29.5000004395843,-44.0696100157059,-21.5000003129245));
#3235=CARTESIAN_POINT('Origin',(19.5000002831221,-44.0696100157061,-21.0000003129245));
#3236=CARTESIAN_POINT('',(19.5000002831221,-51.5696100156967,-5.08497252751984));
#3237=CARTESIAN_POINT('',(19.5000002831221,-44.0696100157061,-22.0000003278256));
#3238=CARTESIAN_POINT('Origin',(33.0000004917383,-44.0696100157058,-20.5000003129245));
#3239=CARTESIAN_POINT('',(33.5000004917383,-44.0696100157058,-20.5000003129245));
#3240=CARTESIAN_POINT('',(33.5000004917383,-44.0696100157058,-20.5000003129245));
#3241=CARTESIAN_POINT('',(29.5000004395843,-44.0696100157059,-20.5000003129245));
#3242=CARTESIAN_POINT('Origin',(33.5000004917383,-44.0696100157058,-25.0000003725291));
#3243=CARTESIAN_POINT('',(33.5000004917383,-44.0696100157058,-24.0000003576279));
#3244=CARTESIAN_POINT('Origin',(26.0000003874302,-44.069610015706,-23.0000003427268));
#3245=CARTESIAN_POINT('Origin',(0.228904410013664,-51.5696100156967,10.8300552578848));
#3246=CARTESIAN_POINT('Origin',(45.6124825027808,-53.5696100156967,48.4739583812178));
#3247=CARTESIAN_POINT('',(45.6124825027808,-53.5696100156967,48.4739583812178));
#3248=CARTESIAN_POINT('',(45.6124825027808,-53.5696100156968,-26.8138478654483));
#3249=CARTESIAN_POINT('',(45.6124825027808,-53.5696100156967,48.4739583812178));
#3250=CARTESIAN_POINT('',(45.6124825027808,-53.5696100156968,-26.8138478654483));
#3251=CARTESIAN_POINT('',(45.6124825027808,-53.5696100156967,48.4739583812178));
#3252=CARTESIAN_POINT('Origin',(-45.1546736827535,-53.5696100156967,48.4739583812178));
#3253=CARTESIAN_POINT('',(-45.1546736827535,-53.5696100156967,48.4739583812178));
#3254=CARTESIAN_POINT('',(-45.1546736827535,-53.5696100156967,48.4739583812178));
#3255=CARTESIAN_POINT('',(-45.1546736827535,-53.5696100156967,48.4739583812178));
#3256=CARTESIAN_POINT('Origin',(-45.1546736827535,-53.5696100156968,-26.8138478654483));
#3257=CARTESIAN_POINT('',(-45.1546736827535,-53.5696100156968,-26.8138478654483));
#3258=CARTESIAN_POINT('',(-45.1546736827535,-53.5696100156968,-26.8138478654483));
#3259=CARTESIAN_POINT('',(-45.1546736827535,-53.5696100156968,-26.8138478654483));
#3260=CARTESIAN_POINT('Origin',(45.6124825027808,-53.5696100156968,-26.8138478654483));
#3261=CARTESIAN_POINT('',(45.6124825027808,-53.5696100156968,-26.8138478654483));
#3262=CARTESIAN_POINT('Origin',(0.228904410013667,-53.5696100156967,10.8300552578848));
#3263=CARTESIAN_POINT('Origin',(0.228904410013664,-51.5696100156967,10.8300552578848));
#3264=UNCERTAINTY_MEASURE_WITH_UNIT(LENGTH_MEASURE(0.01),#3268,
'DISTANCE_ACCURACY_VALUE',
'Maximum model space distance between geometric entities at asserted c
onnectivities');
#3265=UNCERTAINTY_MEASURE_WITH_UNIT(LENGTH_MEASURE(0.01),#3268,
'DISTANCE_ACCURACY_VALUE',
'Maximum model space distance between geometric entities at asserted c
onnectivities');
#3266=(
GEOMETRIC_REPRESENTATION_CONTEXT(3)
GLOBAL_UNCERTAINTY_ASSIGNED_CONTEXT((#3264))
GLOBAL_UNIT_ASSIGNED_CONTEXT((#3268,#3270,#3271))
REPRESENTATION_CONTEXT('','3D')
);
#3267=(
GEOMETRIC_REPRESENTATION_CONTEXT(3)
GLOBAL_UNCERTAINTY_ASSIGNED_CONTEXT((#3265))
GLOBAL_UNIT_ASSIGNED_CONTEXT((#3268,#3270,#3271))
REPRESENTATION_CONTEXT('','3D')
);
#3268=(
LENGTH_UNIT()
NAMED_UNIT(*)
SI_UNIT(.MILLI.,.METRE.)
);
#3269=(
LENGTH_UNIT()
NAMED_UNIT(*)
SI_UNIT($,.METRE.)
);
#3270=(
NAMED_UNIT(*)
PLANE_ANGLE_UNIT()
SI_UNIT($,.RADIAN.)
);
#3271=(
NAMED_UNIT(*)
SI_UNIT($,.STERADIAN.)
SOLID_ANGLE_UNIT()
);
#3272=SHAPE_DEFINITION_REPRESENTATION(#3273,#3274);
#3273=PRODUCT_DEFINITION_SHAPE('',$,#3276);
#3274=SHAPE_REPRESENTATION('',(#2034),#3266);
#3275=PRODUCT_DEFINITION_CONTEXT('part definition',#3280,'design');
#3276=PRODUCT_DEFINITION('2026-08-16-18-40-11-067','\X2\041A0440044B0448043A0430\X0\',
#3277,#3275);
#3277=PRODUCT_DEFINITION_FORMATION('',$,#3282);
#3278=PRODUCT_RELATED_PRODUCT_CATEGORY('\X2\041A0440044B0448043A0430\X0\',
'\X2\041A0440044B0448043A0430\X0\',(#3282));
#3279=APPLICATION_PROTOCOL_DEFINITION('international standard',
'automotive_design',2009,#3280);
#3280=APPLICATION_CONTEXT(
'Core Data for Automotive Mechanical Design Process');
#3281=PRODUCT_CONTEXT('part definition',#3280,'mechanical');
#3282=PRODUCT('2026-08-16-18-40-11-067','\X2\041A0440044B0448043A0430\X0\',
$,(#3281));
#3283=PRESENTATION_STYLE_ASSIGNMENT((#3284));
#3284=SURFACE_STYLE_USAGE(.BOTH.,#3285);
#3285=SURFACE_SIDE_STYLE('',(#3286));
#3286=SURFACE_STYLE_FILL_AREA(#3287);
#3287=FILL_AREA_STYLE('\X2\042104420430043B044C\X0\ \X2\2014\X0\ \X2\0441043004420438043D04380440043E04320430043D043D0430044F\X0\',
(#3288));
#3288=FILL_AREA_STYLE_COLOUR(
'\X2\042104420430043B044C\X0\ \X2\2014\X0\ \X2\0441043004420438043D04380440043E04320430043D043D0430044F\X0\',
#3289);
#3289=COLOUR_RGB('\X2\042104420430043B044C\X0\ \X2\2014\X0\ \X2\0441043004420438043D04380440043E04320430043D043D0430044F\X0\',
0.627450980392157,0.627450980392157,0.627450980392157);
ENDSEC;
END-ISO-10303-21;
