ISO-10303-21;
HEADER;
/* Generated by software containing ST-Developer
 * from STEP Tools, Inc. (www.steptools.com) 
 */

FILE_DESCRIPTION(
/* description */ (''),
/* implementation_level */ '2;1');

FILE_NAME(
/* name */ '',
/* time_stamp */ '2026-08-16T23:44:32+05:00',
/* author */ (''),
/* organization */ (''),
/* preprocessor_version */ 'ST-DEVELOPER v20.1',
/* originating_system */ 'Autodesk Translation Framework v15.8.0.0',
/* authorisation */ '');

FILE_SCHEMA (('AUTOMOTIVE_DESIGN { 1 0 10303 214 3 1 1 }'));
ENDSEC;

DATA;
#10=MECHANICAL_DESIGN_GEOMETRIC_PRESENTATION_REPRESENTATION('',(#13),#4854);
#11=SHAPE_REPRESENTATION_RELATIONSHIP('SRR','None',#4861,#12);
#12=ADVANCED_BREP_SHAPE_REPRESENTATION('',(#14),#4853);
#13=STYLED_ITEM('',(#4870),#14);
#14=MANIFOLD_SOLID_BREP('Body1',#3029);
#15=FACE_BOUND('',#236,.T.);
#16=FACE_BOUND('',#237,.T.);
#17=FACE_BOUND('',#238,.T.);
#18=FACE_BOUND('',#239,.T.);
#19=FACE_BOUND('',#251,.T.);
#20=FACE_BOUND('',#329,.T.);
#21=FACE_BOUND('',#332,.T.);
#22=FACE_BOUND('',#333,.T.);
#23=FACE_BOUND('',#334,.T.);
#24=CYLINDRICAL_SURFACE('',#3057,1.65);
#25=CYLINDRICAL_SURFACE('',#3089,1.65);
#26=CYLINDRICAL_SURFACE('',#3109,1.65);
#27=CYLINDRICAL_SURFACE('',#3132,1.65);
#28=CYLINDRICAL_SURFACE('',#3141,1.5);
#29=CYLINDRICAL_SURFACE('',#3144,1.5);
#30=CYLINDRICAL_SURFACE('',#3156,0.800000000000001);
#31=CYLINDRICAL_SURFACE('',#3170,0.800000000000001);
#32=CIRCLE('',#3054,1.65);
#33=CIRCLE('',#3056,1.65);
#34=CIRCLE('',#3058,1.65);
#35=CIRCLE('',#3059,1.65);
#36=CIRCLE('',#3060,1.65);
#37=CIRCLE('',#3061,1.65);
#38=CIRCLE('',#3070,0.800000000000001);
#39=CIRCLE('',#3071,0.800000000000001);
#40=CIRCLE('',#3072,1.5);
#41=CIRCLE('',#3073,1.5);
#42=CIRCLE('',#3081,1.65);
#43=CIRCLE('',#3083,1.65);
#44=CIRCLE('',#3085,1.65);
#45=CIRCLE('',#3087,1.65);
#46=CIRCLE('',#3090,1.65);
#47=CIRCLE('',#3091,1.65);
#48=CIRCLE('',#3104,1.65);
#49=CIRCLE('',#3106,1.65);
#50=CIRCLE('',#3110,1.65);
#51=CIRCLE('',#3111,1.65);
#52=CIRCLE('',#3123,1.65);
#53=CIRCLE('',#3125,1.65);
#54=CIRCLE('',#3128,1.65);
#55=CIRCLE('',#3130,1.65);
#56=CIRCLE('',#3133,1.65);
#57=CIRCLE('',#3134,1.65);
#58=CIRCLE('',#3142,1.5);
#59=CIRCLE('',#3145,1.5);
#60=CIRCLE('',#3150,0.800000000000001);
#61=CIRCLE('',#3157,0.800000000000001);
#62=FACE_OUTER_BOUND('',#215,.T.);
#63=FACE_OUTER_BOUND('',#216,.T.);
#64=FACE_OUTER_BOUND('',#217,.T.);
#65=FACE_OUTER_BOUND('',#218,.T.);
#66=FACE_OUTER_BOUND('',#219,.T.);
#67=FACE_OUTER_BOUND('',#220,.T.);
#68=FACE_OUTER_BOUND('',#221,.T.);
#69=FACE_OUTER_BOUND('',#222,.T.);
#70=FACE_OUTER_BOUND('',#223,.T.);
#71=FACE_OUTER_BOUND('',#224,.T.);
#72=FACE_OUTER_BOUND('',#225,.T.);
#73=FACE_OUTER_BOUND('',#226,.T.);
#74=FACE_OUTER_BOUND('',#227,.T.);
#75=FACE_OUTER_BOUND('',#228,.T.);
#76=FACE_OUTER_BOUND('',#229,.T.);
#77=FACE_OUTER_BOUND('',#230,.T.);
#78=FACE_OUTER_BOUND('',#231,.T.);
#79=FACE_OUTER_BOUND('',#232,.T.);
#80=FACE_OUTER_BOUND('',#233,.T.);
#81=FACE_OUTER_BOUND('',#234,.T.);
#82=FACE_OUTER_BOUND('',#235,.T.);
#83=FACE_OUTER_BOUND('',#240,.T.);
#84=FACE_OUTER_BOUND('',#241,.T.);
#85=FACE_OUTER_BOUND('',#242,.T.);
#86=FACE_OUTER_BOUND('',#243,.T.);
#87=FACE_OUTER_BOUND('',#244,.T.);
#88=FACE_OUTER_BOUND('',#245,.T.);
#89=FACE_OUTER_BOUND('',#246,.T.);
#90=FACE_OUTER_BOUND('',#247,.T.);
#91=FACE_OUTER_BOUND('',#248,.T.);
#92=FACE_OUTER_BOUND('',#249,.T.);
#93=FACE_OUTER_BOUND('',#250,.T.);
#94=FACE_OUTER_BOUND('',#252,.T.);
#95=FACE_OUTER_BOUND('',#253,.T.);
#96=FACE_OUTER_BOUND('',#254,.T.);
#97=FACE_OUTER_BOUND('',#255,.T.);
#98=FACE_OUTER_BOUND('',#256,.T.);
#99=FACE_OUTER_BOUND('',#257,.T.);
#100=FACE_OUTER_BOUND('',#258,.T.);
#101=FACE_OUTER_BOUND('',#259,.T.);
#102=FACE_OUTER_BOUND('',#260,.T.);
#103=FACE_OUTER_BOUND('',#261,.T.);
#104=FACE_OUTER_BOUND('',#262,.T.);
#105=FACE_OUTER_BOUND('',#263,.T.);
#106=FACE_OUTER_BOUND('',#264,.T.);
#107=FACE_OUTER_BOUND('',#265,.T.);
#108=FACE_OUTER_BOUND('',#266,.T.);
#109=FACE_OUTER_BOUND('',#267,.T.);
#110=FACE_OUTER_BOUND('',#268,.T.);
#111=FACE_OUTER_BOUND('',#269,.T.);
#112=FACE_OUTER_BOUND('',#270,.T.);
#113=FACE_OUTER_BOUND('',#271,.T.);
#114=FACE_OUTER_BOUND('',#272,.T.);
#115=FACE_OUTER_BOUND('',#273,.T.);
#116=FACE_OUTER_BOUND('',#274,.T.);
#117=FACE_OUTER_BOUND('',#275,.T.);
#118=FACE_OUTER_BOUND('',#276,.T.);
#119=FACE_OUTER_BOUND('',#277,.T.);
#120=FACE_OUTER_BOUND('',#278,.T.);
#121=FACE_OUTER_BOUND('',#279,.T.);
#122=FACE_OUTER_BOUND('',#280,.T.);
#123=FACE_OUTER_BOUND('',#281,.T.);
#124=FACE_OUTER_BOUND('',#282,.T.);
#125=FACE_OUTER_BOUND('',#283,.T.);
#126=FACE_OUTER_BOUND('',#284,.T.);
#127=FACE_OUTER_BOUND('',#285,.T.);
#128=FACE_OUTER_BOUND('',#286,.T.);
#129=FACE_OUTER_BOUND('',#287,.T.);
#130=FACE_OUTER_BOUND('',#288,.T.);
#131=FACE_OUTER_BOUND('',#289,.T.);
#132=FACE_OUTER_BOUND('',#290,.T.);
#133=FACE_OUTER_BOUND('',#291,.T.);
#134=FACE_OUTER_BOUND('',#292,.T.);
#135=FACE_OUTER_BOUND('',#293,.T.);
#136=FACE_OUTER_BOUND('',#294,.T.);
#137=FACE_OUTER_BOUND('',#295,.T.);
#138=FACE_OUTER_BOUND('',#296,.T.);
#139=FACE_OUTER_BOUND('',#297,.T.);
#140=FACE_OUTER_BOUND('',#298,.T.);
#141=FACE_OUTER_BOUND('',#299,.T.);
#142=FACE_OUTER_BOUND('',#300,.T.);
#143=FACE_OUTER_BOUND('',#301,.T.);
#144=FACE_OUTER_BOUND('',#302,.T.);
#145=FACE_OUTER_BOUND('',#303,.T.);
#146=FACE_OUTER_BOUND('',#304,.T.);
#147=FACE_OUTER_BOUND('',#305,.T.);
#148=FACE_OUTER_BOUND('',#306,.T.);
#149=FACE_OUTER_BOUND('',#307,.T.);
#150=FACE_OUTER_BOUND('',#308,.T.);
#151=FACE_OUTER_BOUND('',#309,.T.);
#152=FACE_OUTER_BOUND('',#310,.T.);
#153=FACE_OUTER_BOUND('',#311,.T.);
#154=FACE_OUTER_BOUND('',#312,.T.);
#155=FACE_OUTER_BOUND('',#313,.T.);
#156=FACE_OUTER_BOUND('',#314,.T.);
#157=FACE_OUTER_BOUND('',#315,.T.);
#158=FACE_OUTER_BOUND('',#316,.T.);
#159=FACE_OUTER_BOUND('',#317,.T.);
#160=FACE_OUTER_BOUND('',#318,.T.);
#161=FACE_OUTER_BOUND('',#319,.T.);
#162=FACE_OUTER_BOUND('',#320,.T.);
#163=FACE_OUTER_BOUND('',#321,.T.);
#164=FACE_OUTER_BOUND('',#322,.T.);
#165=FACE_OUTER_BOUND('',#323,.T.);
#166=FACE_OUTER_BOUND('',#324,.T.);
#167=FACE_OUTER_BOUND('',#325,.T.);
#168=FACE_OUTER_BOUND('',#326,.T.);
#169=FACE_OUTER_BOUND('',#327,.T.);
#170=FACE_OUTER_BOUND('',#328,.T.);
#171=FACE_OUTER_BOUND('',#330,.T.);
#172=FACE_OUTER_BOUND('',#331,.T.);
#173=FACE_OUTER_BOUND('',#335,.T.);
#174=FACE_OUTER_BOUND('',#336,.T.);
#175=FACE_OUTER_BOUND('',#337,.T.);
#176=FACE_OUTER_BOUND('',#338,.T.);
#177=FACE_OUTER_BOUND('',#339,.T.);
#178=FACE_OUTER_BOUND('',#340,.T.);
#179=FACE_OUTER_BOUND('',#341,.T.);
#180=FACE_OUTER_BOUND('',#342,.T.);
#181=FACE_OUTER_BOUND('',#343,.T.);
#182=FACE_OUTER_BOUND('',#344,.T.);
#183=FACE_OUTER_BOUND('',#345,.T.);
#184=FACE_OUTER_BOUND('',#346,.T.);
#185=FACE_OUTER_BOUND('',#347,.T.);
#186=FACE_OUTER_BOUND('',#348,.T.);
#187=FACE_OUTER_BOUND('',#349,.T.);
#188=FACE_OUTER_BOUND('',#350,.T.);
#189=FACE_OUTER_BOUND('',#351,.T.);
#190=FACE_OUTER_BOUND('',#352,.T.);
#191=FACE_OUTER_BOUND('',#353,.T.);
#192=FACE_OUTER_BOUND('',#354,.T.);
#193=FACE_OUTER_BOUND('',#355,.T.);
#194=FACE_OUTER_BOUND('',#356,.T.);
#195=FACE_OUTER_BOUND('',#357,.T.);
#196=FACE_OUTER_BOUND('',#358,.T.);
#197=FACE_OUTER_BOUND('',#359,.T.);
#198=FACE_OUTER_BOUND('',#360,.T.);
#199=FACE_OUTER_BOUND('',#361,.T.);
#200=FACE_OUTER_BOUND('',#362,.T.);
#201=FACE_OUTER_BOUND('',#363,.T.);
#202=FACE_OUTER_BOUND('',#364,.T.);
#203=FACE_OUTER_BOUND('',#365,.T.);
#204=FACE_OUTER_BOUND('',#366,.T.);
#205=FACE_OUTER_BOUND('',#367,.T.);
#206=FACE_OUTER_BOUND('',#368,.T.);
#207=FACE_OUTER_BOUND('',#369,.T.);
#208=FACE_OUTER_BOUND('',#370,.T.);
#209=FACE_OUTER_BOUND('',#371,.T.);
#210=FACE_OUTER_BOUND('',#372,.T.);
#211=FACE_OUTER_BOUND('',#373,.T.);
#212=FACE_OUTER_BOUND('',#374,.T.);
#213=FACE_OUTER_BOUND('',#375,.T.);
#214=FACE_OUTER_BOUND('',#376,.T.);
#215=EDGE_LOOP('',(#1877,#1878,#1879,#1880));
#216=EDGE_LOOP('',(#1881,#1882,#1883,#1884));
#217=EDGE_LOOP('',(#1885,#1886,#1887,#1888));
#218=EDGE_LOOP('',(#1889,#1890,#1891,#1892));
#219=EDGE_LOOP('',(#1893,#1894,#1895,#1896));
#220=EDGE_LOOP('',(#1897,#1898,#1899,#1900));
#221=EDGE_LOOP('',(#1901,#1902,#1903,#1904));
#222=EDGE_LOOP('',(#1905,#1906,#1907,#1908));
#223=EDGE_LOOP('',(#1909,#1910,#1911,#1912));
#224=EDGE_LOOP('',(#1913,#1914,#1915,#1916));
#225=EDGE_LOOP('',(#1917,#1918,#1919,#1920,#1921));
#226=EDGE_LOOP('',(#1922,#1923,#1924,#1925,#1926));
#227=EDGE_LOOP('',(#1927,#1928,#1929,#1930,#1931,#1932,#1933,#1934));
#228=EDGE_LOOP('',(#1935,#1936,#1937,#1938));
#229=EDGE_LOOP('',(#1939,#1940,#1941,#1942));
#230=EDGE_LOOP('',(#1943,#1944));
#231=EDGE_LOOP('',(#1945,#1946));
#232=EDGE_LOOP('',(#1947,#1948,#1949,#1950,#1951));
#233=EDGE_LOOP('',(#1952,#1953,#1954,#1955));
#234=EDGE_LOOP('',(#1956,#1957,#1958,#1959));
#235=EDGE_LOOP('',(#1960,#1961,#1962,#1963,#1964,#1965,#1966,#1967,#1968,
#1969,#1970,#1971,#1972,#1973,#1974,#1975,#1976,#1977,#1978,#1979,#1980,
#1981,#1982,#1983,#1984,#1985,#1986,#1987,#1988,#1989,#1990,#1991,#1992,
#1993,#1994,#1995,#1996,#1997,#1998,#1999,#2000,#2001,#2002,#2003,#2004,
#2005,#2006,#2007,#2008,#2009,#2010,#2011,#2012,#2013,#2014,#2015,#2016,
#2017,#2018,#2019,#2020,#2021,#2022,#2023,#2024,#2025));
#236=EDGE_LOOP('',(#2026,#2027,#2028,#2029));
#237=EDGE_LOOP('',(#2030,#2031,#2032,#2033));
#238=EDGE_LOOP('',(#2034));
#239=EDGE_LOOP('',(#2035));
#240=EDGE_LOOP('',(#2036,#2037,#2038,#2039));
#241=EDGE_LOOP('',(#2040,#2041,#2042,#2043));
#242=EDGE_LOOP('',(#2044,#2045,#2046,#2047));
#243=EDGE_LOOP('',(#2048,#2049,#2050,#2051,#2052,#2053));
#244=EDGE_LOOP('',(#2054,#2055,#2056,#2057));
#245=EDGE_LOOP('',(#2058,#2059,#2060,#2061));
#246=EDGE_LOOP('',(#2062,#2063,#2064,#2065,#2066));
#247=EDGE_LOOP('',(#2067,#2068,#2069,#2070,#2071));
#248=EDGE_LOOP('',(#2072,#2073,#2074,#2075,#2076));
#249=EDGE_LOOP('',(#2077,#2078,#2079,#2080,#2081));
#250=EDGE_LOOP('',(#2082,#2083,#2084,#2085));
#251=EDGE_LOOP('',(#2086,#2087,#2088,#2089,#2090,#2091,#2092,#2093));
#252=EDGE_LOOP('',(#2094,#2095,#2096,#2097,#2098,#2099,#2100,#2101));
#253=EDGE_LOOP('',(#2102,#2103,#2104,#2105));
#254=EDGE_LOOP('',(#2106,#2107,#2108,#2109));
#255=EDGE_LOOP('',(#2110,#2111));
#256=EDGE_LOOP('',(#2112,#2113));
#257=EDGE_LOOP('',(#2114,#2115,#2116,#2117,#2118,#2119,#2120,#2121,#2122,
#2123,#2124,#2125));
#258=EDGE_LOOP('',(#2126,#2127,#2128,#2129,#2130,#2131));
#259=EDGE_LOOP('',(#2132,#2133,#2134,#2135));
#260=EDGE_LOOP('',(#2136,#2137,#2138,#2139));
#261=EDGE_LOOP('',(#2140,#2141,#2142,#2143));
#262=EDGE_LOOP('',(#2144,#2145,#2146,#2147));
#263=EDGE_LOOP('',(#2148,#2149,#2150,#2151));
#264=EDGE_LOOP('',(#2152,#2153,#2154,#2155,#2156));
#265=EDGE_LOOP('',(#2157,#2158,#2159,#2160,#2161));
#266=EDGE_LOOP('',(#2162,#2163,#2164,#2165,#2166,#2167,#2168,#2169,#2170,
#2171));
#267=EDGE_LOOP('',(#2172,#2173,#2174,#2175));
#268=EDGE_LOOP('',(#2176,#2177,#2178,#2179,#2180,#2181));
#269=EDGE_LOOP('',(#2182,#2183,#2184,#2185));
#270=EDGE_LOOP('',(#2186,#2187,#2188,#2189));
#271=EDGE_LOOP('',(#2190,#2191));
#272=EDGE_LOOP('',(#2192,#2193,#2194,#2195));
#273=EDGE_LOOP('',(#2196,#2197,#2198,#2199));
#274=EDGE_LOOP('',(#2200,#2201,#2202,#2203));
#275=EDGE_LOOP('',(#2204,#2205,#2206,#2207));
#276=EDGE_LOOP('',(#2208,#2209,#2210,#2211,#2212,#2213,#2214,#2215,#2216,
#2217,#2218,#2219,#2220,#2221));
#277=EDGE_LOOP('',(#2222,#2223,#2224,#2225));
#278=EDGE_LOOP('',(#2226,#2227,#2228,#2229));
#279=EDGE_LOOP('',(#2230,#2231,#2232,#2233,#2234));
#280=EDGE_LOOP('',(#2235,#2236,#2237,#2238,#2239));
#281=EDGE_LOOP('',(#2240,#2241,#2242,#2243));
#282=EDGE_LOOP('',(#2244,#2245,#2246,#2247,#2248));
#283=EDGE_LOOP('',(#2249,#2250,#2251,#2252,#2253));
#284=EDGE_LOOP('',(#2254,#2255,#2256,#2257,#2258,#2259,#2260,#2261,#2262,
#2263,#2264,#2265,#2266));
#285=EDGE_LOOP('',(#2267,#2268,#2269,#2270,#2271,#2272,#2273,#2274));
#286=EDGE_LOOP('',(#2275,#2276,#2277,#2278));
#287=EDGE_LOOP('',(#2279,#2280,#2281,#2282));
#288=EDGE_LOOP('',(#2283,#2284));
#289=EDGE_LOOP('',(#2285,#2286));
#290=EDGE_LOOP('',(#2287,#2288,#2289,#2290));
#291=EDGE_LOOP('',(#2291,#2292,#2293,#2294));
#292=EDGE_LOOP('',(#2295,#2296,#2297,#2298));
#293=EDGE_LOOP('',(#2299));
#294=EDGE_LOOP('',(#2300,#2301,#2302,#2303));
#295=EDGE_LOOP('',(#2304));
#296=EDGE_LOOP('',(#2305,#2306,#2307,#2308));
#297=EDGE_LOOP('',(#2309,#2310,#2311,#2312));
#298=EDGE_LOOP('',(#2313,#2314,#2315,#2316,#2317,#2318,#2319,#2320));
#299=EDGE_LOOP('',(#2321,#2322,#2323,#2324));
#300=EDGE_LOOP('',(#2325,#2326,#2327,#2328,#2329));
#301=EDGE_LOOP('',(#2330,#2331,#2332,#2333,#2334));
#302=EDGE_LOOP('',(#2335,#2336,#2337,#2338));
#303=EDGE_LOOP('',(#2339,#2340,#2341,#2342));
#304=EDGE_LOOP('',(#2343,#2344,#2345,#2346));
#305=EDGE_LOOP('',(#2347,#2348,#2349,#2350));
#306=EDGE_LOOP('',(#2351,#2352,#2353,#2354));
#307=EDGE_LOOP('',(#2355,#2356,#2357,#2358));
#308=EDGE_LOOP('',(#2359,#2360,#2361,#2362));
#309=EDGE_LOOP('',(#2363,#2364,#2365,#2366));
#310=EDGE_LOOP('',(#2367,#2368,#2369,#2370,#2371,#2372,#2373,#2374,#2375,
#2376,#2377,#2378));
#311=EDGE_LOOP('',(#2379,#2380,#2381,#2382));
#312=EDGE_LOOP('',(#2383,#2384,#2385,#2386));
#313=EDGE_LOOP('',(#2387,#2388,#2389,#2390));
#314=EDGE_LOOP('',(#2391,#2392,#2393,#2394));
#315=EDGE_LOOP('',(#2395,#2396,#2397,#2398));
#316=EDGE_LOOP('',(#2399,#2400,#2401,#2402));
#317=EDGE_LOOP('',(#2403,#2404,#2405,#2406));
#318=EDGE_LOOP('',(#2407,#2408,#2409,#2410));
#319=EDGE_LOOP('',(#2411,#2412,#2413,#2414,#2415,#2416));
#320=EDGE_LOOP('',(#2417,#2418,#2419,#2420));
#321=EDGE_LOOP('',(#2421,#2422,#2423,#2424));
#322=EDGE_LOOP('',(#2425,#2426,#2427,#2428,#2429));
#323=EDGE_LOOP('',(#2430,#2431,#2432,#2433));
#324=EDGE_LOOP('',(#2434,#2435,#2436,#2437));
#325=EDGE_LOOP('',(#2438,#2439,#2440,#2441));
#326=EDGE_LOOP('',(#2442,#2443,#2444,#2445));
#327=EDGE_LOOP('',(#2446,#2447,#2448,#2449));
#328=EDGE_LOOP('',(#2450,#2451,#2452,#2453,#2454,#2455,#2456,#2457,#2458,
#2459,#2460,#2461));
#329=EDGE_LOOP('',(#2462,#2463,#2464,#2465,#2466,#2467,#2468,#2469));
#330=EDGE_LOOP('',(#2470,#2471,#2472,#2473));
#331=EDGE_LOOP('',(#2474,#2475,#2476,#2477,#2478,#2479,#2480,#2481,#2482,
#2483,#2484,#2485,#2486,#2487,#2488,#2489,#2490,#2491,#2492,#2493,#2494,
#2495,#2496,#2497,#2498,#2499,#2500,#2501,#2502,#2503,#2504,#2505,#2506,
#2507));
#332=EDGE_LOOP('',(#2508,#2509,#2510,#2511));
#333=EDGE_LOOP('',(#2512,#2513,#2514,#2515));
#334=EDGE_LOOP('',(#2516,#2517,#2518,#2519));
#335=EDGE_LOOP('',(#2520,#2521,#2522,#2523));
#336=EDGE_LOOP('',(#2524,#2525,#2526,#2527));
#337=EDGE_LOOP('',(#2528,#2529,#2530,#2531));
#338=EDGE_LOOP('',(#2532,#2533,#2534,#2535));
#339=EDGE_LOOP('',(#2536,#2537,#2538,#2539));
#340=EDGE_LOOP('',(#2540,#2541,#2542,#2543));
#341=EDGE_LOOP('',(#2544,#2545,#2546,#2547,#2548,#2549,#2550,#2551));
#342=EDGE_LOOP('',(#2552,#2553,#2554,#2555));
#343=EDGE_LOOP('',(#2556,#2557,#2558,#2559));
#344=EDGE_LOOP('',(#2560,#2561,#2562,#2563));
#345=EDGE_LOOP('',(#2564,#2565,#2566,#2567,#2568,#2569,#2570,#2571,#2572,
#2573));
#346=EDGE_LOOP('',(#2574,#2575,#2576,#2577));
#347=EDGE_LOOP('',(#2578,#2579,#2580,#2581));
#348=EDGE_LOOP('',(#2582,#2583,#2584,#2585));
#349=EDGE_LOOP('',(#2586,#2587,#2588,#2589));
#350=EDGE_LOOP('',(#2590,#2591,#2592,#2593));
#351=EDGE_LOOP('',(#2594,#2595,#2596,#2597));
#352=EDGE_LOOP('',(#2598,#2599,#2600,#2601));
#353=EDGE_LOOP('',(#2602,#2603,#2604,#2605));
#354=EDGE_LOOP('',(#2606,#2607,#2608,#2609));
#355=EDGE_LOOP('',(#2610,#2611,#2612,#2613));
#356=EDGE_LOOP('',(#2614,#2615,#2616,#2617));
#357=EDGE_LOOP('',(#2618,#2619,#2620,#2621,#2622,#2623,#2624,#2625));
#358=EDGE_LOOP('',(#2626,#2627,#2628,#2629));
#359=EDGE_LOOP('',(#2630,#2631,#2632,#2633,#2634,#2635));
#360=EDGE_LOOP('',(#2636,#2637,#2638,#2639));
#361=EDGE_LOOP('',(#2640,#2641,#2642,#2643));
#362=EDGE_LOOP('',(#2644,#2645,#2646,#2647));
#363=EDGE_LOOP('',(#2648,#2649,#2650,#2651));
#364=EDGE_LOOP('',(#2652,#2653,#2654,#2655));
#365=EDGE_LOOP('',(#2656,#2657,#2658,#2659));
#366=EDGE_LOOP('',(#2660,#2661,#2662,#2663,#2664,#2665,#2666,#2667,#2668,
#2669));
#367=EDGE_LOOP('',(#2670,#2671,#2672,#2673,#2674,#2675));
#368=EDGE_LOOP('',(#2676,#2677,#2678,#2679,#2680,#2681,#2682));
#369=EDGE_LOOP('',(#2683,#2684,#2685,#2686,#2687,#2688,#2689,#2690,#2691,
#2692,#2693,#2694));
#370=EDGE_LOOP('',(#2695,#2696,#2697,#2698,#2699,#2700,#2701,#2702,#2703,
#2704,#2705,#2706));
#371=EDGE_LOOP('',(#2707,#2708,#2709,#2710));
#372=EDGE_LOOP('',(#2711,#2712,#2713,#2714));
#373=EDGE_LOOP('',(#2715,#2716,#2717,#2718));
#374=EDGE_LOOP('',(#2719,#2720,#2721,#2722));
#375=EDGE_LOOP('',(#2723,#2724,#2725,#2726));
#376=EDGE_LOOP('',(#2727,#2728,#2729,#2730));
#377=LINE('',#3995,#774);
#378=LINE('',#3997,#775);
#379=LINE('',#3999,#776);
#380=LINE('',#4000,#777);
#381=LINE('',#4003,#778);
#382=LINE('',#4005,#779);
#383=LINE('',#4006,#780);
#384=LINE('',#4009,#781);
#385=LINE('',#4011,#782);
#386=LINE('',#4012,#783);
#387=LINE('',#4014,#784);
#388=LINE('',#4015,#785);
#389=LINE('',#4019,#786);
#390=LINE('',#4021,#787);
#391=LINE('',#4023,#788);
#392=LINE('',#4024,#789);
#393=LINE('',#4027,#790);
#394=LINE('',#4029,#791);
#395=LINE('',#4030,#792);
#396=LINE('',#4033,#793);
#397=LINE('',#4035,#794);
#398=LINE('',#4036,#795);
#399=LINE('',#4038,#796);
#400=LINE('',#4039,#797);
#401=LINE('',#4043,#798);
#402=LINE('',#4045,#799);
#403=LINE('',#4047,#800);
#404=LINE('',#4048,#801);
#405=LINE('',#4052,#802);
#406=LINE('',#4054,#803);
#407=LINE('',#4056,#804);
#408=LINE('',#4057,#805);
#409=LINE('',#4061,#806);
#410=LINE('',#4062,#807);
#411=LINE('',#4064,#808);
#412=LINE('',#4069,#809);
#413=LINE('',#4073,#810);
#414=LINE('',#4075,#811);
#415=LINE('',#4076,#812);
#416=LINE('',#4080,#813);
#417=LINE('',#4087,#814);
#418=LINE('',#4090,#815);
#419=LINE('',#4091,#816);
#420=LINE('',#4094,#817);
#421=LINE('',#4095,#818);
#422=LINE('',#4097,#819);
#423=LINE('',#4099,#820);
#424=LINE('',#4101,#821);
#425=LINE('',#4102,#822);
#426=LINE('',#4105,#823);
#427=LINE('',#4107,#824);
#428=LINE('',#4108,#825);
#429=LINE('',#4111,#826);
#430=LINE('',#4113,#827);
#431=LINE('',#4114,#828);
#432=LINE('',#4117,#829);
#433=LINE('',#4119,#830);
#434=LINE('',#4121,#831);
#435=LINE('',#4123,#832);
#436=LINE('',#4125,#833);
#437=LINE('',#4127,#834);
#438=LINE('',#4129,#835);
#439=LINE('',#4131,#836);
#440=LINE('',#4133,#837);
#441=LINE('',#4135,#838);
#442=LINE('',#4137,#839);
#443=LINE('',#4139,#840);
#444=LINE('',#4141,#841);
#445=LINE('',#4143,#842);
#446=LINE('',#4145,#843);
#447=LINE('',#4147,#844);
#448=LINE('',#4149,#845);
#449=LINE('',#4151,#846);
#450=LINE('',#4153,#847);
#451=LINE('',#4155,#848);
#452=LINE('',#4157,#849);
#453=LINE('',#4159,#850);
#454=LINE('',#4161,#851);
#455=LINE('',#4163,#852);
#456=LINE('',#4165,#853);
#457=LINE('',#4167,#854);
#458=LINE('',#4169,#855);
#459=LINE('',#4171,#856);
#460=LINE('',#4173,#857);
#461=LINE('',#4175,#858);
#462=LINE('',#4179,#859);
#463=LINE('',#4181,#860);
#464=LINE('',#4183,#861);
#465=LINE('',#4185,#862);
#466=LINE('',#4187,#863);
#467=LINE('',#4189,#864);
#468=LINE('',#4191,#865);
#469=LINE('',#4195,#866);
#470=LINE('',#4197,#867);
#471=LINE('',#4199,#868);
#472=LINE('',#4201,#869);
#473=LINE('',#4203,#870);
#474=LINE('',#4205,#871);
#475=LINE('',#4207,#872);
#476=LINE('',#4209,#873);
#477=LINE('',#4211,#874);
#478=LINE('',#4213,#875);
#479=LINE('',#4215,#876);
#480=LINE('',#4217,#877);
#481=LINE('',#4219,#878);
#482=LINE('',#4221,#879);
#483=LINE('',#4223,#880);
#484=LINE('',#4225,#881);
#485=LINE('',#4227,#882);
#486=LINE('',#4229,#883);
#487=LINE('',#4231,#884);
#488=LINE('',#4233,#885);
#489=LINE('',#4235,#886);
#490=LINE('',#4237,#887);
#491=LINE('',#4239,#888);
#492=LINE('',#4241,#889);
#493=LINE('',#4242,#890);
#494=LINE('',#4249,#891);
#495=LINE('',#4252,#892);
#496=LINE('',#4253,#893);
#497=LINE('',#4257,#894);
#498=LINE('',#4258,#895);
#499=LINE('',#4260,#896);
#500=LINE('',#4262,#897);
#501=LINE('',#4263,#898);
#502=LINE('',#4267,#899);
#503=LINE('',#4269,#900);
#504=LINE('',#4271,#901);
#505=LINE('',#4272,#902);
#506=LINE('',#4275,#903);
#507=LINE('',#4276,#904);
#508=LINE('',#4280,#905);
#509=LINE('',#4281,#906);
#510=LINE('',#4283,#907);
#511=LINE('',#4288,#908);
#512=LINE('',#4292,#909);
#513=LINE('',#4294,#910);
#514=LINE('',#4295,#911);
#515=LINE('',#4299,#912);
#516=LINE('',#4301,#913);
#517=LINE('',#4303,#914);
#518=LINE('',#4305,#915);
#519=LINE('',#4310,#916);
#520=LINE('',#4313,#917);
#521=LINE('',#4314,#918);
#522=LINE('',#4317,#919);
#523=LINE('',#4318,#920);
#524=LINE('',#4319,#921);
#525=LINE('',#4320,#922);
#526=LINE('',#4321,#923);
#527=LINE('',#4324,#924);
#528=LINE('',#4326,#925);
#529=LINE('',#4328,#926);
#530=LINE('',#4330,#927);
#531=LINE('',#4336,#928);
#532=LINE('',#4338,#929);
#533=LINE('',#4340,#930);
#534=LINE('',#4342,#931);
#535=LINE('',#4344,#932);
#536=LINE('',#4346,#933);
#537=LINE('',#4347,#934);
#538=LINE('',#4349,#935);
#539=LINE('',#4351,#936);
#540=LINE('',#4353,#937);
#541=LINE('',#4354,#938);
#542=LINE('',#4356,#939);
#543=LINE('',#4357,#940);
#544=LINE('',#4359,#941);
#545=LINE('',#4363,#942);
#546=LINE('',#4365,#943);
#547=LINE('',#4366,#944);
#548=LINE('',#4370,#945);
#549=LINE('',#4372,#946);
#550=LINE('',#4374,#947);
#551=LINE('',#4375,#948);
#552=LINE('',#4379,#949);
#553=LINE('',#4381,#950);
#554=LINE('',#4383,#951);
#555=LINE('',#4384,#952);
#556=LINE('',#4388,#953);
#557=LINE('',#4389,#954);
#558=LINE('',#4391,#955);
#559=LINE('',#4396,#956);
#560=LINE('',#4399,#957);
#561=LINE('',#4400,#958);
#562=LINE('',#4402,#959);
#563=LINE('',#4404,#960);
#564=LINE('',#4406,#961);
#565=LINE('',#4407,#962);
#566=LINE('',#4408,#963);
#567=LINE('',#4410,#964);
#568=LINE('',#4414,#965);
#569=LINE('',#4417,#966);
#570=LINE('',#4420,#967);
#571=LINE('',#4421,#968);
#572=LINE('',#4424,#969);
#573=LINE('',#4425,#970);
#574=LINE('',#4429,#971);
#575=LINE('',#4431,#972);
#576=LINE('',#4432,#973);
#577=LINE('',#4434,#974);
#578=LINE('',#4436,#975);
#579=LINE('',#4438,#976);
#580=LINE('',#4441,#977);
#581=LINE('',#4443,#978);
#582=LINE('',#4444,#979);
#583=LINE('',#4448,#980);
#584=LINE('',#4450,#981);
#585=LINE('',#4452,#982);
#586=LINE('',#4453,#983);
#587=LINE('',#4456,#984);
#588=LINE('',#4458,#985);
#589=LINE('',#4459,#986);
#590=LINE('',#4463,#987);
#591=LINE('',#4464,#988);
#592=LINE('',#4466,#989);
#593=LINE('',#4471,#990);
#594=LINE('',#4475,#991);
#595=LINE('',#4477,#992);
#596=LINE('',#4478,#993);
#597=LINE('',#4481,#994);
#598=LINE('',#4482,#995);
#599=LINE('',#4486,#996);
#600=LINE('',#4488,#997);
#601=LINE('',#4490,#998);
#602=LINE('',#4492,#999);
#603=LINE('',#4497,#1000);
#604=LINE('',#4500,#1001);
#605=LINE('',#4501,#1002);
#606=LINE('',#4504,#1003);
#607=LINE('',#4505,#1004);
#608=LINE('',#4506,#1005);
#609=LINE('',#4508,#1006);
#610=LINE('',#4509,#1007);
#611=LINE('',#4510,#1008);
#612=LINE('',#4513,#1009);
#613=LINE('',#4515,#1010);
#614=LINE('',#4517,#1011);
#615=LINE('',#4519,#1012);
#616=LINE('',#4524,#1013);
#617=LINE('',#4526,#1014);
#618=LINE('',#4527,#1015);
#619=LINE('',#4532,#1016);
#620=LINE('',#4537,#1017);
#621=LINE('',#4542,#1018);
#622=LINE('',#4544,#1019);
#623=LINE('',#4546,#1020);
#624=LINE('',#4547,#1021);
#625=LINE('',#4551,#1022);
#626=LINE('',#4553,#1023);
#627=LINE('',#4555,#1024);
#628=LINE('',#4556,#1025);
#629=LINE('',#4559,#1026);
#630=LINE('',#4561,#1027);
#631=LINE('',#4564,#1028);
#632=LINE('',#4566,#1029);
#633=LINE('',#4567,#1030);
#634=LINE('',#4570,#1031);
#635=LINE('',#4572,#1032);
#636=LINE('',#4573,#1033);
#637=LINE('',#4576,#1034);
#638=LINE('',#4577,#1035);
#639=LINE('',#4578,#1036);
#640=LINE('',#4580,#1037);
#641=LINE('',#4582,#1038);
#642=LINE('',#4583,#1039);
#643=LINE('',#4586,#1040);
#644=LINE('',#4587,#1041);
#645=LINE('',#4590,#1042);
#646=LINE('',#4592,#1043);
#647=LINE('',#4593,#1044);
#648=LINE('',#4597,#1045);
#649=LINE('',#4600,#1046);
#650=LINE('',#4601,#1047);
#651=LINE('',#4604,#1048);
#652=LINE('',#4605,#1049);
#653=LINE('',#4608,#1050);
#654=LINE('',#4609,#1051);
#655=LINE('',#4612,#1052);
#656=LINE('',#4613,#1053);
#657=LINE('',#4615,#1054);
#658=LINE('',#4617,#1055);
#659=LINE('',#4619,#1056);
#660=LINE('',#4621,#1057);
#661=LINE('',#4624,#1058);
#662=LINE('',#4626,#1059);
#663=LINE('',#4629,#1060);
#664=LINE('',#4631,#1061);
#665=LINE('',#4635,#1062);
#666=LINE('',#4637,#1063);
#667=LINE('',#4638,#1064);
#668=LINE('',#4639,#1065);
#669=LINE('',#4642,#1066);
#670=LINE('',#4644,#1067);
#671=LINE('',#4645,#1068);
#672=LINE('',#4647,#1069);
#673=LINE('',#4649,#1070);
#674=LINE('',#4652,#1071);
#675=LINE('',#4654,#1072);
#676=LINE('',#4655,#1073);
#677=LINE('',#4659,#1074);
#678=LINE('',#4660,#1075);
#679=LINE('',#4661,#1076);
#680=LINE('',#4664,#1077);
#681=LINE('',#4666,#1078);
#682=LINE('',#4667,#1079);
#683=LINE('',#4670,#1080);
#684=LINE('',#4672,#1081);
#685=LINE('',#4673,#1082);
#686=LINE('',#4676,#1083);
#687=LINE('',#4678,#1084);
#688=LINE('',#4679,#1085);
#689=LINE('',#4681,#1086);
#690=LINE('',#4685,#1087);
#691=LINE('',#4687,#1088);
#692=LINE('',#4689,#1089);
#693=LINE('',#4691,#1090);
#694=LINE('',#4693,#1091);
#695=LINE('',#4695,#1092);
#696=LINE('',#4697,#1093);
#697=LINE('',#4699,#1094);
#698=LINE('',#4701,#1095);
#699=LINE('',#4703,#1096);
#700=LINE('',#4705,#1097);
#701=LINE('',#4707,#1098);
#702=LINE('',#4709,#1099);
#703=LINE('',#4711,#1100);
#704=LINE('',#4713,#1101);
#705=LINE('',#4715,#1102);
#706=LINE('',#4717,#1103);
#707=LINE('',#4719,#1104);
#708=LINE('',#4721,#1105);
#709=LINE('',#4723,#1106);
#710=LINE('',#4725,#1107);
#711=LINE('',#4727,#1108);
#712=LINE('',#4729,#1109);
#713=LINE('',#4731,#1110);
#714=LINE('',#4733,#1111);
#715=LINE('',#4735,#1112);
#716=LINE('',#4737,#1113);
#717=LINE('',#4738,#1114);
#718=LINE('',#4741,#1115);
#719=LINE('',#4743,#1116);
#720=LINE('',#4745,#1117);
#721=LINE('',#4746,#1118);
#722=LINE('',#4748,#1119);
#723=LINE('',#4749,#1120);
#724=LINE('',#4751,#1121);
#725=LINE('',#4753,#1122);
#726=LINE('',#4754,#1123);
#727=LINE('',#4756,#1124);
#728=LINE('',#4757,#1125);
#729=LINE('',#4761,#1126);
#730=LINE('',#4763,#1127);
#731=LINE('',#4765,#1128);
#732=LINE('',#4766,#1129);
#733=LINE('',#4769,#1130);
#734=LINE('',#4771,#1131);
#735=LINE('',#4772,#1132);
#736=LINE('',#4775,#1133);
#737=LINE('',#4776,#1134);
#738=LINE('',#4778,#1135);
#739=LINE('',#4780,#1136);
#740=LINE('',#4781,#1137);
#741=LINE('',#4783,#1138);
#742=LINE('',#4785,#1139);
#743=LINE('',#4787,#1140);
#744=LINE('',#4788,#1141);
#745=LINE('',#4791,#1142);
#746=LINE('',#4792,#1143);
#747=LINE('',#4794,#1144);
#748=LINE('',#4796,#1145);
#749=LINE('',#4800,#1146);
#750=LINE('',#4803,#1147);
#751=LINE('',#4805,#1148);
#752=LINE('',#4807,#1149);
#753=LINE('',#4810,#1150);
#754=LINE('',#4812,#1151);
#755=LINE('',#4813,#1152);
#756=LINE('',#4816,#1153);
#757=LINE('',#4818,#1154);
#758=LINE('',#4819,#1155);
#759=LINE('',#4821,#1156);
#760=LINE('',#4823,#1157);
#761=LINE('',#4826,#1158);
#762=LINE('',#4827,#1159);
#763=LINE('',#4830,#1160);
#764=LINE('',#4832,#1161);
#765=LINE('',#4834,#1162);
#766=LINE('',#4836,#1163);
#767=LINE('',#4838,#1164);
#768=LINE('',#4839,#1165);
#769=LINE('',#4841,#1166);
#770=LINE('',#4843,#1167);
#771=LINE('',#4845,#1168);
#772=LINE('',#4847,#1169);
#773=LINE('',#4849,#1170);
#774=VECTOR('',#3230,10.);
#775=VECTOR('',#3231,10.);
#776=VECTOR('',#3232,10.);
#777=VECTOR('',#3233,10.);
#778=VECTOR('',#3236,10.);
#779=VECTOR('',#3237,10.);
#780=VECTOR('',#3238,10.);
#781=VECTOR('',#3241,10.);
#782=VECTOR('',#3242,10.);
#783=VECTOR('',#3243,10.);
#784=VECTOR('',#3246,10.);
#785=VECTOR('',#3247,10.);
#786=VECTOR('',#3250,10.);
#787=VECTOR('',#3251,10.);
#788=VECTOR('',#3252,10.);
#789=VECTOR('',#3253,10.);
#790=VECTOR('',#3256,10.);
#791=VECTOR('',#3257,10.);
#792=VECTOR('',#3258,10.);
#793=VECTOR('',#3261,10.);
#794=VECTOR('',#3262,10.);
#795=VECTOR('',#3263,10.);
#796=VECTOR('',#3266,10.);
#797=VECTOR('',#3267,10.);
#798=VECTOR('',#3270,10.);
#799=VECTOR('',#3271,10.);
#800=VECTOR('',#3272,10.);
#801=VECTOR('',#3273,10.);
#802=VECTOR('',#3276,10.);
#803=VECTOR('',#3277,10.);
#804=VECTOR('',#3278,10.);
#805=VECTOR('',#3279,10.);
#806=VECTOR('',#3282,10.);
#807=VECTOR('',#3283,10.);
#808=VECTOR('',#3284,10.);
#809=VECTOR('',#3289,10.);
#810=VECTOR('',#3292,10.);
#811=VECTOR('',#3293,10.);
#812=VECTOR('',#3294,10.);
#813=VECTOR('',#3299,10.);
#814=VECTOR('',#3306,10.);
#815=VECTOR('',#3309,10.);
#816=VECTOR('',#3310,10.);
#817=VECTOR('',#3313,10.);
#818=VECTOR('',#3314,10.);
#819=VECTOR('',#3317,10.);
#820=VECTOR('',#3320,10.);
#821=VECTOR('',#3323,10.);
#822=VECTOR('',#3324,10.);
#823=VECTOR('',#3327,10.);
#824=VECTOR('',#3328,10.);
#825=VECTOR('',#3329,10.);
#826=VECTOR('',#3332,10.);
#827=VECTOR('',#3333,10.);
#828=VECTOR('',#3334,10.);
#829=VECTOR('',#3337,10.);
#830=VECTOR('',#3338,10.);
#831=VECTOR('',#3339,10.);
#832=VECTOR('',#3340,10.);
#833=VECTOR('',#3341,10.);
#834=VECTOR('',#3342,10.);
#835=VECTOR('',#3343,10.);
#836=VECTOR('',#3344,10.);
#837=VECTOR('',#3345,10.);
#838=VECTOR('',#3346,10.);
#839=VECTOR('',#3347,10.);
#840=VECTOR('',#3348,10.);
#841=VECTOR('',#3349,10.);
#842=VECTOR('',#3350,10.);
#843=VECTOR('',#3351,10.);
#844=VECTOR('',#3352,10.);
#845=VECTOR('',#3353,10.);
#846=VECTOR('',#3354,10.);
#847=VECTOR('',#3355,10.);
#848=VECTOR('',#3356,10.);
#849=VECTOR('',#3357,10.);
#850=VECTOR('',#3358,10.);
#851=VECTOR('',#3359,10.);
#852=VECTOR('',#3360,10.);
#853=VECTOR('',#3361,10.);
#854=VECTOR('',#3362,10.);
#855=VECTOR('',#3363,10.);
#856=VECTOR('',#3364,10.);
#857=VECTOR('',#3365,10.);
#858=VECTOR('',#3366,10.);
#859=VECTOR('',#3369,10.);
#860=VECTOR('',#3370,10.);
#861=VECTOR('',#3371,10.);
#862=VECTOR('',#3372,10.);
#863=VECTOR('',#3373,10.);
#864=VECTOR('',#3374,10.);
#865=VECTOR('',#3375,10.);
#866=VECTOR('',#3378,10.);
#867=VECTOR('',#3379,10.);
#868=VECTOR('',#3380,10.);
#869=VECTOR('',#3381,10.);
#870=VECTOR('',#3382,10.);
#871=VECTOR('',#3383,10.);
#872=VECTOR('',#3384,10.);
#873=VECTOR('',#3385,10.);
#874=VECTOR('',#3386,10.);
#875=VECTOR('',#3387,10.);
#876=VECTOR('',#3388,10.);
#877=VECTOR('',#3389,10.);
#878=VECTOR('',#3390,10.);
#879=VECTOR('',#3391,10.);
#880=VECTOR('',#3392,10.);
#881=VECTOR('',#3393,10.);
#882=VECTOR('',#3394,10.);
#883=VECTOR('',#3395,10.);
#884=VECTOR('',#3396,10.);
#885=VECTOR('',#3397,10.);
#886=VECTOR('',#3398,10.);
#887=VECTOR('',#3399,10.);
#888=VECTOR('',#3400,10.);
#889=VECTOR('',#3401,10.);
#890=VECTOR('',#3402,10.);
#891=VECTOR('',#3411,10.);
#892=VECTOR('',#3414,10.);
#893=VECTOR('',#3415,10.);
#894=VECTOR('',#3418,10.);
#895=VECTOR('',#3419,10.);
#896=VECTOR('',#3420,10.);
#897=VECTOR('',#3421,10.);
#898=VECTOR('',#3422,10.);
#899=VECTOR('',#3425,10.);
#900=VECTOR('',#3426,10.);
#901=VECTOR('',#3427,10.);
#902=VECTOR('',#3428,10.);
#903=VECTOR('',#3431,10.);
#904=VECTOR('',#3432,10.);
#905=VECTOR('',#3435,10.);
#906=VECTOR('',#3436,10.);
#907=VECTOR('',#3437,10.);
#908=VECTOR('',#3442,10.);
#909=VECTOR('',#3445,10.);
#910=VECTOR('',#3446,10.);
#911=VECTOR('',#3447,10.);
#912=VECTOR('',#3450,10.);
#913=VECTOR('',#3451,10.);
#914=VECTOR('',#3452,10.);
#915=VECTOR('',#3453,10.);
#916=VECTOR('',#3458,10.);
#917=VECTOR('',#3461,10.);
#918=VECTOR('',#3462,10.);
#919=VECTOR('',#3465,10.);
#920=VECTOR('',#3466,10.);
#921=VECTOR('',#3467,10.);
#922=VECTOR('',#3468,10.);
#923=VECTOR('',#3469,10.);
#924=VECTOR('',#3474,10.);
#925=VECTOR('',#3477,10.);
#926=VECTOR('',#3480,10.);
#927=VECTOR('',#3483,10.);
#928=VECTOR('',#3490,10.);
#929=VECTOR('',#3491,10.);
#930=VECTOR('',#3492,10.);
#931=VECTOR('',#3493,10.);
#932=VECTOR('',#3494,10.);
#933=VECTOR('',#3495,10.);
#934=VECTOR('',#3496,10.);
#935=VECTOR('',#3497,10.);
#936=VECTOR('',#3498,10.);
#937=VECTOR('',#3499,10.);
#938=VECTOR('',#3500,10.);
#939=VECTOR('',#3503,10.);
#940=VECTOR('',#3504,10.);
#941=VECTOR('',#3507,10.);
#942=VECTOR('',#3512,10.);
#943=VECTOR('',#3513,10.);
#944=VECTOR('',#3514,10.);
#945=VECTOR('',#3517,10.);
#946=VECTOR('',#3518,10.);
#947=VECTOR('',#3519,10.);
#948=VECTOR('',#3520,10.);
#949=VECTOR('',#3523,10.);
#950=VECTOR('',#3524,10.);
#951=VECTOR('',#3525,10.);
#952=VECTOR('',#3526,10.);
#953=VECTOR('',#3529,10.);
#954=VECTOR('',#3530,10.);
#955=VECTOR('',#3531,10.);
#956=VECTOR('',#3536,10.);
#957=VECTOR('',#3539,10.);
#958=VECTOR('',#3540,10.);
#959=VECTOR('',#3543,10.);
#960=VECTOR('',#3544,10.);
#961=VECTOR('',#3545,10.);
#962=VECTOR('',#3546,10.);
#963=VECTOR('',#3547,10.);
#964=VECTOR('',#3550,10.);
#965=VECTOR('',#3555,10.);
#966=VECTOR('',#3558,10.);
#967=VECTOR('',#3561,10.);
#968=VECTOR('',#3562,10.);
#969=VECTOR('',#3565,10.);
#970=VECTOR('',#3566,10.);
#971=VECTOR('',#3571,10.);
#972=VECTOR('',#3572,10.);
#973=VECTOR('',#3573,10.);
#974=VECTOR('',#3576,10.);
#975=VECTOR('',#3579,10.);
#976=VECTOR('',#3582,10.);
#977=VECTOR('',#3585,10.);
#978=VECTOR('',#3586,10.);
#979=VECTOR('',#3587,10.);
#980=VECTOR('',#3590,10.);
#981=VECTOR('',#3591,10.);
#982=VECTOR('',#3592,10.);
#983=VECTOR('',#3593,10.);
#984=VECTOR('',#3596,10.);
#985=VECTOR('',#3597,10.);
#986=VECTOR('',#3598,10.);
#987=VECTOR('',#3601,10.);
#988=VECTOR('',#3602,10.);
#989=VECTOR('',#3603,10.);
#990=VECTOR('',#3608,10.);
#991=VECTOR('',#3611,10.);
#992=VECTOR('',#3612,10.);
#993=VECTOR('',#3613,10.);
#994=VECTOR('',#3616,10.);
#995=VECTOR('',#3617,10.);
#996=VECTOR('',#3620,10.);
#997=VECTOR('',#3621,10.);
#998=VECTOR('',#3622,10.);
#999=VECTOR('',#3623,10.);
#1000=VECTOR('',#3628,10.);
#1001=VECTOR('',#3631,10.);
#1002=VECTOR('',#3632,10.);
#1003=VECTOR('',#3635,10.);
#1004=VECTOR('',#3636,10.);
#1005=VECTOR('',#3637,10.);
#1006=VECTOR('',#3638,10.);
#1007=VECTOR('',#3639,10.);
#1008=VECTOR('',#3640,10.);
#1009=VECTOR('',#3645,10.);
#1010=VECTOR('',#3648,10.);
#1011=VECTOR('',#3651,10.);
#1012=VECTOR('',#3654,10.);
#1013=VECTOR('',#3661,10.);
#1014=VECTOR('',#3662,10.);
#1015=VECTOR('',#3663,10.);
#1016=VECTOR('',#3670,1.5);
#1017=VECTOR('',#3677,1.5);
#1018=VECTOR('',#3682,10.);
#1019=VECTOR('',#3683,10.);
#1020=VECTOR('',#3684,10.);
#1021=VECTOR('',#3685,10.);
#1022=VECTOR('',#3688,10.);
#1023=VECTOR('',#3689,10.);
#1024=VECTOR('',#3690,10.);
#1025=VECTOR('',#3691,10.);
#1026=VECTOR('',#3694,10.);
#1027=VECTOR('',#3695,10.);
#1028=VECTOR('',#3698,10.);
#1029=VECTOR('',#3699,10.);
#1030=VECTOR('',#3700,10.);
#1031=VECTOR('',#3703,10.);
#1032=VECTOR('',#3704,10.);
#1033=VECTOR('',#3705,10.);
#1034=VECTOR('',#3708,10.);
#1035=VECTOR('',#3709,10.);
#1036=VECTOR('',#3710,10.);
#1037=VECTOR('',#3713,10.);
#1038=VECTOR('',#3714,10.);
#1039=VECTOR('',#3715,10.);
#1040=VECTOR('',#3718,10.);
#1041=VECTOR('',#3719,10.);
#1042=VECTOR('',#3722,10.);
#1043=VECTOR('',#3723,10.);
#1044=VECTOR('',#3724,10.);
#1045=VECTOR('',#3729,10.);
#1046=VECTOR('',#3732,10.);
#1047=VECTOR('',#3733,10.);
#1048=VECTOR('',#3736,10.);
#1049=VECTOR('',#3737,10.);
#1050=VECTOR('',#3740,10.);
#1051=VECTOR('',#3741,10.);
#1052=VECTOR('',#3744,10.);
#1053=VECTOR('',#3745,10.);
#1054=VECTOR('',#3748,10.);
#1055=VECTOR('',#3751,10.);
#1056=VECTOR('',#3754,10.);
#1057=VECTOR('',#3757,10.);
#1058=VECTOR('',#3762,10.);
#1059=VECTOR('',#3765,10.);
#1060=VECTOR('',#3770,10.);
#1061=VECTOR('',#3773,10.);
#1062=VECTOR('',#3776,10.);
#1063=VECTOR('',#3777,10.);
#1064=VECTOR('',#3778,10.);
#1065=VECTOR('',#3779,10.);
#1066=VECTOR('',#3782,10.);
#1067=VECTOR('',#3783,10.);
#1068=VECTOR('',#3784,10.);
#1069=VECTOR('',#3787,10.);
#1070=VECTOR('',#3790,10.);
#1071=VECTOR('',#3793,10.);
#1072=VECTOR('',#3794,10.);
#1073=VECTOR('',#3795,10.);
#1074=VECTOR('',#3798,10.);
#1075=VECTOR('',#3799,10.);
#1076=VECTOR('',#3800,10.);
#1077=VECTOR('',#3803,10.);
#1078=VECTOR('',#3804,10.);
#1079=VECTOR('',#3805,10.);
#1080=VECTOR('',#3808,10.);
#1081=VECTOR('',#3809,10.);
#1082=VECTOR('',#3810,10.);
#1083=VECTOR('',#3813,10.);
#1084=VECTOR('',#3814,10.);
#1085=VECTOR('',#3815,10.);
#1086=VECTOR('',#3818,10.);
#1087=VECTOR('',#3823,10.);
#1088=VECTOR('',#3824,10.);
#1089=VECTOR('',#3825,10.);
#1090=VECTOR('',#3826,10.);
#1091=VECTOR('',#3827,10.);
#1092=VECTOR('',#3828,10.);
#1093=VECTOR('',#3829,10.);
#1094=VECTOR('',#3830,10.);
#1095=VECTOR('',#3831,10.);
#1096=VECTOR('',#3832,10.);
#1097=VECTOR('',#3833,10.);
#1098=VECTOR('',#3834,10.);
#1099=VECTOR('',#3835,10.);
#1100=VECTOR('',#3836,10.);
#1101=VECTOR('',#3837,10.);
#1102=VECTOR('',#3838,10.);
#1103=VECTOR('',#3839,10.);
#1104=VECTOR('',#3840,10.);
#1105=VECTOR('',#3841,10.);
#1106=VECTOR('',#3842,10.);
#1107=VECTOR('',#3843,10.);
#1108=VECTOR('',#3844,10.);
#1109=VECTOR('',#3845,10.);
#1110=VECTOR('',#3846,10.);
#1111=VECTOR('',#3847,10.);
#1112=VECTOR('',#3848,10.);
#1113=VECTOR('',#3849,10.);
#1114=VECTOR('',#3850,10.);
#1115=VECTOR('',#3851,10.);
#1116=VECTOR('',#3852,10.);
#1117=VECTOR('',#3853,10.);
#1118=VECTOR('',#3854,10.);
#1119=VECTOR('',#3857,10.);
#1120=VECTOR('',#3858,10.);
#1121=VECTOR('',#3861,10.);
#1122=VECTOR('',#3864,10.);
#1123=VECTOR('',#3865,10.);
#1124=VECTOR('',#3868,10.);
#1125=VECTOR('',#3869,10.);
#1126=VECTOR('',#3876,10.);
#1127=VECTOR('',#3879,10.);
#1128=VECTOR('',#3882,10.);
#1129=VECTOR('',#3883,10.);
#1130=VECTOR('',#3888,10.);
#1131=VECTOR('',#3891,10.);
#1132=VECTOR('',#3892,10.);
#1133=VECTOR('',#3897,10.);
#1134=VECTOR('',#3898,10.);
#1135=VECTOR('',#3901,10.);
#1136=VECTOR('',#3904,10.);
#1137=VECTOR('',#3905,10.);
#1138=VECTOR('',#3908,10.);
#1139=VECTOR('',#3911,10.);
#1140=VECTOR('',#3914,10.);
#1141=VECTOR('',#3915,10.);
#1142=VECTOR('',#3920,10.);
#1143=VECTOR('',#3921,10.);
#1144=VECTOR('',#3924,10.);
#1145=VECTOR('',#3927,10.);
#1146=VECTOR('',#3934,10.);
#1147=VECTOR('',#3939,10.);
#1148=VECTOR('',#3942,10.);
#1149=VECTOR('',#3945,10.);
#1150=VECTOR('',#3948,10.);
#1151=VECTOR('',#3949,10.);
#1152=VECTOR('',#3950,10.);
#1153=VECTOR('',#3953,10.);
#1154=VECTOR('',#3954,10.);
#1155=VECTOR('',#3955,10.);
#1156=VECTOR('',#3958,10.);
#1157=VECTOR('',#3961,10.);
#1158=VECTOR('',#3964,10.);
#1159=VECTOR('',#3965,10.);
#1160=VECTOR('',#3968,10.);
#1161=VECTOR('',#3969,10.);
#1162=VECTOR('',#3970,10.);
#1163=VECTOR('',#3971,10.);
#1164=VECTOR('',#3972,10.);
#1165=VECTOR('',#3973,10.);
#1166=VECTOR('',#3976,10.);
#1167=VECTOR('',#3979,10.);
#1168=VECTOR('',#3982,10.);
#1169=VECTOR('',#3985,10.);
#1170=VECTOR('',#3988,10.);
#1171=VERTEX_POINT('',#3993);
#1172=VERTEX_POINT('',#3994);
#1173=VERTEX_POINT('',#3996);
#1174=VERTEX_POINT('',#3998);
#1175=VERTEX_POINT('',#4002);
#1176=VERTEX_POINT('',#4004);
#1177=VERTEX_POINT('',#4008);
#1178=VERTEX_POINT('',#4010);
#1179=VERTEX_POINT('',#4017);
#1180=VERTEX_POINT('',#4018);
#1181=VERTEX_POINT('',#4020);
#1182=VERTEX_POINT('',#4022);
#1183=VERTEX_POINT('',#4026);
#1184=VERTEX_POINT('',#4028);
#1185=VERTEX_POINT('',#4032);
#1186=VERTEX_POINT('',#4034);
#1187=VERTEX_POINT('',#4041);
#1188=VERTEX_POINT('',#4042);
#1189=VERTEX_POINT('',#4044);
#1190=VERTEX_POINT('',#4046);
#1191=VERTEX_POINT('',#4050);
#1192=VERTEX_POINT('',#4051);
#1193=VERTEX_POINT('',#4053);
#1194=VERTEX_POINT('',#4055);
#1195=VERTEX_POINT('',#4059);
#1196=VERTEX_POINT('',#4060);
#1197=VERTEX_POINT('',#4063);
#1198=VERTEX_POINT('',#4067);
#1199=VERTEX_POINT('',#4068);
#1200=VERTEX_POINT('',#4070);
#1201=VERTEX_POINT('',#4072);
#1202=VERTEX_POINT('',#4074);
#1203=VERTEX_POINT('',#4079);
#1204=VERTEX_POINT('',#4081);
#1205=VERTEX_POINT('',#4083);
#1206=VERTEX_POINT('',#4085);
#1207=VERTEX_POINT('',#4089);
#1208=VERTEX_POINT('',#4093);
#1209=VERTEX_POINT('',#4104);
#1210=VERTEX_POINT('',#4106);
#1211=VERTEX_POINT('',#4110);
#1212=VERTEX_POINT('',#4112);
#1213=VERTEX_POINT('',#4116);
#1214=VERTEX_POINT('',#4118);
#1215=VERTEX_POINT('',#4120);
#1216=VERTEX_POINT('',#4122);
#1217=VERTEX_POINT('',#4124);
#1218=VERTEX_POINT('',#4126);
#1219=VERTEX_POINT('',#4128);
#1220=VERTEX_POINT('',#4130);
#1221=VERTEX_POINT('',#4132);
#1222=VERTEX_POINT('',#4134);
#1223=VERTEX_POINT('',#4136);
#1224=VERTEX_POINT('',#4138);
#1225=VERTEX_POINT('',#4140);
#1226=VERTEX_POINT('',#4142);
#1227=VERTEX_POINT('',#4144);
#1228=VERTEX_POINT('',#4146);
#1229=VERTEX_POINT('',#4148);
#1230=VERTEX_POINT('',#4150);
#1231=VERTEX_POINT('',#4152);
#1232=VERTEX_POINT('',#4154);
#1233=VERTEX_POINT('',#4156);
#1234=VERTEX_POINT('',#4158);
#1235=VERTEX_POINT('',#4160);
#1236=VERTEX_POINT('',#4162);
#1237=VERTEX_POINT('',#4164);
#1238=VERTEX_POINT('',#4166);
#1239=VERTEX_POINT('',#4168);
#1240=VERTEX_POINT('',#4170);
#1241=VERTEX_POINT('',#4172);
#1242=VERTEX_POINT('',#4174);
#1243=VERTEX_POINT('',#4176);
#1244=VERTEX_POINT('',#4178);
#1245=VERTEX_POINT('',#4180);
#1246=VERTEX_POINT('',#4182);
#1247=VERTEX_POINT('',#4184);
#1248=VERTEX_POINT('',#4186);
#1249=VERTEX_POINT('',#4188);
#1250=VERTEX_POINT('',#4190);
#1251=VERTEX_POINT('',#4192);
#1252=VERTEX_POINT('',#4194);
#1253=VERTEX_POINT('',#4196);
#1254=VERTEX_POINT('',#4198);
#1255=VERTEX_POINT('',#4200);
#1256=VERTEX_POINT('',#4202);
#1257=VERTEX_POINT('',#4204);
#1258=VERTEX_POINT('',#4206);
#1259=VERTEX_POINT('',#4208);
#1260=VERTEX_POINT('',#4210);
#1261=VERTEX_POINT('',#4212);
#1262=VERTEX_POINT('',#4214);
#1263=VERTEX_POINT('',#4216);
#1264=VERTEX_POINT('',#4218);
#1265=VERTEX_POINT('',#4220);
#1266=VERTEX_POINT('',#4222);
#1267=VERTEX_POINT('',#4224);
#1268=VERTEX_POINT('',#4226);
#1269=VERTEX_POINT('',#4228);
#1270=VERTEX_POINT('',#4230);
#1271=VERTEX_POINT('',#4232);
#1272=VERTEX_POINT('',#4234);
#1273=VERTEX_POINT('',#4236);
#1274=VERTEX_POINT('',#4238);
#1275=VERTEX_POINT('',#4240);
#1276=VERTEX_POINT('',#4243);
#1277=VERTEX_POINT('',#4245);
#1278=VERTEX_POINT('',#4251);
#1279=VERTEX_POINT('',#4255);
#1280=VERTEX_POINT('',#4256);
#1281=VERTEX_POINT('',#4259);
#1282=VERTEX_POINT('',#4261);
#1283=VERTEX_POINT('',#4265);
#1284=VERTEX_POINT('',#4266);
#1285=VERTEX_POINT('',#4268);
#1286=VERTEX_POINT('',#4270);
#1287=VERTEX_POINT('',#4274);
#1288=VERTEX_POINT('',#4278);
#1289=VERTEX_POINT('',#4279);
#1290=VERTEX_POINT('',#4282);
#1291=VERTEX_POINT('',#4286);
#1292=VERTEX_POINT('',#4287);
#1293=VERTEX_POINT('',#4289);
#1294=VERTEX_POINT('',#4291);
#1295=VERTEX_POINT('',#4293);
#1296=VERTEX_POINT('',#4297);
#1297=VERTEX_POINT('',#4298);
#1298=VERTEX_POINT('',#4300);
#1299=VERTEX_POINT('',#4302);
#1300=VERTEX_POINT('',#4304);
#1301=VERTEX_POINT('',#4308);
#1302=VERTEX_POINT('',#4309);
#1303=VERTEX_POINT('',#4311);
#1304=VERTEX_POINT('',#4316);
#1305=VERTEX_POINT('',#4334);
#1306=VERTEX_POINT('',#4335);
#1307=VERTEX_POINT('',#4337);
#1308=VERTEX_POINT('',#4339);
#1309=VERTEX_POINT('',#4341);
#1310=VERTEX_POINT('',#4343);
#1311=VERTEX_POINT('',#4345);
#1312=VERTEX_POINT('',#4348);
#1313=VERTEX_POINT('',#4350);
#1314=VERTEX_POINT('',#4352);
#1315=VERTEX_POINT('',#4362);
#1316=VERTEX_POINT('',#4364);
#1317=VERTEX_POINT('',#4368);
#1318=VERTEX_POINT('',#4369);
#1319=VERTEX_POINT('',#4371);
#1320=VERTEX_POINT('',#4373);
#1321=VERTEX_POINT('',#4377);
#1322=VERTEX_POINT('',#4378);
#1323=VERTEX_POINT('',#4380);
#1324=VERTEX_POINT('',#4382);
#1325=VERTEX_POINT('',#4386);
#1326=VERTEX_POINT('',#4387);
#1327=VERTEX_POINT('',#4390);
#1328=VERTEX_POINT('',#4394);
#1329=VERTEX_POINT('',#4395);
#1330=VERTEX_POINT('',#4397);
#1331=VERTEX_POINT('',#4403);
#1332=VERTEX_POINT('',#4405);
#1333=VERTEX_POINT('',#4413);
#1334=VERTEX_POINT('',#4415);
#1335=VERTEX_POINT('',#4419);
#1336=VERTEX_POINT('',#4423);
#1337=VERTEX_POINT('',#4428);
#1338=VERTEX_POINT('',#4430);
#1339=VERTEX_POINT('',#4440);
#1340=VERTEX_POINT('',#4442);
#1341=VERTEX_POINT('',#4446);
#1342=VERTEX_POINT('',#4447);
#1343=VERTEX_POINT('',#4449);
#1344=VERTEX_POINT('',#4451);
#1345=VERTEX_POINT('',#4455);
#1346=VERTEX_POINT('',#4457);
#1347=VERTEX_POINT('',#4461);
#1348=VERTEX_POINT('',#4462);
#1349=VERTEX_POINT('',#4465);
#1350=VERTEX_POINT('',#4469);
#1351=VERTEX_POINT('',#4470);
#1352=VERTEX_POINT('',#4472);
#1353=VERTEX_POINT('',#4474);
#1354=VERTEX_POINT('',#4476);
#1355=VERTEX_POINT('',#4480);
#1356=VERTEX_POINT('',#4484);
#1357=VERTEX_POINT('',#4485);
#1358=VERTEX_POINT('',#4487);
#1359=VERTEX_POINT('',#4489);
#1360=VERTEX_POINT('',#4491);
#1361=VERTEX_POINT('',#4495);
#1362=VERTEX_POINT('',#4496);
#1363=VERTEX_POINT('',#4498);
#1364=VERTEX_POINT('',#4503);
#1365=VERTEX_POINT('',#4507);
#1366=VERTEX_POINT('',#4523);
#1367=VERTEX_POINT('',#4525);
#1368=VERTEX_POINT('',#4530);
#1369=VERTEX_POINT('',#4535);
#1370=VERTEX_POINT('',#4540);
#1371=VERTEX_POINT('',#4541);
#1372=VERTEX_POINT('',#4543);
#1373=VERTEX_POINT('',#4545);
#1374=VERTEX_POINT('',#4549);
#1375=VERTEX_POINT('',#4550);
#1376=VERTEX_POINT('',#4552);
#1377=VERTEX_POINT('',#4554);
#1378=VERTEX_POINT('',#4558);
#1379=VERTEX_POINT('',#4560);
#1380=VERTEX_POINT('',#4563);
#1381=VERTEX_POINT('',#4565);
#1382=VERTEX_POINT('',#4569);
#1383=VERTEX_POINT('',#4571);
#1384=VERTEX_POINT('',#4575);
#1385=VERTEX_POINT('',#4581);
#1386=VERTEX_POINT('',#4585);
#1387=VERTEX_POINT('',#4589);
#1388=VERTEX_POINT('',#4591);
#1389=VERTEX_POINT('',#4595);
#1390=VERTEX_POINT('',#4599);
#1391=VERTEX_POINT('',#4603);
#1392=VERTEX_POINT('',#4607);
#1393=VERTEX_POINT('',#4611);
#1394=VERTEX_POINT('',#4633);
#1395=VERTEX_POINT('',#4634);
#1396=VERTEX_POINT('',#4636);
#1397=VERTEX_POINT('',#4641);
#1398=VERTEX_POINT('',#4643);
#1399=VERTEX_POINT('',#4651);
#1400=VERTEX_POINT('',#4653);
#1401=VERTEX_POINT('',#4657);
#1402=VERTEX_POINT('',#4658);
#1403=VERTEX_POINT('',#4663);
#1404=VERTEX_POINT('',#4665);
#1405=VERTEX_POINT('',#4669);
#1406=VERTEX_POINT('',#4671);
#1407=VERTEX_POINT('',#4675);
#1408=VERTEX_POINT('',#4677);
#1409=VERTEX_POINT('',#4684);
#1410=VERTEX_POINT('',#4686);
#1411=VERTEX_POINT('',#4688);
#1412=VERTEX_POINT('',#4690);
#1413=VERTEX_POINT('',#4692);
#1414=VERTEX_POINT('',#4694);
#1415=VERTEX_POINT('',#4696);
#1416=VERTEX_POINT('',#4698);
#1417=VERTEX_POINT('',#4700);
#1418=VERTEX_POINT('',#4702);
#1419=VERTEX_POINT('',#4704);
#1420=VERTEX_POINT('',#4706);
#1421=VERTEX_POINT('',#4708);
#1422=VERTEX_POINT('',#4710);
#1423=VERTEX_POINT('',#4712);
#1424=VERTEX_POINT('',#4714);
#1425=VERTEX_POINT('',#4716);
#1426=VERTEX_POINT('',#4718);
#1427=VERTEX_POINT('',#4720);
#1428=VERTEX_POINT('',#4722);
#1429=VERTEX_POINT('',#4724);
#1430=VERTEX_POINT('',#4726);
#1431=VERTEX_POINT('',#4728);
#1432=VERTEX_POINT('',#4730);
#1433=VERTEX_POINT('',#4732);
#1434=VERTEX_POINT('',#4734);
#1435=VERTEX_POINT('',#4736);
#1436=VERTEX_POINT('',#4739);
#1437=VERTEX_POINT('',#4740);
#1438=VERTEX_POINT('',#4742);
#1439=VERTEX_POINT('',#4744);
#1440=VERTEX_POINT('',#4809);
#1441=VERTEX_POINT('',#4811);
#1442=VERTEX_POINT('',#4815);
#1443=VERTEX_POINT('',#4817);
#1444=VERTEX_POINT('',#4825);
#1445=VERTEX_POINT('',#4829);
#1446=VERTEX_POINT('',#4831);
#1447=VERTEX_POINT('',#4833);
#1448=VERTEX_POINT('',#4835);
#1449=VERTEX_POINT('',#4837);
#1450=EDGE_CURVE('',#1171,#1172,#377,.T.);
#1451=EDGE_CURVE('',#1173,#1171,#378,.T.);
#1452=EDGE_CURVE('',#1174,#1173,#379,.T.);
#1453=EDGE_CURVE('',#1174,#1172,#380,.T.);
#1454=EDGE_CURVE('',#1172,#1175,#381,.T.);
#1455=EDGE_CURVE('',#1176,#1174,#382,.T.);
#1456=EDGE_CURVE('',#1176,#1175,#383,.T.);
#1457=EDGE_CURVE('',#1175,#1177,#384,.T.);
#1458=EDGE_CURVE('',#1178,#1176,#385,.T.);
#1459=EDGE_CURVE('',#1178,#1177,#386,.T.);
#1460=EDGE_CURVE('',#1177,#1171,#387,.T.);
#1461=EDGE_CURVE('',#1173,#1178,#388,.T.);
#1462=EDGE_CURVE('',#1179,#1180,#389,.T.);
#1463=EDGE_CURVE('',#1181,#1179,#390,.T.);
#1464=EDGE_CURVE('',#1182,#1181,#391,.T.);
#1465=EDGE_CURVE('',#1182,#1180,#392,.T.);
#1466=EDGE_CURVE('',#1180,#1183,#393,.T.);
#1467=EDGE_CURVE('',#1184,#1182,#394,.T.);
#1468=EDGE_CURVE('',#1184,#1183,#395,.T.);
#1469=EDGE_CURVE('',#1183,#1185,#396,.T.);
#1470=EDGE_CURVE('',#1186,#1184,#397,.T.);
#1471=EDGE_CURVE('',#1186,#1185,#398,.T.);
#1472=EDGE_CURVE('',#1185,#1179,#399,.T.);
#1473=EDGE_CURVE('',#1181,#1186,#400,.T.);
#1474=EDGE_CURVE('',#1187,#1188,#401,.T.);
#1475=EDGE_CURVE('',#1189,#1187,#402,.T.);
#1476=EDGE_CURVE('',#1190,#1189,#403,.T.);
#1477=EDGE_CURVE('',#1188,#1190,#404,.T.);
#1478=EDGE_CURVE('',#1191,#1192,#405,.T.);
#1479=EDGE_CURVE('',#1193,#1191,#406,.T.);
#1480=EDGE_CURVE('',#1194,#1193,#407,.T.);
#1481=EDGE_CURVE('',#1194,#1192,#408,.T.);
#1482=EDGE_CURVE('',#1195,#1196,#409,.T.);
#1483=EDGE_CURVE('',#1191,#1195,#410,.T.);
#1484=EDGE_CURVE('',#1192,#1197,#411,.T.);
#1485=EDGE_CURVE('',#1196,#1197,#32,.T.);
#1486=EDGE_CURVE('',#1198,#1199,#412,.T.);
#1487=EDGE_CURVE('',#1200,#1198,#33,.T.);
#1488=EDGE_CURVE('',#1200,#1201,#413,.T.);
#1489=EDGE_CURVE('',#1202,#1201,#414,.T.);
#1490=EDGE_CURVE('',#1199,#1202,#415,.T.);
#1491=EDGE_CURVE('',#1197,#1200,#34,.T.);
#1492=EDGE_CURVE('',#1198,#1203,#416,.T.);
#1493=EDGE_CURVE('',#1204,#1203,#35,.T.);
#1494=EDGE_CURVE('',#1205,#1204,#36,.T.);
#1495=EDGE_CURVE('',#1206,#1205,#37,.T.);
#1496=EDGE_CURVE('',#1196,#1206,#417,.T.);
#1497=EDGE_CURVE('',#1207,#1206,#418,.T.);
#1498=EDGE_CURVE('',#1195,#1207,#419,.T.);
#1499=EDGE_CURVE('',#1208,#1199,#420,.T.);
#1500=EDGE_CURVE('',#1203,#1208,#421,.T.);
#1501=EDGE_CURVE('',#1197,#1200,#422,.T.);
#1502=EDGE_CURVE('',#1205,#1204,#423,.T.);
#1503=EDGE_CURVE('',#1194,#1205,#424,.T.);
#1504=EDGE_CURVE('',#1207,#1193,#425,.T.);
#1505=EDGE_CURVE('',#1209,#1188,#426,.T.);
#1506=EDGE_CURVE('',#1209,#1210,#427,.T.);
#1507=EDGE_CURVE('',#1187,#1210,#428,.T.);
#1508=EDGE_CURVE('',#1211,#1201,#429,.T.);
#1509=EDGE_CURVE('',#1212,#1211,#430,.T.);
#1510=EDGE_CURVE('',#1202,#1212,#431,.T.);
#1511=EDGE_CURVE('',#1190,#1213,#432,.T.);
#1512=EDGE_CURVE('',#1213,#1214,#433,.T.);
#1513=EDGE_CURVE('',#1214,#1215,#434,.T.);
#1514=EDGE_CURVE('',#1215,#1216,#435,.T.);
#1515=EDGE_CURVE('',#1216,#1217,#436,.T.);
#1516=EDGE_CURVE('',#1217,#1218,#437,.T.);
#1517=EDGE_CURVE('',#1218,#1219,#438,.T.);
#1518=EDGE_CURVE('',#1219,#1220,#439,.T.);
#1519=EDGE_CURVE('',#1220,#1221,#440,.T.);
#1520=EDGE_CURVE('',#1222,#1221,#441,.T.);
#1521=EDGE_CURVE('',#1222,#1223,#442,.T.);
#1522=EDGE_CURVE('',#1223,#1224,#443,.T.);
#1523=EDGE_CURVE('',#1224,#1225,#444,.T.);
#1524=EDGE_CURVE('',#1225,#1226,#445,.T.);
#1525=EDGE_CURVE('',#1226,#1227,#446,.T.);
#1526=EDGE_CURVE('',#1227,#1228,#447,.T.);
#1527=EDGE_CURVE('',#1228,#1229,#448,.T.);
#1528=EDGE_CURVE('',#1229,#1230,#449,.T.);
#1529=EDGE_CURVE('',#1230,#1231,#450,.T.);
#1530=EDGE_CURVE('',#1231,#1232,#451,.T.);
#1531=EDGE_CURVE('',#1232,#1233,#452,.T.);
#1532=EDGE_CURVE('',#1233,#1234,#453,.T.);
#1533=EDGE_CURVE('',#1234,#1235,#454,.T.);
#1534=EDGE_CURVE('',#1235,#1236,#455,.T.);
#1535=EDGE_CURVE('',#1236,#1237,#456,.T.);
#1536=EDGE_CURVE('',#1237,#1238,#457,.T.);
#1537=EDGE_CURVE('',#1238,#1239,#458,.T.);
#1538=EDGE_CURVE('',#1239,#1240,#459,.T.);
#1539=EDGE_CURVE('',#1240,#1241,#460,.T.);
#1540=EDGE_CURVE('',#1241,#1242,#461,.T.);
#1541=EDGE_CURVE('',#1242,#1243,#38,.T.);
#1542=EDGE_CURVE('',#1243,#1244,#462,.T.);
#1543=EDGE_CURVE('',#1244,#1245,#463,.T.);
#1544=EDGE_CURVE('',#1245,#1246,#464,.T.);
#1545=EDGE_CURVE('',#1246,#1247,#465,.T.);
#1546=EDGE_CURVE('',#1247,#1248,#466,.T.);
#1547=EDGE_CURVE('',#1248,#1249,#467,.T.);
#1548=EDGE_CURVE('',#1249,#1250,#468,.T.);
#1549=EDGE_CURVE('',#1250,#1251,#39,.T.);
#1550=EDGE_CURVE('',#1251,#1252,#469,.T.);
#1551=EDGE_CURVE('',#1252,#1253,#470,.T.);
#1552=EDGE_CURVE('',#1253,#1254,#471,.T.);
#1553=EDGE_CURVE('',#1254,#1255,#472,.T.);
#1554=EDGE_CURVE('',#1255,#1256,#473,.T.);
#1555=EDGE_CURVE('',#1256,#1257,#474,.T.);
#1556=EDGE_CURVE('',#1257,#1258,#475,.T.);
#1557=EDGE_CURVE('',#1258,#1259,#476,.T.);
#1558=EDGE_CURVE('',#1259,#1260,#477,.T.);
#1559=EDGE_CURVE('',#1260,#1261,#478,.T.);
#1560=EDGE_CURVE('',#1261,#1262,#479,.T.);
#1561=EDGE_CURVE('',#1262,#1263,#480,.T.);
#1562=EDGE_CURVE('',#1263,#1264,#481,.T.);
#1563=EDGE_CURVE('',#1264,#1265,#482,.T.);
#1564=EDGE_CURVE('',#1265,#1266,#483,.T.);
#1565=EDGE_CURVE('',#1266,#1267,#484,.T.);
#1566=EDGE_CURVE('',#1267,#1268,#485,.T.);
#1567=EDGE_CURVE('',#1268,#1269,#486,.T.);
#1568=EDGE_CURVE('',#1269,#1270,#487,.T.);
#1569=EDGE_CURVE('',#1270,#1271,#488,.T.);
#1570=EDGE_CURVE('',#1271,#1272,#489,.T.);
#1571=EDGE_CURVE('',#1272,#1273,#490,.T.);
#1572=EDGE_CURVE('',#1273,#1274,#491,.T.);
#1573=EDGE_CURVE('',#1274,#1275,#492,.T.);
#1574=EDGE_CURVE('',#1275,#1209,#493,.T.);
#1575=EDGE_CURVE('',#1276,#1276,#40,.T.);
#1576=EDGE_CURVE('',#1277,#1277,#41,.T.);
#1577=EDGE_CURVE('',#1212,#1208,#494,.T.);
#1578=EDGE_CURVE('',#1278,#1189,#495,.T.);
#1579=EDGE_CURVE('',#1213,#1278,#496,.T.);
#1580=EDGE_CURVE('',#1279,#1280,#497,.T.);
#1581=EDGE_CURVE('',#1262,#1279,#498,.T.);
#1582=EDGE_CURVE('',#1281,#1261,#499,.T.);
#1583=EDGE_CURVE('',#1282,#1281,#500,.T.);
#1584=EDGE_CURVE('',#1280,#1282,#501,.T.);
#1585=EDGE_CURVE('',#1283,#1284,#502,.T.);
#1586=EDGE_CURVE('',#1283,#1285,#503,.T.);
#1587=EDGE_CURVE('',#1285,#1286,#504,.T.);
#1588=EDGE_CURVE('',#1284,#1286,#505,.T.);
#1589=EDGE_CURVE('',#1260,#1287,#506,.T.);
#1590=EDGE_CURVE('',#1287,#1281,#507,.T.);
#1591=EDGE_CURVE('',#1288,#1289,#508,.T.);
#1592=EDGE_CURVE('',#1286,#1289,#509,.T.);
#1593=EDGE_CURVE('',#1290,#1285,#510,.T.);
#1594=EDGE_CURVE('',#1290,#1288,#42,.T.);
#1595=EDGE_CURVE('',#1291,#1292,#511,.T.);
#1596=EDGE_CURVE('',#1292,#1293,#43,.T.);
#1597=EDGE_CURVE('',#1294,#1293,#512,.T.);
#1598=EDGE_CURVE('',#1295,#1294,#513,.T.);
#1599=EDGE_CURVE('',#1291,#1295,#514,.T.);
#1600=EDGE_CURVE('',#1296,#1297,#515,.T.);
#1601=EDGE_CURVE('',#1298,#1296,#516,.T.);
#1602=EDGE_CURVE('',#1299,#1298,#517,.T.);
#1603=EDGE_CURVE('',#1299,#1300,#518,.T.);
#1604=EDGE_CURVE('',#1297,#1300,#44,.T.);
#1605=EDGE_CURVE('',#1301,#1302,#519,.T.);
#1606=EDGE_CURVE('',#1303,#1301,#45,.T.);
#1607=EDGE_CURVE('',#1303,#1283,#520,.T.);
#1608=EDGE_CURVE('',#1302,#1284,#521,.T.);
#1609=EDGE_CURVE('',#1287,#1304,#522,.T.);
#1610=EDGE_CURVE('',#1282,#1304,#523,.T.);
#1611=EDGE_CURVE('',#1294,#1299,#524,.T.);
#1612=EDGE_CURVE('',#1290,#1293,#525,.T.);
#1613=EDGE_CURVE('',#1300,#1303,#526,.T.);
#1614=EDGE_CURVE('',#1300,#1303,#46,.T.);
#1615=EDGE_CURVE('',#1301,#1288,#527,.T.);
#1616=EDGE_CURVE('',#1293,#1290,#47,.T.);
#1617=EDGE_CURVE('',#1297,#1292,#528,.T.);
#1618=EDGE_CURVE('',#1296,#1291,#529,.T.);
#1619=EDGE_CURVE('',#1289,#1302,#530,.T.);
#1620=EDGE_CURVE('',#1305,#1306,#531,.T.);
#1621=EDGE_CURVE('',#1306,#1307,#532,.T.);
#1622=EDGE_CURVE('',#1307,#1308,#533,.F.);
#1623=EDGE_CURVE('',#1308,#1309,#534,.F.);
#1624=EDGE_CURVE('',#1309,#1310,#535,.F.);
#1625=EDGE_CURVE('',#1310,#1311,#536,.F.);
#1626=EDGE_CURVE('',#1311,#1279,#537,.F.);
#1627=EDGE_CURVE('',#1280,#1312,#538,.T.);
#1628=EDGE_CURVE('',#1312,#1313,#539,.T.);
#1629=EDGE_CURVE('',#1313,#1314,#540,.T.);
#1630=EDGE_CURVE('',#1314,#1305,#541,.T.);
#1631=EDGE_CURVE('',#1307,#1259,#542,.T.);
#1632=EDGE_CURVE('',#1304,#1306,#543,.T.);
#1633=EDGE_CURVE('',#1263,#1311,#544,.T.);
#1634=EDGE_CURVE('',#1237,#1315,#545,.T.);
#1635=EDGE_CURVE('',#1236,#1316,#546,.T.);
#1636=EDGE_CURVE('',#1316,#1315,#547,.T.);
#1637=EDGE_CURVE('',#1317,#1318,#548,.T.);
#1638=EDGE_CURVE('',#1319,#1317,#549,.T.);
#1639=EDGE_CURVE('',#1320,#1319,#550,.T.);
#1640=EDGE_CURVE('',#1320,#1318,#551,.T.);
#1641=EDGE_CURVE('',#1321,#1322,#552,.T.);
#1642=EDGE_CURVE('',#1321,#1323,#553,.T.);
#1643=EDGE_CURVE('',#1324,#1323,#554,.T.);
#1644=EDGE_CURVE('',#1322,#1324,#555,.T.);
#1645=EDGE_CURVE('',#1325,#1326,#556,.T.);
#1646=EDGE_CURVE('',#1317,#1325,#557,.T.);
#1647=EDGE_CURVE('',#1318,#1327,#558,.T.);
#1648=EDGE_CURVE('',#1326,#1327,#48,.T.);
#1649=EDGE_CURVE('',#1328,#1329,#559,.T.);
#1650=EDGE_CURVE('',#1330,#1328,#49,.T.);
#1651=EDGE_CURVE('',#1330,#1321,#560,.T.);
#1652=EDGE_CURVE('',#1329,#1322,#561,.T.);
#1653=EDGE_CURVE('',#1315,#1320,#562,.T.);
#1654=EDGE_CURVE('',#1316,#1331,#563,.T.);
#1655=EDGE_CURVE('',#1332,#1331,#564,.T.);
#1656=EDGE_CURVE('',#1323,#1332,#565,.T.);
#1657=EDGE_CURVE('',#1327,#1330,#566,.T.);
#1658=EDGE_CURVE('',#1331,#1235,#567,.T.);
#1659=EDGE_CURVE('',#1327,#1330,#50,.T.);
#1660=EDGE_CURVE('',#1328,#1333,#568,.T.);
#1661=EDGE_CURVE('',#1334,#1333,#51,.T.);
#1662=EDGE_CURVE('',#1326,#1334,#569,.T.);
#1663=EDGE_CURVE('',#1335,#1334,#570,.T.);
#1664=EDGE_CURVE('',#1325,#1335,#571,.T.);
#1665=EDGE_CURVE('',#1336,#1329,#572,.T.);
#1666=EDGE_CURVE('',#1333,#1336,#573,.T.);
#1667=EDGE_CURVE('',#1242,#1337,#574,.T.);
#1668=EDGE_CURVE('',#1241,#1338,#575,.T.);
#1669=EDGE_CURVE('',#1337,#1338,#576,.T.);
#1670=EDGE_CURVE('',#1324,#1336,#577,.T.);
#1671=EDGE_CURVE('',#1295,#1298,#578,.T.);
#1672=EDGE_CURVE('',#1335,#1319,#579,.T.);
#1673=EDGE_CURVE('',#1332,#1339,#580,.T.);
#1674=EDGE_CURVE('',#1340,#1339,#581,.T.);
#1675=EDGE_CURVE('',#1238,#1340,#582,.T.);
#1676=EDGE_CURVE('',#1341,#1342,#583,.T.);
#1677=EDGE_CURVE('',#1341,#1343,#584,.T.);
#1678=EDGE_CURVE('',#1343,#1344,#585,.T.);
#1679=EDGE_CURVE('',#1342,#1344,#586,.T.);
#1680=EDGE_CURVE('',#1230,#1345,#587,.T.);
#1681=EDGE_CURVE('',#1345,#1346,#588,.T.);
#1682=EDGE_CURVE('',#1346,#1231,#589,.T.);
#1683=EDGE_CURVE('',#1347,#1348,#590,.T.);
#1684=EDGE_CURVE('',#1344,#1348,#591,.T.);
#1685=EDGE_CURVE('',#1349,#1343,#592,.T.);
#1686=EDGE_CURVE('',#1349,#1347,#52,.T.);
#1687=EDGE_CURVE('',#1350,#1351,#593,.T.);
#1688=EDGE_CURVE('',#1351,#1352,#53,.T.);
#1689=EDGE_CURVE('',#1353,#1352,#594,.T.);
#1690=EDGE_CURVE('',#1354,#1353,#595,.T.);
#1691=EDGE_CURVE('',#1350,#1354,#596,.T.);
#1692=EDGE_CURVE('',#1345,#1355,#597,.T.);
#1693=EDGE_CURVE('',#1355,#1229,#598,.T.);
#1694=EDGE_CURVE('',#1356,#1357,#599,.T.);
#1695=EDGE_CURVE('',#1358,#1356,#600,.T.);
#1696=EDGE_CURVE('',#1359,#1358,#601,.T.);
#1697=EDGE_CURVE('',#1359,#1360,#602,.T.);
#1698=EDGE_CURVE('',#1357,#1360,#54,.T.);
#1699=EDGE_CURVE('',#1361,#1362,#603,.T.);
#1700=EDGE_CURVE('',#1363,#1361,#55,.T.);
#1701=EDGE_CURVE('',#1363,#1341,#604,.T.);
#1702=EDGE_CURVE('',#1362,#1342,#605,.T.);
#1703=EDGE_CURVE('',#1353,#1364,#606,.T.);
#1704=EDGE_CURVE('',#1349,#1352,#607,.T.);
#1705=EDGE_CURVE('',#1360,#1363,#608,.T.);
#1706=EDGE_CURVE('',#1365,#1359,#609,.T.);
#1707=EDGE_CURVE('',#1365,#1346,#610,.T.);
#1708=EDGE_CURVE('',#1364,#1355,#611,.T.);
#1709=EDGE_CURVE('',#1360,#1363,#56,.T.);
#1710=EDGE_CURVE('',#1361,#1347,#612,.T.);
#1711=EDGE_CURVE('',#1352,#1349,#57,.T.);
#1712=EDGE_CURVE('',#1357,#1351,#613,.T.);
#1713=EDGE_CURVE('',#1356,#1350,#614,.T.);
#1714=EDGE_CURVE('',#1348,#1362,#615,.T.);
#1715=EDGE_CURVE('',#1364,#1366,#616,.T.);
#1716=EDGE_CURVE('',#1367,#1366,#617,.T.);
#1717=EDGE_CURVE('',#1353,#1367,#618,.T.);
#1718=EDGE_CURVE('',#1368,#1368,#58,.T.);
#1719=EDGE_CURVE('',#1368,#1276,#619,.T.);
#1720=EDGE_CURVE('',#1369,#1369,#59,.T.);
#1721=EDGE_CURVE('',#1369,#1277,#620,.T.);
#1722=EDGE_CURVE('',#1370,#1371,#621,.T.);
#1723=EDGE_CURVE('',#1371,#1372,#622,.T.);
#1724=EDGE_CURVE('',#1372,#1373,#623,.T.);
#1725=EDGE_CURVE('',#1373,#1370,#624,.T.);
#1726=EDGE_CURVE('',#1374,#1375,#625,.T.);
#1727=EDGE_CURVE('',#1375,#1376,#626,.T.);
#1728=EDGE_CURVE('',#1376,#1377,#627,.T.);
#1729=EDGE_CURVE('',#1377,#1374,#628,.T.);
#1730=EDGE_CURVE('',#1339,#1378,#629,.T.);
#1731=EDGE_CURVE('',#1378,#1379,#630,.T.);
#1732=EDGE_CURVE('',#1379,#1337,#60,.T.);
#1733=EDGE_CURVE('',#1338,#1380,#631,.T.);
#1734=EDGE_CURVE('',#1380,#1381,#632,.T.);
#1735=EDGE_CURVE('',#1381,#1340,#633,.T.);
#1736=EDGE_CURVE('',#1309,#1382,#634,.F.);
#1737=EDGE_CURVE('',#1383,#1382,#635,.T.);
#1738=EDGE_CURVE('',#1310,#1383,#636,.T.);
#1739=EDGE_CURVE('',#1256,#1384,#637,.T.);
#1740=EDGE_CURVE('',#1382,#1384,#638,.F.);
#1741=EDGE_CURVE('',#1257,#1309,#639,.T.);
#1742=EDGE_CURVE('',#1310,#1264,#640,.T.);
#1743=EDGE_CURVE('',#1385,#1383,#641,.F.);
#1744=EDGE_CURVE('',#1265,#1385,#642,.T.);
#1745=EDGE_CURVE('',#1386,#1385,#643,.T.);
#1746=EDGE_CURVE('',#1266,#1386,#644,.T.);
#1747=EDGE_CURVE('',#1249,#1387,#645,.T.);
#1748=EDGE_CURVE('',#1388,#1387,#646,.T.);
#1749=EDGE_CURVE('',#1250,#1388,#647,.T.);
#1750=EDGE_CURVE('',#1389,#1388,#61,.T.);
#1751=EDGE_CURVE('',#1251,#1389,#648,.T.);
#1752=EDGE_CURVE('',#1390,#1389,#649,.T.);
#1753=EDGE_CURVE('',#1252,#1390,#650,.T.);
#1754=EDGE_CURVE('',#1391,#1390,#651,.T.);
#1755=EDGE_CURVE('',#1253,#1391,#652,.T.);
#1756=EDGE_CURVE('',#1392,#1391,#653,.T.);
#1757=EDGE_CURVE('',#1254,#1392,#654,.T.);
#1758=EDGE_CURVE('',#1393,#1392,#655,.T.);
#1759=EDGE_CURVE('',#1255,#1393,#656,.T.);
#1760=EDGE_CURVE('',#1384,#1393,#657,.T.);
#1761=EDGE_CURVE('',#1387,#1386,#658,.T.);
#1762=EDGE_CURVE('',#1354,#1358,#659,.T.);
#1763=EDGE_CURVE('',#1258,#1308,#660,.F.);
#1764=EDGE_CURVE('',#1239,#1381,#661,.T.);
#1765=EDGE_CURVE('',#1240,#1380,#662,.T.);
#1766=EDGE_CURVE('',#1243,#1379,#663,.T.);
#1767=EDGE_CURVE('',#1244,#1378,#664,.T.);
#1768=EDGE_CURVE('',#1394,#1395,#665,.T.);
#1769=EDGE_CURVE('',#1396,#1395,#666,.T.);
#1770=EDGE_CURVE('',#1214,#1396,#667,.T.);
#1771=EDGE_CURVE('',#1394,#1278,#668,.T.);
#1772=EDGE_CURVE('',#1274,#1397,#669,.T.);
#1773=EDGE_CURVE('',#1398,#1397,#670,.T.);
#1774=EDGE_CURVE('',#1275,#1398,#671,.T.);
#1775=EDGE_CURVE('',#1210,#1398,#672,.T.);
#1776=EDGE_CURVE('',#1204,#1211,#673,.T.);
#1777=EDGE_CURVE('',#1399,#1394,#674,.T.);
#1778=EDGE_CURVE('',#1399,#1400,#675,.T.);
#1779=EDGE_CURVE('',#1395,#1400,#676,.T.);
#1780=EDGE_CURVE('',#1401,#1402,#677,.T.);
#1781=EDGE_CURVE('',#1400,#1402,#678,.T.);
#1782=EDGE_CURVE('',#1401,#1399,#679,.T.);
#1783=EDGE_CURVE('',#1403,#1401,#680,.T.);
#1784=EDGE_CURVE('',#1403,#1404,#681,.T.);
#1785=EDGE_CURVE('',#1402,#1404,#682,.T.);
#1786=EDGE_CURVE('',#1405,#1403,#683,.T.);
#1787=EDGE_CURVE('',#1405,#1406,#684,.T.);
#1788=EDGE_CURVE('',#1404,#1406,#685,.T.);
#1789=EDGE_CURVE('',#1407,#1405,#686,.T.);
#1790=EDGE_CURVE('',#1408,#1407,#687,.T.);
#1791=EDGE_CURVE('',#1406,#1408,#688,.T.);
#1792=EDGE_CURVE('',#1397,#1407,#689,.T.);
#1793=EDGE_CURVE('',#1408,#1409,#690,.T.);
#1794=EDGE_CURVE('',#1409,#1410,#691,.T.);
#1795=EDGE_CURVE('',#1410,#1411,#692,.T.);
#1796=EDGE_CURVE('',#1411,#1412,#693,.T.);
#1797=EDGE_CURVE('',#1412,#1413,#694,.T.);
#1798=EDGE_CURVE('',#1413,#1414,#695,.T.);
#1799=EDGE_CURVE('',#1414,#1415,#696,.T.);
#1800=EDGE_CURVE('',#1415,#1416,#697,.T.);
#1801=EDGE_CURVE('',#1416,#1417,#698,.T.);
#1802=EDGE_CURVE('',#1417,#1418,#699,.T.);
#1803=EDGE_CURVE('',#1418,#1419,#700,.T.);
#1804=EDGE_CURVE('',#1419,#1420,#701,.T.);
#1805=EDGE_CURVE('',#1420,#1421,#702,.T.);
#1806=EDGE_CURVE('',#1421,#1422,#703,.T.);
#1807=EDGE_CURVE('',#1422,#1423,#704,.T.);
#1808=EDGE_CURVE('',#1423,#1424,#705,.T.);
#1809=EDGE_CURVE('',#1424,#1425,#706,.T.);
#1810=EDGE_CURVE('',#1425,#1426,#707,.T.);
#1811=EDGE_CURVE('',#1426,#1427,#708,.T.);
#1812=EDGE_CURVE('',#1427,#1428,#709,.T.);
#1813=EDGE_CURVE('',#1428,#1429,#710,.T.);
#1814=EDGE_CURVE('',#1429,#1430,#711,.T.);
#1815=EDGE_CURVE('',#1430,#1431,#712,.T.);
#1816=EDGE_CURVE('',#1431,#1432,#713,.T.);
#1817=EDGE_CURVE('',#1432,#1433,#714,.T.);
#1818=EDGE_CURVE('',#1433,#1434,#715,.T.);
#1819=EDGE_CURVE('',#1434,#1435,#716,.T.);
#1820=EDGE_CURVE('',#1435,#1396,#717,.T.);
#1821=EDGE_CURVE('',#1436,#1437,#718,.T.);
#1822=EDGE_CURVE('',#1437,#1438,#719,.T.);
#1823=EDGE_CURVE('',#1438,#1439,#720,.T.);
#1824=EDGE_CURVE('',#1439,#1436,#721,.T.);
#1825=EDGE_CURVE('',#1411,#1271,#722,.T.);
#1826=EDGE_CURVE('',#1272,#1410,#723,.T.);
#1827=EDGE_CURVE('',#1273,#1409,#724,.T.);
#1828=EDGE_CURVE('',#1269,#1413,#725,.T.);
#1829=EDGE_CURVE('',#1270,#1412,#726,.T.);
#1830=EDGE_CURVE('',#1415,#1267,#727,.T.);
#1831=EDGE_CURVE('',#1268,#1414,#728,.T.);
#1832=EDGE_CURVE('',#1248,#1416,#729,.T.);
#1833=EDGE_CURVE('',#1247,#1417,#730,.T.);
#1834=EDGE_CURVE('',#1419,#1245,#731,.T.);
#1835=EDGE_CURVE('',#1246,#1418,#732,.T.);
#1836=EDGE_CURVE('',#1234,#1420,#733,.T.);
#1837=EDGE_CURVE('',#1232,#1422,#734,.T.);
#1838=EDGE_CURVE('',#1233,#1421,#735,.T.);
#1839=EDGE_CURVE('',#1425,#1375,#736,.T.);
#1840=EDGE_CURVE('',#1376,#1424,#737,.T.);
#1841=EDGE_CURVE('',#1423,#1377,#738,.T.);
#1842=EDGE_CURVE('',#1429,#1371,#739,.T.);
#1843=EDGE_CURVE('',#1372,#1428,#740,.T.);
#1844=EDGE_CURVE('',#1373,#1427,#741,.T.);
#1845=EDGE_CURVE('',#1370,#1426,#742,.T.);
#1846=EDGE_CURVE('',#1217,#1433,#743,.T.);
#1847=EDGE_CURVE('',#1216,#1434,#744,.T.);
#1848=EDGE_CURVE('',#1439,#1313,#745,.F.);
#1849=EDGE_CURVE('',#1438,#1314,#746,.T.);
#1850=EDGE_CURVE('',#1437,#1305,#747,.F.);
#1851=EDGE_CURVE('',#1436,#1312,#748,.T.);
#1852=EDGE_CURVE('',#1215,#1435,#749,.T.);
#1853=EDGE_CURVE('',#1218,#1432,#750,.T.);
#1854=EDGE_CURVE('',#1219,#1431,#751,.T.);
#1855=EDGE_CURVE('',#1220,#1430,#752,.T.);
#1856=EDGE_CURVE('',#1440,#1227,#753,.T.);
#1857=EDGE_CURVE('',#1441,#1440,#754,.T.);
#1858=EDGE_CURVE('',#1228,#1441,#755,.T.);
#1859=EDGE_CURVE('',#1365,#1442,#756,.T.);
#1860=EDGE_CURVE('',#1443,#1442,#757,.T.);
#1861=EDGE_CURVE('',#1374,#1443,#758,.T.);
#1862=EDGE_CURVE('',#1366,#1441,#759,.T.);
#1863=EDGE_CURVE('',#1442,#1367,#760,.T.);
#1864=EDGE_CURVE('',#1444,#1443,#761,.T.);
#1865=EDGE_CURVE('',#1221,#1444,#762,.T.);
#1866=EDGE_CURVE('',#1440,#1445,#763,.T.);
#1867=EDGE_CURVE('',#1445,#1446,#764,.T.);
#1868=EDGE_CURVE('',#1446,#1447,#765,.T.);
#1869=EDGE_CURVE('',#1447,#1448,#766,.T.);
#1870=EDGE_CURVE('',#1448,#1449,#767,.T.);
#1871=EDGE_CURVE('',#1449,#1444,#768,.T.);
#1872=EDGE_CURVE('',#1222,#1449,#769,.T.);
#1873=EDGE_CURVE('',#1223,#1448,#770,.T.);
#1874=EDGE_CURVE('',#1224,#1447,#771,.T.);
#1875=EDGE_CURVE('',#1225,#1446,#772,.T.);
#1876=EDGE_CURVE('',#1226,#1445,#773,.T.);
#1877=ORIENTED_EDGE('',*,*,#1450,.F.);
#1878=ORIENTED_EDGE('',*,*,#1451,.F.);
#1879=ORIENTED_EDGE('',*,*,#1452,.F.);
#1880=ORIENTED_EDGE('',*,*,#1453,.T.);
#1881=ORIENTED_EDGE('',*,*,#1454,.F.);
#1882=ORIENTED_EDGE('',*,*,#1453,.F.);
#1883=ORIENTED_EDGE('',*,*,#1455,.F.);
#1884=ORIENTED_EDGE('',*,*,#1456,.T.);
#1885=ORIENTED_EDGE('',*,*,#1457,.F.);
#1886=ORIENTED_EDGE('',*,*,#1456,.F.);
#1887=ORIENTED_EDGE('',*,*,#1458,.F.);
#1888=ORIENTED_EDGE('',*,*,#1459,.T.);
#1889=ORIENTED_EDGE('',*,*,#1460,.F.);
#1890=ORIENTED_EDGE('',*,*,#1459,.F.);
#1891=ORIENTED_EDGE('',*,*,#1461,.F.);
#1892=ORIENTED_EDGE('',*,*,#1451,.T.);
#1893=ORIENTED_EDGE('',*,*,#1462,.F.);
#1894=ORIENTED_EDGE('',*,*,#1463,.F.);
#1895=ORIENTED_EDGE('',*,*,#1464,.F.);
#1896=ORIENTED_EDGE('',*,*,#1465,.T.);
#1897=ORIENTED_EDGE('',*,*,#1466,.F.);
#1898=ORIENTED_EDGE('',*,*,#1465,.F.);
#1899=ORIENTED_EDGE('',*,*,#1467,.F.);
#1900=ORIENTED_EDGE('',*,*,#1468,.T.);
#1901=ORIENTED_EDGE('',*,*,#1469,.F.);
#1902=ORIENTED_EDGE('',*,*,#1468,.F.);
#1903=ORIENTED_EDGE('',*,*,#1470,.F.);
#1904=ORIENTED_EDGE('',*,*,#1471,.T.);
#1905=ORIENTED_EDGE('',*,*,#1472,.F.);
#1906=ORIENTED_EDGE('',*,*,#1471,.F.);
#1907=ORIENTED_EDGE('',*,*,#1473,.F.);
#1908=ORIENTED_EDGE('',*,*,#1463,.T.);
#1909=ORIENTED_EDGE('',*,*,#1474,.F.);
#1910=ORIENTED_EDGE('',*,*,#1475,.F.);
#1911=ORIENTED_EDGE('',*,*,#1476,.F.);
#1912=ORIENTED_EDGE('',*,*,#1477,.F.);
#1913=ORIENTED_EDGE('',*,*,#1478,.F.);
#1914=ORIENTED_EDGE('',*,*,#1479,.F.);
#1915=ORIENTED_EDGE('',*,*,#1480,.F.);
#1916=ORIENTED_EDGE('',*,*,#1481,.T.);
#1917=ORIENTED_EDGE('',*,*,#1482,.F.);
#1918=ORIENTED_EDGE('',*,*,#1483,.F.);
#1919=ORIENTED_EDGE('',*,*,#1478,.T.);
#1920=ORIENTED_EDGE('',*,*,#1484,.T.);
#1921=ORIENTED_EDGE('',*,*,#1485,.F.);
#1922=ORIENTED_EDGE('',*,*,#1486,.F.);
#1923=ORIENTED_EDGE('',*,*,#1487,.F.);
#1924=ORIENTED_EDGE('',*,*,#1488,.T.);
#1925=ORIENTED_EDGE('',*,*,#1489,.F.);
#1926=ORIENTED_EDGE('',*,*,#1490,.F.);
#1927=ORIENTED_EDGE('',*,*,#1485,.T.);
#1928=ORIENTED_EDGE('',*,*,#1491,.T.);
#1929=ORIENTED_EDGE('',*,*,#1487,.T.);
#1930=ORIENTED_EDGE('',*,*,#1492,.T.);
#1931=ORIENTED_EDGE('',*,*,#1493,.F.);
#1932=ORIENTED_EDGE('',*,*,#1494,.F.);
#1933=ORIENTED_EDGE('',*,*,#1495,.F.);
#1934=ORIENTED_EDGE('',*,*,#1496,.F.);
#1935=ORIENTED_EDGE('',*,*,#1482,.T.);
#1936=ORIENTED_EDGE('',*,*,#1496,.T.);
#1937=ORIENTED_EDGE('',*,*,#1497,.F.);
#1938=ORIENTED_EDGE('',*,*,#1498,.F.);
#1939=ORIENTED_EDGE('',*,*,#1486,.T.);
#1940=ORIENTED_EDGE('',*,*,#1499,.F.);
#1941=ORIENTED_EDGE('',*,*,#1500,.F.);
#1942=ORIENTED_EDGE('',*,*,#1492,.F.);
#1943=ORIENTED_EDGE('',*,*,#1501,.T.);
#1944=ORIENTED_EDGE('',*,*,#1491,.F.);
#1945=ORIENTED_EDGE('',*,*,#1502,.F.);
#1946=ORIENTED_EDGE('',*,*,#1494,.T.);
#1947=ORIENTED_EDGE('',*,*,#1497,.T.);
#1948=ORIENTED_EDGE('',*,*,#1495,.T.);
#1949=ORIENTED_EDGE('',*,*,#1503,.F.);
#1950=ORIENTED_EDGE('',*,*,#1480,.T.);
#1951=ORIENTED_EDGE('',*,*,#1504,.F.);
#1952=ORIENTED_EDGE('',*,*,#1474,.T.);
#1953=ORIENTED_EDGE('',*,*,#1505,.F.);
#1954=ORIENTED_EDGE('',*,*,#1506,.T.);
#1955=ORIENTED_EDGE('',*,*,#1507,.F.);
#1956=ORIENTED_EDGE('',*,*,#1489,.T.);
#1957=ORIENTED_EDGE('',*,*,#1508,.F.);
#1958=ORIENTED_EDGE('',*,*,#1509,.F.);
#1959=ORIENTED_EDGE('',*,*,#1510,.F.);
#1960=ORIENTED_EDGE('',*,*,#1477,.T.);
#1961=ORIENTED_EDGE('',*,*,#1511,.T.);
#1962=ORIENTED_EDGE('',*,*,#1512,.T.);
#1963=ORIENTED_EDGE('',*,*,#1513,.T.);
#1964=ORIENTED_EDGE('',*,*,#1514,.T.);
#1965=ORIENTED_EDGE('',*,*,#1515,.T.);
#1966=ORIENTED_EDGE('',*,*,#1516,.T.);
#1967=ORIENTED_EDGE('',*,*,#1517,.T.);
#1968=ORIENTED_EDGE('',*,*,#1518,.T.);
#1969=ORIENTED_EDGE('',*,*,#1519,.T.);
#1970=ORIENTED_EDGE('',*,*,#1520,.F.);
#1971=ORIENTED_EDGE('',*,*,#1521,.T.);
#1972=ORIENTED_EDGE('',*,*,#1522,.T.);
#1973=ORIENTED_EDGE('',*,*,#1523,.T.);
#1974=ORIENTED_EDGE('',*,*,#1524,.T.);
#1975=ORIENTED_EDGE('',*,*,#1525,.T.);
#1976=ORIENTED_EDGE('',*,*,#1526,.T.);
#1977=ORIENTED_EDGE('',*,*,#1527,.T.);
#1978=ORIENTED_EDGE('',*,*,#1528,.T.);
#1979=ORIENTED_EDGE('',*,*,#1529,.T.);
#1980=ORIENTED_EDGE('',*,*,#1530,.T.);
#1981=ORIENTED_EDGE('',*,*,#1531,.T.);
#1982=ORIENTED_EDGE('',*,*,#1532,.T.);
#1983=ORIENTED_EDGE('',*,*,#1533,.T.);
#1984=ORIENTED_EDGE('',*,*,#1534,.T.);
#1985=ORIENTED_EDGE('',*,*,#1535,.T.);
#1986=ORIENTED_EDGE('',*,*,#1536,.T.);
#1987=ORIENTED_EDGE('',*,*,#1537,.T.);
#1988=ORIENTED_EDGE('',*,*,#1538,.T.);
#1989=ORIENTED_EDGE('',*,*,#1539,.T.);
#1990=ORIENTED_EDGE('',*,*,#1540,.T.);
#1991=ORIENTED_EDGE('',*,*,#1541,.T.);
#1992=ORIENTED_EDGE('',*,*,#1542,.T.);
#1993=ORIENTED_EDGE('',*,*,#1543,.T.);
#1994=ORIENTED_EDGE('',*,*,#1544,.T.);
#1995=ORIENTED_EDGE('',*,*,#1545,.T.);
#1996=ORIENTED_EDGE('',*,*,#1546,.T.);
#1997=ORIENTED_EDGE('',*,*,#1547,.T.);
#1998=ORIENTED_EDGE('',*,*,#1548,.T.);
#1999=ORIENTED_EDGE('',*,*,#1549,.T.);
#2000=ORIENTED_EDGE('',*,*,#1550,.T.);
#2001=ORIENTED_EDGE('',*,*,#1551,.T.);
#2002=ORIENTED_EDGE('',*,*,#1552,.T.);
#2003=ORIENTED_EDGE('',*,*,#1553,.T.);
#2004=ORIENTED_EDGE('',*,*,#1554,.T.);
#2005=ORIENTED_EDGE('',*,*,#1555,.T.);
#2006=ORIENTED_EDGE('',*,*,#1556,.T.);
#2007=ORIENTED_EDGE('',*,*,#1557,.T.);
#2008=ORIENTED_EDGE('',*,*,#1558,.T.);
#2009=ORIENTED_EDGE('',*,*,#1559,.T.);
#2010=ORIENTED_EDGE('',*,*,#1560,.T.);
#2011=ORIENTED_EDGE('',*,*,#1561,.T.);
#2012=ORIENTED_EDGE('',*,*,#1562,.T.);
#2013=ORIENTED_EDGE('',*,*,#1563,.T.);
#2014=ORIENTED_EDGE('',*,*,#1564,.T.);
#2015=ORIENTED_EDGE('',*,*,#1565,.T.);
#2016=ORIENTED_EDGE('',*,*,#1566,.T.);
#2017=ORIENTED_EDGE('',*,*,#1567,.T.);
#2018=ORIENTED_EDGE('',*,*,#1568,.T.);
#2019=ORIENTED_EDGE('',*,*,#1569,.T.);
#2020=ORIENTED_EDGE('',*,*,#1570,.T.);
#2021=ORIENTED_EDGE('',*,*,#1571,.T.);
#2022=ORIENTED_EDGE('',*,*,#1572,.T.);
#2023=ORIENTED_EDGE('',*,*,#1573,.T.);
#2024=ORIENTED_EDGE('',*,*,#1574,.T.);
#2025=ORIENTED_EDGE('',*,*,#1505,.T.);
#2026=ORIENTED_EDGE('',*,*,#1458,.T.);
#2027=ORIENTED_EDGE('',*,*,#1455,.T.);
#2028=ORIENTED_EDGE('',*,*,#1452,.T.);
#2029=ORIENTED_EDGE('',*,*,#1461,.T.);
#2030=ORIENTED_EDGE('',*,*,#1470,.T.);
#2031=ORIENTED_EDGE('',*,*,#1467,.T.);
#2032=ORIENTED_EDGE('',*,*,#1464,.T.);
#2033=ORIENTED_EDGE('',*,*,#1473,.T.);
#2034=ORIENTED_EDGE('',*,*,#1575,.T.);
#2035=ORIENTED_EDGE('',*,*,#1576,.T.);
#2036=ORIENTED_EDGE('',*,*,#1498,.T.);
#2037=ORIENTED_EDGE('',*,*,#1504,.T.);
#2038=ORIENTED_EDGE('',*,*,#1479,.T.);
#2039=ORIENTED_EDGE('',*,*,#1483,.T.);
#2040=ORIENTED_EDGE('',*,*,#1499,.T.);
#2041=ORIENTED_EDGE('',*,*,#1490,.T.);
#2042=ORIENTED_EDGE('',*,*,#1510,.T.);
#2043=ORIENTED_EDGE('',*,*,#1577,.T.);
#2044=ORIENTED_EDGE('',*,*,#1578,.F.);
#2045=ORIENTED_EDGE('',*,*,#1579,.F.);
#2046=ORIENTED_EDGE('',*,*,#1511,.F.);
#2047=ORIENTED_EDGE('',*,*,#1476,.T.);
#2048=ORIENTED_EDGE('',*,*,#1580,.F.);
#2049=ORIENTED_EDGE('',*,*,#1581,.F.);
#2050=ORIENTED_EDGE('',*,*,#1560,.F.);
#2051=ORIENTED_EDGE('',*,*,#1582,.F.);
#2052=ORIENTED_EDGE('',*,*,#1583,.F.);
#2053=ORIENTED_EDGE('',*,*,#1584,.F.);
#2054=ORIENTED_EDGE('',*,*,#1585,.F.);
#2055=ORIENTED_EDGE('',*,*,#1586,.T.);
#2056=ORIENTED_EDGE('',*,*,#1587,.T.);
#2057=ORIENTED_EDGE('',*,*,#1588,.F.);
#2058=ORIENTED_EDGE('',*,*,#1559,.F.);
#2059=ORIENTED_EDGE('',*,*,#1589,.T.);
#2060=ORIENTED_EDGE('',*,*,#1590,.T.);
#2061=ORIENTED_EDGE('',*,*,#1582,.T.);
#2062=ORIENTED_EDGE('',*,*,#1591,.T.);
#2063=ORIENTED_EDGE('',*,*,#1592,.F.);
#2064=ORIENTED_EDGE('',*,*,#1587,.F.);
#2065=ORIENTED_EDGE('',*,*,#1593,.F.);
#2066=ORIENTED_EDGE('',*,*,#1594,.T.);
#2067=ORIENTED_EDGE('',*,*,#1595,.T.);
#2068=ORIENTED_EDGE('',*,*,#1596,.T.);
#2069=ORIENTED_EDGE('',*,*,#1597,.F.);
#2070=ORIENTED_EDGE('',*,*,#1598,.F.);
#2071=ORIENTED_EDGE('',*,*,#1599,.F.);
#2072=ORIENTED_EDGE('',*,*,#1600,.F.);
#2073=ORIENTED_EDGE('',*,*,#1601,.F.);
#2074=ORIENTED_EDGE('',*,*,#1602,.F.);
#2075=ORIENTED_EDGE('',*,*,#1603,.T.);
#2076=ORIENTED_EDGE('',*,*,#1604,.F.);
#2077=ORIENTED_EDGE('',*,*,#1605,.F.);
#2078=ORIENTED_EDGE('',*,*,#1606,.F.);
#2079=ORIENTED_EDGE('',*,*,#1607,.T.);
#2080=ORIENTED_EDGE('',*,*,#1585,.T.);
#2081=ORIENTED_EDGE('',*,*,#1608,.F.);
#2082=ORIENTED_EDGE('',*,*,#1583,.T.);
#2083=ORIENTED_EDGE('',*,*,#1590,.F.);
#2084=ORIENTED_EDGE('',*,*,#1609,.T.);
#2085=ORIENTED_EDGE('',*,*,#1610,.F.);
#2086=ORIENTED_EDGE('',*,*,#1611,.F.);
#2087=ORIENTED_EDGE('',*,*,#1597,.T.);
#2088=ORIENTED_EDGE('',*,*,#1612,.F.);
#2089=ORIENTED_EDGE('',*,*,#1593,.T.);
#2090=ORIENTED_EDGE('',*,*,#1586,.F.);
#2091=ORIENTED_EDGE('',*,*,#1607,.F.);
#2092=ORIENTED_EDGE('',*,*,#1613,.F.);
#2093=ORIENTED_EDGE('',*,*,#1603,.F.);
#2094=ORIENTED_EDGE('',*,*,#1604,.T.);
#2095=ORIENTED_EDGE('',*,*,#1614,.T.);
#2096=ORIENTED_EDGE('',*,*,#1606,.T.);
#2097=ORIENTED_EDGE('',*,*,#1615,.T.);
#2098=ORIENTED_EDGE('',*,*,#1594,.F.);
#2099=ORIENTED_EDGE('',*,*,#1616,.F.);
#2100=ORIENTED_EDGE('',*,*,#1596,.F.);
#2101=ORIENTED_EDGE('',*,*,#1617,.F.);
#2102=ORIENTED_EDGE('',*,*,#1600,.T.);
#2103=ORIENTED_EDGE('',*,*,#1617,.T.);
#2104=ORIENTED_EDGE('',*,*,#1595,.F.);
#2105=ORIENTED_EDGE('',*,*,#1618,.F.);
#2106=ORIENTED_EDGE('',*,*,#1605,.T.);
#2107=ORIENTED_EDGE('',*,*,#1619,.F.);
#2108=ORIENTED_EDGE('',*,*,#1591,.F.);
#2109=ORIENTED_EDGE('',*,*,#1615,.F.);
#2110=ORIENTED_EDGE('',*,*,#1613,.T.);
#2111=ORIENTED_EDGE('',*,*,#1614,.F.);
#2112=ORIENTED_EDGE('',*,*,#1612,.T.);
#2113=ORIENTED_EDGE('',*,*,#1616,.T.);
#2114=ORIENTED_EDGE('',*,*,#1620,.T.);
#2115=ORIENTED_EDGE('',*,*,#1621,.T.);
#2116=ORIENTED_EDGE('',*,*,#1622,.T.);
#2117=ORIENTED_EDGE('',*,*,#1623,.T.);
#2118=ORIENTED_EDGE('',*,*,#1624,.T.);
#2119=ORIENTED_EDGE('',*,*,#1625,.T.);
#2120=ORIENTED_EDGE('',*,*,#1626,.T.);
#2121=ORIENTED_EDGE('',*,*,#1580,.T.);
#2122=ORIENTED_EDGE('',*,*,#1627,.T.);
#2123=ORIENTED_EDGE('',*,*,#1628,.T.);
#2124=ORIENTED_EDGE('',*,*,#1629,.T.);
#2125=ORIENTED_EDGE('',*,*,#1630,.T.);
#2126=ORIENTED_EDGE('',*,*,#1558,.F.);
#2127=ORIENTED_EDGE('',*,*,#1631,.F.);
#2128=ORIENTED_EDGE('',*,*,#1621,.F.);
#2129=ORIENTED_EDGE('',*,*,#1632,.F.);
#2130=ORIENTED_EDGE('',*,*,#1609,.F.);
#2131=ORIENTED_EDGE('',*,*,#1589,.F.);
#2132=ORIENTED_EDGE('',*,*,#1581,.T.);
#2133=ORIENTED_EDGE('',*,*,#1626,.F.);
#2134=ORIENTED_EDGE('',*,*,#1633,.F.);
#2135=ORIENTED_EDGE('',*,*,#1561,.F.);
#2136=ORIENTED_EDGE('',*,*,#1588,.T.);
#2137=ORIENTED_EDGE('',*,*,#1592,.T.);
#2138=ORIENTED_EDGE('',*,*,#1619,.T.);
#2139=ORIENTED_EDGE('',*,*,#1608,.T.);
#2140=ORIENTED_EDGE('',*,*,#1634,.F.);
#2141=ORIENTED_EDGE('',*,*,#1535,.F.);
#2142=ORIENTED_EDGE('',*,*,#1635,.T.);
#2143=ORIENTED_EDGE('',*,*,#1636,.T.);
#2144=ORIENTED_EDGE('',*,*,#1637,.F.);
#2145=ORIENTED_EDGE('',*,*,#1638,.F.);
#2146=ORIENTED_EDGE('',*,*,#1639,.F.);
#2147=ORIENTED_EDGE('',*,*,#1640,.T.);
#2148=ORIENTED_EDGE('',*,*,#1641,.F.);
#2149=ORIENTED_EDGE('',*,*,#1642,.T.);
#2150=ORIENTED_EDGE('',*,*,#1643,.F.);
#2151=ORIENTED_EDGE('',*,*,#1644,.F.);
#2152=ORIENTED_EDGE('',*,*,#1645,.F.);
#2153=ORIENTED_EDGE('',*,*,#1646,.F.);
#2154=ORIENTED_EDGE('',*,*,#1637,.T.);
#2155=ORIENTED_EDGE('',*,*,#1647,.T.);
#2156=ORIENTED_EDGE('',*,*,#1648,.F.);
#2157=ORIENTED_EDGE('',*,*,#1649,.F.);
#2158=ORIENTED_EDGE('',*,*,#1650,.F.);
#2159=ORIENTED_EDGE('',*,*,#1651,.T.);
#2160=ORIENTED_EDGE('',*,*,#1641,.T.);
#2161=ORIENTED_EDGE('',*,*,#1652,.F.);
#2162=ORIENTED_EDGE('',*,*,#1653,.F.);
#2163=ORIENTED_EDGE('',*,*,#1636,.F.);
#2164=ORIENTED_EDGE('',*,*,#1654,.T.);
#2165=ORIENTED_EDGE('',*,*,#1655,.F.);
#2166=ORIENTED_EDGE('',*,*,#1656,.F.);
#2167=ORIENTED_EDGE('',*,*,#1642,.F.);
#2168=ORIENTED_EDGE('',*,*,#1651,.F.);
#2169=ORIENTED_EDGE('',*,*,#1657,.F.);
#2170=ORIENTED_EDGE('',*,*,#1647,.F.);
#2171=ORIENTED_EDGE('',*,*,#1640,.F.);
#2172=ORIENTED_EDGE('',*,*,#1654,.F.);
#2173=ORIENTED_EDGE('',*,*,#1635,.F.);
#2174=ORIENTED_EDGE('',*,*,#1534,.F.);
#2175=ORIENTED_EDGE('',*,*,#1658,.F.);
#2176=ORIENTED_EDGE('',*,*,#1648,.T.);
#2177=ORIENTED_EDGE('',*,*,#1659,.T.);
#2178=ORIENTED_EDGE('',*,*,#1650,.T.);
#2179=ORIENTED_EDGE('',*,*,#1660,.T.);
#2180=ORIENTED_EDGE('',*,*,#1661,.F.);
#2181=ORIENTED_EDGE('',*,*,#1662,.F.);
#2182=ORIENTED_EDGE('',*,*,#1645,.T.);
#2183=ORIENTED_EDGE('',*,*,#1662,.T.);
#2184=ORIENTED_EDGE('',*,*,#1663,.F.);
#2185=ORIENTED_EDGE('',*,*,#1664,.F.);
#2186=ORIENTED_EDGE('',*,*,#1649,.T.);
#2187=ORIENTED_EDGE('',*,*,#1665,.F.);
#2188=ORIENTED_EDGE('',*,*,#1666,.F.);
#2189=ORIENTED_EDGE('',*,*,#1660,.F.);
#2190=ORIENTED_EDGE('',*,*,#1657,.T.);
#2191=ORIENTED_EDGE('',*,*,#1659,.F.);
#2192=ORIENTED_EDGE('',*,*,#1667,.F.);
#2193=ORIENTED_EDGE('',*,*,#1540,.F.);
#2194=ORIENTED_EDGE('',*,*,#1668,.T.);
#2195=ORIENTED_EDGE('',*,*,#1669,.F.);
#2196=ORIENTED_EDGE('',*,*,#1665,.T.);
#2197=ORIENTED_EDGE('',*,*,#1652,.T.);
#2198=ORIENTED_EDGE('',*,*,#1644,.T.);
#2199=ORIENTED_EDGE('',*,*,#1670,.T.);
#2200=ORIENTED_EDGE('',*,*,#1599,.T.);
#2201=ORIENTED_EDGE('',*,*,#1671,.T.);
#2202=ORIENTED_EDGE('',*,*,#1601,.T.);
#2203=ORIENTED_EDGE('',*,*,#1618,.T.);
#2204=ORIENTED_EDGE('',*,*,#1638,.T.);
#2205=ORIENTED_EDGE('',*,*,#1646,.T.);
#2206=ORIENTED_EDGE('',*,*,#1664,.T.);
#2207=ORIENTED_EDGE('',*,*,#1672,.T.);
#2208=ORIENTED_EDGE('',*,*,#1634,.T.);
#2209=ORIENTED_EDGE('',*,*,#1653,.T.);
#2210=ORIENTED_EDGE('',*,*,#1639,.T.);
#2211=ORIENTED_EDGE('',*,*,#1672,.F.);
#2212=ORIENTED_EDGE('',*,*,#1663,.T.);
#2213=ORIENTED_EDGE('',*,*,#1661,.T.);
#2214=ORIENTED_EDGE('',*,*,#1666,.T.);
#2215=ORIENTED_EDGE('',*,*,#1670,.F.);
#2216=ORIENTED_EDGE('',*,*,#1643,.T.);
#2217=ORIENTED_EDGE('',*,*,#1656,.T.);
#2218=ORIENTED_EDGE('',*,*,#1673,.T.);
#2219=ORIENTED_EDGE('',*,*,#1674,.F.);
#2220=ORIENTED_EDGE('',*,*,#1675,.F.);
#2221=ORIENTED_EDGE('',*,*,#1536,.F.);
#2222=ORIENTED_EDGE('',*,*,#1676,.F.);
#2223=ORIENTED_EDGE('',*,*,#1677,.T.);
#2224=ORIENTED_EDGE('',*,*,#1678,.T.);
#2225=ORIENTED_EDGE('',*,*,#1679,.F.);
#2226=ORIENTED_EDGE('',*,*,#1529,.F.);
#2227=ORIENTED_EDGE('',*,*,#1680,.T.);
#2228=ORIENTED_EDGE('',*,*,#1681,.T.);
#2229=ORIENTED_EDGE('',*,*,#1682,.T.);
#2230=ORIENTED_EDGE('',*,*,#1683,.T.);
#2231=ORIENTED_EDGE('',*,*,#1684,.F.);
#2232=ORIENTED_EDGE('',*,*,#1678,.F.);
#2233=ORIENTED_EDGE('',*,*,#1685,.F.);
#2234=ORIENTED_EDGE('',*,*,#1686,.T.);
#2235=ORIENTED_EDGE('',*,*,#1687,.T.);
#2236=ORIENTED_EDGE('',*,*,#1688,.T.);
#2237=ORIENTED_EDGE('',*,*,#1689,.F.);
#2238=ORIENTED_EDGE('',*,*,#1690,.F.);
#2239=ORIENTED_EDGE('',*,*,#1691,.F.);
#2240=ORIENTED_EDGE('',*,*,#1692,.F.);
#2241=ORIENTED_EDGE('',*,*,#1680,.F.);
#2242=ORIENTED_EDGE('',*,*,#1528,.F.);
#2243=ORIENTED_EDGE('',*,*,#1693,.F.);
#2244=ORIENTED_EDGE('',*,*,#1694,.F.);
#2245=ORIENTED_EDGE('',*,*,#1695,.F.);
#2246=ORIENTED_EDGE('',*,*,#1696,.F.);
#2247=ORIENTED_EDGE('',*,*,#1697,.T.);
#2248=ORIENTED_EDGE('',*,*,#1698,.F.);
#2249=ORIENTED_EDGE('',*,*,#1699,.F.);
#2250=ORIENTED_EDGE('',*,*,#1700,.F.);
#2251=ORIENTED_EDGE('',*,*,#1701,.T.);
#2252=ORIENTED_EDGE('',*,*,#1676,.T.);
#2253=ORIENTED_EDGE('',*,*,#1702,.F.);
#2254=ORIENTED_EDGE('',*,*,#1703,.F.);
#2255=ORIENTED_EDGE('',*,*,#1689,.T.);
#2256=ORIENTED_EDGE('',*,*,#1704,.F.);
#2257=ORIENTED_EDGE('',*,*,#1685,.T.);
#2258=ORIENTED_EDGE('',*,*,#1677,.F.);
#2259=ORIENTED_EDGE('',*,*,#1701,.F.);
#2260=ORIENTED_EDGE('',*,*,#1705,.F.);
#2261=ORIENTED_EDGE('',*,*,#1697,.F.);
#2262=ORIENTED_EDGE('',*,*,#1706,.F.);
#2263=ORIENTED_EDGE('',*,*,#1707,.T.);
#2264=ORIENTED_EDGE('',*,*,#1681,.F.);
#2265=ORIENTED_EDGE('',*,*,#1692,.T.);
#2266=ORIENTED_EDGE('',*,*,#1708,.F.);
#2267=ORIENTED_EDGE('',*,*,#1698,.T.);
#2268=ORIENTED_EDGE('',*,*,#1709,.T.);
#2269=ORIENTED_EDGE('',*,*,#1700,.T.);
#2270=ORIENTED_EDGE('',*,*,#1710,.T.);
#2271=ORIENTED_EDGE('',*,*,#1686,.F.);
#2272=ORIENTED_EDGE('',*,*,#1711,.F.);
#2273=ORIENTED_EDGE('',*,*,#1688,.F.);
#2274=ORIENTED_EDGE('',*,*,#1712,.F.);
#2275=ORIENTED_EDGE('',*,*,#1694,.T.);
#2276=ORIENTED_EDGE('',*,*,#1712,.T.);
#2277=ORIENTED_EDGE('',*,*,#1687,.F.);
#2278=ORIENTED_EDGE('',*,*,#1713,.F.);
#2279=ORIENTED_EDGE('',*,*,#1699,.T.);
#2280=ORIENTED_EDGE('',*,*,#1714,.F.);
#2281=ORIENTED_EDGE('',*,*,#1683,.F.);
#2282=ORIENTED_EDGE('',*,*,#1710,.F.);
#2283=ORIENTED_EDGE('',*,*,#1705,.T.);
#2284=ORIENTED_EDGE('',*,*,#1709,.F.);
#2285=ORIENTED_EDGE('',*,*,#1704,.T.);
#2286=ORIENTED_EDGE('',*,*,#1711,.T.);
#2287=ORIENTED_EDGE('',*,*,#1703,.T.);
#2288=ORIENTED_EDGE('',*,*,#1715,.T.);
#2289=ORIENTED_EDGE('',*,*,#1716,.F.);
#2290=ORIENTED_EDGE('',*,*,#1717,.F.);
#2291=ORIENTED_EDGE('',*,*,#1679,.T.);
#2292=ORIENTED_EDGE('',*,*,#1684,.T.);
#2293=ORIENTED_EDGE('',*,*,#1714,.T.);
#2294=ORIENTED_EDGE('',*,*,#1702,.T.);
#2295=ORIENTED_EDGE('',*,*,#1718,.F.);
#2296=ORIENTED_EDGE('',*,*,#1719,.T.);
#2297=ORIENTED_EDGE('',*,*,#1575,.F.);
#2298=ORIENTED_EDGE('',*,*,#1719,.F.);
#2299=ORIENTED_EDGE('',*,*,#1718,.T.);
#2300=ORIENTED_EDGE('',*,*,#1720,.F.);
#2301=ORIENTED_EDGE('',*,*,#1721,.T.);
#2302=ORIENTED_EDGE('',*,*,#1576,.F.);
#2303=ORIENTED_EDGE('',*,*,#1721,.F.);
#2304=ORIENTED_EDGE('',*,*,#1720,.T.);
#2305=ORIENTED_EDGE('',*,*,#1722,.T.);
#2306=ORIENTED_EDGE('',*,*,#1723,.T.);
#2307=ORIENTED_EDGE('',*,*,#1724,.T.);
#2308=ORIENTED_EDGE('',*,*,#1725,.T.);
#2309=ORIENTED_EDGE('',*,*,#1726,.T.);
#2310=ORIENTED_EDGE('',*,*,#1727,.T.);
#2311=ORIENTED_EDGE('',*,*,#1728,.T.);
#2312=ORIENTED_EDGE('',*,*,#1729,.T.);
#2313=ORIENTED_EDGE('',*,*,#1674,.T.);
#2314=ORIENTED_EDGE('',*,*,#1730,.T.);
#2315=ORIENTED_EDGE('',*,*,#1731,.T.);
#2316=ORIENTED_EDGE('',*,*,#1732,.T.);
#2317=ORIENTED_EDGE('',*,*,#1669,.T.);
#2318=ORIENTED_EDGE('',*,*,#1733,.T.);
#2319=ORIENTED_EDGE('',*,*,#1734,.T.);
#2320=ORIENTED_EDGE('',*,*,#1735,.T.);
#2321=ORIENTED_EDGE('',*,*,#1624,.F.);
#2322=ORIENTED_EDGE('',*,*,#1736,.T.);
#2323=ORIENTED_EDGE('',*,*,#1737,.F.);
#2324=ORIENTED_EDGE('',*,*,#1738,.F.);
#2325=ORIENTED_EDGE('',*,*,#1555,.F.);
#2326=ORIENTED_EDGE('',*,*,#1739,.T.);
#2327=ORIENTED_EDGE('',*,*,#1740,.F.);
#2328=ORIENTED_EDGE('',*,*,#1736,.F.);
#2329=ORIENTED_EDGE('',*,*,#1741,.F.);
#2330=ORIENTED_EDGE('',*,*,#1563,.F.);
#2331=ORIENTED_EDGE('',*,*,#1742,.F.);
#2332=ORIENTED_EDGE('',*,*,#1738,.T.);
#2333=ORIENTED_EDGE('',*,*,#1743,.F.);
#2334=ORIENTED_EDGE('',*,*,#1744,.F.);
#2335=ORIENTED_EDGE('',*,*,#1564,.F.);
#2336=ORIENTED_EDGE('',*,*,#1744,.T.);
#2337=ORIENTED_EDGE('',*,*,#1745,.F.);
#2338=ORIENTED_EDGE('',*,*,#1746,.F.);
#2339=ORIENTED_EDGE('',*,*,#1548,.F.);
#2340=ORIENTED_EDGE('',*,*,#1747,.T.);
#2341=ORIENTED_EDGE('',*,*,#1748,.F.);
#2342=ORIENTED_EDGE('',*,*,#1749,.F.);
#2343=ORIENTED_EDGE('',*,*,#1549,.F.);
#2344=ORIENTED_EDGE('',*,*,#1749,.T.);
#2345=ORIENTED_EDGE('',*,*,#1750,.F.);
#2346=ORIENTED_EDGE('',*,*,#1751,.F.);
#2347=ORIENTED_EDGE('',*,*,#1550,.F.);
#2348=ORIENTED_EDGE('',*,*,#1751,.T.);
#2349=ORIENTED_EDGE('',*,*,#1752,.F.);
#2350=ORIENTED_EDGE('',*,*,#1753,.F.);
#2351=ORIENTED_EDGE('',*,*,#1551,.F.);
#2352=ORIENTED_EDGE('',*,*,#1753,.T.);
#2353=ORIENTED_EDGE('',*,*,#1754,.F.);
#2354=ORIENTED_EDGE('',*,*,#1755,.F.);
#2355=ORIENTED_EDGE('',*,*,#1552,.F.);
#2356=ORIENTED_EDGE('',*,*,#1755,.T.);
#2357=ORIENTED_EDGE('',*,*,#1756,.F.);
#2358=ORIENTED_EDGE('',*,*,#1757,.F.);
#2359=ORIENTED_EDGE('',*,*,#1553,.F.);
#2360=ORIENTED_EDGE('',*,*,#1757,.T.);
#2361=ORIENTED_EDGE('',*,*,#1758,.F.);
#2362=ORIENTED_EDGE('',*,*,#1759,.F.);
#2363=ORIENTED_EDGE('',*,*,#1554,.F.);
#2364=ORIENTED_EDGE('',*,*,#1759,.T.);
#2365=ORIENTED_EDGE('',*,*,#1760,.F.);
#2366=ORIENTED_EDGE('',*,*,#1739,.F.);
#2367=ORIENTED_EDGE('',*,*,#1760,.T.);
#2368=ORIENTED_EDGE('',*,*,#1758,.T.);
#2369=ORIENTED_EDGE('',*,*,#1756,.T.);
#2370=ORIENTED_EDGE('',*,*,#1754,.T.);
#2371=ORIENTED_EDGE('',*,*,#1752,.T.);
#2372=ORIENTED_EDGE('',*,*,#1750,.T.);
#2373=ORIENTED_EDGE('',*,*,#1748,.T.);
#2374=ORIENTED_EDGE('',*,*,#1761,.T.);
#2375=ORIENTED_EDGE('',*,*,#1745,.T.);
#2376=ORIENTED_EDGE('',*,*,#1743,.T.);
#2377=ORIENTED_EDGE('',*,*,#1737,.T.);
#2378=ORIENTED_EDGE('',*,*,#1740,.T.);
#2379=ORIENTED_EDGE('',*,*,#1691,.T.);
#2380=ORIENTED_EDGE('',*,*,#1762,.T.);
#2381=ORIENTED_EDGE('',*,*,#1695,.T.);
#2382=ORIENTED_EDGE('',*,*,#1713,.T.);
#2383=ORIENTED_EDGE('',*,*,#1741,.T.);
#2384=ORIENTED_EDGE('',*,*,#1623,.F.);
#2385=ORIENTED_EDGE('',*,*,#1763,.F.);
#2386=ORIENTED_EDGE('',*,*,#1556,.F.);
#2387=ORIENTED_EDGE('',*,*,#1742,.T.);
#2388=ORIENTED_EDGE('',*,*,#1562,.F.);
#2389=ORIENTED_EDGE('',*,*,#1633,.T.);
#2390=ORIENTED_EDGE('',*,*,#1625,.F.);
#2391=ORIENTED_EDGE('',*,*,#1537,.F.);
#2392=ORIENTED_EDGE('',*,*,#1675,.T.);
#2393=ORIENTED_EDGE('',*,*,#1735,.F.);
#2394=ORIENTED_EDGE('',*,*,#1764,.F.);
#2395=ORIENTED_EDGE('',*,*,#1538,.F.);
#2396=ORIENTED_EDGE('',*,*,#1764,.T.);
#2397=ORIENTED_EDGE('',*,*,#1734,.F.);
#2398=ORIENTED_EDGE('',*,*,#1765,.F.);
#2399=ORIENTED_EDGE('',*,*,#1539,.F.);
#2400=ORIENTED_EDGE('',*,*,#1765,.T.);
#2401=ORIENTED_EDGE('',*,*,#1733,.F.);
#2402=ORIENTED_EDGE('',*,*,#1668,.F.);
#2403=ORIENTED_EDGE('',*,*,#1541,.F.);
#2404=ORIENTED_EDGE('',*,*,#1667,.T.);
#2405=ORIENTED_EDGE('',*,*,#1732,.F.);
#2406=ORIENTED_EDGE('',*,*,#1766,.F.);
#2407=ORIENTED_EDGE('',*,*,#1766,.T.);
#2408=ORIENTED_EDGE('',*,*,#1731,.F.);
#2409=ORIENTED_EDGE('',*,*,#1767,.F.);
#2410=ORIENTED_EDGE('',*,*,#1542,.F.);
#2411=ORIENTED_EDGE('',*,*,#1768,.T.);
#2412=ORIENTED_EDGE('',*,*,#1769,.F.);
#2413=ORIENTED_EDGE('',*,*,#1770,.F.);
#2414=ORIENTED_EDGE('',*,*,#1512,.F.);
#2415=ORIENTED_EDGE('',*,*,#1579,.T.);
#2416=ORIENTED_EDGE('',*,*,#1771,.F.);
#2417=ORIENTED_EDGE('',*,*,#1573,.F.);
#2418=ORIENTED_EDGE('',*,*,#1772,.T.);
#2419=ORIENTED_EDGE('',*,*,#1773,.F.);
#2420=ORIENTED_EDGE('',*,*,#1774,.F.);
#2421=ORIENTED_EDGE('',*,*,#1574,.F.);
#2422=ORIENTED_EDGE('',*,*,#1774,.T.);
#2423=ORIENTED_EDGE('',*,*,#1775,.F.);
#2424=ORIENTED_EDGE('',*,*,#1506,.F.);
#2425=ORIENTED_EDGE('',*,*,#1500,.T.);
#2426=ORIENTED_EDGE('',*,*,#1577,.F.);
#2427=ORIENTED_EDGE('',*,*,#1509,.T.);
#2428=ORIENTED_EDGE('',*,*,#1776,.F.);
#2429=ORIENTED_EDGE('',*,*,#1493,.T.);
#2430=ORIENTED_EDGE('',*,*,#1768,.F.);
#2431=ORIENTED_EDGE('',*,*,#1777,.F.);
#2432=ORIENTED_EDGE('',*,*,#1778,.T.);
#2433=ORIENTED_EDGE('',*,*,#1779,.F.);
#2434=ORIENTED_EDGE('',*,*,#1780,.T.);
#2435=ORIENTED_EDGE('',*,*,#1781,.F.);
#2436=ORIENTED_EDGE('',*,*,#1778,.F.);
#2437=ORIENTED_EDGE('',*,*,#1782,.F.);
#2438=ORIENTED_EDGE('',*,*,#1783,.F.);
#2439=ORIENTED_EDGE('',*,*,#1784,.T.);
#2440=ORIENTED_EDGE('',*,*,#1785,.F.);
#2441=ORIENTED_EDGE('',*,*,#1780,.F.);
#2442=ORIENTED_EDGE('',*,*,#1784,.F.);
#2443=ORIENTED_EDGE('',*,*,#1786,.F.);
#2444=ORIENTED_EDGE('',*,*,#1787,.T.);
#2445=ORIENTED_EDGE('',*,*,#1788,.F.);
#2446=ORIENTED_EDGE('',*,*,#1787,.F.);
#2447=ORIENTED_EDGE('',*,*,#1789,.F.);
#2448=ORIENTED_EDGE('',*,*,#1790,.F.);
#2449=ORIENTED_EDGE('',*,*,#1791,.F.);
#2450=ORIENTED_EDGE('',*,*,#1507,.T.);
#2451=ORIENTED_EDGE('',*,*,#1775,.T.);
#2452=ORIENTED_EDGE('',*,*,#1773,.T.);
#2453=ORIENTED_EDGE('',*,*,#1792,.T.);
#2454=ORIENTED_EDGE('',*,*,#1789,.T.);
#2455=ORIENTED_EDGE('',*,*,#1786,.T.);
#2456=ORIENTED_EDGE('',*,*,#1783,.T.);
#2457=ORIENTED_EDGE('',*,*,#1782,.T.);
#2458=ORIENTED_EDGE('',*,*,#1777,.T.);
#2459=ORIENTED_EDGE('',*,*,#1771,.T.);
#2460=ORIENTED_EDGE('',*,*,#1578,.T.);
#2461=ORIENTED_EDGE('',*,*,#1475,.T.);
#2462=ORIENTED_EDGE('',*,*,#1488,.F.);
#2463=ORIENTED_EDGE('',*,*,#1501,.F.);
#2464=ORIENTED_EDGE('',*,*,#1484,.F.);
#2465=ORIENTED_EDGE('',*,*,#1481,.F.);
#2466=ORIENTED_EDGE('',*,*,#1503,.T.);
#2467=ORIENTED_EDGE('',*,*,#1502,.T.);
#2468=ORIENTED_EDGE('',*,*,#1776,.T.);
#2469=ORIENTED_EDGE('',*,*,#1508,.T.);
#2470=ORIENTED_EDGE('',*,*,#1598,.T.);
#2471=ORIENTED_EDGE('',*,*,#1611,.T.);
#2472=ORIENTED_EDGE('',*,*,#1602,.T.);
#2473=ORIENTED_EDGE('',*,*,#1671,.F.);
#2474=ORIENTED_EDGE('',*,*,#1791,.T.);
#2475=ORIENTED_EDGE('',*,*,#1793,.T.);
#2476=ORIENTED_EDGE('',*,*,#1794,.T.);
#2477=ORIENTED_EDGE('',*,*,#1795,.T.);
#2478=ORIENTED_EDGE('',*,*,#1796,.T.);
#2479=ORIENTED_EDGE('',*,*,#1797,.T.);
#2480=ORIENTED_EDGE('',*,*,#1798,.T.);
#2481=ORIENTED_EDGE('',*,*,#1799,.T.);
#2482=ORIENTED_EDGE('',*,*,#1800,.T.);
#2483=ORIENTED_EDGE('',*,*,#1801,.T.);
#2484=ORIENTED_EDGE('',*,*,#1802,.T.);
#2485=ORIENTED_EDGE('',*,*,#1803,.T.);
#2486=ORIENTED_EDGE('',*,*,#1804,.T.);
#2487=ORIENTED_EDGE('',*,*,#1805,.T.);
#2488=ORIENTED_EDGE('',*,*,#1806,.T.);
#2489=ORIENTED_EDGE('',*,*,#1807,.T.);
#2490=ORIENTED_EDGE('',*,*,#1808,.T.);
#2491=ORIENTED_EDGE('',*,*,#1809,.T.);
#2492=ORIENTED_EDGE('',*,*,#1810,.T.);
#2493=ORIENTED_EDGE('',*,*,#1811,.T.);
#2494=ORIENTED_EDGE('',*,*,#1812,.T.);
#2495=ORIENTED_EDGE('',*,*,#1813,.T.);
#2496=ORIENTED_EDGE('',*,*,#1814,.T.);
#2497=ORIENTED_EDGE('',*,*,#1815,.T.);
#2498=ORIENTED_EDGE('',*,*,#1816,.T.);
#2499=ORIENTED_EDGE('',*,*,#1817,.T.);
#2500=ORIENTED_EDGE('',*,*,#1818,.T.);
#2501=ORIENTED_EDGE('',*,*,#1819,.T.);
#2502=ORIENTED_EDGE('',*,*,#1820,.T.);
#2503=ORIENTED_EDGE('',*,*,#1769,.T.);
#2504=ORIENTED_EDGE('',*,*,#1779,.T.);
#2505=ORIENTED_EDGE('',*,*,#1781,.T.);
#2506=ORIENTED_EDGE('',*,*,#1785,.T.);
#2507=ORIENTED_EDGE('',*,*,#1788,.T.);
#2508=ORIENTED_EDGE('',*,*,#1457,.T.);
#2509=ORIENTED_EDGE('',*,*,#1460,.T.);
#2510=ORIENTED_EDGE('',*,*,#1450,.T.);
#2511=ORIENTED_EDGE('',*,*,#1454,.T.);
#2512=ORIENTED_EDGE('',*,*,#1469,.T.);
#2513=ORIENTED_EDGE('',*,*,#1472,.T.);
#2514=ORIENTED_EDGE('',*,*,#1462,.T.);
#2515=ORIENTED_EDGE('',*,*,#1466,.T.);
#2516=ORIENTED_EDGE('',*,*,#1821,.T.);
#2517=ORIENTED_EDGE('',*,*,#1822,.T.);
#2518=ORIENTED_EDGE('',*,*,#1823,.T.);
#2519=ORIENTED_EDGE('',*,*,#1824,.T.);
#2520=ORIENTED_EDGE('',*,*,#1570,.F.);
#2521=ORIENTED_EDGE('',*,*,#1825,.F.);
#2522=ORIENTED_EDGE('',*,*,#1795,.F.);
#2523=ORIENTED_EDGE('',*,*,#1826,.F.);
#2524=ORIENTED_EDGE('',*,*,#1571,.F.);
#2525=ORIENTED_EDGE('',*,*,#1826,.T.);
#2526=ORIENTED_EDGE('',*,*,#1794,.F.);
#2527=ORIENTED_EDGE('',*,*,#1827,.F.);
#2528=ORIENTED_EDGE('',*,*,#1568,.F.);
#2529=ORIENTED_EDGE('',*,*,#1828,.T.);
#2530=ORIENTED_EDGE('',*,*,#1797,.F.);
#2531=ORIENTED_EDGE('',*,*,#1829,.F.);
#2532=ORIENTED_EDGE('',*,*,#1566,.F.);
#2533=ORIENTED_EDGE('',*,*,#1830,.F.);
#2534=ORIENTED_EDGE('',*,*,#1799,.F.);
#2535=ORIENTED_EDGE('',*,*,#1831,.F.);
#2536=ORIENTED_EDGE('',*,*,#1567,.F.);
#2537=ORIENTED_EDGE('',*,*,#1831,.T.);
#2538=ORIENTED_EDGE('',*,*,#1798,.F.);
#2539=ORIENTED_EDGE('',*,*,#1828,.F.);
#2540=ORIENTED_EDGE('',*,*,#1569,.F.);
#2541=ORIENTED_EDGE('',*,*,#1829,.T.);
#2542=ORIENTED_EDGE('',*,*,#1796,.F.);
#2543=ORIENTED_EDGE('',*,*,#1825,.T.);
#2544=ORIENTED_EDGE('',*,*,#1830,.T.);
#2545=ORIENTED_EDGE('',*,*,#1565,.F.);
#2546=ORIENTED_EDGE('',*,*,#1746,.T.);
#2547=ORIENTED_EDGE('',*,*,#1761,.F.);
#2548=ORIENTED_EDGE('',*,*,#1747,.F.);
#2549=ORIENTED_EDGE('',*,*,#1547,.F.);
#2550=ORIENTED_EDGE('',*,*,#1832,.T.);
#2551=ORIENTED_EDGE('',*,*,#1800,.F.);
#2552=ORIENTED_EDGE('',*,*,#1546,.F.);
#2553=ORIENTED_EDGE('',*,*,#1833,.T.);
#2554=ORIENTED_EDGE('',*,*,#1801,.F.);
#2555=ORIENTED_EDGE('',*,*,#1832,.F.);
#2556=ORIENTED_EDGE('',*,*,#1544,.F.);
#2557=ORIENTED_EDGE('',*,*,#1834,.F.);
#2558=ORIENTED_EDGE('',*,*,#1803,.F.);
#2559=ORIENTED_EDGE('',*,*,#1835,.F.);
#2560=ORIENTED_EDGE('',*,*,#1545,.F.);
#2561=ORIENTED_EDGE('',*,*,#1835,.T.);
#2562=ORIENTED_EDGE('',*,*,#1802,.F.);
#2563=ORIENTED_EDGE('',*,*,#1833,.F.);
#2564=ORIENTED_EDGE('',*,*,#1836,.T.);
#2565=ORIENTED_EDGE('',*,*,#1804,.F.);
#2566=ORIENTED_EDGE('',*,*,#1834,.T.);
#2567=ORIENTED_EDGE('',*,*,#1543,.F.);
#2568=ORIENTED_EDGE('',*,*,#1767,.T.);
#2569=ORIENTED_EDGE('',*,*,#1730,.F.);
#2570=ORIENTED_EDGE('',*,*,#1673,.F.);
#2571=ORIENTED_EDGE('',*,*,#1655,.T.);
#2572=ORIENTED_EDGE('',*,*,#1658,.T.);
#2573=ORIENTED_EDGE('',*,*,#1533,.F.);
#2574=ORIENTED_EDGE('',*,*,#1837,.T.);
#2575=ORIENTED_EDGE('',*,*,#1806,.F.);
#2576=ORIENTED_EDGE('',*,*,#1838,.F.);
#2577=ORIENTED_EDGE('',*,*,#1531,.F.);
#2578=ORIENTED_EDGE('',*,*,#1532,.F.);
#2579=ORIENTED_EDGE('',*,*,#1838,.T.);
#2580=ORIENTED_EDGE('',*,*,#1805,.F.);
#2581=ORIENTED_EDGE('',*,*,#1836,.F.);
#2582=ORIENTED_EDGE('',*,*,#1727,.F.);
#2583=ORIENTED_EDGE('',*,*,#1839,.F.);
#2584=ORIENTED_EDGE('',*,*,#1809,.F.);
#2585=ORIENTED_EDGE('',*,*,#1840,.F.);
#2586=ORIENTED_EDGE('',*,*,#1841,.T.);
#2587=ORIENTED_EDGE('',*,*,#1728,.F.);
#2588=ORIENTED_EDGE('',*,*,#1840,.T.);
#2589=ORIENTED_EDGE('',*,*,#1808,.F.);
#2590=ORIENTED_EDGE('',*,*,#1723,.F.);
#2591=ORIENTED_EDGE('',*,*,#1842,.F.);
#2592=ORIENTED_EDGE('',*,*,#1813,.F.);
#2593=ORIENTED_EDGE('',*,*,#1843,.F.);
#2594=ORIENTED_EDGE('',*,*,#1724,.F.);
#2595=ORIENTED_EDGE('',*,*,#1843,.T.);
#2596=ORIENTED_EDGE('',*,*,#1812,.F.);
#2597=ORIENTED_EDGE('',*,*,#1844,.F.);
#2598=ORIENTED_EDGE('',*,*,#1725,.F.);
#2599=ORIENTED_EDGE('',*,*,#1844,.T.);
#2600=ORIENTED_EDGE('',*,*,#1811,.F.);
#2601=ORIENTED_EDGE('',*,*,#1845,.F.);
#2602=ORIENTED_EDGE('',*,*,#1846,.F.);
#2603=ORIENTED_EDGE('',*,*,#1515,.F.);
#2604=ORIENTED_EDGE('',*,*,#1847,.T.);
#2605=ORIENTED_EDGE('',*,*,#1818,.F.);
#2606=ORIENTED_EDGE('',*,*,#1631,.T.);
#2607=ORIENTED_EDGE('',*,*,#1557,.F.);
#2608=ORIENTED_EDGE('',*,*,#1763,.T.);
#2609=ORIENTED_EDGE('',*,*,#1622,.F.);
#2610=ORIENTED_EDGE('',*,*,#1848,.F.);
#2611=ORIENTED_EDGE('',*,*,#1823,.F.);
#2612=ORIENTED_EDGE('',*,*,#1849,.T.);
#2613=ORIENTED_EDGE('',*,*,#1629,.F.);
#2614=ORIENTED_EDGE('',*,*,#1849,.F.);
#2615=ORIENTED_EDGE('',*,*,#1822,.F.);
#2616=ORIENTED_EDGE('',*,*,#1850,.T.);
#2617=ORIENTED_EDGE('',*,*,#1630,.F.);
#2618=ORIENTED_EDGE('',*,*,#1850,.F.);
#2619=ORIENTED_EDGE('',*,*,#1821,.F.);
#2620=ORIENTED_EDGE('',*,*,#1851,.T.);
#2621=ORIENTED_EDGE('',*,*,#1627,.F.);
#2622=ORIENTED_EDGE('',*,*,#1584,.T.);
#2623=ORIENTED_EDGE('',*,*,#1610,.T.);
#2624=ORIENTED_EDGE('',*,*,#1632,.T.);
#2625=ORIENTED_EDGE('',*,*,#1620,.F.);
#2626=ORIENTED_EDGE('',*,*,#1851,.F.);
#2627=ORIENTED_EDGE('',*,*,#1824,.F.);
#2628=ORIENTED_EDGE('',*,*,#1848,.T.);
#2629=ORIENTED_EDGE('',*,*,#1628,.F.);
#2630=ORIENTED_EDGE('',*,*,#1790,.T.);
#2631=ORIENTED_EDGE('',*,*,#1792,.F.);
#2632=ORIENTED_EDGE('',*,*,#1772,.F.);
#2633=ORIENTED_EDGE('',*,*,#1572,.F.);
#2634=ORIENTED_EDGE('',*,*,#1827,.T.);
#2635=ORIENTED_EDGE('',*,*,#1793,.F.);
#2636=ORIENTED_EDGE('',*,*,#1513,.F.);
#2637=ORIENTED_EDGE('',*,*,#1770,.T.);
#2638=ORIENTED_EDGE('',*,*,#1820,.F.);
#2639=ORIENTED_EDGE('',*,*,#1852,.F.);
#2640=ORIENTED_EDGE('',*,*,#1514,.F.);
#2641=ORIENTED_EDGE('',*,*,#1852,.T.);
#2642=ORIENTED_EDGE('',*,*,#1819,.F.);
#2643=ORIENTED_EDGE('',*,*,#1847,.F.);
#2644=ORIENTED_EDGE('',*,*,#1516,.F.);
#2645=ORIENTED_EDGE('',*,*,#1846,.T.);
#2646=ORIENTED_EDGE('',*,*,#1817,.F.);
#2647=ORIENTED_EDGE('',*,*,#1853,.F.);
#2648=ORIENTED_EDGE('',*,*,#1517,.F.);
#2649=ORIENTED_EDGE('',*,*,#1853,.T.);
#2650=ORIENTED_EDGE('',*,*,#1816,.F.);
#2651=ORIENTED_EDGE('',*,*,#1854,.F.);
#2652=ORIENTED_EDGE('',*,*,#1518,.F.);
#2653=ORIENTED_EDGE('',*,*,#1854,.T.);
#2654=ORIENTED_EDGE('',*,*,#1815,.F.);
#2655=ORIENTED_EDGE('',*,*,#1855,.F.);
#2656=ORIENTED_EDGE('',*,*,#1856,.F.);
#2657=ORIENTED_EDGE('',*,*,#1857,.F.);
#2658=ORIENTED_EDGE('',*,*,#1858,.F.);
#2659=ORIENTED_EDGE('',*,*,#1526,.F.);
#2660=ORIENTED_EDGE('',*,*,#1859,.T.);
#2661=ORIENTED_EDGE('',*,*,#1860,.F.);
#2662=ORIENTED_EDGE('',*,*,#1861,.F.);
#2663=ORIENTED_EDGE('',*,*,#1729,.F.);
#2664=ORIENTED_EDGE('',*,*,#1841,.F.);
#2665=ORIENTED_EDGE('',*,*,#1807,.F.);
#2666=ORIENTED_EDGE('',*,*,#1837,.F.);
#2667=ORIENTED_EDGE('',*,*,#1530,.F.);
#2668=ORIENTED_EDGE('',*,*,#1682,.F.);
#2669=ORIENTED_EDGE('',*,*,#1707,.F.);
#2670=ORIENTED_EDGE('',*,*,#1858,.T.);
#2671=ORIENTED_EDGE('',*,*,#1862,.F.);
#2672=ORIENTED_EDGE('',*,*,#1715,.F.);
#2673=ORIENTED_EDGE('',*,*,#1708,.T.);
#2674=ORIENTED_EDGE('',*,*,#1693,.T.);
#2675=ORIENTED_EDGE('',*,*,#1527,.F.);
#2676=ORIENTED_EDGE('',*,*,#1717,.T.);
#2677=ORIENTED_EDGE('',*,*,#1863,.F.);
#2678=ORIENTED_EDGE('',*,*,#1859,.F.);
#2679=ORIENTED_EDGE('',*,*,#1706,.T.);
#2680=ORIENTED_EDGE('',*,*,#1696,.T.);
#2681=ORIENTED_EDGE('',*,*,#1762,.F.);
#2682=ORIENTED_EDGE('',*,*,#1690,.T.);
#2683=ORIENTED_EDGE('',*,*,#1864,.F.);
#2684=ORIENTED_EDGE('',*,*,#1865,.F.);
#2685=ORIENTED_EDGE('',*,*,#1519,.F.);
#2686=ORIENTED_EDGE('',*,*,#1855,.T.);
#2687=ORIENTED_EDGE('',*,*,#1814,.F.);
#2688=ORIENTED_EDGE('',*,*,#1842,.T.);
#2689=ORIENTED_EDGE('',*,*,#1722,.F.);
#2690=ORIENTED_EDGE('',*,*,#1845,.T.);
#2691=ORIENTED_EDGE('',*,*,#1810,.F.);
#2692=ORIENTED_EDGE('',*,*,#1839,.T.);
#2693=ORIENTED_EDGE('',*,*,#1726,.F.);
#2694=ORIENTED_EDGE('',*,*,#1861,.T.);
#2695=ORIENTED_EDGE('',*,*,#1866,.T.);
#2696=ORIENTED_EDGE('',*,*,#1867,.T.);
#2697=ORIENTED_EDGE('',*,*,#1868,.T.);
#2698=ORIENTED_EDGE('',*,*,#1869,.T.);
#2699=ORIENTED_EDGE('',*,*,#1870,.T.);
#2700=ORIENTED_EDGE('',*,*,#1871,.T.);
#2701=ORIENTED_EDGE('',*,*,#1864,.T.);
#2702=ORIENTED_EDGE('',*,*,#1860,.T.);
#2703=ORIENTED_EDGE('',*,*,#1863,.T.);
#2704=ORIENTED_EDGE('',*,*,#1716,.T.);
#2705=ORIENTED_EDGE('',*,*,#1862,.T.);
#2706=ORIENTED_EDGE('',*,*,#1857,.T.);
#2707=ORIENTED_EDGE('',*,*,#1520,.T.);
#2708=ORIENTED_EDGE('',*,*,#1865,.T.);
#2709=ORIENTED_EDGE('',*,*,#1871,.F.);
#2710=ORIENTED_EDGE('',*,*,#1872,.F.);
#2711=ORIENTED_EDGE('',*,*,#1521,.F.);
#2712=ORIENTED_EDGE('',*,*,#1872,.T.);
#2713=ORIENTED_EDGE('',*,*,#1870,.F.);
#2714=ORIENTED_EDGE('',*,*,#1873,.F.);
#2715=ORIENTED_EDGE('',*,*,#1522,.F.);
#2716=ORIENTED_EDGE('',*,*,#1873,.T.);
#2717=ORIENTED_EDGE('',*,*,#1869,.F.);
#2718=ORIENTED_EDGE('',*,*,#1874,.F.);
#2719=ORIENTED_EDGE('',*,*,#1523,.F.);
#2720=ORIENTED_EDGE('',*,*,#1874,.T.);
#2721=ORIENTED_EDGE('',*,*,#1868,.F.);
#2722=ORIENTED_EDGE('',*,*,#1875,.F.);
#2723=ORIENTED_EDGE('',*,*,#1524,.F.);
#2724=ORIENTED_EDGE('',*,*,#1875,.T.);
#2725=ORIENTED_EDGE('',*,*,#1867,.F.);
#2726=ORIENTED_EDGE('',*,*,#1876,.F.);
#2727=ORIENTED_EDGE('',*,*,#1856,.T.);
#2728=ORIENTED_EDGE('',*,*,#1525,.F.);
#2729=ORIENTED_EDGE('',*,*,#1876,.T.);
#2730=ORIENTED_EDGE('',*,*,#1866,.F.);
#2731=PLANE('',#3043);
#2732=PLANE('',#3044);
#2733=PLANE('',#3045);
#2734=PLANE('',#3046);
#2735=PLANE('',#3047);
#2736=PLANE('',#3048);
#2737=PLANE('',#3049);
#2738=PLANE('',#3050);
#2739=PLANE('',#3051);
#2740=PLANE('',#3052);
#2741=PLANE('',#3053);
#2742=PLANE('',#3055);
#2743=PLANE('',#3062);
#2744=PLANE('',#3063);
#2745=PLANE('',#3064);
#2746=PLANE('',#3065);
#2747=PLANE('',#3066);
#2748=PLANE('',#3067);
#2749=PLANE('',#3068);
#2750=PLANE('',#3069);
#2751=PLANE('',#3074);
#2752=PLANE('',#3075);
#2753=PLANE('',#3076);
#2754=PLANE('',#3077);
#2755=PLANE('',#3078);
#2756=PLANE('',#3079);
#2757=PLANE('',#3080);
#2758=PLANE('',#3082);
#2759=PLANE('',#3084);
#2760=PLANE('',#3086);
#2761=PLANE('',#3088);
#2762=PLANE('',#3092);
#2763=PLANE('',#3093);
#2764=PLANE('',#3094);
#2765=PLANE('',#3095);
#2766=PLANE('',#3096);
#2767=PLANE('',#3097);
#2768=PLANE('',#3098);
#2769=PLANE('',#3099);
#2770=PLANE('',#3100);
#2771=PLANE('',#3101);
#2772=PLANE('',#3102);
#2773=PLANE('',#3103);
#2774=PLANE('',#3105);
#2775=PLANE('',#3107);
#2776=PLANE('',#3108);
#2777=PLANE('',#3112);
#2778=PLANE('',#3113);
#2779=PLANE('',#3114);
#2780=PLANE('',#3115);
#2781=PLANE('',#3116);
#2782=PLANE('',#3117);
#2783=PLANE('',#3118);
#2784=PLANE('',#3119);
#2785=PLANE('',#3120);
#2786=PLANE('',#3121);
#2787=PLANE('',#3122);
#2788=PLANE('',#3124);
#2789=PLANE('',#3126);
#2790=PLANE('',#3127);
#2791=PLANE('',#3129);
#2792=PLANE('',#3131);
#2793=PLANE('',#3135);
#2794=PLANE('',#3136);
#2795=PLANE('',#3137);
#2796=PLANE('',#3138);
#2797=PLANE('',#3139);
#2798=PLANE('',#3140);
#2799=PLANE('',#3143);
#2800=PLANE('',#3146);
#2801=PLANE('',#3147);
#2802=PLANE('',#3148);
#2803=PLANE('',#3149);
#2804=PLANE('',#3151);
#2805=PLANE('',#3152);
#2806=PLANE('',#3153);
#2807=PLANE('',#3154);
#2808=PLANE('',#3155);
#2809=PLANE('',#3158);
#2810=PLANE('',#3159);
#2811=PLANE('',#3160);
#2812=PLANE('',#3161);
#2813=PLANE('',#3162);
#2814=PLANE('',#3163);
#2815=PLANE('',#3164);
#2816=PLANE('',#3165);
#2817=PLANE('',#3166);
#2818=PLANE('',#3167);
#2819=PLANE('',#3168);
#2820=PLANE('',#3169);
#2821=PLANE('',#3171);
#2822=PLANE('',#3172);
#2823=PLANE('',#3173);
#2824=PLANE('',#3174);
#2825=PLANE('',#3175);
#2826=PLANE('',#3176);
#2827=PLANE('',#3177);
#2828=PLANE('',#3178);
#2829=PLANE('',#3179);
#2830=PLANE('',#3180);
#2831=PLANE('',#3181);
#2832=PLANE('',#3182);
#2833=PLANE('',#3183);
#2834=PLANE('',#3184);
#2835=PLANE('',#3185);
#2836=PLANE('',#3186);
#2837=PLANE('',#3187);
#2838=PLANE('',#3188);
#2839=PLANE('',#3189);
#2840=PLANE('',#3190);
#2841=PLANE('',#3191);
#2842=PLANE('',#3192);
#2843=PLANE('',#3193);
#2844=PLANE('',#3194);
#2845=PLANE('',#3195);
#2846=PLANE('',#3196);
#2847=PLANE('',#3197);
#2848=PLANE('',#3198);
#2849=PLANE('',#3199);
#2850=PLANE('',#3200);
#2851=PLANE('',#3201);
#2852=PLANE('',#3202);
#2853=PLANE('',#3203);
#2854=PLANE('',#3204);
#2855=PLANE('',#3205);
#2856=PLANE('',#3206);
#2857=PLANE('',#3207);
#2858=PLANE('',#3208);
#2859=PLANE('',#3209);
#2860=PLANE('',#3210);
#2861=PLANE('',#3211);
#2862=PLANE('',#3212);
#2863=PLANE('',#3213);
#2864=PLANE('',#3214);
#2865=PLANE('',#3215);
#2866=PLANE('',#3216);
#2867=PLANE('',#3217);
#2868=PLANE('',#3218);
#2869=PLANE('',#3219);
#2870=PLANE('',#3220);
#2871=PLANE('',#3221);
#2872=PLANE('',#3222);
#2873=PLANE('',#3223);
#2874=PLANE('',#3224);
#2875=PLANE('',#3225);
#2876=ADVANCED_FACE('',(#62),#2731,.F.);
#2877=ADVANCED_FACE('',(#63),#2732,.F.);
#2878=ADVANCED_FACE('',(#64),#2733,.F.);
#2879=ADVANCED_FACE('',(#65),#2734,.F.);
#2880=ADVANCED_FACE('',(#66),#2735,.F.);
#2881=ADVANCED_FACE('',(#67),#2736,.F.);
#2882=ADVANCED_FACE('',(#68),#2737,.F.);
#2883=ADVANCED_FACE('',(#69),#2738,.F.);
#2884=ADVANCED_FACE('',(#70),#2739,.T.);
#2885=ADVANCED_FACE('',(#71),#2740,.F.);
#2886=ADVANCED_FACE('',(#72),#2741,.F.);
#2887=ADVANCED_FACE('',(#73),#2742,.F.);
#2888=ADVANCED_FACE('',(#74),#24,.T.);
#2889=ADVANCED_FACE('',(#75),#2743,.T.);
#2890=ADVANCED_FACE('',(#76),#2744,.T.);
#2891=ADVANCED_FACE('',(#77),#2745,.T.);
#2892=ADVANCED_FACE('',(#78),#2746,.F.);
#2893=ADVANCED_FACE('',(#79),#2747,.T.);
#2894=ADVANCED_FACE('',(#80),#2748,.T.);
#2895=ADVANCED_FACE('',(#81),#2749,.T.);
#2896=ADVANCED_FACE('',(#82,#15,#16,#17,#18),#2750,.T.);
#2897=ADVANCED_FACE('',(#83),#2751,.T.);
#2898=ADVANCED_FACE('',(#84),#2752,.T.);
#2899=ADVANCED_FACE('',(#85),#2753,.T.);
#2900=ADVANCED_FACE('',(#86),#2754,.T.);
#2901=ADVANCED_FACE('',(#87),#2755,.F.);
#2902=ADVANCED_FACE('',(#88),#2756,.T.);
#2903=ADVANCED_FACE('',(#89),#2757,.F.);
#2904=ADVANCED_FACE('',(#90),#2758,.F.);
#2905=ADVANCED_FACE('',(#91),#2759,.F.);
#2906=ADVANCED_FACE('',(#92),#2760,.F.);
#2907=ADVANCED_FACE('',(#93,#19),#2761,.T.);
#2908=ADVANCED_FACE('',(#94),#25,.T.);
#2909=ADVANCED_FACE('',(#95),#2762,.T.);
#2910=ADVANCED_FACE('',(#96),#2763,.T.);
#2911=ADVANCED_FACE('',(#97),#2764,.T.);
#2912=ADVANCED_FACE('',(#98),#2765,.F.);
#2913=ADVANCED_FACE('',(#99),#2766,.T.);
#2914=ADVANCED_FACE('',(#100),#2767,.F.);
#2915=ADVANCED_FACE('',(#101),#2768,.T.);
#2916=ADVANCED_FACE('',(#102),#2769,.T.);
#2917=ADVANCED_FACE('',(#103),#2770,.T.);
#2918=ADVANCED_FACE('',(#104),#2771,.F.);
#2919=ADVANCED_FACE('',(#105),#2772,.F.);
#2920=ADVANCED_FACE('',(#106),#2773,.F.);
#2921=ADVANCED_FACE('',(#107),#2774,.F.);
#2922=ADVANCED_FACE('',(#108),#2775,.T.);
#2923=ADVANCED_FACE('',(#109),#2776,.T.);
#2924=ADVANCED_FACE('',(#110),#26,.T.);
#2925=ADVANCED_FACE('',(#111),#2777,.T.);
#2926=ADVANCED_FACE('',(#112),#2778,.T.);
#2927=ADVANCED_FACE('',(#113),#2779,.T.);
#2928=ADVANCED_FACE('',(#114),#2780,.T.);
#2929=ADVANCED_FACE('',(#115),#2781,.T.);
#2930=ADVANCED_FACE('',(#116),#2782,.T.);
#2931=ADVANCED_FACE('',(#117),#2783,.T.);
#2932=ADVANCED_FACE('',(#118),#2784,.T.);
#2933=ADVANCED_FACE('',(#119),#2785,.F.);
#2934=ADVANCED_FACE('',(#120),#2786,.T.);
#2935=ADVANCED_FACE('',(#121),#2787,.F.);
#2936=ADVANCED_FACE('',(#122),#2788,.F.);
#2937=ADVANCED_FACE('',(#123),#2789,.T.);
#2938=ADVANCED_FACE('',(#124),#2790,.F.);
#2939=ADVANCED_FACE('',(#125),#2791,.F.);
#2940=ADVANCED_FACE('',(#126),#2792,.T.);
#2941=ADVANCED_FACE('',(#127),#27,.T.);
#2942=ADVANCED_FACE('',(#128),#2793,.T.);
#2943=ADVANCED_FACE('',(#129),#2794,.T.);
#2944=ADVANCED_FACE('',(#130),#2795,.T.);
#2945=ADVANCED_FACE('',(#131),#2796,.F.);
#2946=ADVANCED_FACE('',(#132),#2797,.T.);
#2947=ADVANCED_FACE('',(#133),#2798,.T.);
#2948=ADVANCED_FACE('',(#134),#28,.T.);
#2949=ADVANCED_FACE('',(#135),#2799,.T.);
#2950=ADVANCED_FACE('',(#136),#29,.T.);
#2951=ADVANCED_FACE('',(#137),#2800,.T.);
#2952=ADVANCED_FACE('',(#138),#2801,.T.);
#2953=ADVANCED_FACE('',(#139),#2802,.T.);
#2954=ADVANCED_FACE('',(#140),#2803,.T.);
#2955=ADVANCED_FACE('',(#141),#2804,.T.);
#2956=ADVANCED_FACE('',(#142),#2805,.T.);
#2957=ADVANCED_FACE('',(#143),#2806,.T.);
#2958=ADVANCED_FACE('',(#144),#2807,.T.);
#2959=ADVANCED_FACE('',(#145),#2808,.T.);
#2960=ADVANCED_FACE('',(#146),#30,.T.);
#2961=ADVANCED_FACE('',(#147),#2809,.T.);
#2962=ADVANCED_FACE('',(#148),#2810,.T.);
#2963=ADVANCED_FACE('',(#149),#2811,.T.);
#2964=ADVANCED_FACE('',(#150),#2812,.T.);
#2965=ADVANCED_FACE('',(#151),#2813,.T.);
#2966=ADVANCED_FACE('',(#152),#2814,.T.);
#2967=ADVANCED_FACE('',(#153),#2815,.T.);
#2968=ADVANCED_FACE('',(#154),#2816,.T.);
#2969=ADVANCED_FACE('',(#155),#2817,.T.);
#2970=ADVANCED_FACE('',(#156),#2818,.T.);
#2971=ADVANCED_FACE('',(#157),#2819,.T.);
#2972=ADVANCED_FACE('',(#158),#2820,.T.);
#2973=ADVANCED_FACE('',(#159),#31,.T.);
#2974=ADVANCED_FACE('',(#160),#2821,.T.);
#2975=ADVANCED_FACE('',(#161),#2822,.T.);
#2976=ADVANCED_FACE('',(#162),#2823,.T.);
#2977=ADVANCED_FACE('',(#163),#2824,.T.);
#2978=ADVANCED_FACE('',(#164),#2825,.T.);
#2979=ADVANCED_FACE('',(#165),#2826,.T.);
#2980=ADVANCED_FACE('',(#166),#2827,.T.);
#2981=ADVANCED_FACE('',(#167),#2828,.T.);
#2982=ADVANCED_FACE('',(#168),#2829,.T.);
#2983=ADVANCED_FACE('',(#169),#2830,.T.);
#2984=ADVANCED_FACE('',(#170,#20),#2831,.T.);
#2985=ADVANCED_FACE('',(#171),#2832,.T.);
#2986=ADVANCED_FACE('',(#172,#21,#22,#23),#2833,.T.);
#2987=ADVANCED_FACE('',(#173),#2834,.T.);
#2988=ADVANCED_FACE('',(#174),#2835,.T.);
#2989=ADVANCED_FACE('',(#175),#2836,.T.);
#2990=ADVANCED_FACE('',(#176),#2837,.T.);
#2991=ADVANCED_FACE('',(#177),#2838,.T.);
#2992=ADVANCED_FACE('',(#178),#2839,.T.);
#2993=ADVANCED_FACE('',(#179),#2840,.T.);
#2994=ADVANCED_FACE('',(#180),#2841,.T.);
#2995=ADVANCED_FACE('',(#181),#2842,.T.);
#2996=ADVANCED_FACE('',(#182),#2843,.T.);
#2997=ADVANCED_FACE('',(#183),#2844,.T.);
#2998=ADVANCED_FACE('',(#184),#2845,.T.);
#2999=ADVANCED_FACE('',(#185),#2846,.T.);
#3000=ADVANCED_FACE('',(#186),#2847,.T.);
#3001=ADVANCED_FACE('',(#187),#2848,.T.);
#3002=ADVANCED_FACE('',(#188),#2849,.T.);
#3003=ADVANCED_FACE('',(#189),#2850,.T.);
#3004=ADVANCED_FACE('',(#190),#2851,.T.);
#3005=ADVANCED_FACE('',(#191),#2852,.T.);
#3006=ADVANCED_FACE('',(#192),#2853,.T.);
#3007=ADVANCED_FACE('',(#193),#2854,.F.);
#3008=ADVANCED_FACE('',(#194),#2855,.F.);
#3009=ADVANCED_FACE('',(#195),#2856,.F.);
#3010=ADVANCED_FACE('',(#196),#2857,.F.);
#3011=ADVANCED_FACE('',(#197),#2858,.T.);
#3012=ADVANCED_FACE('',(#198),#2859,.T.);
#3013=ADVANCED_FACE('',(#199),#2860,.T.);
#3014=ADVANCED_FACE('',(#200),#2861,.T.);
#3015=ADVANCED_FACE('',(#201),#2862,.T.);
#3016=ADVANCED_FACE('',(#202),#2863,.T.);
#3017=ADVANCED_FACE('',(#203),#2864,.T.);
#3018=ADVANCED_FACE('',(#204),#2865,.T.);
#3019=ADVANCED_FACE('',(#205),#2866,.T.);
#3020=ADVANCED_FACE('',(#206),#2867,.T.);
#3021=ADVANCED_FACE('',(#207),#2868,.T.);
#3022=ADVANCED_FACE('',(#208),#2869,.T.);
#3023=ADVANCED_FACE('',(#209),#2870,.T.);
#3024=ADVANCED_FACE('',(#210),#2871,.T.);
#3025=ADVANCED_FACE('',(#211),#2872,.T.);
#3026=ADVANCED_FACE('',(#212),#2873,.T.);
#3027=ADVANCED_FACE('',(#213),#2874,.T.);
#3028=ADVANCED_FACE('',(#214),#2875,.T.);
#3029=CLOSED_SHELL('',(#2876,#2877,#2878,#2879,#2880,#2881,#2882,#2883,
#2884,#2885,#2886,#2887,#2888,#2889,#2890,#2891,#2892,#2893,#2894,#2895,
#2896,#2897,#2898,#2899,#2900,#2901,#2902,#2903,#2904,#2905,#2906,#2907,
#2908,#2909,#2910,#2911,#2912,#2913,#2914,#2915,#2916,#2917,#2918,#2919,
#2920,#2921,#2922,#2923,#2924,#2925,#2926,#2927,#2928,#2929,#2930,#2931,
#2932,#2933,#2934,#2935,#2936,#2937,#2938,#2939,#2940,#2941,#2942,#2943,
#2944,#2945,#2946,#2947,#2948,#2949,#2950,#2951,#2952,#2953,#2954,#2955,
#2956,#2957,#2958,#2959,#2960,#2961,#2962,#2963,#2964,#2965,#2966,#2967,
#2968,#2969,#2970,#2971,#2972,#2973,#2974,#2975,#2976,#2977,#2978,#2979,
#2980,#2981,#2982,#2983,#2984,#2985,#2986,#2987,#2988,#2989,#2990,#2991,
#2992,#2993,#2994,#2995,#2996,#2997,#2998,#2999,#3000,#3001,#3002,#3003,
#3004,#3005,#3006,#3007,#3008,#3009,#3010,#3011,#3012,#3013,#3014,#3015,
#3016,#3017,#3018,#3019,#3020,#3021,#3022,#3023,#3024,#3025,#3026,#3027,
#3028));
#3030=DERIVED_UNIT_ELEMENT(#3032,1.);
#3031=DERIVED_UNIT_ELEMENT(#4856,-3.);
#3032=(
MASS_UNIT()
NAMED_UNIT(*)
SI_UNIT(.KILO.,.GRAM.)
);
#3033=DERIVED_UNIT((#3030,#3031));
#3034=MEASURE_REPRESENTATION_ITEM('density measure',
POSITIVE_RATIO_MEASURE(7850.),#3033);
#3035=PROPERTY_DEFINITION_REPRESENTATION(#3040,#3037);
#3036=PROPERTY_DEFINITION_REPRESENTATION(#3041,#3038);
#3037=REPRESENTATION('material name',(#3039),#4853);
#3038=REPRESENTATION('density',(#3034),#4853);
#3039=DESCRIPTIVE_REPRESENTATION_ITEM('\X2\042104420430043B044C\X0\',
'\X2\042104420430043B044C\X0\');
#3040=PROPERTY_DEFINITION('material property','material name',#4863);
#3041=PROPERTY_DEFINITION('material property','density of part',#4863);
#3042=AXIS2_PLACEMENT_3D('',#3991,#3226,#3227);
#3043=AXIS2_PLACEMENT_3D('',#3992,#3228,#3229);
#3044=AXIS2_PLACEMENT_3D('',#4001,#3234,#3235);
#3045=AXIS2_PLACEMENT_3D('',#4007,#3239,#3240);
#3046=AXIS2_PLACEMENT_3D('',#4013,#3244,#3245);
#3047=AXIS2_PLACEMENT_3D('',#4016,#3248,#3249);
#3048=AXIS2_PLACEMENT_3D('',#4025,#3254,#3255);
#3049=AXIS2_PLACEMENT_3D('',#4031,#3259,#3260);
#3050=AXIS2_PLACEMENT_3D('',#4037,#3264,#3265);
#3051=AXIS2_PLACEMENT_3D('',#4040,#3268,#3269);
#3052=AXIS2_PLACEMENT_3D('',#4049,#3274,#3275);
#3053=AXIS2_PLACEMENT_3D('',#4058,#3280,#3281);
#3054=AXIS2_PLACEMENT_3D('',#4065,#3285,#3286);
#3055=AXIS2_PLACEMENT_3D('',#4066,#3287,#3288);
#3056=AXIS2_PLACEMENT_3D('',#4071,#3290,#3291);
#3057=AXIS2_PLACEMENT_3D('',#4077,#3295,#3296);
#3058=AXIS2_PLACEMENT_3D('',#4078,#3297,#3298);
#3059=AXIS2_PLACEMENT_3D('',#4082,#3300,#3301);
#3060=AXIS2_PLACEMENT_3D('',#4084,#3302,#3303);
#3061=AXIS2_PLACEMENT_3D('',#4086,#3304,#3305);
#3062=AXIS2_PLACEMENT_3D('',#4088,#3307,#3308);
#3063=AXIS2_PLACEMENT_3D('',#4092,#3311,#3312);
#3064=AXIS2_PLACEMENT_3D('',#4096,#3315,#3316);
#3065=AXIS2_PLACEMENT_3D('',#4098,#3318,#3319);
#3066=AXIS2_PLACEMENT_3D('',#4100,#3321,#3322);
#3067=AXIS2_PLACEMENT_3D('',#4103,#3325,#3326);
#3068=AXIS2_PLACEMENT_3D('',#4109,#3330,#3331);
#3069=AXIS2_PLACEMENT_3D('',#4115,#3335,#3336);
#3070=AXIS2_PLACEMENT_3D('',#4177,#3367,#3368);
#3071=AXIS2_PLACEMENT_3D('',#4193,#3376,#3377);
#3072=AXIS2_PLACEMENT_3D('',#4244,#3403,#3404);
#3073=AXIS2_PLACEMENT_3D('',#4246,#3405,#3406);
#3074=AXIS2_PLACEMENT_3D('',#4247,#3407,#3408);
#3075=AXIS2_PLACEMENT_3D('',#4248,#3409,#3410);
#3076=AXIS2_PLACEMENT_3D('',#4250,#3412,#3413);
#3077=AXIS2_PLACEMENT_3D('',#4254,#3416,#3417);
#3078=AXIS2_PLACEMENT_3D('',#4264,#3423,#3424);
#3079=AXIS2_PLACEMENT_3D('',#4273,#3429,#3430);
#3080=AXIS2_PLACEMENT_3D('',#4277,#3433,#3434);
#3081=AXIS2_PLACEMENT_3D('',#4284,#3438,#3439);
#3082=AXIS2_PLACEMENT_3D('',#4285,#3440,#3441);
#3083=AXIS2_PLACEMENT_3D('',#4290,#3443,#3444);
#3084=AXIS2_PLACEMENT_3D('',#4296,#3448,#3449);
#3085=AXIS2_PLACEMENT_3D('',#4306,#3454,#3455);
#3086=AXIS2_PLACEMENT_3D('',#4307,#3456,#3457);
#3087=AXIS2_PLACEMENT_3D('',#4312,#3459,#3460);
#3088=AXIS2_PLACEMENT_3D('',#4315,#3463,#3464);
#3089=AXIS2_PLACEMENT_3D('',#4322,#3470,#3471);
#3090=AXIS2_PLACEMENT_3D('',#4323,#3472,#3473);
#3091=AXIS2_PLACEMENT_3D('',#4325,#3475,#3476);
#3092=AXIS2_PLACEMENT_3D('',#4327,#3478,#3479);
#3093=AXIS2_PLACEMENT_3D('',#4329,#3481,#3482);
#3094=AXIS2_PLACEMENT_3D('',#4331,#3484,#3485);
#3095=AXIS2_PLACEMENT_3D('',#4332,#3486,#3487);
#3096=AXIS2_PLACEMENT_3D('',#4333,#3488,#3489);
#3097=AXIS2_PLACEMENT_3D('',#4355,#3501,#3502);
#3098=AXIS2_PLACEMENT_3D('',#4358,#3505,#3506);
#3099=AXIS2_PLACEMENT_3D('',#4360,#3508,#3509);
#3100=AXIS2_PLACEMENT_3D('',#4361,#3510,#3511);
#3101=AXIS2_PLACEMENT_3D('',#4367,#3515,#3516);
#3102=AXIS2_PLACEMENT_3D('',#4376,#3521,#3522);
#3103=AXIS2_PLACEMENT_3D('',#4385,#3527,#3528);
#3104=AXIS2_PLACEMENT_3D('',#4392,#3532,#3533);
#3105=AXIS2_PLACEMENT_3D('',#4393,#3534,#3535);
#3106=AXIS2_PLACEMENT_3D('',#4398,#3537,#3538);
#3107=AXIS2_PLACEMENT_3D('',#4401,#3541,#3542);
#3108=AXIS2_PLACEMENT_3D('',#4409,#3548,#3549);
#3109=AXIS2_PLACEMENT_3D('',#4411,#3551,#3552);
#3110=AXIS2_PLACEMENT_3D('',#4412,#3553,#3554);
#3111=AXIS2_PLACEMENT_3D('',#4416,#3556,#3557);
#3112=AXIS2_PLACEMENT_3D('',#4418,#3559,#3560);
#3113=AXIS2_PLACEMENT_3D('',#4422,#3563,#3564);
#3114=AXIS2_PLACEMENT_3D('',#4426,#3567,#3568);
#3115=AXIS2_PLACEMENT_3D('',#4427,#3569,#3570);
#3116=AXIS2_PLACEMENT_3D('',#4433,#3574,#3575);
#3117=AXIS2_PLACEMENT_3D('',#4435,#3577,#3578);
#3118=AXIS2_PLACEMENT_3D('',#4437,#3580,#3581);
#3119=AXIS2_PLACEMENT_3D('',#4439,#3583,#3584);
#3120=AXIS2_PLACEMENT_3D('',#4445,#3588,#3589);
#3121=AXIS2_PLACEMENT_3D('',#4454,#3594,#3595);
#3122=AXIS2_PLACEMENT_3D('',#4460,#3599,#3600);
#3123=AXIS2_PLACEMENT_3D('',#4467,#3604,#3605);
#3124=AXIS2_PLACEMENT_3D('',#4468,#3606,#3607);
#3125=AXIS2_PLACEMENT_3D('',#4473,#3609,#3610);
#3126=AXIS2_PLACEMENT_3D('',#4479,#3614,#3615);
#3127=AXIS2_PLACEMENT_3D('',#4483,#3618,#3619);
#3128=AXIS2_PLACEMENT_3D('',#4493,#3624,#3625);
#3129=AXIS2_PLACEMENT_3D('',#4494,#3626,#3627);
#3130=AXIS2_PLACEMENT_3D('',#4499,#3629,#3630);
#3131=AXIS2_PLACEMENT_3D('',#4502,#3633,#3634);
#3132=AXIS2_PLACEMENT_3D('',#4511,#3641,#3642);
#3133=AXIS2_PLACEMENT_3D('',#4512,#3643,#3644);
#3134=AXIS2_PLACEMENT_3D('',#4514,#3646,#3647);
#3135=AXIS2_PLACEMENT_3D('',#4516,#3649,#3650);
#3136=AXIS2_PLACEMENT_3D('',#4518,#3652,#3653);
#3137=AXIS2_PLACEMENT_3D('',#4520,#3655,#3656);
#3138=AXIS2_PLACEMENT_3D('',#4521,#3657,#3658);
#3139=AXIS2_PLACEMENT_3D('',#4522,#3659,#3660);
#3140=AXIS2_PLACEMENT_3D('',#4528,#3664,#3665);
#3141=AXIS2_PLACEMENT_3D('',#4529,#3666,#3667);
#3142=AXIS2_PLACEMENT_3D('',#4531,#3668,#3669);
#3143=AXIS2_PLACEMENT_3D('',#4533,#3671,#3672);
#3144=AXIS2_PLACEMENT_3D('',#4534,#3673,#3674);
#3145=AXIS2_PLACEMENT_3D('',#4536,#3675,#3676);
#3146=AXIS2_PLACEMENT_3D('',#4538,#3678,#3679);
#3147=AXIS2_PLACEMENT_3D('',#4539,#3680,#3681);
#3148=AXIS2_PLACEMENT_3D('',#4548,#3686,#3687);
#3149=AXIS2_PLACEMENT_3D('',#4557,#3692,#3693);
#3150=AXIS2_PLACEMENT_3D('',#4562,#3696,#3697);
#3151=AXIS2_PLACEMENT_3D('',#4568,#3701,#3702);
#3152=AXIS2_PLACEMENT_3D('',#4574,#3706,#3707);
#3153=AXIS2_PLACEMENT_3D('',#4579,#3711,#3712);
#3154=AXIS2_PLACEMENT_3D('',#4584,#3716,#3717);
#3155=AXIS2_PLACEMENT_3D('',#4588,#3720,#3721);
#3156=AXIS2_PLACEMENT_3D('',#4594,#3725,#3726);
#3157=AXIS2_PLACEMENT_3D('',#4596,#3727,#3728);
#3158=AXIS2_PLACEMENT_3D('',#4598,#3730,#3731);
#3159=AXIS2_PLACEMENT_3D('',#4602,#3734,#3735);
#3160=AXIS2_PLACEMENT_3D('',#4606,#3738,#3739);
#3161=AXIS2_PLACEMENT_3D('',#4610,#3742,#3743);
#3162=AXIS2_PLACEMENT_3D('',#4614,#3746,#3747);
#3163=AXIS2_PLACEMENT_3D('',#4616,#3749,#3750);
#3164=AXIS2_PLACEMENT_3D('',#4618,#3752,#3753);
#3165=AXIS2_PLACEMENT_3D('',#4620,#3755,#3756);
#3166=AXIS2_PLACEMENT_3D('',#4622,#3758,#3759);
#3167=AXIS2_PLACEMENT_3D('',#4623,#3760,#3761);
#3168=AXIS2_PLACEMENT_3D('',#4625,#3763,#3764);
#3169=AXIS2_PLACEMENT_3D('',#4627,#3766,#3767);
#3170=AXIS2_PLACEMENT_3D('',#4628,#3768,#3769);
#3171=AXIS2_PLACEMENT_3D('',#4630,#3771,#3772);
#3172=AXIS2_PLACEMENT_3D('',#4632,#3774,#3775);
#3173=AXIS2_PLACEMENT_3D('',#4640,#3780,#3781);
#3174=AXIS2_PLACEMENT_3D('',#4646,#3785,#3786);
#3175=AXIS2_PLACEMENT_3D('',#4648,#3788,#3789);
#3176=AXIS2_PLACEMENT_3D('',#4650,#3791,#3792);
#3177=AXIS2_PLACEMENT_3D('',#4656,#3796,#3797);
#3178=AXIS2_PLACEMENT_3D('',#4662,#3801,#3802);
#3179=AXIS2_PLACEMENT_3D('',#4668,#3806,#3807);
#3180=AXIS2_PLACEMENT_3D('',#4674,#3811,#3812);
#3181=AXIS2_PLACEMENT_3D('',#4680,#3816,#3817);
#3182=AXIS2_PLACEMENT_3D('',#4682,#3819,#3820);
#3183=AXIS2_PLACEMENT_3D('',#4683,#3821,#3822);
#3184=AXIS2_PLACEMENT_3D('',#4747,#3855,#3856);
#3185=AXIS2_PLACEMENT_3D('',#4750,#3859,#3860);
#3186=AXIS2_PLACEMENT_3D('',#4752,#3862,#3863);
#3187=AXIS2_PLACEMENT_3D('',#4755,#3866,#3867);
#3188=AXIS2_PLACEMENT_3D('',#4758,#3870,#3871);
#3189=AXIS2_PLACEMENT_3D('',#4759,#3872,#3873);
#3190=AXIS2_PLACEMENT_3D('',#4760,#3874,#3875);
#3191=AXIS2_PLACEMENT_3D('',#4762,#3877,#3878);
#3192=AXIS2_PLACEMENT_3D('',#4764,#3880,#3881);
#3193=AXIS2_PLACEMENT_3D('',#4767,#3884,#3885);
#3194=AXIS2_PLACEMENT_3D('',#4768,#3886,#3887);
#3195=AXIS2_PLACEMENT_3D('',#4770,#3889,#3890);
#3196=AXIS2_PLACEMENT_3D('',#4773,#3893,#3894);
#3197=AXIS2_PLACEMENT_3D('',#4774,#3895,#3896);
#3198=AXIS2_PLACEMENT_3D('',#4777,#3899,#3900);
#3199=AXIS2_PLACEMENT_3D('',#4779,#3902,#3903);
#3200=AXIS2_PLACEMENT_3D('',#4782,#3906,#3907);
#3201=AXIS2_PLACEMENT_3D('',#4784,#3909,#3910);
#3202=AXIS2_PLACEMENT_3D('',#4786,#3912,#3913);
#3203=AXIS2_PLACEMENT_3D('',#4789,#3916,#3917);
#3204=AXIS2_PLACEMENT_3D('',#4790,#3918,#3919);
#3205=AXIS2_PLACEMENT_3D('',#4793,#3922,#3923);
#3206=AXIS2_PLACEMENT_3D('',#4795,#3925,#3926);
#3207=AXIS2_PLACEMENT_3D('',#4797,#3928,#3929);
#3208=AXIS2_PLACEMENT_3D('',#4798,#3930,#3931);
#3209=AXIS2_PLACEMENT_3D('',#4799,#3932,#3933);
#3210=AXIS2_PLACEMENT_3D('',#4801,#3935,#3936);
#3211=AXIS2_PLACEMENT_3D('',#4802,#3937,#3938);
#3212=AXIS2_PLACEMENT_3D('',#4804,#3940,#3941);
#3213=AXIS2_PLACEMENT_3D('',#4806,#3943,#3944);
#3214=AXIS2_PLACEMENT_3D('',#4808,#3946,#3947);
#3215=AXIS2_PLACEMENT_3D('',#4814,#3951,#3952);
#3216=AXIS2_PLACEMENT_3D('',#4820,#3956,#3957);
#3217=AXIS2_PLACEMENT_3D('',#4822,#3959,#3960);
#3218=AXIS2_PLACEMENT_3D('',#4824,#3962,#3963);
#3219=AXIS2_PLACEMENT_3D('',#4828,#3966,#3967);
#3220=AXIS2_PLACEMENT_3D('',#4840,#3974,#3975);
#3221=AXIS2_PLACEMENT_3D('',#4842,#3977,#3978);
#3222=AXIS2_PLACEMENT_3D('',#4844,#3980,#3981);
#3223=AXIS2_PLACEMENT_3D('',#4846,#3983,#3984);
#3224=AXIS2_PLACEMENT_3D('',#4848,#3986,#3987);
#3225=AXIS2_PLACEMENT_3D('',#4850,#3989,#3990);
#3226=DIRECTION('axis',(0.,0.,1.));
#3227=DIRECTION('refdir',(1.,0.,0.));
#3228=DIRECTION('center_axis',(-1.,-4.82520006856318E-15,1.94710253745516E-14));
#3229=DIRECTION('ref_axis',(1.94710253745516E-14,6.6264316038565E-29,1.));
#3230=DIRECTION('',(-1.94710253745516E-14,-1.32576028287254E-28,-1.));
#3231=DIRECTION('',(-4.82520006856318E-15,1.,0.));
#3232=DIRECTION('',(1.94710253745515E-14,1.67949143078697E-15,1.));
#3233=DIRECTION('',(-4.82520006856318E-15,1.,0.));
#3234=DIRECTION('center_axis',(-1.94710253745516E-14,-9.39515929722816E-29,
-1.));
#3235=DIRECTION('ref_axis',(-1.,-4.82947015711909E-15,1.94710253745516E-14));
#3236=DIRECTION('',(1.,-1.93594419941008E-15,-1.94710253745516E-14));
#3237=DIRECTION('',(-1.,-1.45467319317576E-28,1.94710253745516E-14));
#3238=DIRECTION('',(-4.82520006856318E-15,1.,0.));
#3239=DIRECTION('center_axis',(1.,4.82520006856318E-15,-1.94710253745516E-14));
#3240=DIRECTION('ref_axis',(-1.94710253745516E-14,-6.6264316038565E-29,
-1.));
#3241=DIRECTION('',(1.94710253745516E-14,1.32576028287254E-28,1.));
#3242=DIRECTION('',(-1.94710253745515E-14,-1.67949143078697E-15,-1.));
#3243=DIRECTION('',(-4.82520006856318E-15,1.,0.));
#3244=DIRECTION('center_axis',(1.94710253745516E-14,9.39515929722816E-29,
1.));
#3245=DIRECTION('ref_axis',(1.,4.82947015711909E-15,-1.94710253745516E-14));
#3246=DIRECTION('',(-1.,1.93594419941008E-15,1.94710253745516E-14));
#3247=DIRECTION('',(1.,1.45467319317576E-28,-1.94710253745516E-14));
#3248=DIRECTION('center_axis',(-1.,-4.82520006856318E-15,1.94710253745516E-14));
#3249=DIRECTION('ref_axis',(1.94710253745516E-14,6.6264316038565E-29,1.));
#3250=DIRECTION('',(-1.94710253745516E-14,-1.32576028287254E-28,-1.));
#3251=DIRECTION('',(-4.82520006856318E-15,1.,0.));
#3252=DIRECTION('',(1.94710253745515E-14,1.67949143078697E-15,1.));
#3253=DIRECTION('',(-4.82520006856318E-15,1.,0.));
#3254=DIRECTION('center_axis',(-1.94710253745516E-14,-9.39515929722816E-29,
-1.));
#3255=DIRECTION('ref_axis',(-1.,-4.82947015711909E-15,1.94710253745516E-14));
#3256=DIRECTION('',(1.,-1.93594419941008E-15,-1.94710253745516E-14));
#3257=DIRECTION('',(-1.,-1.45467319317576E-28,1.94710253745516E-14));
#3258=DIRECTION('',(-4.82520006856318E-15,1.,0.));
#3259=DIRECTION('center_axis',(1.,4.82520006856318E-15,-1.94710253745516E-14));
#3260=DIRECTION('ref_axis',(-1.94710253745516E-14,-6.6264316038565E-29,
-1.));
#3261=DIRECTION('',(1.94710253745516E-14,1.32576028287254E-28,1.));
#3262=DIRECTION('',(-1.94710253745515E-14,-1.67949143078697E-15,-1.));
#3263=DIRECTION('',(-4.82520006856318E-15,1.,0.));
#3264=DIRECTION('center_axis',(1.94710253745516E-14,9.39515929722816E-29,
1.));
#3265=DIRECTION('ref_axis',(1.,4.82947015711909E-15,-1.94710253745516E-14));
#3266=DIRECTION('',(-1.,1.93594419941008E-15,1.94710253745516E-14));
#3267=DIRECTION('',(1.,1.45467319317576E-28,-1.94710253745516E-14));
#3268=DIRECTION('center_axis',(1.51359223814658E-15,1.8814577086997E-15,
1.));
#3269=DIRECTION('ref_axis',(-1.,9.22629348184109E-15,1.51359223814656E-15));
#3270=DIRECTION('',(-2.02685162930931E-14,1.,-1.88145770869967E-15));
#3271=DIRECTION('',(-1.,9.22629348184109E-15,1.51359223814656E-15));
#3272=DIRECTION('',(-9.22629348184108E-15,-1.,4.71252642149388E-15));
#3273=DIRECTION('',(1.,1.75626674389098E-28,-1.51359223814658E-15));
#3274=DIRECTION('center_axis',(1.,-9.22629348184109E-15,-1.51359223814656E-15));
#3275=DIRECTION('ref_axis',(1.51359223814658E-15,1.8814577086997E-15,1.));
#3276=DIRECTION('',(-9.2262934818411E-15,-1.,-6.04998880003434E-15));
#3277=DIRECTION('',(1.51359223814658E-15,1.67949143078697E-15,1.));
#3278=DIRECTION('',(9.22629348184109E-15,1.,-4.90395958444474E-30));
#3279=DIRECTION('',(1.51359223814659E-15,2.49208037224354E-15,1.));
#3280=DIRECTION('center_axis',(2.88085776082151E-14,-6.04998880003461E-15,
1.));
#3281=DIRECTION('ref_axis',(-1.,9.22629348184114E-15,2.88085776082152E-14));
#3282=DIRECTION('',(-0.666402834856235,-0.745591886822525,1.46872952216175E-14));
#3283=DIRECTION('',(-1.,-1.29784980356612E-28,2.88085776082151E-14));
#3284=DIRECTION('',(-1.,9.22629348184119E-15,2.88085776082152E-14));
#3285=DIRECTION('center_axis',(-2.88085776082151E-14,6.04998880003461E-15,
-1.));
#3286=DIRECTION('ref_axis',(-1.,1.15438840457458E-14,2.77344657072863E-14));
#3287=DIRECTION('center_axis',(2.88085776082151E-14,-6.04998880003461E-15,
1.));
#3288=DIRECTION('ref_axis',(-1.,9.22629348184114E-15,2.88085776082152E-14));
#3289=DIRECTION('',(-0.666402834856218,0.745591886822541,2.3708940350963E-14));
#3290=DIRECTION('center_axis',(-2.88085776082151E-14,6.04998880003461E-15,
-1.));
#3291=DIRECTION('ref_axis',(-1.,1.15438840457458E-14,2.77344657072863E-14));
#3292=DIRECTION('',(-1.,9.22629348184119E-15,2.88085776082152E-14));
#3293=DIRECTION('',(2.02685162930931E-14,-1.,-6.04998880003519E-15));
#3294=DIRECTION('',(-1.,-1.29784980356612E-28,2.88085776082151E-14));
#3295=DIRECTION('center_axis',(-2.83400419025969E-14,8.36873618735549E-15,
-1.));
#3296=DIRECTION('ref_axis',(-1.13601870258739E-14,-1.,-8.36873618735518E-15));
#3297=DIRECTION('center_axis',(-2.88085776082151E-14,6.04998880003461E-15,
-1.));
#3298=DIRECTION('ref_axis',(-1.,1.15438840457458E-14,2.77344657072863E-14));
#3299=DIRECTION('',(-2.83400419025969E-14,8.36873618735549E-15,-1.));
#3300=DIRECTION('center_axis',(-1.54616737423318E-28,-4.90395958444332E-30,
-1.));
#3301=DIRECTION('ref_axis',(-1.,1.15438840457458E-14,2.8340041902597E-14));
#3302=DIRECTION('center_axis',(-2.88085776082151E-14,6.04998880003461E-15,
-1.));
#3303=DIRECTION('ref_axis',(-1.,1.15438840457458E-14,2.77344657072863E-14));
#3304=DIRECTION('center_axis',(-1.54616737423318E-28,-4.90395958444332E-30,
-1.));
#3305=DIRECTION('ref_axis',(-1.,1.15438840457458E-14,2.8340041902597E-14));
#3306=DIRECTION('',(-2.83400419025969E-14,8.36873618735549E-15,-1.));
#3307=DIRECTION('center_axis',(0.745591886822525,-0.666402834856235,-2.67070548342043E-14));
#3308=DIRECTION('ref_axis',(-0.666402834856235,-0.745591886822525,1.46872952216175E-14));
#3309=DIRECTION('',(-0.666402834856235,-0.745591886822525,1.06693384614588E-28));
#3310=DIRECTION('',(-3.73210508008398E-14,-1.67949143078697E-15,-1.));
#3311=DIRECTION('center_axis',(-0.745591886822541,-0.666402834856218,1.55531557953696E-14));
#3312=DIRECTION('ref_axis',(-0.666402834856218,0.745591886822541,2.3708940350963E-14));
#3313=DIRECTION('',(1.93590330043544E-14,1.67949143078697E-15,1.));
#3314=DIRECTION('',(-0.666402834856218,0.745591886822541,9.93806796556522E-29));
#3315=DIRECTION('center_axis',(2.88085776082151E-14,-6.04998880003461E-15,
1.));
#3316=DIRECTION('ref_axis',(-1.,1.15438840457458E-14,2.88085776082152E-14));
#3317=DIRECTION('',(-1.,9.22629348184119E-15,2.88085776082152E-14));
#3318=DIRECTION('center_axis',(2.88085776082151E-14,-6.04998880003461E-15,
1.));
#3319=DIRECTION('ref_axis',(-1.,1.15438840457458E-14,2.88085776082152E-14));
#3320=DIRECTION('',(-1.,-2.07681050074707E-14,1.54616737423318E-28));
#3321=DIRECTION('center_axis',(1.54616737423318E-28,4.90395958444332E-30,
1.));
#3322=DIRECTION('ref_axis',(-1.,-2.07681050074707E-14,1.54616737423318E-28));
#3323=DIRECTION('',(-1.,-2.07681050074707E-14,1.54616737423318E-28));
#3324=DIRECTION('',(1.,1.7828256457995E-28,-1.54616737423318E-28));
#3325=DIRECTION('center_axis',(1.,2.02685162930931E-14,-1.54616737423318E-28));
#3326=DIRECTION('ref_axis',(1.54616737423318E-28,5.40902050554877E-29,1.));
#3327=DIRECTION('',(-1.21484579404036E-28,-1.67949143078697E-15,-1.));
#3328=DIRECTION('',(2.02685162930931E-14,-1.,4.90395958444015E-30));
#3329=DIRECTION('',(1.54616737423318E-28,5.40902050554877E-29,1.));
#3330=DIRECTION('center_axis',(1.,2.02685162930931E-14,-1.54616737423318E-28));
#3331=DIRECTION('ref_axis',(1.54616737423318E-28,5.40902050554877E-29,1.));
#3332=DIRECTION('',(1.54616737423318E-28,5.40902050554877E-29,1.));
#3333=DIRECTION('',(2.02685162930931E-14,-1.,4.90395958444015E-30));
#3334=DIRECTION('',(-1.21484579404036E-28,-1.67949143078697E-15,-1.));
#3335=DIRECTION('center_axis',(1.78168739582771E-28,-1.,1.67949143078697E-15));
#3336=DIRECTION('ref_axis',(1.,1.79860286390392E-28,1.42000239845841E-15));
#3337=DIRECTION('',(-1.51359223814658E-15,-1.67949143078697E-15,-1.));
#3338=DIRECTION('',(1.,1.79860286390392E-28,1.42000239845841E-15));
#3339=DIRECTION('',(-1.42000239845841E-15,1.67949143078697E-15,1.));
#3340=DIRECTION('',(-1.,-6.62643160385664E-29,-1.42000239845841E-15));
#3341=DIRECTION('',(-1.60735253386391E-15,8.51967947037721E-16,1.));
#3342=DIRECTION('',(1.,1.79860286390392E-28,1.42000239845841E-15));
#3343=DIRECTION('',(-1.42000239845841E-15,1.67949143078697E-15,1.));
#3344=DIRECTION('',(-1.,-6.62643160385664E-29,-1.42000239845841E-15));
#3345=DIRECTION('',(-1.60735253386391E-15,8.51967947037721E-16,1.));
#3346=DIRECTION('',(1.,2.07681050074707E-14,0.));
#3347=DIRECTION('',(3.48798543937292E-29,-1.67949143078688E-15,1.));
#3348=DIRECTION('',(1.,2.07681050074707E-14,0.));
#3349=DIRECTION('',(-3.48798543937292E-29,1.67949143078688E-15,-1.));
#3350=DIRECTION('',(1.,2.07681050074707E-14,0.));
#3351=DIRECTION('',(3.48798543937292E-29,-1.67949143078688E-15,1.));
#3352=DIRECTION('',(-1.,-2.07681050074707E-14,0.));
#3353=DIRECTION('',(-1.51359223814658E-15,-1.67949143078697E-15,-1.));
#3354=DIRECTION('',(-1.,-1.75626674389098E-28,1.51359223814658E-15));
#3355=DIRECTION('',(1.51359223814658E-15,1.67949143078697E-15,1.));
#3356=DIRECTION('',(-1.,-1.81438008200834E-28,-1.60735253386391E-15));
#3357=DIRECTION('',(1.42000239845841E-15,-1.67949143078698E-15,-1.));
#3358=DIRECTION('',(1.,1.79860286390392E-28,1.42000239845841E-15));
#3359=DIRECTION('',(2.66453525910039E-14,1.67949143078697E-15,1.));
#3360=DIRECTION('',(1.,1.77848485533251E-28,-1.90685134588719E-16));
#3361=DIRECTION('',(-1.90685134588717E-16,-1.67949143078697E-15,-1.));
#3362=DIRECTION('',(1.,1.7828256457995E-28,-1.54616737423318E-28));
#3363=DIRECTION('',(-1.19906857593594E-28,-1.67949143078697E-15,-1.));
#3364=DIRECTION('',(-1.,-1.7828256457995E-28,1.54616737423318E-28));
#3365=DIRECTION('',(1.19906857593594E-28,1.67949143078697E-15,1.));
#3366=DIRECTION('',(-1.,-1.7828256457995E-28,1.54616737423318E-28));
#3367=DIRECTION('center_axis',(-1.78168739582771E-28,1.,-1.67949143078697E-15));
#3368=DIRECTION('ref_axis',(1.,2.08236278054056E-14,-1.54074395550979E-28));
#3369=DIRECTION('',(-1.,-1.7828256457995E-28,1.54616737423318E-28));
#3370=DIRECTION('',(1.60735253386391E-15,-1.67949143078697E-15,-1.));
#3371=DIRECTION('',(-1.,-6.62643160385664E-29,-1.42000239845841E-15));
#3372=DIRECTION('',(1.42000239845841E-15,-1.67949143078698E-15,-1.));
#3373=DIRECTION('',(1.,1.79860286390392E-28,1.42000239845841E-15));
#3374=DIRECTION('',(1.60735253386391E-15,-1.67949143078697E-15,-1.));
#3375=DIRECTION('',(1.,1.7828256457995E-28,-1.54616737423318E-28));
#3376=DIRECTION('center_axis',(-1.78168739582771E-28,1.,-1.67949143078697E-15));
#3377=DIRECTION('ref_axis',(1.,2.02685162930931E-14,-1.54074395550979E-28));
#3378=DIRECTION('',(1.,1.7828256457995E-28,-1.54616737423318E-28));
#3379=DIRECTION('',(1.21484579404036E-28,1.67949143078697E-15,1.));
#3380=DIRECTION('',(1.,1.7828256457995E-28,-1.54616737423318E-28));
#3381=DIRECTION('',(-1.21484579404036E-28,-1.67949143078697E-15,-1.));
#3382=DIRECTION('',(1.,1.7828256457995E-28,-1.54616737423318E-28));
#3383=DIRECTION('',(-1.21484579404036E-28,-1.67949143078697E-15,-1.));
#3384=DIRECTION('',(1.,1.79860286390392E-28,1.36449124722715E-15));
#3385=DIRECTION('',(7.89193861739556E-16,-1.67949143078697E-15,-1.));
#3386=DIRECTION('',(-1.,-1.77848485533251E-28,1.90685134588719E-16));
#3387=DIRECTION('',(1.90685134588717E-16,1.67949143078697E-15,1.));
#3388=DIRECTION('',(1.,1.77848485533251E-28,-1.90685134588719E-16));
#3389=DIRECTION('',(-9.15355569083327E-16,1.67949143078697E-15,1.));
#3390=DIRECTION('',(1.,1.79860286390392E-28,1.36449124722715E-15));
#3391=DIRECTION('',(1.21484579404036E-28,1.67949143078697E-15,1.));
#3392=DIRECTION('',(-1.,-1.7828256457995E-28,1.54616737423318E-28));
#3393=DIRECTION('',(1.60735253386391E-15,-1.67949143078697E-15,-1.));
#3394=DIRECTION('',(-1.,-6.62643160385664E-29,-1.42000239845841E-15));
#3395=DIRECTION('',(1.42000239845841E-15,-1.67949143078698E-15,-1.));
#3396=DIRECTION('',(1.,1.79860286390392E-28,1.42000239845841E-15));
#3397=DIRECTION('',(1.60735253386391E-15,-1.67949143078697E-15,-1.));
#3398=DIRECTION('',(-1.,-6.62643160385664E-29,-1.42000239845841E-15));
#3399=DIRECTION('',(1.42000239845841E-15,-1.67949143078698E-15,-1.));
#3400=DIRECTION('',(1.,1.79860286390392E-28,1.42000239845841E-15));
#3401=DIRECTION('',(1.21484579404036E-28,1.67949143078697E-15,1.));
#3402=DIRECTION('',(1.,1.7828256457995E-28,-1.54616737423318E-28));
#3403=DIRECTION('center_axis',(-1.78168739582771E-28,1.,-1.67949143078697E-15));
#3404=DIRECTION('ref_axis',(1.,1.86517468137026E-14,5.03069808033046E-17));
#3405=DIRECTION('center_axis',(-1.78168739582771E-28,1.,-1.67949143078697E-15));
#3406=DIRECTION('ref_axis',(1.,1.86517468137026E-14,5.03069808033046E-17));
#3407=DIRECTION('center_axis',(1.78168739582771E-28,-1.,1.67949143078697E-15));
#3408=DIRECTION('ref_axis',(1.,1.79860286390392E-28,1.42000239845841E-15));
#3409=DIRECTION('center_axis',(1.78168739582771E-28,-1.,1.67949143078697E-15));
#3410=DIRECTION('ref_axis',(1.,1.79860286390392E-28,1.42000239845841E-15));
#3411=DIRECTION('',(1.,1.7828256457995E-28,-1.54616737423318E-28));
#3412=DIRECTION('center_axis',(1.,2.02685162930931E-14,-1.54616737423318E-28));
#3413=DIRECTION('ref_axis',(1.54616737423318E-28,5.40902050554877E-29,1.));
#3414=DIRECTION('',(1.54616737423318E-28,5.40902050554877E-29,1.));
#3415=DIRECTION('',(2.02685162930931E-14,-1.,4.90395958444015E-30));
#3416=DIRECTION('center_axis',(1.90685134588719E-16,1.88145770869971E-15,
1.));
#3417=DIRECTION('ref_axis',(-1.,9.11527117937857E-15,1.90685134588702E-16));
#3418=DIRECTION('',(1.,-1.36002320516577E-15,-1.90685134588717E-16));
#3419=DIRECTION('',(-1.36002320516577E-15,-1.,1.88145770869971E-15));
#3420=DIRECTION('',(9.11527117937857E-15,1.,-4.71252642149387E-15));
#3421=DIRECTION('',(-1.,9.11527117937857E-15,1.90685134588702E-16));
#3422=DIRECTION('',(-9.11527117937857E-15,-1.,4.71252642149387E-15));
#3423=DIRECTION('center_axis',(-1.,9.11527117937857E-15,1.906851345887E-16));
#3424=DIRECTION('ref_axis',(-1.90685134588722E-16,-2.49208037224354E-15,
-1.));
#3425=DIRECTION('',(9.11527117937858E-15,1.,6.04998880003435E-15));
#3426=DIRECTION('',(-1.90685134588722E-16,-2.49208037224354E-15,-1.));
#3427=DIRECTION('',(9.11527117937857E-15,1.,-3.10270303578738E-15));
#3428=DIRECTION('',(-1.90685134588715E-16,-1.67949143078697E-15,-1.));
#3429=DIRECTION('center_axis',(-1.,9.11527117937857E-15,1.90685134588702E-16));
#3430=DIRECTION('ref_axis',(-1.90685134588719E-16,-1.88145770869971E-15,
-1.));
#3431=DIRECTION('',(-9.11527117937857E-15,-1.,2.49208037224355E-15));
#3432=DIRECTION('',(1.90685134588722E-16,2.49208037224354E-15,1.));
#3433=DIRECTION('center_axis',(-1.90685134588728E-16,-3.10270303578738E-15,
-1.));
#3434=DIRECTION('ref_axis',(1.,-9.11527117937857E-15,-1.906851345887E-16));
#3435=DIRECTION('',(-0.666402834856218,0.745591886822541,2.28273513069006E-14));
#3436=DIRECTION('',(1.,1.77848485533251E-28,-1.90685134588729E-16));
#3437=DIRECTION('',(-1.,9.11527117937857E-15,1.906851345887E-16));
#3438=DIRECTION('center_axis',(-2.74856705046573E-14,6.04998880003461E-15,
-1.));
#3439=DIRECTION('ref_axis',(-1.,1.14328617432833E-14,2.64115586037285E-14));
#3440=DIRECTION('center_axis',(-1.90685134588728E-16,-3.10270303578738E-15,
-1.));
#3441=DIRECTION('ref_axis',(1.,-9.11527117937857E-15,-1.906851345887E-16));
#3442=DIRECTION('',(-0.666402834856235,-0.745591886822525,1.38057061775551E-14));
#3443=DIRECTION('center_axis',(-2.74856705046573E-14,6.04998880003461E-15,
-1.));
#3444=DIRECTION('ref_axis',(-1.,1.14328617432833E-14,2.64115586037285E-14));
#3445=DIRECTION('',(-1.,9.11527117937857E-15,1.906851345887E-16));
#3446=DIRECTION('',(-1.36002320516577E-15,-1.,3.10270303578738E-15));
#3447=DIRECTION('',(1.,1.77848485533251E-28,-1.90685134588729E-16));
#3448=DIRECTION('center_axis',(2.74856705046573E-14,-6.04998880003461E-15,
1.));
#3449=DIRECTION('ref_axis',(-1.,9.11527117937862E-15,2.74856705046573E-14));
#3450=DIRECTION('',(-0.666402834856235,-0.745591886822525,1.38057061775551E-14));
#3451=DIRECTION('',(-1.,-1.32006791500765E-28,2.74856705046573E-14));
#3452=DIRECTION('',(1.36002320516576E-15,1.,6.04998880003457E-15));
#3453=DIRECTION('',(-1.,9.11527117937868E-15,2.74856705046573E-14));
#3454=DIRECTION('center_axis',(-2.74856705046573E-14,6.04998880003461E-15,
-1.));
#3455=DIRECTION('ref_axis',(-1.,1.14328617432833E-14,2.64115586037285E-14));
#3456=DIRECTION('center_axis',(2.74856705046573E-14,-6.04998880003461E-15,
1.));
#3457=DIRECTION('ref_axis',(-1.,9.11527117937862E-15,2.74856705046573E-14));
#3458=DIRECTION('',(-0.666402834856218,0.745591886822541,2.28273513069006E-14));
#3459=DIRECTION('center_axis',(-2.74856705046573E-14,6.04998880003461E-15,
-1.));
#3460=DIRECTION('ref_axis',(-1.,1.14328617432833E-14,2.64115586037285E-14));
#3461=DIRECTION('',(-1.,9.11527117937868E-15,2.74856705046573E-14));
#3462=DIRECTION('',(-1.,-1.32006791500765E-28,2.74856705046573E-14));
#3463=DIRECTION('center_axis',(-9.11527117937863E-15,-1.,1.88145770869971E-15));
#3464=DIRECTION('ref_axis',(1.,-9.11527117937868E-15,-2.74856705046573E-14));
#3465=DIRECTION('',(1.,-9.11527117937857E-15,-1.90685134588702E-16));
#3466=DIRECTION('',(-1.90685134588725E-16,-2.49208037224354E-15,-1.));
#3467=DIRECTION('',(1.90685134588725E-16,2.49208037224354E-15,1.));
#3468=DIRECTION('',(1.,-9.11527117937862E-15,-2.74856705046573E-14));
#3469=DIRECTION('',(-1.,9.11527117937868E-15,2.74856705046573E-14));
#3470=DIRECTION('center_axis',(-2.7017134799039E-14,8.36873618735548E-15,
-1.));
#3471=DIRECTION('ref_axis',(-1.12491647234114E-14,-1.,-8.36873618735518E-15));
#3472=DIRECTION('center_axis',(-2.74856705046573E-14,6.04998880003461E-15,
-1.));
#3473=DIRECTION('ref_axis',(-1.,1.14328617432833E-14,2.64115586037285E-14));
#3474=DIRECTION('',(-2.7017134799039E-14,8.36873618735548E-15,-1.));
#3475=DIRECTION('center_axis',(-2.74856705046573E-14,6.04998880003461E-15,
-1.));
#3476=DIRECTION('ref_axis',(-1.,1.14328617432833E-14,2.64115586037285E-14));
#3477=DIRECTION('',(-2.7017134799039E-14,8.36873618735548E-15,-1.));
#3478=DIRECTION('center_axis',(0.745591886822525,-0.666402834856235,-2.57207060307717E-14));
#3479=DIRECTION('ref_axis',(-0.666402834856235,-0.745591886822525,1.38057061775551E-14));
#3480=DIRECTION('',(-3.5998143697282E-14,-1.67949143078697E-15,-1.));
#3481=DIRECTION('center_axis',(-0.745591886822541,-0.666402834856218,1.45668069919369E-14));
#3482=DIRECTION('ref_axis',(-0.666402834856218,0.745591886822541,2.28273513069006E-14));
#3483=DIRECTION('',(1.80361259007965E-14,1.67949143078697E-15,1.));
#3484=DIRECTION('center_axis',(2.74856705046573E-14,-6.04998880003461E-15,
1.));
#3485=DIRECTION('ref_axis',(-1.,1.14328617432833E-14,2.74856705046573E-14));
#3486=DIRECTION('center_axis',(2.74856705046573E-14,-6.04998880003461E-15,
1.));
#3487=DIRECTION('ref_axis',(-1.,1.14328617432833E-14,2.74856705046573E-14));
#3488=DIRECTION('center_axis',(-1.36002320516577E-15,-1.,1.67949143078697E-15));
#3489=DIRECTION('ref_axis',(1.60735253386391E-15,-1.67949143078697E-15,
-1.));
#3490=DIRECTION('',(-1.90685134588717E-16,-1.67949143078697E-15,-1.));
#3491=DIRECTION('',(1.,-1.36002320516576E-15,1.43432167526699E-15));
#3492=DIRECTION('',(7.89193861739556E-16,-1.67949143078697E-15,-1.));
#3493=DIRECTION('',(1.,-1.36002320516576E-15,1.36449124722716E-15));
#3494=DIRECTION('',(1.,-1.36002320516576E-15,1.36449124722716E-15));
#3495=DIRECTION('',(1.,-1.36002320516576E-15,1.36449124722716E-15));
#3496=DIRECTION('',(-9.15355569083327E-16,1.67949143078697E-15,1.));
#3497=DIRECTION('',(-9.15355569083327E-16,1.67949143078697E-15,1.));
#3498=DIRECTION('',(1.,-1.36002320516576E-15,1.42000239845827E-15));
#3499=DIRECTION('',(7.89193861739556E-16,-1.67949143078697E-15,-1.));
#3500=DIRECTION('',(-1.,1.36002320516576E-15,-1.52036154192721E-15));
#3501=DIRECTION('center_axis',(-1.43432167526699E-15,1.66533453693777E-15,
1.));
#3502=DIRECTION('ref_axis',(1.,1.13867320960918E-14,1.43432167526697E-15));
#3503=DIRECTION('',(1.36002320516577E-15,1.,-1.66533453693776E-15));
#3504=DIRECTION('',(9.11527117937857E-15,1.,-2.49208037224355E-15));
#3505=DIRECTION('center_axis',(-1.,1.36002320516576E-15,-9.1535556908333E-16));
#3506=DIRECTION('ref_axis',(9.15355569083327E-16,-1.67949143078697E-15,
-1.));
#3507=DIRECTION('',(-1.36002320516577E-15,-1.,1.67949143078697E-15));
#3508=DIRECTION('center_axis',(1.78168739582771E-28,-1.,1.67949143078697E-15));
#3509=DIRECTION('ref_axis',(1.,1.79860286390392E-28,1.42000239845841E-15));
#3510=DIRECTION('center_axis',(1.,-9.11527117937857E-15,-1.90685134588702E-16));
#3511=DIRECTION('ref_axis',(1.90685134588719E-16,1.88145770869971E-15,1.));
#3512=DIRECTION('',(-9.11527117937857E-15,-1.,7.6978740111371E-31));
#3513=DIRECTION('',(-9.11527117937857E-15,-1.,4.71252642149387E-15));
#3514=DIRECTION('',(-1.90685134588725E-16,-2.49208037224354E-15,-1.));
#3515=DIRECTION('center_axis',(1.,-9.11527117937857E-15,-1.90685134588702E-16));
#3516=DIRECTION('ref_axis',(1.90685134588719E-16,1.88145770869971E-15,1.));
#3517=DIRECTION('',(-9.11527117937858E-15,-1.,-6.04998880003436E-15));
#3518=DIRECTION('',(1.90685134588717E-16,1.67949143078697E-15,1.));
#3519=DIRECTION('',(9.11527117937857E-15,1.,-7.6978740111371E-31));
#3520=DIRECTION('',(1.90685134588725E-16,2.49208037224354E-15,1.));
#3521=DIRECTION('center_axis',(-1.,9.11527117937857E-15,1.906851345887E-16));
#3522=DIRECTION('ref_axis',(-1.90685134588722E-16,-2.49208037224354E-15,
-1.));
#3523=DIRECTION('',(9.11527117937858E-15,1.,6.04998880003436E-15));
#3524=DIRECTION('',(-1.90685134588722E-16,-2.49208037224354E-15,-1.));
#3525=DIRECTION('',(-9.11527117937857E-15,-1.,7.6978740111371E-31));
#3526=DIRECTION('',(-1.90685134588715E-16,-1.67949143078697E-15,-1.));
#3527=DIRECTION('center_axis',(2.74856705046573E-14,-6.04998880003461E-15,
1.));
#3528=DIRECTION('ref_axis',(-1.,9.11527117937862E-15,2.74856705046573E-14));
#3529=DIRECTION('',(-0.666402834856235,-0.745591886822525,1.38057061775551E-14));
#3530=DIRECTION('',(-1.,-1.32006791500765E-28,2.74856705046573E-14));
#3531=DIRECTION('',(-1.,9.11527117937868E-15,2.74856705046573E-14));
#3532=DIRECTION('center_axis',(-2.74856705046573E-14,6.04998880003461E-15,
-1.));
#3533=DIRECTION('ref_axis',(-1.,1.14328617432833E-14,2.64115586037285E-14));
#3534=DIRECTION('center_axis',(2.74856705046573E-14,-6.04998880003461E-15,
1.));
#3535=DIRECTION('ref_axis',(-1.,9.11527117937862E-15,2.74856705046573E-14));
#3536=DIRECTION('',(-0.666402834856218,0.745591886822541,2.28273513069006E-14));
#3537=DIRECTION('center_axis',(-2.74856705046573E-14,6.04998880003461E-15,
-1.));
#3538=DIRECTION('ref_axis',(-1.,1.14328617432833E-14,2.64115586037285E-14));
#3539=DIRECTION('',(-1.,9.11527117937868E-15,2.74856705046573E-14));
#3540=DIRECTION('',(-1.,-1.32006791500765E-28,2.74856705046573E-14));
#3541=DIRECTION('center_axis',(-9.11527117937863E-15,-1.,1.88145770869971E-15));
#3542=DIRECTION('ref_axis',(1.,-9.11527117937868E-15,-2.74856705046573E-14));
#3543=DIRECTION('',(-1.,9.11527117937863E-15,1.54616737423318E-28));
#3544=DIRECTION('',(-1.,9.11527117937857E-15,1.90685134588702E-16));
#3545=DIRECTION('',(1.90685134588722E-16,2.49208037224354E-15,1.));
#3546=DIRECTION('',(-1.,9.11527117937863E-15,1.54616737423318E-28));
#3547=DIRECTION('',(-1.,9.11527117937868E-15,2.74856705046573E-14));
#3548=DIRECTION('center_axis',(1.90685134588719E-16,1.88145770869971E-15,
1.));
#3549=DIRECTION('ref_axis',(-1.,9.11527117937857E-15,1.90685134588702E-16));
#3550=DIRECTION('',(9.11527117937857E-15,1.,-4.71252642149387E-15));
#3551=DIRECTION('center_axis',(-2.7017134799039E-14,8.36873618735548E-15,
-1.));
#3552=DIRECTION('ref_axis',(-1.12491647234114E-14,-1.,-8.36873618735518E-15));
#3553=DIRECTION('center_axis',(-2.74856705046573E-14,6.04998880003461E-15,
-1.));
#3554=DIRECTION('ref_axis',(-1.,1.14328617432833E-14,2.64115586037285E-14));
#3555=DIRECTION('',(-2.7017134799039E-14,8.36873618735548E-15,-1.));
#3556=DIRECTION('center_axis',(-1.54616737423318E-28,-7.697874011123E-31,
-1.));
#3557=DIRECTION('ref_axis',(-1.,1.14328617432833E-14,2.70171347990391E-14));
#3558=DIRECTION('',(-2.7017134799039E-14,8.36873618735548E-15,-1.));
#3559=DIRECTION('center_axis',(0.745591886822525,-0.666402834856235,-2.57207060307717E-14));
#3560=DIRECTION('ref_axis',(-0.666402834856235,-0.745591886822525,1.38057061775551E-14));
#3561=DIRECTION('',(-0.666402834856235,-0.745591886822525,1.03610979375969E-28));
#3562=DIRECTION('',(-3.5998143697282E-14,-1.67949143078697E-15,-1.));
#3563=DIRECTION('center_axis',(-0.745591886822541,-0.666402834856218,1.45668069919369E-14));
#3564=DIRECTION('ref_axis',(-0.666402834856218,0.745591886822541,2.28273513069006E-14));
#3565=DIRECTION('',(1.80361259007965E-14,1.67949143078697E-15,1.));
#3566=DIRECTION('',(-0.666402834856218,0.745591886822541,1.02463084894271E-28));
#3567=DIRECTION('center_axis',(2.74856705046573E-14,-6.04998880003461E-15,
1.));
#3568=DIRECTION('ref_axis',(-1.,1.14328617432833E-14,2.74856705046573E-14));
#3569=DIRECTION('center_axis',(-1.54616737423318E-28,-7.697874011123E-31,
-1.));
#3570=DIRECTION('ref_axis',(1.,2.07681050074707E-14,-1.54616737423318E-28));
#3571=DIRECTION('',(2.08236278054056E-14,-1.,7.69787401109061E-31));
#3572=DIRECTION('',(2.08236278054056E-14,-1.,7.69787401109061E-31));
#3573=DIRECTION('',(1.,2.07681050074707E-14,-1.54616737423318E-28));
#3574=DIRECTION('center_axis',(1.78168739582771E-28,-1.,1.67949143078697E-15));
#3575=DIRECTION('ref_axis',(1.,1.79860286390392E-28,1.42000239845841E-15));
#3576=DIRECTION('',(1.,1.7828256457995E-28,-1.54616737423318E-28));
#3577=DIRECTION('center_axis',(1.78168739582771E-28,-1.,1.67949143078697E-15));
#3578=DIRECTION('ref_axis',(1.,1.79860286390392E-28,1.42000239845841E-15));
#3579=DIRECTION('',(-9.15355569083327E-16,1.67949143078697E-15,1.));
#3580=DIRECTION('center_axis',(1.78168739582771E-28,-1.,1.67949143078697E-15));
#3581=DIRECTION('ref_axis',(1.,1.79860286390392E-28,1.42000239845841E-15));
#3582=DIRECTION('',(1.,1.7828256457995E-28,-1.54616737423318E-28));
#3583=DIRECTION('center_axis',(1.54616737423318E-28,7.697874011123E-31,
1.));
#3584=DIRECTION('ref_axis',(-1.,-2.07681050074707E-14,1.54616737423318E-28));
#3585=DIRECTION('',(2.08236278054056E-14,-1.,7.69787401109061E-31));
#3586=DIRECTION('',(-1.,-2.07681050074707E-14,1.54616737423318E-28));
#3587=DIRECTION('',(2.08236278054056E-14,-1.,7.69787401109061E-31));
#3588=DIRECTION('center_axis',(-1.,7.39442549120958E-15,1.51359223814656E-15));
#3589=DIRECTION('ref_axis',(-1.51359223814658E-15,-2.49208037224354E-15,
-1.));
#3590=DIRECTION('',(7.39442549120958E-15,1.,6.04998880003435E-15));
#3591=DIRECTION('',(-1.51359223814658E-15,-2.49208037224354E-15,-1.));
#3592=DIRECTION('',(7.39442549120957E-15,1.,-3.10270303578739E-15));
#3593=DIRECTION('',(-1.51359223814658E-15,-1.67949143078697E-15,-1.));
#3594=DIRECTION('center_axis',(-1.,7.39442549120957E-15,1.51359223814657E-15));
#3595=DIRECTION('ref_axis',(-1.51359223814658E-15,-1.88145770869971E-15,
-1.));
#3596=DIRECTION('',(-7.39442549120957E-15,-1.,2.49208037224356E-15));
#3597=DIRECTION('',(1.51359223814658E-15,2.49208037224354E-15,1.));
#3598=DIRECTION('',(7.39442549120957E-15,1.,-4.71252642149388E-15));
#3599=DIRECTION('center_axis',(-1.51359223814659E-15,-3.10270303578738E-15,
-1.));
#3600=DIRECTION('ref_axis',(1.,-7.39442549120958E-15,-1.51359223814656E-15));
#3601=DIRECTION('',(-0.666402834856219,0.74559188682254,2.3708940350963E-14));
#3602=DIRECTION('',(1.,1.75626674389098E-28,-1.51359223814659E-15));
#3603=DIRECTION('',(-1.,7.39442549120958E-15,1.51359223814656E-15));
#3604=DIRECTION('center_axis',(-2.88085776082151E-14,6.04998880003456E-15,
-1.));
#3605=DIRECTION('ref_axis',(-1.,9.71201605511431E-15,2.77344657072863E-14));
#3606=DIRECTION('center_axis',(-1.51359223814659E-15,-3.10270303578738E-15,
-1.));
#3607=DIRECTION('ref_axis',(1.,-7.39442549120958E-15,-1.51359223814656E-15));
#3608=DIRECTION('',(-0.666402834856234,-0.745591886822526,1.46872952216175E-14));
#3609=DIRECTION('center_axis',(-2.88085776082151E-14,6.04998880003456E-15,
-1.));
#3610=DIRECTION('ref_axis',(-1.,9.71201605511431E-15,2.77344657072863E-14));
#3611=DIRECTION('',(-1.,7.39442549120958E-15,1.51359223814656E-15));
#3612=DIRECTION('',(2.06184276001815E-14,-1.,-1.26882631385732E-15));
#3613=DIRECTION('',(1.,1.75626674389098E-28,-1.51359223814659E-15));
#3614=DIRECTION('center_axis',(-1.51359223814658E-15,-1.88145770869971E-15,
-1.));
#3615=DIRECTION('ref_axis',(1.,-7.39442549120957E-15,-1.51359223814657E-15));
#3616=DIRECTION('',(1.,-7.39442549120957E-15,-1.51359223814657E-15));
#3617=DIRECTION('',(7.39442549120957E-15,1.,-2.49208037224356E-15));
#3618=DIRECTION('center_axis',(2.88085776082151E-14,-6.04998880003456E-15,
1.));
#3619=DIRECTION('ref_axis',(-1.,7.39442549120962E-15,2.88085776082152E-14));
#3620=DIRECTION('',(-0.666402834856234,-0.745591886822526,1.46872952216175E-14));
#3621=DIRECTION('',(-1.,-1.29784980356612E-28,2.88085776082151E-14));
#3622=DIRECTION('',(-2.06184276001815E-14,1.,6.04998880003515E-15));
#3623=DIRECTION('',(-1.,7.39442549120968E-15,2.88085776082152E-14));
#3624=DIRECTION('center_axis',(-2.88085776082151E-14,6.04998880003456E-15,
-1.));
#3625=DIRECTION('ref_axis',(-1.,9.71201605511431E-15,2.77344657072863E-14));
#3626=DIRECTION('center_axis',(2.88085776082151E-14,-6.04998880003456E-15,
1.));
#3627=DIRECTION('ref_axis',(-1.,7.39442549120962E-15,2.88085776082152E-14));
#3628=DIRECTION('',(-0.666402834856219,0.74559188682254,2.3708940350963E-14));
#3629=DIRECTION('center_axis',(-2.88085776082151E-14,6.04998880003456E-15,
-1.));
#3630=DIRECTION('ref_axis',(-1.,9.71201605511431E-15,2.77344657072863E-14));
#3631=DIRECTION('',(-1.,7.39442549120968E-15,2.88085776082152E-14));
#3632=DIRECTION('',(-1.,-1.29784980356612E-28,2.88085776082151E-14));
#3633=DIRECTION('center_axis',(-7.39442549120963E-15,-1.,1.88145770869972E-15));
#3634=DIRECTION('ref_axis',(1.,-7.39442549120968E-15,-2.88085776082152E-14));
#3635=DIRECTION('',(1.,-7.39442549120963E-15,-3.57333597615349E-29));
#3636=DIRECTION('',(1.,-7.39442549120963E-15,-2.88085776082152E-14));
#3637=DIRECTION('',(-1.,7.39442549120968E-15,2.88085776082152E-14));
#3638=DIRECTION('',(3.85413176267039E-29,-1.88145770869972E-15,-1.));
#3639=DIRECTION('',(-1.,7.39442549120957E-15,1.51359223814657E-15));
#3640=DIRECTION('',(-1.51359223814658E-15,-2.49208037224354E-15,-1.));
#3641=DIRECTION('center_axis',(-2.83400419025969E-14,8.36873618735544E-15,
-1.));
#3642=DIRECTION('ref_axis',(-1.21928542943428E-14,-1.,-8.36873618735509E-15));
#3643=DIRECTION('center_axis',(-2.88085776082151E-14,6.04998880003456E-15,
-1.));
#3644=DIRECTION('ref_axis',(-1.,9.71201605511431E-15,2.77344657072863E-14));
#3645=DIRECTION('',(-2.83400419025969E-14,8.36873618735544E-15,-1.));
#3646=DIRECTION('center_axis',(-2.88085776082151E-14,6.04998880003456E-15,
-1.));
#3647=DIRECTION('ref_axis',(-1.,9.71201605511431E-15,2.77344657072863E-14));
#3648=DIRECTION('',(-2.83400419025969E-14,8.36873618735544E-15,-1.));
#3649=DIRECTION('center_axis',(0.745591886822526,-0.666402834856234,-2.67070548342043E-14));
#3650=DIRECTION('ref_axis',(-0.666402834856234,-0.745591886822526,1.46872952216175E-14));
#3651=DIRECTION('',(-3.73210508008398E-14,-1.67949143078697E-15,-1.));
#3652=DIRECTION('center_axis',(-0.74559188682254,-0.666402834856219,1.55531557953696E-14));
#3653=DIRECTION('ref_axis',(-0.666402834856219,0.74559188682254,2.3708940350963E-14));
#3654=DIRECTION('',(1.93590330043544E-14,1.67949143078697E-15,1.));
#3655=DIRECTION('center_axis',(2.88085776082151E-14,-6.04998880003456E-15,
1.));
#3656=DIRECTION('ref_axis',(-1.,9.7120160551143E-15,2.88085776082152E-14));
#3657=DIRECTION('center_axis',(2.88085776082151E-14,-6.04998880003456E-15,
1.));
#3658=DIRECTION('ref_axis',(-1.,9.7120160551143E-15,2.88085776082152E-14));
#3659=DIRECTION('center_axis',(-2.63511181224308E-29,1.26882631385732E-15,
-1.));
#3660=DIRECTION('ref_axis',(1.,2.07681050074707E-14,0.));
#3661=DIRECTION('',(2.06184276001815E-14,-1.,-1.26882631385732E-15));
#3662=DIRECTION('',(1.,2.07681050074707E-14,0.));
#3663=DIRECTION('',(2.06184276001815E-14,-1.,-1.26882631385732E-15));
#3664=DIRECTION('center_axis',(1.78168739582771E-28,-1.,1.67949143078697E-15));
#3665=DIRECTION('ref_axis',(1.,1.79860286390392E-28,1.42000239845841E-15));
#3666=DIRECTION('center_axis',(1.86517468137026E-14,-1.,0.));
#3667=DIRECTION('ref_axis',(1.,1.86517468137026E-14,5.03069808033046E-17));
#3668=DIRECTION('center_axis',(1.78168739582771E-28,-1.,1.67949143078697E-15));
#3669=DIRECTION('ref_axis',(1.,1.93082265152183E-14,5.03069808033046E-17));
#3670=DIRECTION('',(-1.86517468137026E-14,1.,0.));
#3671=DIRECTION('center_axis',(1.78168739582771E-28,-1.,1.67949143078697E-15));
#3672=DIRECTION('ref_axis',(0.,-1.67949143078697E-15,-1.));
#3673=DIRECTION('center_axis',(1.86517468137026E-14,-1.,0.));
#3674=DIRECTION('ref_axis',(1.,1.86517468137026E-14,5.03069808033046E-17));
#3675=DIRECTION('center_axis',(1.78168739582771E-28,-1.,1.67949143078697E-15));
#3676=DIRECTION('ref_axis',(1.,1.93082265152183E-14,5.03069808033046E-17));
#3677=DIRECTION('',(-1.86517468137026E-14,1.,0.));
#3678=DIRECTION('center_axis',(1.78168739582771E-28,-1.,1.67949143078697E-15));
#3679=DIRECTION('ref_axis',(0.,-1.67949143078697E-15,-1.));
#3680=DIRECTION('center_axis',(1.78168739582771E-28,-1.,1.67949143078697E-15));
#3681=DIRECTION('ref_axis',(1.,1.79860286390392E-28,1.42000239845841E-15));
#3682=DIRECTION('',(-3.48798543937292E-29,1.67949143078688E-15,-1.));
#3683=DIRECTION('',(1.,1.79860286390392E-28,1.42000239845841E-15));
#3684=DIRECTION('',(-1.42000239845841E-15,1.67949143078697E-15,1.));
#3685=DIRECTION('',(-1.,-6.62643160385664E-29,-1.42000239845841E-15));
#3686=DIRECTION('center_axis',(1.78168739582771E-28,-1.,1.67949143078697E-15));
#3687=DIRECTION('ref_axis',(1.,1.79860286390392E-28,1.42000239845841E-15));
#3688=DIRECTION('',(-3.48798543937292E-29,1.67949143078688E-15,-1.));
#3689=DIRECTION('',(1.,1.79860286390392E-28,1.42000239845841E-15));
#3690=DIRECTION('',(-1.42000239845841E-15,1.67949143078697E-15,1.));
#3691=DIRECTION('',(-1.,-1.81438008200834E-28,-1.60735253386391E-15));
#3692=DIRECTION('center_axis',(2.07681050074707E-14,-1.,5.40369720076388E-29));
#3693=DIRECTION('ref_axis',(1.,2.07681050074707E-14,-1.54616737423318E-28));
#3694=DIRECTION('',(-2.66453525910039E-14,-6.11506908096319E-28,-1.));
#3695=DIRECTION('',(1.,2.07681050074707E-14,-1.54616737423318E-28));
#3696=DIRECTION('center_axis',(2.07681050074707E-14,-1.,5.40369720076388E-29));
#3697=DIRECTION('ref_axis',(1.,2.07681050074707E-14,-1.54074395550979E-28));
#3698=DIRECTION('',(-1.54616737423318E-28,-5.40902050554877E-29,-1.));
#3699=DIRECTION('',(1.,2.07681050074707E-14,-1.54616737423318E-28));
#3700=DIRECTION('',(1.54616737423318E-28,5.40902050554877E-29,1.));
#3701=DIRECTION('center_axis',(9.51619735392895E-16,1.43839605271996E-29,
-1.));
#3702=DIRECTION('ref_axis',(1.,2.07681050074707E-14,9.51619735392895E-16));
#3703=DIRECTION('',(-2.02685162930931E-14,1.,-4.90395958444015E-30));
#3704=DIRECTION('',(1.,2.07681050074707E-14,9.51619735392895E-16));
#3705=DIRECTION('',(2.02685162930931E-14,-1.,4.90395958444015E-30));
#3706=DIRECTION('center_axis',(1.,2.02685162930931E-14,-1.54616737423318E-28));
#3707=DIRECTION('ref_axis',(1.54616737423318E-28,5.40902050554877E-29,1.));
#3708=DIRECTION('',(2.02685162930931E-14,-1.,4.90395958444015E-30));
#3709=DIRECTION('',(-1.54616737423318E-28,-5.38397567813368E-29,-1.));
#3710=DIRECTION('',(2.02685162930931E-14,-1.,1.679491430787E-15));
#3711=DIRECTION('center_axis',(-1.,-2.02685162930931E-14,1.54616737423318E-28));
#3712=DIRECTION('ref_axis',(-1.54616737423318E-28,-5.40902050554877E-29,
-1.));
#3713=DIRECTION('',(-2.02685162930931E-14,1.,-1.679491430787E-15));
#3714=DIRECTION('',(1.54616737423318E-28,5.38397567813368E-29,1.));
#3715=DIRECTION('',(2.02685162930931E-14,-1.,4.90395958444015E-30));
#3716=DIRECTION('center_axis',(-1.54616737423318E-28,-4.90395958444332E-30,
-1.));
#3717=DIRECTION('ref_axis',(1.,2.07681050074707E-14,-1.54616737423318E-28));
#3718=DIRECTION('',(1.,2.07681050074707E-14,-1.54616737423318E-28));
#3719=DIRECTION('',(2.02685162930931E-14,-1.,4.90395958444015E-30));
#3720=DIRECTION('center_axis',(1.54616737423318E-28,4.90395958444332E-30,
1.));
#3721=DIRECTION('ref_axis',(-1.,-2.07681050074707E-14,1.54616737423318E-28));
#3722=DIRECTION('',(2.02685162930931E-14,-1.,4.90395958444015E-30));
#3723=DIRECTION('',(-1.,-2.07681050074707E-14,1.54616737423318E-28));
#3724=DIRECTION('',(2.02685162930931E-14,-1.,4.90395958444015E-30));
#3725=DIRECTION('center_axis',(2.02685162930931E-14,-1.,4.90395958444015E-30));
#3726=DIRECTION('ref_axis',(6.12323399575217E-17,9.86076131526576E-30,1.));
#3727=DIRECTION('center_axis',(2.07681050074707E-14,-1.,5.40369720076388E-29));
#3728=DIRECTION('ref_axis',(1.,2.07681050074707E-14,-1.54074395550979E-28));
#3729=DIRECTION('',(2.02685162930931E-14,-1.,4.90395958444015E-30));
#3730=DIRECTION('center_axis',(1.54616737423318E-28,4.90395958444332E-30,
1.));
#3731=DIRECTION('ref_axis',(-1.,-2.07681050074707E-14,1.54616737423318E-28));
#3732=DIRECTION('',(-1.,-2.07681050074707E-14,1.54616737423318E-28));
#3733=DIRECTION('',(2.02685162930931E-14,-1.,4.90395958444015E-30));
#3734=DIRECTION('center_axis',(-1.,-2.02685162930931E-14,1.54616737423318E-28));
#3735=DIRECTION('ref_axis',(-1.54616737423318E-28,-5.44846355080982E-29,
-1.));
#3736=DIRECTION('',(-1.54616737423318E-28,-5.44846355080982E-29,-1.));
#3737=DIRECTION('',(2.02685162930931E-14,-1.,4.90395958444015E-30));
#3738=DIRECTION('center_axis',(1.54616737423318E-28,4.90395958444332E-30,
1.));
#3739=DIRECTION('ref_axis',(-1.,-2.07681050074707E-14,1.54616737423318E-28));
#3740=DIRECTION('',(-1.,-2.07681050074707E-14,1.54616737423318E-28));
#3741=DIRECTION('',(2.02685162930931E-14,-1.,4.90395958444015E-30));
#3742=DIRECTION('center_axis',(1.,2.02685162930931E-14,-1.54616737423318E-28));
#3743=DIRECTION('ref_axis',(1.54616737423318E-28,5.40902050554877E-29,1.));
#3744=DIRECTION('',(1.54616737423318E-28,5.40902050554877E-29,1.));
#3745=DIRECTION('',(2.02685162930931E-14,-1.,4.90395958444015E-30));
#3746=DIRECTION('center_axis',(1.54616737423318E-28,4.90395958444332E-30,
1.));
#3747=DIRECTION('ref_axis',(-1.,-2.07681050074707E-14,1.54616737423318E-28));
#3748=DIRECTION('',(-1.,-2.07681050074707E-14,1.54616737423318E-28));
#3749=DIRECTION('center_axis',(2.07681050074707E-14,-1.,5.38397567813336E-29));
#3750=DIRECTION('ref_axis',(1.,2.07681050074707E-14,-1.54616737423318E-28));
#3751=DIRECTION('',(1.21675574112305E-14,1.96476759991396E-28,-1.));
#3752=DIRECTION('center_axis',(1.78168739582771E-28,-1.,1.67949143078697E-15));
#3753=DIRECTION('ref_axis',(1.,1.79860286390392E-28,1.42000239845841E-15));
#3754=DIRECTION('',(3.48798543937292E-29,-1.67949143078688E-15,1.));
#3755=DIRECTION('center_axis',(-1.36449124722715E-15,1.67949143078697E-15,
1.));
#3756=DIRECTION('ref_axis',(-1.,-5.04870979341461E-29,-1.36449124722715E-15));
#3757=DIRECTION('',(1.36002320516577E-15,1.,-1.67949143078697E-15));
#3758=DIRECTION('center_axis',(-1.36449124722715E-15,1.67949143078697E-15,
1.));
#3759=DIRECTION('ref_axis',(-1.,-5.04870979341461E-29,-1.36449124722715E-15));
#3760=DIRECTION('center_axis',(1.,2.08236278054056E-14,-1.54616737423318E-28));
#3761=DIRECTION('ref_axis',(1.54616737423318E-28,5.40902050554877E-29,1.));
#3762=DIRECTION('',(2.08236278054056E-14,-1.,7.69787401109061E-31));
#3763=DIRECTION('center_axis',(-1.54616737423318E-28,-7.697874011123E-31,
-1.));
#3764=DIRECTION('ref_axis',(1.,2.07681050074707E-14,-1.54616737423318E-28));
#3765=DIRECTION('',(2.08236278054056E-14,-1.,7.69787401109061E-31));
#3766=DIRECTION('center_axis',(-1.,-2.08236278054056E-14,1.54616737423318E-28));
#3767=DIRECTION('ref_axis',(-1.54616737423318E-28,-5.40902050554877E-29,
-1.));
#3768=DIRECTION('center_axis',(2.08236278054056E-14,-1.,7.69787401109061E-31));
#3769=DIRECTION('ref_axis',(-1.83697019872257E-16,-4.93038065763453E-30,
-1.));
#3770=DIRECTION('',(2.08236278054056E-14,-1.,7.69787401109061E-31));
#3771=DIRECTION('center_axis',(-1.54616737423318E-28,-7.697874011123E-31,
-1.));
#3772=DIRECTION('ref_axis',(1.,2.07681050074707E-14,-1.54616737423318E-28));
#3773=DIRECTION('',(2.08236278054056E-14,-1.,7.69787401109061E-31));
#3774=DIRECTION('center_axis',(1.42000239845841E-15,-1.73019892324128E-28,
-1.));
#3775=DIRECTION('ref_axis',(-1.,-1.79860286390392E-28,-1.42000239845841E-15));
#3776=DIRECTION('',(-2.84501849840235E-16,1.,-1.73423885633267E-28));
#3777=DIRECTION('',(-1.,-1.79860286390392E-28,-1.42000239845841E-15));
#3778=DIRECTION('',(1.93594419941008E-15,1.,-1.70270846917684E-28));
#3779=DIRECTION('',(1.,2.07681050074709E-14,-1.54616737423318E-28));
#3780=DIRECTION('center_axis',(-1.,-2.02685162930931E-14,1.54616737423318E-28));
#3781=DIRECTION('ref_axis',(-1.54616737423318E-28,-5.40902050554877E-29,
-1.));
#3782=DIRECTION('',(2.02685162930931E-14,-1.,4.90395958444015E-30));
#3783=DIRECTION('',(-1.54616737423318E-28,-5.40902050554877E-29,-1.));
#3784=DIRECTION('',(2.02685162930931E-14,-1.,4.90395958444015E-30));
#3785=DIRECTION('center_axis',(1.54616737423318E-28,4.90395958444332E-30,
1.));
#3786=DIRECTION('ref_axis',(-1.,-2.07681050074707E-14,1.54616737423318E-28));
#3787=DIRECTION('',(-1.,-2.07681050074707E-14,1.54616737423318E-28));
#3788=DIRECTION('center_axis',(1.54616737423318E-28,4.90395958444332E-30,
1.));
#3789=DIRECTION('ref_axis',(-1.,-2.07681050074707E-14,1.54616737423318E-28));
#3790=DIRECTION('',(-1.,-2.07681050074707E-14,1.54616737423318E-28));
#3791=DIRECTION('center_axis',(-1.,-2.02685162930931E-14,1.54616737423318E-28));
#3792=DIRECTION('ref_axis',(-1.54616737423318E-28,-6.94729927072974E-29,
-1.));
#3793=DIRECTION('',(-1.54616737423318E-28,-6.94729927072974E-29,-1.));
#3794=DIRECTION('',(-2.84501849840235E-16,1.,-1.5373415818436E-28));
#3795=DIRECTION('',(-7.30009660028207E-15,1.84403426586133E-28,1.));
#3796=DIRECTION('center_axis',(-1.54616737423318E-28,-4.90395958444332E-30,
-1.));
#3797=DIRECTION('ref_axis',(1.,2.07681050074707E-14,-1.54616737423318E-28));
#3798=DIRECTION('',(-2.84501849840235E-16,1.,-1.5373415818436E-28));
#3799=DIRECTION('',(-1.,1.93594419941008E-15,5.55111512312731E-16));
#3800=DIRECTION('',(1.,2.07681050074707E-14,-1.54616737423318E-28));
#3801=DIRECTION('center_axis',(-1.,-2.02685162930931E-14,1.54616737423318E-28));
#3802=DIRECTION('ref_axis',(-1.54616737423318E-28,-5.40902050554877E-29,
-1.));
#3803=DIRECTION('',(-1.54616737423318E-28,-5.40902050554877E-29,-1.));
#3804=DIRECTION('',(-2.84501849840235E-16,1.,-1.5373415818436E-28));
#3805=DIRECTION('',(-7.10542735760116E-15,1.84026557794962E-28,1.));
#3806=DIRECTION('center_axis',(-1.54616737423318E-28,-4.90395958444332E-30,
-1.));
#3807=DIRECTION('ref_axis',(1.,2.07681050074707E-14,-1.54616737423318E-28));
#3808=DIRECTION('',(1.,2.07681050074707E-14,-1.54616737423318E-28));
#3809=DIRECTION('',(-2.84501849840235E-16,1.,-1.5373415818436E-28));
#3810=DIRECTION('',(-1.,1.93594419941008E-15,-8.07434927000041E-16));
#3811=DIRECTION('center_axis',(1.,2.02685162930931E-14,-1.54616737423318E-28));
#3812=DIRECTION('ref_axis',(1.54616737423318E-28,5.40902050554877E-29,1.));
#3813=DIRECTION('',(1.54616737423318E-28,5.40902050554877E-29,1.));
#3814=DIRECTION('',(2.84501849840235E-16,-1.,1.73423885633267E-28));
#3815=DIRECTION('',(7.82931843955644E-15,-1.85427970536078E-28,-1.));
#3816=DIRECTION('center_axis',(2.02685162930931E-14,-1.,4.90395958444015E-30));
#3817=DIRECTION('ref_axis',(7.44746252173415E-15,1.55852975048409E-28,1.));
#3818=DIRECTION('',(1.,2.07681050074707E-14,-1.54616737423318E-28));
#3819=DIRECTION('center_axis',(-1.,1.36002320516576E-15,-9.1535556908333E-16));
#3820=DIRECTION('ref_axis',(9.15355569083327E-16,-1.67949143078697E-15,
-1.));
#3821=DIRECTION('center_axis',(1.93594419941008E-15,1.,-1.70270846917684E-28));
#3822=DIRECTION('ref_axis',(-7.44746252173415E-15,-1.55852975048409E-28,
-1.));
#3823=DIRECTION('',(-1.,-1.79860286390392E-28,-1.42000239845841E-15));
#3824=DIRECTION('',(-1.42000239845841E-15,1.67949143078698E-15,1.));
#3825=DIRECTION('',(1.,6.62643160385664E-29,1.42000239845841E-15));
#3826=DIRECTION('',(-1.60735253386391E-15,1.67949143078697E-15,1.));
#3827=DIRECTION('',(-1.,-1.79860286390392E-28,-1.42000239845841E-15));
#3828=DIRECTION('',(-1.42000239845841E-15,1.67949143078698E-15,1.));
#3829=DIRECTION('',(1.,6.62643160385664E-29,1.42000239845841E-15));
#3830=DIRECTION('',(-1.60735253386391E-15,1.67949143078697E-15,1.));
#3831=DIRECTION('',(-1.,-1.79860286390392E-28,-1.42000239845841E-15));
#3832=DIRECTION('',(-1.42000239845841E-15,1.67949143078698E-15,1.));
#3833=DIRECTION('',(1.,6.62643160385664E-29,1.42000239845841E-15));
#3834=DIRECTION('',(-1.60735253386391E-15,1.67949143078697E-15,1.));
#3835=DIRECTION('',(-1.,-1.79860286390392E-28,-1.42000239845841E-15));
#3836=DIRECTION('',(-1.42000239845841E-15,1.67949143078698E-15,1.));
#3837=DIRECTION('',(1.,-1.36002320516576E-15,1.60735253386391E-15));
#3838=DIRECTION('',(1.42000239845841E-15,-1.67949143078697E-15,-1.));
#3839=DIRECTION('',(-1.,-1.79860286390392E-28,-1.42000239845841E-15));
#3840=DIRECTION('',(1.60735253386391E-15,-8.51967947037721E-16,-1.));
#3841=DIRECTION('',(1.,6.62643160385664E-29,1.42000239845841E-15));
#3842=DIRECTION('',(1.42000239845841E-15,-1.67949143078697E-15,-1.));
#3843=DIRECTION('',(-1.,-1.79860286390392E-28,-1.42000239845841E-15));
#3844=DIRECTION('',(1.60735253386391E-15,-8.51967947037721E-16,-1.));
#3845=DIRECTION('',(1.,6.62643160385664E-29,1.42000239845841E-15));
#3846=DIRECTION('',(1.42000239845841E-15,-1.67949143078697E-15,-1.));
#3847=DIRECTION('',(-1.,-1.79860286390392E-28,-1.42000239845841E-15));
#3848=DIRECTION('',(1.60735253386391E-15,-8.51967947037721E-16,-1.));
#3849=DIRECTION('',(1.,6.62643160385664E-29,1.42000239845841E-15));
#3850=DIRECTION('',(1.42000239845841E-15,-1.67949143078697E-15,-1.));
#3851=DIRECTION('',(1.42000239845841E-15,-1.67949143078697E-15,-1.));
#3852=DIRECTION('',(1.,-1.93594419941008E-15,1.52036154192721E-15));
#3853=DIRECTION('',(-1.42000239845841E-15,1.67949143078697E-15,1.));
#3854=DIRECTION('',(-1.,1.93594419941008E-15,-1.42000239845827E-15));
#3855=DIRECTION('center_axis',(-1.42000239845841E-15,1.53330164875221E-28,
1.));
#3856=DIRECTION('ref_axis',(1.,6.62643160385664E-29,1.42000239845841E-15));
#3857=DIRECTION('',(-1.36002320516576E-15,-1.,1.51398928661926E-28));
#3858=DIRECTION('',(-2.84501849840235E-16,1.,-1.5373415818436E-28));
#3859=DIRECTION('center_axis',(-1.,-2.84501849840235E-16,-1.42000239845841E-15));
#3860=DIRECTION('ref_axis',(-1.42000239845841E-15,1.67949143078698E-15,
1.));
#3861=DIRECTION('',(-2.84501849840235E-16,1.,-1.5373415818436E-28));
#3862=DIRECTION('center_axis',(1.42000239845841E-15,-1.53330164875221E-28,
-1.));
#3863=DIRECTION('ref_axis',(-1.,-1.79860286390392E-28,-1.42000239845841E-15));
#3864=DIRECTION('',(-2.84501849840235E-16,1.,-1.5373415818436E-28));
#3865=DIRECTION('',(1.36002320516576E-15,1.,-1.51398928661926E-28));
#3866=DIRECTION('center_axis',(-1.42000239845841E-15,1.53330164875221E-28,
1.));
#3867=DIRECTION('ref_axis',(1.,6.62643160385664E-29,1.42000239845841E-15));
#3868=DIRECTION('',(-1.36002320516576E-15,-1.,1.51398928661926E-28));
#3869=DIRECTION('',(-2.84501849840235E-16,1.,-1.5373415818436E-28));
#3870=DIRECTION('center_axis',(-1.,-2.84501849840235E-16,-1.42000239845841E-15));
#3871=DIRECTION('ref_axis',(-1.42000239845841E-15,1.67949143078698E-15,
1.));
#3872=DIRECTION('center_axis',(-1.,1.36002320516576E-15,-1.60735253386391E-15));
#3873=DIRECTION('ref_axis',(1.60735253386391E-15,-1.67949143078697E-15,
-1.));
#3874=DIRECTION('center_axis',(-1.,1.36002320516576E-15,-1.60735253386391E-15));
#3875=DIRECTION('ref_axis',(1.60735253386391E-15,-1.67949143078697E-15,
-1.));
#3876=DIRECTION('',(1.36002320516576E-15,1.,-1.51398928661926E-28));
#3877=DIRECTION('center_axis',(1.42000239845841E-15,-1.53330164875221E-28,
-1.));
#3878=DIRECTION('ref_axis',(-1.,-1.79860286390392E-28,-1.42000239845841E-15));
#3879=DIRECTION('',(-2.84501849840235E-16,1.,-1.5373415818436E-28));
#3880=DIRECTION('center_axis',(-1.42000239845841E-15,1.53330164875221E-28,
1.));
#3881=DIRECTION('ref_axis',(1.,6.62643160385664E-29,1.42000239845841E-15));
#3882=DIRECTION('',(-1.36002320516576E-15,-1.,1.51398928661926E-28));
#3883=DIRECTION('',(-2.84501849840235E-16,1.,-1.5373415818436E-28));
#3884=DIRECTION('center_axis',(-1.,-2.84501849840235E-16,-1.42000239845841E-15));
#3885=DIRECTION('ref_axis',(-1.42000239845841E-15,1.67949143078698E-15,
1.));
#3886=DIRECTION('center_axis',(-1.,1.36002320516576E-15,-1.60735253386391E-15));
#3887=DIRECTION('ref_axis',(1.60735253386391E-15,-1.67949143078697E-15,
-1.));
#3888=DIRECTION('',(1.36002320516576E-15,1.,-1.51398928661926E-28));
#3889=DIRECTION('center_axis',(-1.,-2.84501849840235E-16,-1.42000239845841E-15));
#3890=DIRECTION('ref_axis',(-1.42000239845841E-15,1.67949143078698E-15,
1.));
#3891=DIRECTION('',(-2.84501849840234E-16,1.,-1.67949143078697E-15));
#3892=DIRECTION('',(-2.84501849840235E-16,1.,-1.5373415818436E-28));
#3893=DIRECTION('center_axis',(1.42000239845841E-15,-1.53330164875221E-28,
-1.));
#3894=DIRECTION('ref_axis',(-1.,-1.79860286390392E-28,-1.42000239845841E-15));
#3895=DIRECTION('center_axis',(1.42000239845841E-15,-1.73019892324128E-28,
-1.));
#3896=DIRECTION('ref_axis',(-1.,-1.79860286390392E-28,-1.42000239845841E-15));
#3897=DIRECTION('',(-1.36002320516576E-15,-1.,1.71088656110833E-28));
#3898=DIRECTION('',(1.93594419941008E-15,1.,-1.70270846917684E-28));
#3899=DIRECTION('center_axis',(1.,-1.93594419941008E-15,1.42000239845842E-15));
#3900=DIRECTION('ref_axis',(1.42000239845841E-15,-1.67949143078697E-15,
-1.));
#3901=DIRECTION('',(-1.93594419941008E-15,-1.,1.67949143078697E-15));
#3902=DIRECTION('center_axis',(1.42000239845841E-15,-1.73019892324128E-28,
-1.));
#3903=DIRECTION('ref_axis',(-1.,-1.79860286390392E-28,-1.42000239845841E-15));
#3904=DIRECTION('',(-1.36002320516576E-15,-1.,1.71088656110833E-28));
#3905=DIRECTION('',(1.93594419941008E-15,1.,-1.70270846917684E-28));
#3906=DIRECTION('center_axis',(1.,-1.93594419941008E-15,1.42000239845842E-15));
#3907=DIRECTION('ref_axis',(1.42000239845841E-15,-1.67949143078697E-15,
-1.));
#3908=DIRECTION('',(1.93594419941008E-15,1.,-1.70270846917684E-28));
#3909=DIRECTION('center_axis',(-1.42000239845841E-15,1.73019892324128E-28,
1.));
#3910=DIRECTION('ref_axis',(1.,6.62643160385664E-29,1.42000239845841E-15));
#3911=DIRECTION('',(1.36002320516576E-15,1.,-1.71088656110833E-28));
#3912=DIRECTION('center_axis',(1.,-1.36002320516576E-15,1.60735253386391E-15));
#3913=DIRECTION('ref_axis',(-1.60735253386391E-15,8.51967947037721E-16,
1.));
#3914=DIRECTION('',(1.93594419941008E-15,1.,-1.70270846917684E-28));
#3915=DIRECTION('',(1.93594419941008E-15,1.,-1.70270846917684E-28));
#3916=DIRECTION('center_axis',(1.,-1.36002320516576E-15,7.89193861739559E-16));
#3917=DIRECTION('ref_axis',(-7.89193861739556E-16,1.67949143078697E-15,
1.));
#3918=DIRECTION('center_axis',(1.,2.5285329385838E-14,1.42000239845837E-15));
#3919=DIRECTION('ref_axis',(-1.42000239845827E-15,-3.73128633084966E-15,
1.));
#3920=DIRECTION('',(-2.5285329385838E-14,1.,3.73032258011375E-15));
#3921=DIRECTION('',(2.5285329385838E-14,-1.,-3.73032258011375E-15));
#3922=DIRECTION('center_axis',(1.52036154192722E-15,3.73032258011379E-15,
-1.));
#3923=DIRECTION('ref_axis',(1.,2.52513350310289E-14,1.52036154192731E-15));
#3924=DIRECTION('',(-2.5285329385838E-14,1.,3.73032258011375E-15));
#3925=DIRECTION('center_axis',(-1.,-2.5285329385838E-14,-1.42000239845837E-15));
#3926=DIRECTION('ref_axis',(1.42000239845827E-15,3.73128633084966E-15,-1.));
#3927=DIRECTION('',(2.5285329385838E-14,-1.,-3.73032258011375E-15));
#3928=DIRECTION('center_axis',(-1.42000239845827E-15,-3.73032258011378E-15,
1.));
#3929=DIRECTION('ref_axis',(-1.,-2.52513350310289E-14,-1.42000239845837E-15));
#3930=DIRECTION('center_axis',(1.42000239845841E-15,-1.73019892324128E-28,
-1.));
#3931=DIRECTION('ref_axis',(-1.,-1.79860286390392E-28,-1.42000239845841E-15));
#3932=DIRECTION('center_axis',(1.,-1.93594419941008E-15,1.42000239845842E-15));
#3933=DIRECTION('ref_axis',(1.42000239845841E-15,-1.67949143078697E-15,
-1.));
#3934=DIRECTION('',(1.93594419941008E-15,1.,-1.70270846917684E-28));
#3935=DIRECTION('center_axis',(-1.42000239845841E-15,1.73019892324128E-28,
1.));
#3936=DIRECTION('ref_axis',(1.,6.62643160385664E-29,1.42000239845841E-15));
#3937=DIRECTION('center_axis',(1.42000239845841E-15,-1.73019892324128E-28,
-1.));
#3938=DIRECTION('ref_axis',(-1.,-1.79860286390392E-28,-1.42000239845841E-15));
#3939=DIRECTION('',(1.93594419941008E-15,1.,-1.70270846917684E-28));
#3940=DIRECTION('center_axis',(1.,-1.93594419941008E-15,1.42000239845842E-15));
#3941=DIRECTION('ref_axis',(1.42000239845841E-15,-1.67949143078697E-15,
-1.));
#3942=DIRECTION('',(1.93594419941008E-15,1.,-1.70270846917684E-28));
#3943=DIRECTION('center_axis',(-1.42000239845841E-15,1.73019892324128E-28,
1.));
#3944=DIRECTION('ref_axis',(1.,6.62643160385664E-29,1.42000239845841E-15));
#3945=DIRECTION('',(1.93594419941008E-15,1.,-1.70270846917684E-28));
#3946=DIRECTION('center_axis',(-2.63511181224308E-29,1.26882631385732E-15,
-1.));
#3947=DIRECTION('ref_axis',(1.,2.07681050074707E-14,0.));
#3948=DIRECTION('',(-2.03012210217171E-14,1.,1.26882631385732E-15));
#3949=DIRECTION('',(1.,2.07681050074707E-14,0.));
#3950=DIRECTION('',(2.06184276001815E-14,-1.,-1.26882631385732E-15));
#3951=DIRECTION('center_axis',(2.63511181224308E-29,-1.26882631385732E-15,
1.));
#3952=DIRECTION('ref_axis',(-1.,-2.07681050074707E-14,0.));
#3953=DIRECTION('',(2.06184276001815E-14,-1.,-1.26882631385732E-15));
#3954=DIRECTION('',(-1.,-2.07681050074707E-14,0.));
#3955=DIRECTION('',(2.06184276001815E-14,-1.,-1.26882631385732E-15));
#3956=DIRECTION('center_axis',(1.,2.06184276001815E-14,-2.51381922924592E-31));
#3957=DIRECTION('ref_axis',(3.48798543937292E-29,-1.67949143078688E-15,
1.));
#3958=DIRECTION('',(3.48798543937292E-29,-1.67949143078688E-15,1.));
#3959=DIRECTION('center_axis',(-1.,-2.06184276001815E-14,2.51381922924592E-31));
#3960=DIRECTION('ref_axis',(-3.48798543937292E-29,1.67949143078688E-15,
-1.));
#3961=DIRECTION('',(-3.48798543937292E-29,1.67949143078688E-15,-1.));
#3962=DIRECTION('center_axis',(1.,2.03012210217171E-14,-7.84127653244663E-31));
#3963=DIRECTION('ref_axis',(3.48798543937292E-29,-1.67949143078688E-15,
1.));
#3964=DIRECTION('',(3.48798543937292E-29,-1.67949143078688E-15,1.));
#3965=DIRECTION('',(2.03012210217171E-14,-1.,-1.26882631385732E-15));
#3966=DIRECTION('center_axis',(2.03012210217171E-14,-1.,-1.26882631385732E-15));
#3967=DIRECTION('ref_axis',(0.,1.26882631385732E-15,-1.));
#3968=DIRECTION('',(-3.48798543937292E-29,1.67949143078688E-15,-1.));
#3969=DIRECTION('',(-1.,-2.07681050074707E-14,0.));
#3970=DIRECTION('',(3.48798543937292E-29,-1.67949143078688E-15,1.));
#3971=DIRECTION('',(-1.,-2.07681050074707E-14,0.));
#3972=DIRECTION('',(-3.48798543937292E-29,1.67949143078688E-15,-1.));
#3973=DIRECTION('',(1.,2.07681050074707E-14,0.));
#3974=DIRECTION('center_axis',(-2.63511181224308E-29,1.26882631385732E-15,
-1.));
#3975=DIRECTION('ref_axis',(1.,2.07681050074707E-14,0.));
#3976=DIRECTION('',(2.03012210217171E-14,-1.,-1.26882631385732E-15));
#3977=DIRECTION('center_axis',(-1.,-2.03012210217171E-14,7.84127653244663E-31));
#3978=DIRECTION('ref_axis',(-3.48798543937292E-29,1.67949143078688E-15,
-1.));
#3979=DIRECTION('',(2.03012210217171E-14,-1.,-1.26882631385732E-15));
#3980=DIRECTION('center_axis',(2.63511181224308E-29,-1.26882631385732E-15,
1.));
#3981=DIRECTION('ref_axis',(-1.,-2.07681050074707E-14,0.));
#3982=DIRECTION('',(2.03012210217171E-14,-1.,-1.26882631385732E-15));
#3983=DIRECTION('center_axis',(1.,2.03012210217171E-14,-7.84127653244663E-31));
#3984=DIRECTION('ref_axis',(3.48798543937292E-29,-1.67949143078688E-15,
1.));
#3985=DIRECTION('',(2.03012210217171E-14,-1.,-1.26882631385732E-15));
#3986=DIRECTION('center_axis',(2.63511181224308E-29,-1.26882631385732E-15,
1.));
#3987=DIRECTION('ref_axis',(-1.,-2.07681050074707E-14,0.));
#3988=DIRECTION('',(2.03012210217171E-14,-1.,-1.26882631385732E-15));
#3989=DIRECTION('center_axis',(-1.,-2.03012210217171E-14,7.84127653244663E-31));
#3990=DIRECTION('ref_axis',(-3.48798543937292E-29,1.67949143078688E-15,
-1.));
#3991=CARTESIAN_POINT('',(0.,0.,0.));
#3992=CARTESIAN_POINT('Origin',(-42.1762547450103,-40.5696100156933,9.11723039560544));
#3993=CARTESIAN_POINT('',(-42.1762547450103,-38.5696100156969,10.1172303956054));
#3994=CARTESIAN_POINT('',(-42.1762547450103,-38.5696100156969,9.11723039560544));
#3995=CARTESIAN_POINT('',(-42.1762547450104,-38.5696100156969,4.76723039561071));
#3996=CARTESIAN_POINT('',(-42.1762547450103,-40.5696100156933,10.1172303956054));
#3997=CARTESIAN_POINT('',(-42.1762547450103,-40.5696100156933,10.1172303956054));
#3998=CARTESIAN_POINT('',(-42.1762547450103,-40.5696100156933,9.11723039560544));
#3999=CARTESIAN_POINT('',(-42.1762547450104,-40.5696100156971,4.76723039561071));
#4000=CARTESIAN_POINT('',(-42.1762547450103,-40.5696100156933,9.11723039560544));
#4001=CARTESIAN_POINT('Origin',(3.82374525498975,-40.5696100156931,9.11723039560454));
#4002=CARTESIAN_POINT('',(3.82374525498974,-38.569610015697,9.11723039560454));
#4003=CARTESIAN_POINT('',(24.3177597919217,-38.569610015697,9.11723039560414));
#4004=CARTESIAN_POINT('',(3.82374525498975,-40.5696100156931,9.11723039560454));
#4005=CARTESIAN_POINT('',(24.3177597919217,-40.5696100156971,9.11723039560414));
#4006=CARTESIAN_POINT('',(3.82374525498975,-40.5696100156931,9.11723039560454));
#4007=CARTESIAN_POINT('Origin',(3.82374525498976,-40.5696100156931,10.1172303956045));
#4008=CARTESIAN_POINT('',(3.82374525498975,-38.569610015697,10.1172303956045));
#4009=CARTESIAN_POINT('',(3.82374525498966,-38.569610015697,5.2672303956098));
#4010=CARTESIAN_POINT('',(3.82374525498976,-40.5696100156931,10.1172303956045));
#4011=CARTESIAN_POINT('',(3.82374525498967,-40.5696100156971,5.2672303956098));
#4012=CARTESIAN_POINT('',(3.82374525498976,-40.5696100156931,10.1172303956045));
#4013=CARTESIAN_POINT('Origin',(-42.1762547450103,-40.5696100156933,10.1172303956054));
#4014=CARTESIAN_POINT('',(1.31775979192172,-38.569610015697,10.1172303956046));
#4015=CARTESIAN_POINT('',(1.31775979192172,-40.5696100156971,10.1172303956046));
#4016=CARTESIAN_POINT('Origin',(-42.1762554304641,-40.5696100156933,-13.4827696043946));
#4017=CARTESIAN_POINT('',(-42.1762554304641,-38.5696100156969,-12.4827695894934));
#4018=CARTESIAN_POINT('',(-42.1762554304641,-38.5696100156969,-13.4827696043946));
#4019=CARTESIAN_POINT('',(-42.176255430464,-38.5696100156969,-6.5327696043893));
#4020=CARTESIAN_POINT('',(-42.1762554304641,-40.5696100156933,-12.4827695894934));
#4021=CARTESIAN_POINT('',(-42.1762554304641,-40.5696100156933,-12.4827695894934));
#4022=CARTESIAN_POINT('',(-42.1762554304641,-40.5696100156933,-13.4827696043946));
#4023=CARTESIAN_POINT('',(-42.176255430464,-40.5696100156971,-6.5327696043893));
#4024=CARTESIAN_POINT('',(-42.1762554304641,-40.5696100156933,-13.4827696043946));
#4025=CARTESIAN_POINT('Origin',(3.8237452549893,-40.5696100156931,-13.4827696043955));
#4026=CARTESIAN_POINT('',(3.82374525498929,-38.569610015697,-13.4827696043955));
#4027=CARTESIAN_POINT('',(24.3177597919213,-38.569610015697,-13.4827696043959));
#4028=CARTESIAN_POINT('',(3.8237452549893,-40.5696100156931,-13.4827696043955));
#4029=CARTESIAN_POINT('',(24.3177597919213,-40.5696100156971,-13.4827696043959));
#4030=CARTESIAN_POINT('',(3.8237452549893,-40.5696100156931,-13.4827696043955));
#4031=CARTESIAN_POINT('Origin',(3.82374525498932,-40.5696100156931,-12.4827695894943));
#4032=CARTESIAN_POINT('',(3.82374525498931,-38.569610015697,-12.4827695894943));
#4033=CARTESIAN_POINT('',(3.82374525498943,-38.569610015697,-6.03276959693962));
#4034=CARTESIAN_POINT('',(3.82374525498932,-40.5696100156931,-12.4827695894943));
#4035=CARTESIAN_POINT('',(3.82374525498944,-40.5696100156971,-6.03276959693962));
#4036=CARTESIAN_POINT('',(3.82374525498932,-40.5696100156931,-12.4827695894943));
#4037=CARTESIAN_POINT('Origin',(-42.1762554304641,-40.5696100156933,-12.4827695894934));
#4038=CARTESIAN_POINT('',(1.31775944919458,-38.569610015697,-12.4827695894943));
#4039=CARTESIAN_POINT('',(1.31775944919458,-40.5696100156971,-12.4827695894943));
#4040=CARTESIAN_POINT('Origin',(31.6218646398011,-41.5696100156973,-12.3827696043917));
#4041=CARTESIAN_POINT('',(28.1218646398011,-42.5696100156973,-12.3827696043915));
#4042=CARTESIAN_POINT('',(28.121864639801,-40.5696100156971,-12.3827696043917));
#4043=CARTESIAN_POINT('',(28.121864639801,-41.0696100156959,-12.3827696043917));
#4044=CARTESIAN_POINT('',(36.1218646398005,-42.5696100156974,-12.3827696043915));
#4045=CARTESIAN_POINT('',(28.1218646398012,-42.5696100156973,-12.3827696043915));
#4046=CARTESIAN_POINT('',(36.1218646398006,-40.5696100156974,-12.3827696043916));
#4047=CARTESIAN_POINT('',(36.1218646398006,-41.0696100156974,-12.3827696043916));
#4048=CARTESIAN_POINT('',(38.2168194843273,-40.5696100156971,-12.3827696043917));
#4049=CARTESIAN_POINT('Origin',(35.1218646398006,-41.5696100156974,-15.3827696043916));
#4050=CARTESIAN_POINT('',(35.1218646398006,-40.5696100156974,-13.3827696043917));
#4051=CARTESIAN_POINT('',(35.1218646398005,-42.5696100156974,-13.3827696043917));
#4052=CARTESIAN_POINT('',(35.1218646398006,-42.0696100156974,-13.3827696043917));
#4053=CARTESIAN_POINT('',(35.1218646398006,-40.5696100156974,-17.3827696043917));
#4054=CARTESIAN_POINT('',(35.1218646398006,-40.5696100156971,-7.48276960438867));
#4055=CARTESIAN_POINT('',(35.1218646398005,-42.5696100156974,-17.3827696043917));
#4056=CARTESIAN_POINT('',(35.1218646398006,-41.0696100156958,-17.3827696043917));
#4057=CARTESIAN_POINT('',(35.1218646398005,-42.5696100156974,-13.8827696043916));
#4058=CARTESIAN_POINT('Origin',(31.6218646398011,-41.5696100156973,-13.3827696043916));
#4059=CARTESIAN_POINT('',(33.6210731443687,-40.5696100156971,-13.3827696043916));
#4060=CARTESIAN_POINT('',(32.7214293173128,-41.5761590629075,-13.3827696043916));
#4061=CARTESIAN_POINT('',(32.2445339842422,-42.109724156876,-13.3827696043916));
#4062=CARTESIAN_POINT('',(38.2168194843271,-40.5696100156971,-13.3827696043918));
#4063=CARTESIAN_POINT('',(33.2547875671331,-42.5696100156974,-13.3827696043916));
#4064=CARTESIAN_POINT('',(29.8718646398014,-42.5696100156973,-13.3827696043915));
#4065=CARTESIAN_POINT('Origin',(31.6218646398,-42.8063856761647,-13.3827696043916));
#4066=CARTESIAN_POINT('Origin',(31.6218646398011,-41.5696100156973,-13.3827696043916));
#4067=CARTESIAN_POINT('',(30.5222999622872,-41.5761590629075,-13.3827696043915));
#4068=CARTESIAN_POINT('',(29.6226561352313,-40.569610015697,-13.3827696043915));
#4069=CARTESIAN_POINT('',(30.5493733818299,-41.6064496332708,-13.3827696043915));
#4070=CARTESIAN_POINT('',(29.9889417124668,-42.5696100156973,-13.3827696043915));
#4071=CARTESIAN_POINT('Origin',(31.6218646398,-42.8063856761647,-13.3827696043916));
#4072=CARTESIAN_POINT('',(28.1218646398016,-42.5696100156973,-13.3827696043915));
#4073=CARTESIAN_POINT('',(29.8718646398014,-42.5696100156973,-13.3827696043915));
#4074=CARTESIAN_POINT('',(28.1218646398016,-40.5696100156973,-13.3827696043915));
#4075=CARTESIAN_POINT('',(28.121864639801,-41.0696100156959,-13.3827696043915));
#4076=CARTESIAN_POINT('',(38.2168194843271,-40.5696100156971,-13.3827696043918));
#4077=CARTESIAN_POINT('Origin',(31.6218646398,-42.8063856761647,-13.3827696043916));
#4078=CARTESIAN_POINT('Origin',(31.6218646398,-42.8063856761647,-13.3827696043916));
#4079=CARTESIAN_POINT('',(30.5222999622871,-41.5761590629074,-17.3827696043915));
#4080=CARTESIAN_POINT('',(30.5222999622872,-41.5761590629075,-13.3827696043915));
#4081=CARTESIAN_POINT('',(29.9889417124667,-42.5696100156974,-17.3827696043916));
#4082=CARTESIAN_POINT('Origin',(31.6218646397999,-42.8063856761646,-17.3827696043916));
#4083=CARTESIAN_POINT('',(33.254787567133,-42.5696100156974,-17.3827696043916));
#4084=CARTESIAN_POINT('Origin',(31.6218646397999,-42.8063856761646,-17.3827696043916));
#4085=CARTESIAN_POINT('',(32.7214293173127,-41.5761590629075,-17.3827696043916));
#4086=CARTESIAN_POINT('Origin',(31.6218646397999,-42.8063856761646,-17.3827696043916));
#4087=CARTESIAN_POINT('',(32.7214293173128,-41.5761590629075,-13.3827696043916));
#4088=CARTESIAN_POINT('Origin',(33.6210731443687,-40.5696100156971,-13.3827696043916));
#4089=CARTESIAN_POINT('',(33.6210731443686,-40.5696100156971,-17.3827696043916));
#4090=CARTESIAN_POINT('',(34.1763648159368,-39.9483326989061,-17.3827696043917));
#4091=CARTESIAN_POINT('',(33.6210731443689,-40.5696100156971,-6.48276960438846));
#4092=CARTESIAN_POINT('Origin',(30.5222999622872,-41.5761590629075,-13.3827696043915));
#4093=CARTESIAN_POINT('',(29.6226561352312,-40.569610015697,-17.3827696043915));
#4094=CARTESIAN_POINT('',(29.6226561352315,-40.5696100156971,-6.48276960438848));
#4095=CARTESIAN_POINT('',(31.5156036995614,-42.6874976841214,-17.3827696043917));
#4096=CARTESIAN_POINT('Origin',(31.6218646398,-42.5129978459309,-13.3827696043916));
#4097=CARTESIAN_POINT('',(29.8718646398008,-42.5696100156973,-13.3827696043915));
#4098=CARTESIAN_POINT('Origin',(31.6218646397999,-42.5129978459309,-17.3827696043916));
#4099=CARTESIAN_POINT('',(12.2078701051053,-42.5696100156947,-17.3827696043917));
#4100=CARTESIAN_POINT('Origin',(36.121864639801,-40.5696100156943,-17.3827696043917));
#4101=CARTESIAN_POINT('',(12.2078701051053,-42.5696100156947,-17.3827696043917));
#4102=CARTESIAN_POINT('',(40.4668194843273,-40.5696100156971,-17.3827696043917));
#4103=CARTESIAN_POINT('Origin',(28.121864639801,-40.5696100156944,-17.3827696043917));
#4104=CARTESIAN_POINT('',(28.1218646398011,-40.5696100156944,-7.38276960439173));
#4105=CARTESIAN_POINT('',(28.121864639801,-40.5696100156971,-8.48276960438874));
#4106=CARTESIAN_POINT('',(28.1218646398011,-42.5696100156944,-7.38276960439173));
#4107=CARTESIAN_POINT('',(28.1218646398011,-40.5696100156944,-7.38276960439173));
#4108=CARTESIAN_POINT('',(28.1218646398011,-42.5696100156944,-18.3827696043917));
#4109=CARTESIAN_POINT('Origin',(28.121864639801,-40.5696100156944,-17.3827696043917));
#4110=CARTESIAN_POINT('',(28.1218646398011,-42.5696100156944,-17.3827696043917));
#4111=CARTESIAN_POINT('',(28.1218646398011,-42.5696100156944,-18.3827696043917));
#4112=CARTESIAN_POINT('',(28.121864639801,-40.5696100156944,-17.3827696043917));
#4113=CARTESIAN_POINT('',(28.121864639801,-40.5696100156944,-17.3827696043917));
#4114=CARTESIAN_POINT('',(28.121864639801,-40.5696100156971,-8.48276960438874));
#4115=CARTESIAN_POINT('Origin',(44.8117743288535,-40.5696100156971,0.417230395614272));
#4116=CARTESIAN_POINT('',(36.121864639801,-40.5696100156943,-25.6827696043848));
#4117=CARTESIAN_POINT('',(36.1218646398006,-40.5696100156971,-7.48276960438868));
#4118=CARTESIAN_POINT('',(45.3117743288535,-40.5696100156971,-25.6827696043857));
#4119=CARTESIAN_POINT('',(-45.4382256711465,-40.5696100156971,-25.6827696043859));
#4120=CARTESIAN_POINT('',(45.3117743288535,-40.5696100156971,-15.6827696043857));
#4121=CARTESIAN_POINT('',(45.3117743288535,-40.5696100156971,-25.6827696043857));
#4122=CARTESIAN_POINT('',(44.3117743288535,-40.5696100156971,-15.6827696043857));
#4123=CARTESIAN_POINT('',(45.3117743288535,-40.5696100156971,-15.6827696043857));
#4124=CARTESIAN_POINT('',(44.3117743288535,-40.5696100156971,-4.58276960438573));
#4125=CARTESIAN_POINT('',(44.3117743288535,-40.5696100156971,47.6050366422805));
#4126=CARTESIAN_POINT('',(45.3117743288535,-40.5696100156971,-4.58276960438575));
#4127=CARTESIAN_POINT('',(44.3117743288535,-40.5696100156971,-4.58276960438573));
#4128=CARTESIAN_POINT('',(45.3117743288535,-40.5696100156971,5.41723039561425));
#4129=CARTESIAN_POINT('',(45.3117743288535,-40.5696100156971,-4.58276960438575));
#4130=CARTESIAN_POINT('',(44.3117743288535,-40.5696100156971,5.41723039561427));
#4131=CARTESIAN_POINT('',(45.3117743288535,-40.5696100156971,5.41723039561425));
#4132=CARTESIAN_POINT('',(44.3117743288536,-40.5696100156967,15.4050366422802));
#4133=CARTESIAN_POINT('',(44.3117743288535,-40.5696100156971,47.6050366422805));
#4134=CARTESIAN_POINT('',(10.4117743288539,-40.5696100156974,15.4050366422802));
#4135=CARTESIAN_POINT('',(6.74865728499176,-40.5696100156974,15.4050366422802));
#4136=CARTESIAN_POINT('',(10.4117743288539,-40.5696100156974,20.4050366422802));
#4137=CARTESIAN_POINT('',(10.4117743288539,-40.5696100156974,16.4050366422802));
#4138=CARTESIAN_POINT('',(11.4117743288539,-40.5696100156974,20.4050366422802));
#4139=CARTESIAN_POINT('',(10.4117743288539,-40.5696100156974,20.4050366422802));
#4140=CARTESIAN_POINT('',(11.4117743288539,-40.5696100156974,16.4050366422802));
#4141=CARTESIAN_POINT('',(11.4117743288539,-40.5696100156974,17.5420978126798));
#4142=CARTESIAN_POINT('',(43.3117743288536,-40.5696100156967,16.4050366422802));
#4143=CARTESIAN_POINT('',(39.2418762229689,-40.5696100156968,16.4050366422802));
#4144=CARTESIAN_POINT('',(43.3117743288536,-40.5696100156967,46.6050366422806));
#4145=CARTESIAN_POINT('',(43.3117743288536,-40.5696100156967,44.5997555734935));
#4146=CARTESIAN_POINT('',(11.4117743288539,-40.5696100156974,46.6050366422806));
#4147=CARTESIAN_POINT('',(43.3117743288536,-40.5696100156967,46.6050366422806));
#4148=CARTESIAN_POINT('',(11.4117743288541,-40.5696100156973,41.6050366422805));
#4149=CARTESIAN_POINT('',(11.4117743288541,-40.569610015697,22.5111335189474));
#4150=CARTESIAN_POINT('',(2.41177432885474,-40.5696100156972,41.6050366422805));
#4151=CARTESIAN_POINT('',(25.8617743288541,-40.569610015697,41.6050366422805));
#4152=CARTESIAN_POINT('',(2.41177432885475,-40.5696100156972,47.6050366422807));
#4153=CARTESIAN_POINT('',(2.41177432885471,-40.569610015697,22.5111335189475));
#4154=CARTESIAN_POINT('',(-45.4382256711466,-40.569610015697,47.6050366422804));
#4155=CARTESIAN_POINT('',(-0.0632256711465606,-40.569610015697,47.6050366422804));
#4156=CARTESIAN_POINT('',(-45.4382256711465,-40.569610015697,37.6172303956141));
#4157=CARTESIAN_POINT('',(-45.4382256711466,-40.569610015697,47.6172303956141));
#4158=CARTESIAN_POINT('',(-44.4553818566809,-40.569610015697,37.6172303956141));
#4159=CARTESIAN_POINT('',(-45.4382256711465,-40.569610015697,37.6172303956141));
#4160=CARTESIAN_POINT('',(-44.4553818566809,-40.5696100156972,42.8771428327264));
#4161=CARTESIAN_POINT('',(-44.4553818566782,-40.5696100156971,19.1471866141714));
#4162=CARTESIAN_POINT('',(-35.4553818566815,-40.5696100156973,42.8771428327264));
#4163=CARTESIAN_POINT('',(2.42819623608624,-40.569610015697,42.8771428327263));
#4164=CARTESIAN_POINT('',(-35.4553818566815,-40.569610015697,37.8771428327262));
#4165=CARTESIAN_POINT('',(-35.4553818566815,-40.569610015697,20.1471866141703));
#4166=CARTESIAN_POINT('',(-25.2553818566801,-40.5696100156955,37.8771428327262));
#4167=CARTESIAN_POINT('',(9.77819623608671,-40.569610015697,37.8771428327262));
#4168=CARTESIAN_POINT('',(-25.2553818566801,-40.5696100156955,33.8771428327262));
#4169=CARTESIAN_POINT('',(-25.2553818566801,-40.5696100156971,17.1471866141703));
#4170=CARTESIAN_POINT('',(-26.2553818566801,-40.5696100156955,33.8771428327262));
#4171=CARTESIAN_POINT('',(9.27819623608671,-40.569610015697,33.8771428327263));
#4172=CARTESIAN_POINT('',(-26.2553818566801,-40.5696100156955,36.8771428327262));
#4173=CARTESIAN_POINT('',(-26.2553818566801,-40.5696100156971,18.6471866141702));
#4174=CARTESIAN_POINT('',(-40.6807851874388,-40.5696100156958,36.8771428327262));
#4175=CARTESIAN_POINT('',(2.06549457070737,-40.569610015697,36.8771428327263));
#4176=CARTESIAN_POINT('',(-42.2299785259218,-40.5696100156959,36.8771428327262));
#4177=CARTESIAN_POINT('Origin',(-41.4553818566803,-40.5696100156989,36.6771428327263));
#4178=CARTESIAN_POINT('',(-44.4553818566778,-40.5696100156959,36.8771428327262));
#4179=CARTESIAN_POINT('',(0.178196236087871,-40.569610015697,36.8771428327262));
#4180=CARTESIAN_POINT('',(-44.4553818566809,-40.569610015697,26.5172303956141));
#4181=CARTESIAN_POINT('',(-44.4553818566809,-40.5696100156971,-25.682769604386));
#4182=CARTESIAN_POINT('',(-45.4382256711465,-40.569610015697,26.5172303956141));
#4183=CARTESIAN_POINT('',(-44.4382256711465,-40.569610015697,26.5172303956141));
#4184=CARTESIAN_POINT('',(-45.4382256711465,-40.5696100156971,16.5172303956141));
#4185=CARTESIAN_POINT('',(-45.4382256711465,-40.569610015697,26.5172303956141));
#4186=CARTESIAN_POINT('',(-44.4553818566808,-40.5696100156971,16.5172303956141));
#4187=CARTESIAN_POINT('',(-45.4382256711465,-40.5696100156971,16.5172303956141));
#4188=CARTESIAN_POINT('',(-44.4553818566776,-40.5696100156959,12.8771428327262));
#4189=CARTESIAN_POINT('',(-44.4553818566809,-40.5696100156971,-25.682769604386));
#4190=CARTESIAN_POINT('',(-42.2299785259217,-40.5696100156959,12.8771428327262));
#4191=CARTESIAN_POINT('',(1.29089790146589,-40.5696100156971,12.8771428327262));
#4192=CARTESIAN_POINT('',(-40.6807851874389,-40.5696100156958,12.8771428327262));
#4193=CARTESIAN_POINT('Origin',(-41.4553818566803,-40.5696100156988,13.0771428327264));
#4194=CARTESIAN_POINT('',(-26.2553818566801,-40.5696100156955,12.8771428327262));
#4195=CARTESIAN_POINT('',(9.2781962360867,-40.5696100156971,12.8771428327262));
#4196=CARTESIAN_POINT('',(-26.2553818566801,-40.5696100156955,15.4172303956082));
#4197=CARTESIAN_POINT('',(-26.2553818566801,-40.5696100156971,7.91723039561122));
#4198=CARTESIAN_POINT('',(-25.2553818566801,-40.5696100156955,15.4172303956082));
#4199=CARTESIAN_POINT('',(9.77819623608669,-40.5696100156971,15.4172303956082));
#4200=CARTESIAN_POINT('',(-25.2553818566801,-40.5696100156955,12.8771428327262));
#4201=CARTESIAN_POINT('',(-25.2553818566801,-40.5696100156971,6.64718661417021));
#4202=CARTESIAN_POINT('',(6.52374525499159,-40.5696100156971,12.8771428327262));
#4203=CARTESIAN_POINT('',(22.1677597919226,-40.5696100156971,12.8771428327262));
#4204=CARTESIAN_POINT('',(6.52374525499159,-40.5696100156971,-14.7827696043861));
#4205=CARTESIAN_POINT('',(6.5237452549916,-40.5696100156971,-7.18276960438569));
#4206=CARTESIAN_POINT('',(7.13506755786785,-40.5696100156971,-14.7827696043861));
#4207=CARTESIAN_POINT('',(25.4734209433607,-40.5696100156971,-14.7827696043861));
#4208=CARTESIAN_POINT('',(7.13506755786785,-40.5696100156971,-22.6827696043859));
#4209=CARTESIAN_POINT('',(7.13506755786784,-40.5696100156971,-5.36081804271932));
#4210=CARTESIAN_POINT('',(-42.8649324421315,-40.5696100156974,-22.6827696043859));
#4211=CARTESIAN_POINT('',(3.22342094336091,-40.5696100156971,-22.6827696043858));
#4212=CARTESIAN_POINT('',(-42.8649324421315,-40.5696100156973,-16.6827696043857));
#4213=CARTESIAN_POINT('',(-42.8649324421315,-40.5696100156971,-9.63276960438575));
#4214=CARTESIAN_POINT('',(-34.864932442132,-40.5696100156971,-16.6827696043858));
#4215=CARTESIAN_POINT('',(3.2234209433609,-40.5696100156971,-16.6827696043858));
#4216=CARTESIAN_POINT('',(-34.864932442132,-40.5696100156971,-14.7827696043862));
#4217=CARTESIAN_POINT('',(-34.864932442132,-40.569610015697,-0.960818042719467));
#4218=CARTESIAN_POINT('',(5.02374525499159,-40.5696100156971,-14.7827696043861));
#4219=CARTESIAN_POINT('',(25.4734209433607,-40.5696100156971,-14.7827696043861));
#4220=CARTESIAN_POINT('',(5.02374525499159,-40.5696100156971,11.4172303956082));
#4221=CARTESIAN_POINT('',(5.02374525499159,-40.5696100156971,5.91723039561122));
#4222=CARTESIAN_POINT('',(-44.4553818566775,-40.5696100156959,11.4172303956082));
#4223=CARTESIAN_POINT('',(0.178196236087986,-40.5696100156971,11.4172303956082));
#4224=CARTESIAN_POINT('',(-44.4553818566808,-40.5696100156971,5.41723039561413));
#4225=CARTESIAN_POINT('',(-44.4553818566809,-40.5696100156971,-25.682769604386));
#4226=CARTESIAN_POINT('',(-45.4382256711465,-40.5696100156971,5.41723039561413));
#4227=CARTESIAN_POINT('',(-44.4382256711465,-40.5696100156971,5.41723039561413));
#4228=CARTESIAN_POINT('',(-45.4382256711465,-40.5696100156971,-4.58276960438587));
#4229=CARTESIAN_POINT('',(-45.4382256711465,-40.5696100156971,5.41723039561413));
#4230=CARTESIAN_POINT('',(-44.4553818566808,-40.5696100156971,-4.58276960438587));
#4231=CARTESIAN_POINT('',(-45.4382256711465,-40.5696100156971,-4.58276960438587));
#4232=CARTESIAN_POINT('',(-44.4553818566808,-40.5696100156971,-15.6827696043858));
#4233=CARTESIAN_POINT('',(-44.4553818566809,-40.5696100156971,-25.682769604386));
#4234=CARTESIAN_POINT('',(-45.4382256711465,-40.5696100156971,-15.6827696043859));
#4235=CARTESIAN_POINT('',(-44.4382256711465,-40.5696100156971,-15.6827696043858));
#4236=CARTESIAN_POINT('',(-45.4382256711465,-40.5696100156971,-25.6827696043859));
#4237=CARTESIAN_POINT('',(-45.4382256711465,-40.5696100156971,-15.6827696043859));
#4238=CARTESIAN_POINT('',(15.121864639801,-40.5696100156947,-25.6827696043848));
#4239=CARTESIAN_POINT('',(-45.4382256711465,-40.5696100156971,-25.6827696043859));
#4240=CARTESIAN_POINT('',(15.121864639801,-40.5696100156947,-7.38276960439173));
#4241=CARTESIAN_POINT('',(15.121864639801,-40.5696100156971,-3.48276960438874));
#4242=CARTESIAN_POINT('',(36.4668194843273,-40.5696100156971,-7.38276960439173));
#4243=CARTESIAN_POINT('',(21.6337546229361,-40.5696100156971,11.6192561506801));
#4244=CARTESIAN_POINT('Origin',(23.1337546229361,-40.5696100156975,11.6192561506801));
#4245=CARTESIAN_POINT('',(21.6337546229361,-40.5696100156971,-3.48074384931985));
#4246=CARTESIAN_POINT('Origin',(23.1337546229361,-40.5696100156975,-3.48074384931985));
#4247=CARTESIAN_POINT('Origin',(44.8117743288535,-40.5696100156971,0.417230395614272));
#4248=CARTESIAN_POINT('Origin',(44.8117743288535,-40.5696100156971,0.417230395614272));
#4249=CARTESIAN_POINT('',(40.4668194843273,-40.5696100156971,-17.3827696043917));
#4250=CARTESIAN_POINT('Origin',(36.121864639801,-40.5696100156943,-25.6827696043848));
#4251=CARTESIAN_POINT('',(36.1218646398011,-42.5696100156943,-25.6827696043848));
#4252=CARTESIAN_POINT('',(36.1218646398011,-42.5696100156943,-25.6827696043848));
#4253=CARTESIAN_POINT('',(36.121864639801,-40.5696100156943,-25.6827696043848));
#4254=CARTESIAN_POINT('Origin',(-38.3649324421317,-41.5696100156973,-16.6827696043858));
#4255=CARTESIAN_POINT('',(-34.864932442132,-41.5696100156971,-16.6827696043858));
#4256=CARTESIAN_POINT('',(-33.8649324421322,-41.5696100156971,-16.6827696043857));
#4257=CARTESIAN_POINT('',(-26.1149324421319,-41.5696100156971,-16.6827696043858));
#4258=CARTESIAN_POINT('',(-34.864932442132,-41.0696100156972,-16.6827696043858));
#4259=CARTESIAN_POINT('',(-42.8649324421315,-42.5696100156973,-16.6827696043857));
#4260=CARTESIAN_POINT('',(-42.8649324421315,-40.5696100156973,-16.6827696043857));
#4261=CARTESIAN_POINT('',(-33.8649324421322,-42.5696100156974,-16.6827696043857));
#4262=CARTESIAN_POINT('',(-41.8649324421315,-42.5696100156973,-16.6827696043857));
#4263=CARTESIAN_POINT('',(-33.8649324421322,-41.0696100156974,-16.6827696043857));
#4264=CARTESIAN_POINT('Origin',(-41.8649324421315,-41.5696100156974,-19.6827696043858));
#4265=CARTESIAN_POINT('',(-41.8649324421312,-42.5696100156973,-17.6827696043856));
#4266=CARTESIAN_POINT('',(-41.8649324421311,-40.5696100156973,-17.6827696043856));
#4267=CARTESIAN_POINT('',(-41.8649324421311,-41.0696100156973,-17.6827696043856));
#4268=CARTESIAN_POINT('',(-41.8649324421312,-42.5696100156974,-21.6827696043858));
#4269=CARTESIAN_POINT('',(-41.8649324421315,-42.5696100156973,-16.6827696043857));
#4270=CARTESIAN_POINT('',(-41.8649324421311,-40.5696100156974,-21.6827696043858));
#4271=CARTESIAN_POINT('',(-41.8649324421312,-42.5696100156974,-21.6827696043858));
#4272=CARTESIAN_POINT('',(-41.8649324421315,-40.5696100156971,-9.63276960438575));
#4273=CARTESIAN_POINT('Origin',(-42.8649324421315,-41.5696100156974,-19.6827696043858));
#4274=CARTESIAN_POINT('',(-42.8649324421315,-42.5696100156974,-22.6827696043859));
#4275=CARTESIAN_POINT('',(-42.8649324421315,-42.5696100156974,-22.6827696043859));
#4276=CARTESIAN_POINT('',(-42.8649324421315,-42.5696100156973,-16.6827696043857));
#4277=CARTESIAN_POINT('Origin',(-38.3649324421317,-41.5696100156974,-21.6827696043858));
#4278=CARTESIAN_POINT('',(-39.4644971196456,-41.5761590629075,-21.6827696043857));
#4279=CARTESIAN_POINT('',(-40.3641409467015,-40.569610015697,-21.6827696043857));
#4280=CARTESIAN_POINT('',(-39.437423700103,-41.6064496332708,-21.6827696043857));
#4281=CARTESIAN_POINT('',(3.22342094336091,-40.5696100156971,-21.6827696043858));
#4282=CARTESIAN_POINT('',(-39.997855369466,-42.5696100156974,-21.6827696043858));
#4283=CARTESIAN_POINT('',(-34.8649324421322,-42.5696100156974,-21.6827696043858));
#4284=CARTESIAN_POINT('Origin',(-38.3649324421329,-42.8063856761647,-21.6827696043857));
#4285=CARTESIAN_POINT('Origin',(-38.3649324421317,-41.5696100156974,-21.6827696043858));
#4286=CARTESIAN_POINT('',(-36.3657239375642,-40.5696100156971,-21.6827696043858));
#4287=CARTESIAN_POINT('',(-37.2653677646201,-41.5761590629075,-21.6827696043858));
#4288=CARTESIAN_POINT('',(-37.7422630976907,-42.109724156876,-21.6827696043857));
#4289=CARTESIAN_POINT('',(-36.7320095147997,-42.5696100156974,-21.6827696043858));
#4290=CARTESIAN_POINT('Origin',(-38.3649324421329,-42.8063856761647,-21.6827696043857));
#4291=CARTESIAN_POINT('',(-34.8649324421322,-42.5696100156974,-21.6827696043858));
#4292=CARTESIAN_POINT('',(-34.8649324421322,-42.5696100156974,-21.6827696043858));
#4293=CARTESIAN_POINT('',(-34.8649324421322,-40.5696100156974,-21.6827696043858));
#4294=CARTESIAN_POINT('',(-34.864932442132,-41.0696100156973,-21.6827696043858));
#4295=CARTESIAN_POINT('',(3.22342094336091,-40.5696100156971,-21.6827696043858));
#4296=CARTESIAN_POINT('Origin',(-38.3649324421317,-41.5696100156973,-17.6827696043857));
#4297=CARTESIAN_POINT('',(-36.365723937564,-40.5696100156971,-17.6827696043858));
#4298=CARTESIAN_POINT('',(-37.26536776462,-41.5761590629075,-17.6827696043858));
#4299=CARTESIAN_POINT('',(-37.7422630976906,-42.109724156876,-17.6827696043857));
#4300=CARTESIAN_POINT('',(-34.8649324421322,-40.5696100156974,-17.6827696043858));
#4301=CARTESIAN_POINT('',(3.22342094336066,-40.5696100156971,-17.6827696043869));
#4302=CARTESIAN_POINT('',(-34.8649324421322,-42.5696100156974,-17.6827696043858));
#4303=CARTESIAN_POINT('',(-34.864932442132,-41.0696100156972,-17.6827696043858));
#4304=CARTESIAN_POINT('',(-36.7320095147996,-42.5696100156974,-17.6827696043858));
#4305=CARTESIAN_POINT('',(-40.1149324421314,-42.5696100156973,-17.6827696043857));
#4306=CARTESIAN_POINT('Origin',(-38.3649324421328,-42.8063856761647,-17.6827696043857));
#4307=CARTESIAN_POINT('Origin',(-38.3649324421317,-41.5696100156973,-17.6827696043857));
#4308=CARTESIAN_POINT('',(-39.4644971196455,-41.5761590629075,-17.6827696043857));
#4309=CARTESIAN_POINT('',(-40.3641409467014,-40.569610015697,-17.6827696043857));
#4310=CARTESIAN_POINT('',(-39.4374237001029,-41.6064496332708,-17.6827696043857));
#4311=CARTESIAN_POINT('',(-39.9978553694659,-42.5696100156973,-17.6827696043857));
#4312=CARTESIAN_POINT('Origin',(-38.3649324421328,-42.8063856761647,-17.6827696043857));
#4313=CARTESIAN_POINT('',(-40.1149324421314,-42.5696100156973,-17.6827696043857));
#4314=CARTESIAN_POINT('',(3.22342094336066,-40.5696100156971,-17.6827696043869));
#4315=CARTESIAN_POINT('Origin',(-41.8649324421312,-42.5696100156973,-17.6827696043856));
#4316=CARTESIAN_POINT('',(-33.8649324421322,-42.5696100156974,-22.6827696043859));
#4317=CARTESIAN_POINT('',(-34.8649324421322,-42.5696100156974,-22.6827696043859));
#4318=CARTESIAN_POINT('',(-33.8649324421322,-42.5696100156974,-18.1827696043857));
#4319=CARTESIAN_POINT('',(-34.8649324421322,-42.5696100156974,-18.1827696043857));
#4320=CARTESIAN_POINT('',(-36.6149324421325,-42.5696100156974,-21.6827696043858));
#4321=CARTESIAN_POINT('',(-40.114932442132,-42.5696100156973,-17.6827696043857));
#4322=CARTESIAN_POINT('Origin',(-38.3649324421328,-42.8063856761647,-17.6827696043857));
#4323=CARTESIAN_POINT('Origin',(-38.3649324421328,-42.8063856761647,-17.6827696043857));
#4324=CARTESIAN_POINT('',(-39.4644971196455,-41.5761590629075,-17.6827696043857));
#4325=CARTESIAN_POINT('Origin',(-38.3649324421329,-42.8063856761647,-21.6827696043857));
#4326=CARTESIAN_POINT('',(-37.26536776462,-41.5761590629075,-17.6827696043858));
#4327=CARTESIAN_POINT('Origin',(-36.365723937564,-40.5696100156971,-17.6827696043858));
#4328=CARTESIAN_POINT('',(-36.3657239375637,-40.5696100156971,-8.63276960438429));
#4329=CARTESIAN_POINT('Origin',(-39.4644971196455,-41.5761590629075,-17.6827696043857));
#4330=CARTESIAN_POINT('',(-40.3641409467012,-40.5696100156971,-8.63276960438493));
#4331=CARTESIAN_POINT('Origin',(-38.3649324421327,-42.5129978459309,-17.6827696043857));
#4332=CARTESIAN_POINT('Origin',(-38.3649324421329,-42.5129978459309,-21.6827696043857));
#4333=CARTESIAN_POINT('Origin',(-13.8649324421321,-41.5696100156971,-17.282769604386));
#4334=CARTESIAN_POINT('',(-33.864932442132,-41.5696100156971,-21.682769604386));
#4335=CARTESIAN_POINT('',(-33.8649324421322,-41.5696100156971,-22.6827696043859));
#4336=CARTESIAN_POINT('',(-33.8649324421322,-41.5696100156971,-18.4827696043859));
#4337=CARTESIAN_POINT('',(7.13506755786785,-41.5696100156972,-22.6827696043859));
#4338=CARTESIAN_POINT('',(-23.864932442132,-41.5696100156971,-22.6827696043859));
#4339=CARTESIAN_POINT('',(7.13506755786784,-41.5696100156972,-14.7827696043861));
#4340=CARTESIAN_POINT('',(7.13506755786785,-41.5696100156972,-19.482769604386));
#4341=CARTESIAN_POINT('',(6.52374525499161,-41.5696100156972,-14.7827696043861));
#4342=CARTESIAN_POINT('',(-3.86493244213213,-41.5696100156971,-14.7827696043861));
#4343=CARTESIAN_POINT('',(5.02374525499161,-41.5696100156972,-14.7827696043861));
#4344=CARTESIAN_POINT('',(-3.86493244213213,-41.5696100156971,-14.7827696043861));
#4345=CARTESIAN_POINT('',(-34.864932442132,-41.5696100156971,-14.7827696043862));
#4346=CARTESIAN_POINT('',(-3.86493244213213,-41.5696100156971,-14.7827696043861));
#4347=CARTESIAN_POINT('',(-34.864932442132,-41.5696100156971,-15.0827696043861));
#4348=CARTESIAN_POINT('',(-33.864932442132,-41.5696100156971,-16.3827696043862));
#4349=CARTESIAN_POINT('',(-33.864932442132,-41.5696100156971,-21.682769604386));
#4350=CARTESIAN_POINT('',(6.13506755786784,-41.5696100156971,-16.3827696043862));
#4351=CARTESIAN_POINT('',(-3.86493244213226,-41.5696100156971,-16.3827696043862));
#4352=CARTESIAN_POINT('',(6.13506755786785,-41.5696100156971,-21.682769604386));
#4353=CARTESIAN_POINT('',(6.13506755786784,-41.5696100156971,-12.8827696043861));
#4354=CARTESIAN_POINT('',(-23.8649324421322,-41.5696100156971,-21.682769604386));
#4355=CARTESIAN_POINT('Origin',(-33.864932442132,-40.5696100156971,-22.6827696043859));
#4356=CARTESIAN_POINT('',(7.13506755786786,-40.5696100156971,-22.6827696043859));
#4357=CARTESIAN_POINT('',(-33.8649324421322,-42.0696100156974,-22.6827696043859));
#4358=CARTESIAN_POINT('Origin',(-34.864932442132,-40.5696100156971,-12.8827696043862));
#4359=CARTESIAN_POINT('',(-34.864932442132,-40.5696100156971,-14.7827696043862));
#4360=CARTESIAN_POINT('Origin',(44.8117743288535,-40.5696100156971,0.417230395614272));
#4361=CARTESIAN_POINT('Origin',(-35.4553818566815,-41.5696100156973,39.8771428327264));
#4362=CARTESIAN_POINT('',(-35.4553818566815,-42.5696100156973,37.8771428327263));
#4363=CARTESIAN_POINT('',(-35.4553818566815,-41.0696100156964,37.8771428327263));
#4364=CARTESIAN_POINT('',(-35.4553818566815,-42.5696100156973,42.8771428327264));
#4365=CARTESIAN_POINT('',(-35.4553818566815,-41.0696100156973,42.8771428327264));
#4366=CARTESIAN_POINT('',(-35.4553818566815,-42.5696100156973,41.3771428327264));
#4367=CARTESIAN_POINT('Origin',(-36.4553818566815,-41.5696100156973,39.8771428327264));
#4368=CARTESIAN_POINT('',(-36.4553818566815,-40.5696100156973,41.8771428327263));
#4369=CARTESIAN_POINT('',(-36.4553818566815,-42.5696100156973,41.8771428327263));
#4370=CARTESIAN_POINT('',(-36.4553818566815,-42.0696100156973,41.8771428327263));
#4371=CARTESIAN_POINT('',(-36.4553818566815,-40.5696100156973,37.8771428327263));
#4372=CARTESIAN_POINT('',(-36.4553818566815,-40.569610015697,20.1471866141703));
#4373=CARTESIAN_POINT('',(-36.4553818566815,-42.5696100156973,37.8771428327263));
#4374=CARTESIAN_POINT('',(-36.4553818566815,-41.0696100156964,37.8771428327263));
#4375=CARTESIAN_POINT('',(-36.4553818566815,-42.5696100156973,41.3771428327264));
#4376=CARTESIAN_POINT('Origin',(-43.4553818566809,-41.5696100156973,39.8771428327264));
#4377=CARTESIAN_POINT('',(-43.4553818566805,-42.5696100156972,41.8771428327265));
#4378=CARTESIAN_POINT('',(-43.4553818566805,-40.5696100156972,41.8771428327265));
#4379=CARTESIAN_POINT('',(-43.4553818566805,-41.0696100156972,41.8771428327265));
#4380=CARTESIAN_POINT('',(-43.4553818566805,-42.5696100156973,37.8771428327263));
#4381=CARTESIAN_POINT('',(-43.4553818566809,-42.5696100156972,42.8771428327265));
#4382=CARTESIAN_POINT('',(-43.4553818566805,-40.5696100156973,37.8771428327263));
#4383=CARTESIAN_POINT('',(-43.4553818566809,-41.0696100156963,37.8771428327263));
#4384=CARTESIAN_POINT('',(-43.4553818566809,-40.569610015697,20.1471866141703));
#4385=CARTESIAN_POINT('Origin',(-39.955381856681,-41.5696100156972,41.8771428327264));
#4386=CARTESIAN_POINT('',(-37.9561733521134,-40.569610015697,41.8771428327264));
#4387=CARTESIAN_POINT('',(-38.8558171791693,-41.5761590629074,41.8771428327264));
#4388=CARTESIAN_POINT('',(-39.3327125122399,-42.1097241568759,41.8771428327264));
#4389=CARTESIAN_POINT('',(2.42819623608681,-40.569610015697,41.8771428327253));
#4390=CARTESIAN_POINT('',(-38.3224589293489,-42.5696100156973,41.8771428327264));
#4391=CARTESIAN_POINT('',(-41.7053818566807,-42.5696100156972,41.8771428327265));
#4392=CARTESIAN_POINT('Origin',(-39.9553818566821,-42.8063856761646,41.8771428327264));
#4393=CARTESIAN_POINT('Origin',(-39.955381856681,-41.5696100156972,41.8771428327264));
#4394=CARTESIAN_POINT('',(-41.0549465341949,-41.5761590629074,41.8771428327264));
#4395=CARTESIAN_POINT('',(-41.9545903612508,-40.5696100156969,41.8771428327265));
#4396=CARTESIAN_POINT('',(-41.0278731146522,-41.6064496332707,41.8771428327264));
#4397=CARTESIAN_POINT('',(-41.5883047840152,-42.5696100156972,41.8771428327265));
#4398=CARTESIAN_POINT('Origin',(-39.9553818566821,-42.8063856761646,41.8771428327264));
#4399=CARTESIAN_POINT('',(-41.7053818566807,-42.5696100156972,41.8771428327265));
#4400=CARTESIAN_POINT('',(2.42819623608681,-40.569610015697,41.8771428327253));
#4401=CARTESIAN_POINT('Origin',(-43.4553818566805,-42.5696100156972,41.8771428327265));
#4402=CARTESIAN_POINT('',(-34.3553818566803,-42.5696100156973,37.8771428327263));
#4403=CARTESIAN_POINT('',(-44.4553818566809,-42.5696100156972,42.8771428327265));
#4404=CARTESIAN_POINT('',(-43.4553818566809,-42.5696100156972,42.8771428327265));
#4405=CARTESIAN_POINT('',(-44.4553818566809,-42.5696100156972,37.8771428327263));
#4406=CARTESIAN_POINT('',(-44.4553818566809,-42.5696100156972,42.8771428327265));
#4407=CARTESIAN_POINT('',(-34.3553818566803,-42.5696100156973,37.8771428327263));
#4408=CARTESIAN_POINT('',(-41.7053818566813,-42.5696100156972,41.8771428327265));
#4409=CARTESIAN_POINT('Origin',(-39.955381856681,-41.5696100156972,42.8771428327263));
#4410=CARTESIAN_POINT('',(-44.4553818566809,-40.5696100156972,42.8771428327264));
#4411=CARTESIAN_POINT('Origin',(-39.9553818566821,-42.8063856761646,41.8771428327264));
#4412=CARTESIAN_POINT('Origin',(-39.9553818566821,-42.8063856761646,41.8771428327264));
#4413=CARTESIAN_POINT('',(-41.054946534195,-41.5761590629074,37.8771428327264));
#4414=CARTESIAN_POINT('',(-41.0549465341949,-41.5761590629074,41.8771428327264));
#4415=CARTESIAN_POINT('',(-38.8558171791694,-41.5761590629074,37.8771428327264));
#4416=CARTESIAN_POINT('Origin',(-39.9553818566822,-42.8063856761645,37.8771428327266));
#4417=CARTESIAN_POINT('',(-38.8558171791693,-41.5761590629074,41.8771428327264));
#4418=CARTESIAN_POINT('Origin',(-37.9561733521134,-40.569610015697,41.8771428327264));
#4419=CARTESIAN_POINT('',(-37.9561733521135,-40.569610015697,37.8771428327264));
#4420=CARTESIAN_POINT('',(-35.1360087151928,-37.414323509082,37.8771428327263));
#4421=CARTESIAN_POINT('',(-37.9561733521141,-40.569610015697,21.1471866141718));
#4422=CARTESIAN_POINT('Origin',(-41.0549465341949,-41.5761590629074,41.8771428327264));
#4423=CARTESIAN_POINT('',(-41.9545903612509,-40.5696100156969,37.8771428327265));
#4424=CARTESIAN_POINT('',(-41.9545903612511,-40.569610015697,21.1471866141712));
#4425=CARTESIAN_POINT('',(-37.7967698315677,-45.221506873946,37.8771428327263));
#4426=CARTESIAN_POINT('Origin',(-39.9553818566821,-42.5129978459308,41.8771428327264));
#4427=CARTESIAN_POINT('Origin',(-40.6807851874388,-40.5696100156958,36.8771428327262));
#4428=CARTESIAN_POINT('',(-40.6807851874386,-46.5696100156958,36.8771428327262));
#4429=CARTESIAN_POINT('',(-40.6807851874388,-40.5696100156958,36.8771428327262));
#4430=CARTESIAN_POINT('',(-26.25538185668,-46.5696100156956,36.8771428327262));
#4431=CARTESIAN_POINT('',(-26.2553818566801,-40.5696100156955,36.8771428327262));
#4432=CARTESIAN_POINT('',(-44.4553818566776,-46.5696100156959,36.8771428327262));
#4433=CARTESIAN_POINT('Origin',(44.8117743288535,-40.5696100156971,0.417230395614272));
#4434=CARTESIAN_POINT('',(9.77819623608671,-40.569610015697,37.8771428327262));
#4435=CARTESIAN_POINT('Origin',(44.8117743288535,-40.5696100156971,0.417230395614272));
#4436=CARTESIAN_POINT('',(-34.864932442132,-40.569610015697,-0.960818042719467));
#4437=CARTESIAN_POINT('Origin',(44.8117743288535,-40.5696100156971,0.417230395614272));
#4438=CARTESIAN_POINT('',(9.77819623608671,-40.569610015697,37.8771428327262));
#4439=CARTESIAN_POINT('Origin',(-25.2553818566801,-40.5696100156955,37.8771428327263));
#4440=CARTESIAN_POINT('',(-44.4553818566776,-46.5696100156959,37.8771428327262));
#4441=CARTESIAN_POINT('',(-44.4553818566777,-40.5696100156959,37.8771428327262));
#4442=CARTESIAN_POINT('',(-25.25538185668,-46.5696100156955,37.8771428327262));
#4443=CARTESIAN_POINT('',(-21.8666627062936,-46.5696100156955,37.8771428327263));
#4444=CARTESIAN_POINT('',(-25.2553818566801,-40.5696100156955,37.8771428327262));
#4445=CARTESIAN_POINT('Origin',(3.41177432885473,-41.5696100156972,44.6050366422806));
#4446=CARTESIAN_POINT('',(3.41177432885512,-42.5696100156972,46.6050366422807));
#4447=CARTESIAN_POINT('',(3.41177432885514,-40.5696100156972,46.6050366422808));
#4448=CARTESIAN_POINT('',(3.41177432885515,-41.0696100156972,46.6050366422807));
#4449=CARTESIAN_POINT('',(3.41177432885512,-42.5696100156972,42.6050366422806));
#4450=CARTESIAN_POINT('',(3.41177432885472,-42.5696100156972,47.6050366422807));
#4451=CARTESIAN_POINT('',(3.41177432885513,-40.5696100156972,42.6050366422806));
#4452=CARTESIAN_POINT('',(3.41177432885512,-42.5696100156972,42.6050366422806));
#4453=CARTESIAN_POINT('',(3.41177432885471,-40.569610015697,22.5111335189475));
#4454=CARTESIAN_POINT('Origin',(2.41177432885474,-41.5696100156972,44.6050366422806));
#4455=CARTESIAN_POINT('',(2.41177432885472,-42.5696100156972,41.6050366422805));
#4456=CARTESIAN_POINT('',(2.41177432885472,-42.5696100156972,41.6050366422805));
#4457=CARTESIAN_POINT('',(2.41177432885473,-42.5696100156972,47.6050366422807));
#4458=CARTESIAN_POINT('',(2.41177432885473,-42.5696100156972,47.6050366422807));
#4459=CARTESIAN_POINT('',(2.41177432885475,-40.5696100156972,47.6050366422807));
#4460=CARTESIAN_POINT('Origin',(6.9117743288546,-41.5696100156973,42.6050366422806));
#4461=CARTESIAN_POINT('',(5.81220965134064,-41.5761590629073,42.6050366422807));
#4462=CARTESIAN_POINT('',(4.91256582428475,-40.5696100156969,42.6050366422807));
#4463=CARTESIAN_POINT('',(5.83928307088329,-41.6064496332707,42.6050366422807));
#4464=CARTESIAN_POINT('',(25.8617743288541,-40.569610015697,42.6050366422805));
#4465=CARTESIAN_POINT('',(5.27885140152025,-42.5696100156972,42.6050366422806));
#4466=CARTESIAN_POINT('',(10.4117743288541,-42.5696100156973,42.6050366422806));
#4467=CARTESIAN_POINT('Origin',(6.91177432885341,-42.8063856761645,42.6050366422806));
#4468=CARTESIAN_POINT('Origin',(6.9117743288546,-41.5696100156973,42.6050366422806));
#4469=CARTESIAN_POINT('',(8.91098283342211,-40.5696100156969,42.6050366422806));
#4470=CARTESIAN_POINT('',(8.0113390063662,-41.5761590629073,42.6050366422806));
#4471=CARTESIAN_POINT('',(7.5344436732956,-42.1097241568759,42.6050366422806));
#4472=CARTESIAN_POINT('',(8.54469725618657,-42.5696100156973,42.6050366422806));
#4473=CARTESIAN_POINT('Origin',(6.91177432885341,-42.8063856761645,42.6050366422806));
#4474=CARTESIAN_POINT('',(10.4117743288541,-42.5696100156973,42.6050366422806));
#4475=CARTESIAN_POINT('',(10.4117743288541,-42.5696100156973,42.6050366422806));
#4476=CARTESIAN_POINT('',(10.4117743288539,-40.5696100156974,42.6050366422806));
#4477=CARTESIAN_POINT('',(10.4117743288539,-40.5696100156974,42.6050366422806));
#4478=CARTESIAN_POINT('',(25.8617743288541,-40.569610015697,42.6050366422805));
#4479=CARTESIAN_POINT('Origin',(6.9117743288546,-41.5696100156973,41.6050366422806));
#4480=CARTESIAN_POINT('',(11.4117743288541,-42.5696100156973,41.6050366422805));
#4481=CARTESIAN_POINT('',(10.4117743288541,-42.5696100156973,41.6050366422805));
#4482=CARTESIAN_POINT('',(11.4117743288541,-42.0696100156973,41.6050366422805));
#4483=CARTESIAN_POINT('Origin',(6.91177432885459,-41.5696100156972,46.6050366422807));
#4484=CARTESIAN_POINT('',(8.91098283342223,-40.569610015697,46.6050366422806));
#4485=CARTESIAN_POINT('',(8.01133900636631,-41.5761590629074,46.6050366422806));
#4486=CARTESIAN_POINT('',(7.53444367329571,-42.1097241568759,46.6050366422806));
#4487=CARTESIAN_POINT('',(10.4117743288541,-40.5696100156972,46.6050366422806));
#4488=CARTESIAN_POINT('',(25.8617743288547,-40.569610015697,46.6050366422801));
#4489=CARTESIAN_POINT('',(10.4117743288541,-42.5696100156972,46.6050366422805));
#4490=CARTESIAN_POINT('',(10.4117743288539,-41.0696100156973,46.6050366422805));
#4491=CARTESIAN_POINT('',(8.54469725618667,-42.5696100156972,46.6050366422806));
#4492=CARTESIAN_POINT('',(5.16177432885491,-42.5696100156972,46.6050366422807));
#4493=CARTESIAN_POINT('Origin',(6.91177432885352,-42.8063856761645,46.6050366422806));
#4494=CARTESIAN_POINT('Origin',(6.91177432885459,-41.5696100156972,46.6050366422807));
#4495=CARTESIAN_POINT('',(5.81220965134076,-41.5761590629073,46.6050366422807));
#4496=CARTESIAN_POINT('',(4.91256582428487,-40.5696100156969,46.6050366422807));
#4497=CARTESIAN_POINT('',(5.83928307088341,-41.6064496332707,46.6050366422807));
#4498=CARTESIAN_POINT('',(5.27885140152037,-42.5696100156972,46.6050366422807));
#4499=CARTESIAN_POINT('Origin',(6.91177432885352,-42.8063856761645,46.6050366422806));
#4500=CARTESIAN_POINT('',(5.16177432885491,-42.5696100156972,46.6050366422807));
#4501=CARTESIAN_POINT('',(25.8617743288547,-40.569610015697,46.6050366422801));
#4502=CARTESIAN_POINT('Origin',(3.41177432885512,-42.5696100156972,46.6050366422807));
#4503=CARTESIAN_POINT('',(11.4117743288541,-42.5696100156973,42.6050366422806));
#4504=CARTESIAN_POINT('',(6.9117743288545,-42.5696100156972,42.6050366422806));
#4505=CARTESIAN_POINT('',(8.66177432885374,-42.5696100156973,42.6050366422806));
#4506=CARTESIAN_POINT('',(5.16177432885432,-42.5696100156972,46.6050366422807));
#4507=CARTESIAN_POINT('',(10.4117743288539,-42.5696100156972,47.6050366422806));
#4508=CARTESIAN_POINT('',(10.4117743288539,-42.5696100156972,47.1050366422807));
#4509=CARTESIAN_POINT('',(3.41177432885472,-42.5696100156972,47.6050366422807));
#4510=CARTESIAN_POINT('',(11.4117743288541,-42.5696100156973,46.1050366422806));
#4511=CARTESIAN_POINT('Origin',(6.91177432885352,-42.8063856761645,46.6050366422806));
#4512=CARTESIAN_POINT('Origin',(6.91177432885352,-42.8063856761645,46.6050366422806));
#4513=CARTESIAN_POINT('',(5.81220965134076,-41.5761590629073,46.6050366422807));
#4514=CARTESIAN_POINT('Origin',(6.91177432885341,-42.8063856761645,42.6050366422806));
#4515=CARTESIAN_POINT('',(8.01133900636631,-41.5761590629074,46.6050366422806));
#4516=CARTESIAN_POINT('Origin',(8.91098283342223,-40.569610015697,46.6050366422806));
#4517=CARTESIAN_POINT('',(8.91098283342132,-40.569610015697,23.5111335189481));
#4518=CARTESIAN_POINT('Origin',(5.81220965134076,-41.5761590629073,46.6050366422807));
#4519=CARTESIAN_POINT('',(4.9125658242845,-40.569610015697,23.5111335189479));
#4520=CARTESIAN_POINT('Origin',(6.91177432885354,-42.5129978459307,46.6050366422806));
#4521=CARTESIAN_POINT('Origin',(6.91177432885342,-42.5129978459307,42.6050366422806));
#4522=CARTESIAN_POINT('Origin',(10.4117743288539,-40.5696100156974,42.6050366422806));
#4523=CARTESIAN_POINT('',(11.411774328854,-47.5696100156974,42.6050366422806));
#4524=CARTESIAN_POINT('',(11.4117743288539,-40.5696100156974,42.6050366422806));
#4525=CARTESIAN_POINT('',(10.411774328854,-47.5696100156974,42.6050366422806));
#4526=CARTESIAN_POINT('',(10.411774328854,-47.5696100156974,42.6050366422806));
#4527=CARTESIAN_POINT('',(10.4117743288539,-40.5696100156974,42.6050366422806));
#4528=CARTESIAN_POINT('Origin',(44.8117743288535,-40.5696100156971,0.417230395614272));
#4529=CARTESIAN_POINT('Origin',(23.1337546229361,-40.5696100156971,11.6192561506801));
#4530=CARTESIAN_POINT('',(21.6337546229362,-45.5696100156971,11.6192561506801));
#4531=CARTESIAN_POINT('Origin',(23.1337546229362,-45.5696100156971,11.6192561506801));
#4532=CARTESIAN_POINT('',(21.6337546229361,-40.5696100156971,11.6192561506801));
#4533=CARTESIAN_POINT('Origin',(23.1337546229362,-45.5696100156971,4.06925615068015));
#4534=CARTESIAN_POINT('Origin',(23.1337546229361,-40.5696100156971,-3.48074384931985));
#4535=CARTESIAN_POINT('',(21.6337546229362,-45.5696100156971,-3.48074384931985));
#4536=CARTESIAN_POINT('Origin',(23.1337546229362,-45.5696100156971,-3.48074384931985));
#4537=CARTESIAN_POINT('',(21.6337546229361,-40.5696100156971,-3.48074384931985));
#4538=CARTESIAN_POINT('Origin',(23.1337546229362,-45.5696100156971,4.06925615068015));
#4539=CARTESIAN_POINT('Origin',(44.8117743288535,-40.5696100156971,0.417230395614272));
#4540=CARTESIAN_POINT('',(44.3117743288535,-40.569610015697,26.5172303956143));
#4541=CARTESIAN_POINT('',(44.3117743288535,-40.5696100156971,16.5172303956143));
#4542=CARTESIAN_POINT('',(44.3117743288536,-40.5696100156967,46.6050366422806));
#4543=CARTESIAN_POINT('',(45.3117743288535,-40.5696100156971,16.5172303956142));
#4544=CARTESIAN_POINT('',(44.3117743288535,-40.5696100156971,16.5172303956143));
#4545=CARTESIAN_POINT('',(45.3117743288535,-40.569610015697,26.5172303956142));
#4546=CARTESIAN_POINT('',(45.3117743288535,-40.5696100156971,16.5172303956142));
#4547=CARTESIAN_POINT('',(45.3117743288535,-40.569610015697,26.5172303956142));
#4548=CARTESIAN_POINT('Origin',(44.8117743288535,-40.5696100156971,0.417230395614272));
#4549=CARTESIAN_POINT('',(44.3117743288536,-40.5696100156967,47.6050366422806));
#4550=CARTESIAN_POINT('',(44.3117743288535,-40.569610015697,37.6172303956143));
#4551=CARTESIAN_POINT('',(44.3117743288536,-40.5696100156967,46.6050366422806));
#4552=CARTESIAN_POINT('',(45.3117743288534,-40.569610015697,37.6172303956143));
#4553=CARTESIAN_POINT('',(44.3117743288535,-40.569610015697,37.6172303956143));
#4554=CARTESIAN_POINT('',(45.3117743288534,-40.569610015697,47.6050366422805));
#4555=CARTESIAN_POINT('',(45.3117743288534,-40.569610015697,37.6172303956143));
#4556=CARTESIAN_POINT('',(-0.0632256711465606,-40.569610015697,47.6050366422804));
#4557=CARTESIAN_POINT('Origin',(-34.8553818566788,-46.5696100156957,35.8771428327262));
#4558=CARTESIAN_POINT('',(-44.4553818566776,-46.5696100156959,36.8771428327262));
#4559=CARTESIAN_POINT('',(-44.4553818566776,-46.5696100156959,37.8771428327262));
#4560=CARTESIAN_POINT('',(-42.2299785259216,-46.5696100156959,36.8771428327262));
#4561=CARTESIAN_POINT('',(-44.4553818566776,-46.5696100156959,36.8771428327262));
#4562=CARTESIAN_POINT('Origin',(-41.4553818566801,-46.5696100156959,36.6771428327263));
#4563=CARTESIAN_POINT('',(-26.25538185668,-46.5696100156955,33.8771428327262));
#4564=CARTESIAN_POINT('',(-26.25538185668,-46.5696100156955,33.8771428327262));
#4565=CARTESIAN_POINT('',(-25.25538185668,-46.5696100156955,33.8771428327262));
#4566=CARTESIAN_POINT('',(-25.25538185668,-46.5696100156955,33.8771428327262));
#4567=CARTESIAN_POINT('',(-25.25538185668,-46.5696100156955,37.8771428327262));
#4568=CARTESIAN_POINT('Origin',(-1.47625474500841,-40.569610015695,-14.7827696043856));
#4569=CARTESIAN_POINT('',(6.52374525499163,-42.5696100156949,-14.7827696043856));
#4570=CARTESIAN_POINT('',(6.52374525499159,-40.5696100156949,-14.7827696043856));
#4571=CARTESIAN_POINT('',(5.02374525499163,-42.5696100156949,-14.7827696043856));
#4572=CARTESIAN_POINT('',(7.1350675578684,-42.5696100156949,-14.7827696043856));
#4573=CARTESIAN_POINT('',(5.02374525499159,-40.5696100156949,-14.7827696043856));
#4574=CARTESIAN_POINT('Origin',(6.52374525499159,-40.5696100156949,-14.7827696043856));
#4575=CARTESIAN_POINT('',(6.52374525499163,-42.5696100156949,12.8771428327262));
#4576=CARTESIAN_POINT('',(6.52374525499159,-40.5696100156949,12.8771428327262));
#4577=CARTESIAN_POINT('',(6.52374525499164,-42.5696100156949,-7.23276960438721));
#4578=CARTESIAN_POINT('',(6.52374525499159,-40.569610015696,-14.7827696043861));
#4579=CARTESIAN_POINT('Origin',(5.02374525499159,-40.5696100156949,11.4172303956082));
#4580=CARTESIAN_POINT('',(5.02374525499159,-40.569610015696,-14.7827696043861));
#4581=CARTESIAN_POINT('',(5.02374525499163,-42.5696100156949,11.4172303956082));
#4582=CARTESIAN_POINT('',(5.02374525499163,-42.5696100156949,5.86723039560974));
#4583=CARTESIAN_POINT('',(5.02374525499159,-40.5696100156949,11.4172303956082));
#4584=CARTESIAN_POINT('Origin',(-44.4553818566775,-40.5696100156959,11.4172303956082));
#4585=CARTESIAN_POINT('',(-44.4553818566775,-42.5696100156959,11.4172303956082));
#4586=CARTESIAN_POINT('',(-44.4553818566775,-42.5696100156959,11.4172303956082));
#4587=CARTESIAN_POINT('',(-44.4553818566775,-40.5696100156959,11.4172303956082));
#4588=CARTESIAN_POINT('Origin',(-42.2299785259217,-40.5696100156959,12.8771428327262));
#4589=CARTESIAN_POINT('',(-44.4553818566775,-42.5696100156959,12.8771428327262));
#4590=CARTESIAN_POINT('',(-44.4553818566776,-40.5696100156959,12.8771428327262));
#4591=CARTESIAN_POINT('',(-42.2299785259217,-42.5696100156959,12.8771428327262));
#4592=CARTESIAN_POINT('',(6.70787002314892,-42.5696100156949,12.8771428327262));
#4593=CARTESIAN_POINT('',(-42.2299785259217,-40.5696100156959,12.8771428327262));
#4594=CARTESIAN_POINT('Origin',(-41.4553818566803,-40.5696100156959,13.0771428327264));
#4595=CARTESIAN_POINT('',(-40.6807851874388,-42.5696100156958,12.8771428327262));
#4596=CARTESIAN_POINT('Origin',(-41.4553818566802,-42.5696100156959,13.0771428327264));
#4597=CARTESIAN_POINT('',(-40.6807851874389,-40.5696100156958,12.8771428327262));
#4598=CARTESIAN_POINT('Origin',(-26.2553818566801,-40.5696100156955,12.8771428327262));
#4599=CARTESIAN_POINT('',(-26.2553818566801,-42.5696100156955,12.8771428327262));
#4600=CARTESIAN_POINT('',(6.70787002314892,-42.5696100156949,12.8771428327262));
#4601=CARTESIAN_POINT('',(-26.2553818566801,-40.5696100156955,12.8771428327262));
#4602=CARTESIAN_POINT('Origin',(-26.2553818566801,-40.5696100156955,15.4172303956082));
#4603=CARTESIAN_POINT('',(-26.2553818566801,-42.5696100156955,15.4172303956082));
#4604=CARTESIAN_POINT('',(-26.2553818566801,-42.5696100156955,15.4172303956082));
#4605=CARTESIAN_POINT('',(-26.2553818566801,-40.5696100156955,15.4172303956082));
#4606=CARTESIAN_POINT('Origin',(-25.2553818566801,-40.5696100156955,15.4172303956082));
#4607=CARTESIAN_POINT('',(-25.2553818566801,-42.5696100156955,15.4172303956082));
#4608=CARTESIAN_POINT('',(-25.2553818566801,-42.5696100156955,15.4172303956082));
#4609=CARTESIAN_POINT('',(-25.2553818566801,-40.5696100156955,15.4172303956082));
#4610=CARTESIAN_POINT('Origin',(-25.2553818566801,-40.5696100156955,12.8771428327262));
#4611=CARTESIAN_POINT('',(-25.2553818566801,-42.5696100156955,12.8771428327262));
#4612=CARTESIAN_POINT('',(-25.2553818566801,-42.5696100156955,11.4172303956082));
#4613=CARTESIAN_POINT('',(-25.2553818566801,-40.5696100156955,12.8771428327262));
#4614=CARTESIAN_POINT('Origin',(-0.476254745008406,-40.569610015695,12.8771428327262));
#4615=CARTESIAN_POINT('',(6.70787002314892,-42.5696100156949,12.8771428327262));
#4616=CARTESIAN_POINT('Origin',(-22.4658183008429,-42.5696100156955,0.317230395611272));
#4617=CARTESIAN_POINT('',(-44.4553818566775,-42.5696100156959,12.8771428327262));
#4618=CARTESIAN_POINT('Origin',(44.8117743288535,-40.5696100156971,0.417230395614272));
#4619=CARTESIAN_POINT('',(10.4117743288539,-40.5696100156974,45.2909145638041));
#4620=CARTESIAN_POINT('Origin',(6.13506755786784,-40.5696100156971,-14.7827696043861));
#4621=CARTESIAN_POINT('',(7.13506755786785,-40.5696100156971,-14.7827696043861));
#4622=CARTESIAN_POINT('Origin',(6.13506755786784,-40.5696100156971,-14.7827696043861));
#4623=CARTESIAN_POINT('Origin',(-25.2553818566801,-40.5696100156955,33.8771428327262));
#4624=CARTESIAN_POINT('',(-25.2553818566801,-40.5696100156955,33.8771428327262));
#4625=CARTESIAN_POINT('Origin',(-26.2553818566801,-40.5696100156955,33.8771428327262));
#4626=CARTESIAN_POINT('',(-26.2553818566801,-40.5696100156955,33.8771428327262));
#4627=CARTESIAN_POINT('Origin',(-26.2553818566801,-40.5696100156955,36.8771428327262));
#4628=CARTESIAN_POINT('Origin',(-41.4553818566803,-40.5696100156959,36.6771428327263));
#4629=CARTESIAN_POINT('',(-42.2299785259218,-40.5696100156959,36.8771428327262));
#4630=CARTESIAN_POINT('Origin',(-44.4553818566778,-40.5696100156959,36.8771428327262));
#4631=CARTESIAN_POINT('',(-44.4553818566778,-40.5696100156959,36.8771428327262));
#4632=CARTESIAN_POINT('Origin',(45.3117743288535,-40.5696100156971,-25.6827696043857));
#4633=CARTESIAN_POINT('',(35.1218646398011,-42.5696100156943,-25.6827696043849));
#4634=CARTESIAN_POINT('',(35.1218646397995,-38.5696100156971,-25.6827696043839));
#4635=CARTESIAN_POINT('',(35.1218646397996,-40.5696100156965,-25.6827696043858));
#4636=CARTESIAN_POINT('',(45.3117743288535,-38.5696100156971,-25.6827696043857));
#4637=CARTESIAN_POINT('',(-45.4382256711465,-38.5696100156971,-25.6827696043859));
#4638=CARTESIAN_POINT('',(45.3117743288535,-40.5696100156971,-25.6827696043857));
#4639=CARTESIAN_POINT('',(35.1218646398011,-42.5696100156943,-25.6827696043849));
#4640=CARTESIAN_POINT('Origin',(15.121864639801,-40.5696100156947,-7.38276960439173));
#4641=CARTESIAN_POINT('',(15.1218646398011,-42.5696100156947,-25.6827696043848));
#4642=CARTESIAN_POINT('',(15.121864639801,-40.5696100156947,-25.6827696043848));
#4643=CARTESIAN_POINT('',(15.1218646398011,-42.5696100156947,-7.38276960439173));
#4644=CARTESIAN_POINT('',(15.1218646398011,-42.5696100156947,-7.38276960439173));
#4645=CARTESIAN_POINT('',(15.121864639801,-40.5696100156947,-7.38276960439173));
#4646=CARTESIAN_POINT('Origin',(28.1218646398011,-40.5696100156944,-7.38276960439173));
#4647=CARTESIAN_POINT('',(28.1218646398011,-42.5696100156944,-7.38276960439173));
#4648=CARTESIAN_POINT('Origin',(36.121864639801,-40.5696100156943,-17.3827696043917));
#4649=CARTESIAN_POINT('',(12.2078701051053,-42.5696100156947,-17.3827696043917));
#4650=CARTESIAN_POINT('Origin',(35.121864639801,-40.5696100156943,-18.3827696043918));
#4651=CARTESIAN_POINT('',(35.1218646398011,-42.5696100156943,-18.3827696043917));
#4652=CARTESIAN_POINT('',(35.1218646398011,-42.5696100156943,-13.468921925208));
#4653=CARTESIAN_POINT('',(35.1218646397995,-38.5696100156971,-18.3827696043911));
#4654=CARTESIAN_POINT('',(35.1218646397995,-40.5696100156958,-18.3827696043911));
#4655=CARTESIAN_POINT('',(35.1218646397994,-38.5696100156971,-8.98276960438842));
#4656=CARTESIAN_POINT('Origin',(27.121864639801,-40.5696100156944,-18.3827696043917));
#4657=CARTESIAN_POINT('',(27.1218646398011,-42.5696100156944,-18.3827696043917));
#4658=CARTESIAN_POINT('',(27.1218646397999,-38.569610015697,-18.382769604391));
#4659=CARTESIAN_POINT('',(27.1218646398,-40.5696100156958,-18.382769604391));
#4660=CARTESIAN_POINT('',(35.9668194843267,-38.5696100156971,-18.3827696043911));
#4661=CARTESIAN_POINT('',(27.1218646398011,-42.5696100156944,-18.3827696043917));
#4662=CARTESIAN_POINT('Origin',(27.121864639801,-40.5696100156944,-8.38276960439174));
#4663=CARTESIAN_POINT('',(27.1218646398011,-42.5696100156944,-8.38276960439174));
#4664=CARTESIAN_POINT('',(27.1218646398011,-42.5696100156944,-7.38276960439173));
#4665=CARTESIAN_POINT('',(27.1218646397999,-38.569610015697,-8.38276960439142));
#4666=CARTESIAN_POINT('',(27.1218646397999,-40.5696100156958,-8.38276960439142));
#4667=CARTESIAN_POINT('',(27.1218646397999,-38.569610015697,-3.98276960438864));
#4668=CARTESIAN_POINT('Origin',(16.121864639801,-40.5696100156947,-8.38276960439174));
#4669=CARTESIAN_POINT('',(16.1218646398011,-42.5696100156947,-8.38276960439174));
#4670=CARTESIAN_POINT('',(15.1218646398011,-42.5696100156947,-8.3827696043917));
#4671=CARTESIAN_POINT('',(16.1218646398005,-38.569610015697,-8.38276960439146));
#4672=CARTESIAN_POINT('',(16.1218646398005,-40.5696100156958,-8.38276960439146));
#4673=CARTESIAN_POINT('',(30.466819484327,-38.569610015697,-8.38276960439146));
#4674=CARTESIAN_POINT('Origin',(16.121864639801,-40.5696100156947,-25.6827696043849));
#4675=CARTESIAN_POINT('',(16.1218646398011,-42.5696100156947,-25.6827696043849));
#4676=CARTESIAN_POINT('',(16.1218646398011,-42.5696100156947,-12.9689219177574));
#4677=CARTESIAN_POINT('',(16.1218646398007,-38.569610015697,-25.6827696043839));
#4678=CARTESIAN_POINT('',(16.1218646398007,-40.5696100156965,-25.6827696043858));
#4679=CARTESIAN_POINT('',(16.1218646398006,-38.569610015697,-12.6327696043849));
#4680=CARTESIAN_POINT('Origin',(25.6218646398011,-42.5696100156945,-16.5327696043883));
#4681=CARTESIAN_POINT('',(16.1218646398011,-42.5696100156947,-25.6827696043849));
#4682=CARTESIAN_POINT('Origin',(-34.864932442132,-40.5696100156971,-12.8827696043862));
#4683=CARTESIAN_POINT('Origin',(44.8117743288535,-38.5696100156971,0.417230395614272));
#4684=CARTESIAN_POINT('',(-45.4382256711465,-38.5696100156971,-25.6827696043859));
#4685=CARTESIAN_POINT('',(-45.4382256711465,-38.5696100156971,-25.6827696043859));
#4686=CARTESIAN_POINT('',(-45.4382256711465,-38.5696100156971,-15.6827696043859));
#4687=CARTESIAN_POINT('',(-45.4382256711465,-38.5696100156971,-15.6827696043859));
#4688=CARTESIAN_POINT('',(-44.4553818566808,-38.5696100156971,-15.6827696043858));
#4689=CARTESIAN_POINT('',(-44.4382256711465,-38.5696100156971,-15.6827696043858));
#4690=CARTESIAN_POINT('',(-44.4553818566808,-38.5696100156971,-4.58276960438587));
#4691=CARTESIAN_POINT('',(-44.4553818566809,-38.5696100156971,-25.682769604386));
#4692=CARTESIAN_POINT('',(-45.4382256711465,-38.5696100156971,-4.58276960438587));
#4693=CARTESIAN_POINT('',(-45.4382256711465,-38.5696100156971,-4.58276960438587));
#4694=CARTESIAN_POINT('',(-45.4382256711465,-38.5696100156971,5.41723039561413));
#4695=CARTESIAN_POINT('',(-45.4382256711465,-38.5696100156971,5.41723039561413));
#4696=CARTESIAN_POINT('',(-44.4553818566808,-38.5696100156971,5.41723039561413));
#4697=CARTESIAN_POINT('',(-44.4382256711465,-38.5696100156971,5.41723039561413));
#4698=CARTESIAN_POINT('',(-44.4553818566808,-38.5696100156971,16.5172303956141));
#4699=CARTESIAN_POINT('',(-44.4553818566809,-38.5696100156971,-25.682769604386));
#4700=CARTESIAN_POINT('',(-45.4382256711465,-38.5696100156971,16.5172303956141));
#4701=CARTESIAN_POINT('',(-45.4382256711465,-38.5696100156971,16.5172303956141));
#4702=CARTESIAN_POINT('',(-45.4382256711465,-38.569610015697,26.5172303956141));
#4703=CARTESIAN_POINT('',(-45.4382256711465,-38.569610015697,26.5172303956141));
#4704=CARTESIAN_POINT('',(-44.4553818566809,-38.569610015697,26.5172303956141));
#4705=CARTESIAN_POINT('',(-44.4382256711465,-38.569610015697,26.5172303956141));
#4706=CARTESIAN_POINT('',(-44.4553818566809,-38.569610015697,37.6172303956141));
#4707=CARTESIAN_POINT('',(-44.4553818566809,-38.5696100156971,-25.682769604386));
#4708=CARTESIAN_POINT('',(-45.4382256711465,-38.569610015697,37.6172303956141));
#4709=CARTESIAN_POINT('',(-45.4382256711465,-38.569610015697,37.6172303956141));
#4710=CARTESIAN_POINT('',(-45.4382256711466,-38.569610015697,47.6050366422804));
#4711=CARTESIAN_POINT('',(-45.4382256711466,-38.569610015697,47.6172303956141));
#4712=CARTESIAN_POINT('',(45.3117743288534,-38.569610015697,47.6050366422805));
#4713=CARTESIAN_POINT('',(-44.455381856681,-38.569610015697,47.6050366422804));
#4714=CARTESIAN_POINT('',(45.3117743288534,-38.569610015697,37.6172303956143));
#4715=CARTESIAN_POINT('',(45.3117743288534,-38.569610015697,37.6172303956143));
#4716=CARTESIAN_POINT('',(44.3117743288535,-38.569610015697,37.6172303956143));
#4717=CARTESIAN_POINT('',(44.3117743288535,-38.569610015697,37.6172303956143));
#4718=CARTESIAN_POINT('',(44.3117743288535,-38.569610015697,26.5172303956143));
#4719=CARTESIAN_POINT('',(44.3117743288535,-38.5696100156971,47.6050366422805));
#4720=CARTESIAN_POINT('',(45.3117743288535,-38.569610015697,26.5172303956142));
#4721=CARTESIAN_POINT('',(45.3117743288535,-38.569610015697,26.5172303956142));
#4722=CARTESIAN_POINT('',(45.3117743288535,-38.5696100156971,16.5172303956142));
#4723=CARTESIAN_POINT('',(45.3117743288535,-38.5696100156971,16.5172303956142));
#4724=CARTESIAN_POINT('',(44.3117743288535,-38.5696100156971,16.5172303956143));
#4725=CARTESIAN_POINT('',(44.3117743288535,-38.5696100156971,16.5172303956143));
#4726=CARTESIAN_POINT('',(44.3117743288535,-38.5696100156971,5.41723039561427));
#4727=CARTESIAN_POINT('',(44.3117743288535,-38.5696100156971,47.6050366422805));
#4728=CARTESIAN_POINT('',(45.3117743288535,-38.5696100156971,5.41723039561425));
#4729=CARTESIAN_POINT('',(45.3117743288535,-38.5696100156971,5.41723039561425));
#4730=CARTESIAN_POINT('',(45.3117743288535,-38.5696100156971,-4.58276960438575));
#4731=CARTESIAN_POINT('',(45.3117743288535,-38.5696100156971,-4.58276960438575));
#4732=CARTESIAN_POINT('',(44.3117743288535,-38.5696100156971,-4.58276960438573));
#4733=CARTESIAN_POINT('',(44.3117743288535,-38.5696100156971,-4.58276960438573));
#4734=CARTESIAN_POINT('',(44.3117743288535,-38.5696100156971,-15.6827696043857));
#4735=CARTESIAN_POINT('',(44.3117743288535,-38.5696100156971,47.6050366422805));
#4736=CARTESIAN_POINT('',(45.3117743288535,-38.5696100156971,-15.6827696043857));
#4737=CARTESIAN_POINT('',(45.3117743288535,-38.5696100156971,-15.6827696043857));
#4738=CARTESIAN_POINT('',(45.3117743288535,-38.5696100156971,-25.6827696043857));
#4739=CARTESIAN_POINT('',(-33.8649324421322,-38.569610015697,-16.3827696043862));
#4740=CARTESIAN_POINT('',(-33.8649324421322,-38.569610015697,-21.682769604386));
#4741=CARTESIAN_POINT('',(-33.8649324421322,-38.569610015697,-0.960818042719467));
#4742=CARTESIAN_POINT('',(6.13506755786778,-38.5696100156971,-21.682769604386));
#4743=CARTESIAN_POINT('',(5.47342094336058,-38.569610015697,-21.6827696043859));
#4744=CARTESIAN_POINT('',(6.13506755786777,-38.5696100156971,-16.3827696043862));
#4745=CARTESIAN_POINT('',(6.13506755786775,-38.5696100156971,-5.36081804271932));
#4746=CARTESIAN_POINT('',(25.4734209433606,-38.569610015697,-16.3827696043861));
#4747=CARTESIAN_POINT('Origin',(-45.4382256711465,-40.5696100156971,-15.6827696043858));
#4748=CARTESIAN_POINT('',(-44.4553818566809,-39.569610015697,-15.6827696043858));
#4749=CARTESIAN_POINT('',(-45.4382256711465,-40.5696100156971,-15.6827696043859));
#4750=CARTESIAN_POINT('Origin',(-45.4382256711465,-40.5696100156971,-25.6827696043859));
#4751=CARTESIAN_POINT('',(-45.4382256711465,-40.5696100156971,-25.6827696043859));
#4752=CARTESIAN_POINT('Origin',(-44.4553818566808,-40.5696100156971,-4.58276960438587));
#4753=CARTESIAN_POINT('',(-45.4382256711465,-40.5696100156971,-4.58276960438587));
#4754=CARTESIAN_POINT('',(-44.455381856681,-39.569610015697,-4.58276960438585));
#4755=CARTESIAN_POINT('Origin',(-45.4382256711465,-40.5696100156971,5.41723039561413));
#4756=CARTESIAN_POINT('',(-44.455381856681,-39.569610015697,5.41723039561415));
#4757=CARTESIAN_POINT('',(-45.4382256711465,-40.5696100156971,5.41723039561413));
#4758=CARTESIAN_POINT('Origin',(-45.4382256711465,-40.5696100156971,-4.58276960438587));
#4759=CARTESIAN_POINT('Origin',(-44.455381856681,-38.569610015697,47.6050366422804));
#4760=CARTESIAN_POINT('Origin',(-44.455381856681,-38.569610015697,47.6050366422804));
#4761=CARTESIAN_POINT('',(-44.455381856681,-39.569610015697,16.5172303956141));
#4762=CARTESIAN_POINT('Origin',(-44.4553818566808,-40.5696100156971,16.5172303956141));
#4763=CARTESIAN_POINT('',(-45.4382256711465,-40.5696100156971,16.5172303956141));
#4764=CARTESIAN_POINT('Origin',(-45.4382256711465,-40.569610015697,26.5172303956141));
#4765=CARTESIAN_POINT('',(-44.455381856681,-39.569610015697,26.5172303956141));
#4766=CARTESIAN_POINT('',(-45.4382256711465,-40.569610015697,26.5172303956141));
#4767=CARTESIAN_POINT('Origin',(-45.4382256711465,-40.5696100156971,16.5172303956141));
#4768=CARTESIAN_POINT('Origin',(-44.455381856681,-38.569610015697,47.6050366422804));
#4769=CARTESIAN_POINT('',(-44.455381856681,-39.569610015697,37.6172303956141));
#4770=CARTESIAN_POINT('Origin',(-45.4382256711465,-40.569610015697,37.6172303956141));
#4771=CARTESIAN_POINT('',(-45.4382256711466,-40.069610015697,47.6050366422804));
#4772=CARTESIAN_POINT('',(-45.4382256711465,-40.569610015697,37.6172303956141));
#4773=CARTESIAN_POINT('Origin',(-44.4553818566809,-40.569610015697,37.6172303956141));
#4774=CARTESIAN_POINT('Origin',(45.3117743288534,-40.569610015697,37.6172303956142));
#4775=CARTESIAN_POINT('',(44.3117743288535,-39.5696100156971,37.6172303956143));
#4776=CARTESIAN_POINT('',(45.3117743288534,-40.569610015697,37.6172303956143));
#4777=CARTESIAN_POINT('Origin',(45.3117743288534,-40.569610015697,47.6172303956143));
#4778=CARTESIAN_POINT('',(45.3117743288534,-40.069610015697,47.6050366422805));
#4779=CARTESIAN_POINT('Origin',(45.3117743288535,-40.5696100156971,16.5172303956142));
#4780=CARTESIAN_POINT('',(44.3117743288535,-39.5696100156971,16.5172303956143));
#4781=CARTESIAN_POINT('',(45.3117743288535,-40.5696100156971,16.5172303956142));
#4782=CARTESIAN_POINT('Origin',(45.3117743288535,-40.569610015697,26.5172303956142));
#4783=CARTESIAN_POINT('',(45.3117743288535,-40.569610015697,26.5172303956142));
#4784=CARTESIAN_POINT('Origin',(44.3117743288535,-40.569610015697,26.5172303956143));
#4785=CARTESIAN_POINT('',(44.3117743288535,-39.5696100156971,26.5172303956143));
#4786=CARTESIAN_POINT('Origin',(44.3117743288536,-38.5696100156971,-25.6827696043858));
#4787=CARTESIAN_POINT('',(44.3117743288535,-40.5696100156971,-4.58276960438573));
#4788=CARTESIAN_POINT('',(44.3117743288535,-40.5696100156971,-15.6827696043857));
#4789=CARTESIAN_POINT('Origin',(7.13506755786785,-40.5696100156971,-21.6827696043859));
#4790=CARTESIAN_POINT('Origin',(6.13506755786759,-31.2696100157039,-21.682769604386));
#4791=CARTESIAN_POINT('',(6.13506755786758,-31.269610015704,-16.3827696043861));
#4792=CARTESIAN_POINT('',(6.13506755786759,-31.2696100157039,-21.6827696043859));
#4793=CARTESIAN_POINT('Origin',(-33.8649324421324,-31.2696100157049,-21.682769604386));
#4794=CARTESIAN_POINT('',(-33.8649324421324,-31.2696100157049,-21.682769604386));
#4795=CARTESIAN_POINT('Origin',(-33.8649324421324,-31.269610015705,-12.8827696043862));
#4796=CARTESIAN_POINT('',(-33.8649324421324,-31.269610015705,-16.3827696043862));
#4797=CARTESIAN_POINT('Origin',(6.13506755786758,-31.269610015704,-16.3827696043861));
#4798=CARTESIAN_POINT('Origin',(45.3117743288535,-40.5696100156971,-25.6827696043857));
#4799=CARTESIAN_POINT('Origin',(45.3117743288535,-40.5696100156971,-15.6827696043857));
#4800=CARTESIAN_POINT('',(45.3117743288535,-40.5696100156971,-15.6827696043857));
#4801=CARTESIAN_POINT('Origin',(44.3117743288535,-40.5696100156971,-15.6827696043857));
#4802=CARTESIAN_POINT('Origin',(45.3117743288535,-40.5696100156971,-4.58276960438575));
#4803=CARTESIAN_POINT('',(45.3117743288535,-40.5696100156971,-4.58276960438575));
#4804=CARTESIAN_POINT('Origin',(45.3117743288535,-40.5696100156971,5.41723039561425));
#4805=CARTESIAN_POINT('',(45.3117743288535,-40.5696100156971,5.41723039561425));
#4806=CARTESIAN_POINT('Origin',(44.3117743288535,-40.5696100156971,5.41723039561427));
#4807=CARTESIAN_POINT('',(44.3117743288535,-40.5696100156971,5.41723039561427));
#4808=CARTESIAN_POINT('Origin',(11.4117743288539,-40.5696100156974,46.6050366422806));
#4809=CARTESIAN_POINT('',(43.3117743288537,-47.5696100156967,46.6050366422806));
#4810=CARTESIAN_POINT('',(43.3117743288536,-40.5696100156968,46.6050366422806));
#4811=CARTESIAN_POINT('',(11.411774328854,-47.5696100156974,46.6050366422806));
#4812=CARTESIAN_POINT('',(43.3117743288537,-47.5696100156967,46.6050366422806));
#4813=CARTESIAN_POINT('',(11.4117743288539,-40.5696100156974,46.6050366422806));
#4814=CARTESIAN_POINT('Origin',(44.3117743288536,-40.5696100156967,47.6050366422806));
#4815=CARTESIAN_POINT('',(10.411774328854,-47.5696100156974,47.6050366422806));
#4816=CARTESIAN_POINT('',(10.4117743288539,-40.5696100156974,47.6050366422806));
#4817=CARTESIAN_POINT('',(44.3117743288537,-47.5696100156967,47.6050366422806));
#4818=CARTESIAN_POINT('',(39.82519286703,-47.5696100156968,47.6050366422806));
#4819=CARTESIAN_POINT('',(44.3117743288536,-40.5696100156967,47.6050366422806));
#4820=CARTESIAN_POINT('Origin',(11.4117743288539,-40.5696100156974,42.6050366422806));
#4821=CARTESIAN_POINT('',(11.411774328854,-47.5696100156974,42.6050366422806));
#4822=CARTESIAN_POINT('Origin',(10.4117743288539,-40.5696100156974,47.6050366422806));
#4823=CARTESIAN_POINT('',(10.411774328854,-47.5696100156974,45.2909145638041));
#4824=CARTESIAN_POINT('Origin',(44.3117743288536,-40.5696100156967,15.4050366422802));
#4825=CARTESIAN_POINT('',(44.3117743288537,-47.5696100156967,15.4050366422802));
#4826=CARTESIAN_POINT('',(44.3117743288537,-47.5696100156967,46.6050366422806));
#4827=CARTESIAN_POINT('',(44.3117743288536,-40.5696100156967,15.4050366422802));
#4828=CARTESIAN_POINT('Origin',(27.3617743288539,-47.5696100156971,31.0025178003445));
#4829=CARTESIAN_POINT('',(43.3117743288537,-47.5696100156967,16.4050366422802));
#4830=CARTESIAN_POINT('',(43.3117743288537,-47.5696100156967,44.5997555734935));
#4831=CARTESIAN_POINT('',(11.411774328854,-47.5696100156974,16.4050366422802));
#4832=CARTESIAN_POINT('',(39.2418762229691,-47.5696100156968,16.4050366422802));
#4833=CARTESIAN_POINT('',(11.411774328854,-47.5696100156974,20.4050366422802));
#4834=CARTESIAN_POINT('',(11.411774328854,-47.5696100156974,17.5420978126798));
#4835=CARTESIAN_POINT('',(10.411774328854,-47.5696100156974,20.4050366422802));
#4836=CARTESIAN_POINT('',(10.411774328854,-47.5696100156974,20.4050366422802));
#4837=CARTESIAN_POINT('',(10.411774328854,-47.5696100156974,15.4050366422802));
#4838=CARTESIAN_POINT('',(10.411774328854,-47.5696100156974,16.4050366422802));
#4839=CARTESIAN_POINT('',(6.7486572849919,-47.5696100156975,15.4050366422802));
#4840=CARTESIAN_POINT('Origin',(10.4117743288539,-40.5696100156974,15.4050366422802));
#4841=CARTESIAN_POINT('',(10.4117743288539,-40.5696100156974,15.4050366422802));
#4842=CARTESIAN_POINT('Origin',(10.4117743288539,-40.5696100156974,20.4050366422802));
#4843=CARTESIAN_POINT('',(10.4117743288539,-40.5696100156974,20.4050366422802));
#4844=CARTESIAN_POINT('Origin',(11.4117743288539,-40.5696100156974,20.4050366422802));
#4845=CARTESIAN_POINT('',(11.4117743288539,-40.5696100156974,20.4050366422802));
#4846=CARTESIAN_POINT('Origin',(11.4117743288539,-40.5696100156974,16.4050366422802));
#4847=CARTESIAN_POINT('',(11.4117743288539,-40.5696100156974,16.4050366422802));
#4848=CARTESIAN_POINT('Origin',(43.3117743288536,-40.5696100156967,16.4050366422802));
#4849=CARTESIAN_POINT('',(43.3117743288536,-40.5696100156967,16.4050366422802));
#4850=CARTESIAN_POINT('Origin',(43.3117743288536,-40.5696100156967,46.5999989584088));
#4851=UNCERTAINTY_MEASURE_WITH_UNIT(LENGTH_MEASURE(0.01),#4855,
'DISTANCE_ACCURACY_VALUE',
'Maximum model space distance between geometric entities at asserted c
onnectivities');
#4852=UNCERTAINTY_MEASURE_WITH_UNIT(LENGTH_MEASURE(0.01),#4855,
'DISTANCE_ACCURACY_VALUE',
'Maximum model space distance between geometric entities at asserted c
onnectivities');
#4853=(
GEOMETRIC_REPRESENTATION_CONTEXT(3)
GLOBAL_UNCERTAINTY_ASSIGNED_CONTEXT((#4851))
GLOBAL_UNIT_ASSIGNED_CONTEXT((#4855,#4857,#4858))
REPRESENTATION_CONTEXT('','3D')
);
#4854=(
GEOMETRIC_REPRESENTATION_CONTEXT(3)
GLOBAL_UNCERTAINTY_ASSIGNED_CONTEXT((#4852))
GLOBAL_UNIT_ASSIGNED_CONTEXT((#4855,#4857,#4858))
REPRESENTATION_CONTEXT('','3D')
);
#4855=(
LENGTH_UNIT()
NAMED_UNIT(*)
SI_UNIT(.MILLI.,.METRE.)
);
#4856=(
LENGTH_UNIT()
NAMED_UNIT(*)
SI_UNIT($,.METRE.)
);
#4857=(
NAMED_UNIT(*)
PLANE_ANGLE_UNIT()
SI_UNIT($,.RADIAN.)
);
#4858=(
NAMED_UNIT(*)
SI_UNIT($,.STERADIAN.)
SOLID_ANGLE_UNIT()
);
#4859=SHAPE_DEFINITION_REPRESENTATION(#4860,#4861);
#4860=PRODUCT_DEFINITION_SHAPE('',$,#4863);
#4861=SHAPE_REPRESENTATION('',(#3042),#4853);
#4862=PRODUCT_DEFINITION_CONTEXT('part definition',#4867,'design');
#4863=PRODUCT_DEFINITION('2026-08-16-23-44-32-275','\X2\044104350440043504340438043D0430\X0\',
#4864,#4862);
#4864=PRODUCT_DEFINITION_FORMATION('',$,#4869);
#4865=PRODUCT_RELATED_PRODUCT_CATEGORY('\X2\044104350440043504340438043D0430\X0\',
'\X2\044104350440043504340438043D0430\X0\',(#4869));
#4866=APPLICATION_PROTOCOL_DEFINITION('international standard',
'automotive_design',2009,#4867);
#4867=APPLICATION_CONTEXT(
'Core Data for Automotive Mechanical Design Process');
#4868=PRODUCT_CONTEXT('part definition',#4867,'mechanical');
#4869=PRODUCT('2026-08-16-23-44-32-275','\X2\044104350440043504340438043D0430\X0\',
$,(#4868));
#4870=PRESENTATION_STYLE_ASSIGNMENT((#4871));
#4871=SURFACE_STYLE_USAGE(.BOTH.,#4872);
#4872=SURFACE_SIDE_STYLE('',(#4873));
#4873=SURFACE_STYLE_FILL_AREA(#4874);
#4874=FILL_AREA_STYLE('\X2\042104420430043B044C\X0\ \X2\2014\X0\ \X2\0441043004420438043D04380440043E04320430043D043D0430044F\X0\',
(#4875));
#4875=FILL_AREA_STYLE_COLOUR(
'\X2\042104420430043B044C\X0\ \X2\2014\X0\ \X2\0441043004420438043D04380440043E04320430043D043D0430044F\X0\',
#4876);
#4876=COLOUR_RGB('\X2\042104420430043B044C\X0\ \X2\2014\X0\ \X2\0441043004420438043D04380440043E04320430043D043D0430044F\X0\',
0.627450980392157,0.627450980392157,0.627450980392157);
ENDSEC;
END-ISO-10303-21;
